{
"type": "FeatureCollection",
"name": "patch_32940_polygon",
"crs": { "type": "name", "properties": { "name": "urn:ogc:def:crs:OGC:1.3:CRS84" } },
"features": [
{ "type": "Feature", "properties": { "@type": "way", "@id": 121350026, "access": null, "addr:city": null, "addr:country": null, "addr:full": null, "addr:housename": null, "addr:housenumber": null, "addr:postcode": null, "addr:street": null, "addr:unit": null, "aeroway": null, "amenity": null, "atm": null, "authentication:app": null, "authentication:membership_card": null, "barrier": null, "bench": null, "brand": null, "brand:el": null, "brand:en": null, "brand:wikidata": null, "brand:wikipedia": null, "building": null, "building:levels": null, "bus": null, "capacity": null, "check_date:shelter": null, "contact:email": null, "contact:fax": null, "contact:phone": null, "contact:website": null, "covered": null, "crossing": null, "crossing:island": null, "crossing:markings": null, "crossing_ref": null, "cuisine": null, "description": null, "direction": null, "dual_carriageway": null, "ele": null, "entrance": null, "fee": null, "fixme": null, "foot": null, "footway": null, "fuel:diesel": null, "fuel:lpg": null, "fuel:octane_100": null, "fuel:octane_95": null, "fuel:octane_98": null, "highway": null, "hoops": null, "int_name": null, "junction": null, "landuse": "quarry", "lanes": null, "layer": null, "leisure": null, "lit": null, "man_made": null, "maxspeed": null, "motorcar": null, "name": null, "name:el": null, "name:en": null, "natural": null, "network": null, "network:el": null, "network:en": null, "network:wikidata": null, "noexit": null, "old_ref": null, "oneway": null, "opening_hours": null, "operator": null, "operator:type": null, "park_ride": null, "parking": null, "parking:fee": null, "payment:app": null, "payment:website": null, "phone": null, "public_transport": null, "ref": null, "ref:EU:EVSE": null, "ref:GR:IDRO": null, "reg_ref": null, "religion": null, "route_ref": null, "service": null, "shelter": null, "shop": null, "short_name": null, "sidewalk": null, "smoothness": null, "socket:type2": null, "socket:type2:output": null, "source": null, "source:reg_ref": null, "sport": null, "surface": null, "tactile_paving": null, "takeaway": null, "tracktype": null, "trade": null, "traffic_signals": null, "turn:lanes": null, "website": null, "label": "landuse:quarry" }, "geometry": { "type": "Polygon", "coordinates": [ [ [ 23.8463592, 37.879955 ], [ 23.8465953, 37.8801752 ], [ 23.8465524, 37.8802768 ], [ 23.8463914, 37.8804038 ], [ 23.8463807, 37.8806579 ], [ 23.8464129, 37.8810051 ], [ 23.8465309, 37.8812676 ], [ 23.8468688, 37.8815512 ], [ 23.8473356, 37.8817926 ], [ 23.8476521, 37.8818434 ], [ 23.8483495, 37.8821991 ], [ 23.8489986, 37.8824277 ], [ 23.8497173, 37.8825928 ], [ 23.8500714, 37.8826733 ], [ 23.8501894, 37.8826818 ], [ 23.8504684, 37.8827072 ], [ 23.8508224, 37.8827495 ], [ 23.8509941, 37.8827834 ], [ 23.8511121, 37.8829104 ], [ 23.8513374, 37.8829781 ], [ 23.8517129, 37.8831306 ], [ 23.8520241, 37.8832322 ], [ 23.852185, 37.8833677 ], [ 23.8524103, 37.8836048 ], [ 23.8526034, 37.8837148 ], [ 23.8530433, 37.8838842 ], [ 23.8535476, 37.8839858 ], [ 23.853848, 37.8839858 ], [ 23.8541806, 37.8838673 ], [ 23.8545453, 37.8838419 ], [ 23.8548028, 37.8839096 ], [ 23.8550281, 37.884079 ], [ 23.8553929, 37.8842229 ], [ 23.8560796, 37.8843923 ], [ 23.8563156, 37.8844515 ], [ 23.8566375, 37.8845277 ], [ 23.856852, 37.8845447 ], [ 23.8572061, 37.8846802 ], [ 23.8575387, 37.8847733 ], [ 23.8577855, 37.8846802 ], [ 23.8578176, 37.8845616 ], [ 23.858, 37.8845277 ], [ 23.8581288, 37.8843923 ], [ 23.8580751, 37.8842398 ], [ 23.8583648, 37.8842568 ], [ 23.8588154, 37.8843499 ], [ 23.8591802, 37.8845023 ], [ 23.8593626, 37.8847818 ], [ 23.8594162, 37.8851882 ], [ 23.8591373, 37.8853322 ], [ 23.8587403, 37.8854592 ], [ 23.8587618, 37.8856455 ], [ 23.8592553, 37.8856624 ], [ 23.8597166, 37.8855354 ], [ 23.859899, 37.885256 ], [ 23.8598668, 37.8846971 ], [ 23.859942, 37.8842483 ], [ 23.8601783, 37.8838862 ], [ 23.8603844, 37.8834449 ], [ 23.8606348, 37.8829207 ], [ 23.8607573, 37.8824616 ], [ 23.8607359, 37.8821906 ], [ 23.8609143, 37.8822075 ], [ 23.8611464, 37.8832001 ], [ 23.8617607, 37.8831655 ], [ 23.8617659, 37.8833253 ], [ 23.8617015, 37.8837487 ], [ 23.8617015, 37.8840451 ], [ 23.8618731, 37.8840451 ], [ 23.8622272, 37.8839943 ], [ 23.8625169, 37.8839011 ], [ 23.8627207, 37.8838588 ], [ 23.8629782, 37.8839604 ], [ 23.8628879, 37.8842879 ], [ 23.8630037, 37.8843793 ], [ 23.8633213, 37.8842879 ], [ 23.8635951, 37.8838122 ], [ 23.8638258, 37.883681 ], [ 23.8639513, 37.8834737 ], [ 23.8641044, 37.8829886 ], [ 23.8641673, 37.8826356 ], [ 23.864212, 37.8820382 ], [ 23.8642216, 37.8816594 ], [ 23.8639041, 37.8813747 ], [ 23.8635915, 37.8812643 ], [ 23.8630837, 37.8815185 ], [ 23.8630166, 37.8814522 ], [ 23.8629746, 37.881236 ], [ 23.8642694, 37.88094 ], [ 23.8645929, 37.8809423 ], [ 23.865064, 37.8819432 ], [ 23.8653521, 37.8820657 ], [ 23.8657027, 37.8820361 ], [ 23.8659944, 37.8818828 ], [ 23.8661231, 37.8817406 ], [ 23.8658066, 37.8813211 ], [ 23.8655102, 37.8813019 ], [ 23.8650638, 37.8811495 ], [ 23.8653263, 37.8809759 ], [ 23.8647262, 37.8805613 ], [ 23.8644262, 37.8800404 ], [ 23.8642809, 37.8802066 ], [ 23.8639762, 37.8803414 ], [ 23.8638258, 37.8798788 ], [ 23.8638258, 37.8795994 ], [ 23.863858, 37.8792691 ], [ 23.8635898, 37.8790743 ], [ 23.8633323, 37.8788541 ], [ 23.8631713, 37.8785154 ], [ 23.8632893, 37.8782444 ], [ 23.8637507, 37.8778125 ], [ 23.8633859, 37.8778464 ], [ 23.8628066, 37.8778295 ], [ 23.8623667, 37.8779141 ], [ 23.8621092, 37.8780666 ], [ 23.8621199, 37.8779396 ], [ 23.8621199, 37.8775669 ], [ 23.8617122, 37.8774907 ], [ 23.8609505, 37.877423 ], [ 23.8602102, 37.8772621 ], [ 23.8594377, 37.8770334 ], [ 23.8589871, 37.8769318 ], [ 23.8585472, 37.8770927 ], [ 23.8581395, 37.8772621 ], [ 23.8577747, 37.8773213 ], [ 23.857249, 37.8772705 ], [ 23.8576031, 37.8751957 ], [ 23.856616, 37.875128 ], [ 23.8563478, 37.8774823 ], [ 23.8560903, 37.8774653 ], [ 23.855629, 37.8772367 ], [ 23.8549638, 37.8771181 ], [ 23.8544595, 37.8770504 ], [ 23.8539445, 37.8770927 ], [ 23.8539231, 37.8768556 ], [ 23.8540518, 37.8764999 ], [ 23.8541269, 37.8761273 ], [ 23.8535476, 37.8761019 ], [ 23.8520877, 37.8757782 ], [ 23.8520698, 37.8750655 ], [ 23.8512732, 37.8750201 ], [ 23.8511783, 37.8758237 ], [ 23.8507095, 37.8758214 ], [ 23.8505571, 37.8758896 ], [ 23.8505047, 37.8765667 ], [ 23.8501465, 37.8768048 ], [ 23.85005, 37.8771604 ], [ 23.8499105, 37.8774653 ], [ 23.849653, 37.877694 ], [ 23.8493097, 37.8780496 ], [ 23.8490844, 37.8783206 ], [ 23.848741, 37.878617 ], [ 23.8483763, 37.8788033 ], [ 23.8480437, 37.8789727 ], [ 23.8478398, 37.8789727 ], [ 23.8474214, 37.8792098 ], [ 23.847239, 37.8793453 ], [ 23.847003, 37.8795485 ], [ 23.8466597, 37.8797348 ], [ 23.8464343, 37.8796925 ], [ 23.846252, 37.8797857 ], [ 23.8463592, 37.879955 ] ] ] } },
{ "type": "Feature", "properties": { "@type": "way", "@id": 144632539, "access": null, "addr:city": null, "addr:country": null, "addr:full": null, "addr:housename": null, "addr:housenumber": null, "addr:postcode": null, "addr:street": null, "addr:unit": null, "aeroway": null, "amenity": null, "atm": null, "authentication:app": null, "authentication:membership_card": null, "barrier": null, "bench": null, "brand": null, "brand:el": null, "brand:en": null, "brand:wikidata": null, "brand:wikipedia": null, "building": "yes", "building:levels": "2", "bus": null, "capacity": null, "check_date:shelter": null, "contact:email": null, "contact:fax": null, "contact:phone": null, "contact:website": null, "covered": null, "crossing": null, "crossing:island": null, "crossing:markings": null, "crossing_ref": null, "cuisine": null, "description": null, "direction": null, "dual_carriageway": null, "ele": null, "entrance": null, "fee": null, "fixme": null, "foot": null, "footway": null, "fuel:diesel": null, "fuel:lpg": null, "fuel:octane_100": null, "fuel:octane_95": null, "fuel:octane_98": null, "highway": null, "hoops": null, "int_name": null, "junction": null, "landuse": null, "lanes": null, "layer": null, "leisure": null, "lit": null, "man_made": null, "maxspeed": null, "motorcar": null, "name": "ΚΑΡΑΜΟΛΕΓΚΟΣ", "name:el": null, "name:en": null, "natural": null, "network": null, "network:el": null, "network:en": null, "network:wikidata": null, "noexit": null, "old_ref": null, "oneway": null, "opening_hours": null, "operator": null, "operator:type": null, "park_ride": null, "parking": null, "parking:fee": null, "payment:app": null, "payment:website": null, "phone": null, "public_transport": null, "ref": null, "ref:EU:EVSE": null, "ref:GR:IDRO": null, "reg_ref": null, "religion": null, "route_ref": null, "service": null, "shelter": null, "shop": null, "short_name": null, "sidewalk": null, "smoothness": null, "socket:type2": null, "socket:type2:output": null, "source": null, "source:reg_ref": null, "sport": null, "surface": null, "tactile_paving": null, "takeaway": null, "tracktype": null, "trade": null, "traffic_signals": null, "turn:lanes": null, "website": null, "label": "building:yes" }, "geometry": { "type": "Polygon", "coordinates": [ [ [ 23.8740215, 37.8769566 ], [ 23.8749038, 37.8766061 ], [ 23.8749608, 37.8766795 ], [ 23.8752219, 37.8765539 ], [ 23.8747028, 37.8758054 ], [ 23.8735623, 37.8762886 ], [ 23.8740215, 37.8769566 ] ] ] } },
{ "type": "Feature", "properties": { "@type": "way", "@id": 144632929, "access": null, "addr:city": null, "addr:country": null, "addr:full": null, "addr:housename": null, "addr:housenumber": null, "addr:postcode": null, "addr:street": null, "addr:unit": null, "aeroway": null, "amenity": null, "atm": null, "authentication:app": null, "authentication:membership_card": null, "barrier": null, "bench": null, "brand": null, "brand:el": null, "brand:en": null, "brand:wikidata": null, "brand:wikipedia": null, "building": "industrial", "building:levels": "2", "bus": null, "capacity": null, "check_date:shelter": null, "contact:email": null, "contact:fax": null, "contact:phone": null, "contact:website": null, "covered": null, "crossing": null, "crossing:island": null, "crossing:markings": null, "crossing_ref": null, "cuisine": null, "description": null, "direction": null, "dual_carriageway": null, "ele": null, "entrance": null, "fee": null, "fixme": null, "foot": null, "footway": null, "fuel:diesel": null, "fuel:lpg": null, "fuel:octane_100": null, "fuel:octane_95": null, "fuel:octane_98": null, "highway": null, "hoops": null, "int_name": null, "junction": null, "landuse": null, "lanes": null, "layer": null, "leisure": null, "lit": null, "man_made": null, "maxspeed": null, "motorcar": null, "name": "ELMEC SPORT", "name:el": null, "name:en": null, "natural": null, "network": null, "network:el": null, "network:en": null, "network:wikidata": null, "noexit": null, "old_ref": null, "oneway": null, "opening_hours": null, "operator": null, "operator:type": null, "park_ride": null, "parking": null, "parking:fee": null, "payment:app": null, "payment:website": null, "phone": null, "public_transport": null, "ref": null, "ref:EU:EVSE": null, "ref:GR:IDRO": null, "reg_ref": null, "religion": null, "route_ref": null, "service": null, "shelter": null, "shop": null, "short_name": null, "sidewalk": null, "smoothness": null, "socket:type2": null, "socket:type2:output": null, "source": null, "source:reg_ref": null, "sport": null, "surface": null, "tactile_paving": null, "takeaway": null, "tracktype": null, "trade": null, "traffic_signals": null, "turn:lanes": null, "website": null, "label": "building:industrial" }, "geometry": { "type": "Polygon", "coordinates": [ [ [ 23.8733977, 37.8760702 ], [ 23.8743591, 37.8757293 ], [ 23.874192, 37.875445 ], [ 23.8732393, 37.8757756 ], [ 23.8733977, 37.8760702 ] ] ] } },
{ "type": "Feature", "properties": { "@type": "way", "@id": 311381667, "access": null, "addr:city": null, "addr:country": null, "addr:full": null, "addr:housename": null, "addr:housenumber": null, "addr:postcode": null, "addr:street": null, "addr:unit": null, "aeroway": null, "amenity": null, "atm": null, "authentication:app": null, "authentication:membership_card": null, "barrier": null, "bench": null, "brand": null, "brand:el": null, "brand:en": null, "brand:wikidata": null, "brand:wikipedia": null, "building": "industrial", "building:levels": "2", "bus": null, "capacity": null, "check_date:shelter": null, "contact:email": null, "contact:fax": null, "contact:phone": null, "contact:website": null, "covered": null, "crossing": null, "crossing:island": null, "crossing:markings": null, "crossing_ref": null, "cuisine": null, "description": null, "direction": null, "dual_carriageway": null, "ele": null, "entrance": null, "fee": null, "fixme": null, "foot": null, "footway": null, "fuel:diesel": null, "fuel:lpg": null, "fuel:octane_100": null, "fuel:octane_95": null, "fuel:octane_98": null, "highway": null, "hoops": null, "int_name": null, "junction": null, "landuse": null, "lanes": null, "layer": null, "leisure": null, "lit": null, "man_made": null, "maxspeed": null, "motorcar": null, "name": null, "name:el": null, "name:en": null, "natural": null, "network": null, "network:el": null, "network:en": null, "network:wikidata": null, "noexit": null, "old_ref": null, "oneway": null, "opening_hours": null, "operator": null, "operator:type": null, "park_ride": null, "parking": null, "parking:fee": null, "payment:app": null, "payment:website": null, "phone": null, "public_transport": null, "ref": null, "ref:EU:EVSE": null, "ref:GR:IDRO": null, "reg_ref": null, "religion": null, "route_ref": null, "service": null, "shelter": null, "shop": null, "short_name": null, "sidewalk": null, "smoothness": null, "socket:type2": null, "socket:type2:output": null, "source": null, "source:reg_ref": null, "sport": null, "surface": null, "tactile_paving": null, "takeaway": null, "tracktype": null, "trade": null, "traffic_signals": null, "turn:lanes": null, "website": null, "label": "building:industrial" }, "geometry": { "type": "Polygon", "coordinates": [ [ [ 23.8748836, 37.8871552 ], [ 23.8752257, 37.8870853 ], [ 23.8751486, 37.8868499 ], [ 23.8748065, 37.8869198 ], [ 23.8748836, 37.8871552 ] ] ] } },
{ "type": "Feature", "properties": { "@type": "way", "@id": 311381668, "access": null, "addr:city": null, "addr:country": null, "addr:full": null, "addr:housename": null, "addr:housenumber": null, "addr:postcode": null, "addr:street": null, "addr:unit": null, "aeroway": null, "amenity": null, "atm": null, "authentication:app": null, "authentication:membership_card": null, "barrier": null, "bench": null, "brand": null, "brand:el": null, "brand:en": null, "brand:wikidata": null, "brand:wikipedia": null, "building": "industrial", "building:levels": "2", "bus": null, "capacity": null, "check_date:shelter": null, "contact:email": null, "contact:fax": null, "contact:phone": null, "contact:website": null, "covered": null, "crossing": null, "crossing:island": null, "crossing:markings": null, "crossing_ref": null, "cuisine": null, "description": null, "direction": null, "dual_carriageway": null, "ele": null, "entrance": null, "fee": null, "fixme": null, "foot": null, "footway": null, "fuel:diesel": null, "fuel:lpg": null, "fuel:octane_100": null, "fuel:octane_95": null, "fuel:octane_98": null, "highway": null, "hoops": null, "int_name": null, "junction": null, "landuse": null, "lanes": null, "layer": null, "leisure": null, "lit": null, "man_made": null, "maxspeed": null, "motorcar": null, "name": null, "name:el": null, "name:en": null, "natural": null, "network": null, "network:el": null, "network:en": null, "network:wikidata": null, "noexit": null, "old_ref": null, "oneway": null, "opening_hours": null, "operator": null, "operator:type": null, "park_ride": null, "parking": null, "parking:fee": null, "payment:app": null, "payment:website": null, "phone": null, "public_transport": null, "ref": null, "ref:EU:EVSE": null, "ref:GR:IDRO": null, "reg_ref": null, "religion": null, "route_ref": null, "service": null, "shelter": null, "shop": null, "short_name": null, "sidewalk": null, "smoothness": null, "socket:type2": null, "socket:type2:output": null, "source": null, "source:reg_ref": null, "sport": null, "surface": null, "tactile_paving": null, "takeaway": null, "tracktype": null, "trade": null, "traffic_signals": null, "turn:lanes": null, "website": null, "label": "building:industrial" }, "geometry": { "type": "Polygon", "coordinates": [ [ [ 23.8747483, 37.886736 ], [ 23.8750855, 37.8866612 ], [ 23.8750578, 37.8865835 ], [ 23.8747206, 37.8866583 ], [ 23.8747483, 37.886736 ] ] ] } },
{ "type": "Feature", "properties": { "@type": "way", "@id": 311381669, "access": null, "addr:city": null, "addr:country": null, "addr:full": null, "addr:housename": null, "addr:housenumber": null, "addr:postcode": null, "addr:street": null, "addr:unit": null, "aeroway": null, "amenity": null, "atm": null, "authentication:app": null, "authentication:membership_card": null, "barrier": null, "bench": null, "brand": null, "brand:el": null, "brand:en": null, "brand:wikidata": null, "brand:wikipedia": null, "building": "industrial", "building:levels": null, "bus": null, "capacity": null, "check_date:shelter": null, "contact:email": null, "contact:fax": null, "contact:phone": null, "contact:website": null, "covered": null, "crossing": null, "crossing:island": null, "crossing:markings": null, "crossing_ref": null, "cuisine": null, "description": null, "direction": null, "dual_carriageway": null, "ele": null, "entrance": null, "fee": null, "fixme": null, "foot": null, "footway": null, "fuel:diesel": null, "fuel:lpg": null, "fuel:octane_100": null, "fuel:octane_95": null, "fuel:octane_98": null, "highway": null, "hoops": null, "int_name": null, "junction": null, "landuse": null, "lanes": null, "layer": null, "leisure": null, "lit": null, "man_made": null, "maxspeed": null, "motorcar": null, "name": null, "name:el": null, "name:en": null, "natural": null, "network": null, "network:el": null, "network:en": null, "network:wikidata": null, "noexit": null, "old_ref": null, "oneway": null, "opening_hours": null, "operator": null, "operator:type": null, "park_ride": null, "parking": null, "parking:fee": null, "payment:app": null, "payment:website": null, "phone": null, "public_transport": null, "ref": null, "ref:EU:EVSE": null, "ref:GR:IDRO": null, "reg_ref": null, "religion": null, "route_ref": null, "service": null, "shelter": null, "shop": null, "short_name": null, "sidewalk": null, "smoothness": null, "socket:type2": null, "socket:type2:output": null, "source": null, "source:reg_ref": null, "sport": null, "surface": null, "tactile_paving": null, "takeaway": null, "tracktype": null, "trade": null, "traffic_signals": null, "turn:lanes": null, "website": null, "label": "building:industrial" }, "geometry": { "type": "Polygon", "coordinates": [ [ [ 23.8756002, 37.8866247 ], [ 23.8754881, 37.8866619 ], [ 23.8756157, 37.8869008 ], [ 23.87572305575911, 37.886865046698077 ], [ 23.87572305575911, 37.886854801609999 ], [ 23.8756002, 37.8866247 ] ] ] } },
{ "type": "Feature", "properties": { "@type": "way", "@id": 311381670, "access": null, "addr:city": null, "addr:country": null, "addr:full": null, "addr:housename": null, "addr:housenumber": null, "addr:postcode": null, "addr:street": null, "addr:unit": null, "aeroway": null, "amenity": null, "atm": null, "authentication:app": null, "authentication:membership_card": null, "barrier": null, "bench": null, "brand": null, "brand:el": null, "brand:en": null, "brand:wikidata": null, "brand:wikipedia": null, "building": "industrial", "building:levels": "2", "bus": null, "capacity": null, "check_date:shelter": null, "contact:email": null, "contact:fax": null, "contact:phone": null, "contact:website": null, "covered": null, "crossing": null, "crossing:island": null, "crossing:markings": null, "crossing_ref": null, "cuisine": null, "description": null, "direction": null, "dual_carriageway": null, "ele": null, "entrance": null, "fee": null, "fixme": null, "foot": null, "footway": null, "fuel:diesel": null, "fuel:lpg": null, "fuel:octane_100": null, "fuel:octane_95": null, "fuel:octane_98": null, "highway": null, "hoops": null, "int_name": null, "junction": null, "landuse": null, "lanes": null, "layer": null, "leisure": null, "lit": null, "man_made": null, "maxspeed": null, "motorcar": null, "name": null, "name:el": null, "name:en": null, "natural": null, "network": null, "network:el": null, "network:en": null, "network:wikidata": null, "noexit": null, "old_ref": null, "oneway": null, "opening_hours": null, "operator": null, "operator:type": null, "park_ride": null, "parking": null, "parking:fee": null, "payment:app": null, "payment:website": null, "phone": null, "public_transport": null, "ref": null, "ref:EU:EVSE": null, "ref:GR:IDRO": null, "reg_ref": null, "religion": null, "route_ref": null, "service": null, "shelter": null, "shop": null, "short_name": null, "sidewalk": null, "smoothness": null, "socket:type2": null, "socket:type2:output": null, "source": null, "source:reg_ref": null, "sport": null, "surface": null, "tactile_paving": null, "takeaway": null, "tracktype": null, "trade": null, "traffic_signals": null, "turn:lanes": null, "website": null, "label": "building:industrial" }, "geometry": { "type": "Polygon", "coordinates": [ [ [ 23.8756331, 37.8860332 ], [ 23.8754263, 37.8860953 ], [ 23.8753873, 37.8860145 ], [ 23.8752886, 37.8860442 ], [ 23.875324, 37.8861176 ], [ 23.8752208, 37.8861486 ], [ 23.8754166, 37.886555 ], [ 23.87572305575911, 37.886463018293441 ], [ 23.87572305575911, 37.886219894453774 ], [ 23.8756331, 37.8860332 ] ] ] } },
{ "type": "Feature", "properties": { "@type": "way", "@id": 311381671, "access": null, "addr:city": null, "addr:country": null, "addr:full": null, "addr:housename": null, "addr:housenumber": null, "addr:postcode": null, "addr:street": null, "addr:unit": null, "aeroway": null, "amenity": null, "atm": null, "authentication:app": null, "authentication:membership_card": null, "barrier": null, "bench": null, "brand": null, "brand:el": null, "brand:en": null, "brand:wikidata": null, "brand:wikipedia": null, "building": "industrial", "building:levels": "2", "bus": null, "capacity": null, "check_date:shelter": null, "contact:email": null, "contact:fax": null, "contact:phone": null, "contact:website": null, "covered": null, "crossing": null, "crossing:island": null, "crossing:markings": null, "crossing_ref": null, "cuisine": null, "description": null, "direction": null, "dual_carriageway": null, "ele": null, "entrance": null, "fee": null, "fixme": null, "foot": null, "footway": null, "fuel:diesel": null, "fuel:lpg": null, "fuel:octane_100": null, "fuel:octane_95": null, "fuel:octane_98": null, "highway": null, "hoops": null, "int_name": null, "junction": null, "landuse": null, "lanes": null, "layer": null, "leisure": null, "lit": null, "man_made": null, "maxspeed": null, "motorcar": null, "name": null, "name:el": null, "name:en": null, "natural": null, "network": null, "network:el": null, "network:en": null, "network:wikidata": null, "noexit": null, "old_ref": null, "oneway": null, "opening_hours": null, "operator": null, "operator:type": null, "park_ride": null, "parking": null, "parking:fee": null, "payment:app": null, "payment:website": null, "phone": null, "public_transport": null, "ref": null, "ref:EU:EVSE": null, "ref:GR:IDRO": null, "reg_ref": null, "religion": null, "route_ref": null, "service": null, "shelter": null, "shop": null, "short_name": null, "sidewalk": null, "smoothness": null, "socket:type2": null, "socket:type2:output": null, "source": null, "source:reg_ref": null, "sport": null, "surface": null, "tactile_paving": null, "takeaway": null, "tracktype": null, "trade": null, "traffic_signals": null, "turn:lanes": null, "website": null, "label": "building:industrial" }, "geometry": { "type": "Polygon", "coordinates": [ [ [ 23.873918, 37.8859516 ], [ 23.8739726, 37.8859338 ], [ 23.8742313, 37.8864292 ], [ 23.8746422, 37.8862955 ], [ 23.8742934, 37.8856279 ], [ 23.873828, 37.8857794 ], [ 23.873918, 37.8859516 ] ] ] } },
{ "type": "Feature", "properties": { "@type": "way", "@id": 311381673, "access": null, "addr:city": null, "addr:country": null, "addr:full": null, "addr:housename": null, "addr:housenumber": null, "addr:postcode": null, "addr:street": null, "addr:unit": null, "aeroway": null, "amenity": null, "atm": null, "authentication:app": null, "authentication:membership_card": null, "barrier": null, "bench": null, "brand": null, "brand:el": null, "brand:en": null, "brand:wikidata": null, "brand:wikipedia": null, "building": "industrial", "building:levels": "2", "bus": null, "capacity": null, "check_date:shelter": null, "contact:email": null, "contact:fax": null, "contact:phone": null, "contact:website": null, "covered": null, "crossing": null, "crossing:island": null, "crossing:markings": null, "crossing_ref": null, "cuisine": null, "description": null, "direction": null, "dual_carriageway": null, "ele": null, "entrance": null, "fee": null, "fixme": null, "foot": null, "footway": null, "fuel:diesel": null, "fuel:lpg": null, "fuel:octane_100": null, "fuel:octane_95": null, "fuel:octane_98": null, "highway": null, "hoops": null, "int_name": null, "junction": null, "landuse": null, "lanes": null, "layer": null, "leisure": null, "lit": null, "man_made": null, "maxspeed": null, "motorcar": null, "name": null, "name:el": null, "name:en": null, "natural": null, "network": null, "network:el": null, "network:en": null, "network:wikidata": null, "noexit": null, "old_ref": null, "oneway": null, "opening_hours": null, "operator": null, "operator:type": null, "park_ride": null, "parking": null, "parking:fee": null, "payment:app": null, "payment:website": null, "phone": null, "public_transport": null, "ref": null, "ref:EU:EVSE": null, "ref:GR:IDRO": null, "reg_ref": null, "religion": null, "route_ref": null, "service": null, "shelter": null, "shop": null, "short_name": null, "sidewalk": null, "smoothness": null, "socket:type2": null, "socket:type2:output": null, "source": null, "source:reg_ref": null, "sport": null, "surface": null, "tactile_paving": null, "takeaway": null, "tracktype": null, "trade": null, "traffic_signals": null, "turn:lanes": null, "website": null, "label": "building:industrial" }, "geometry": { "type": "Polygon", "coordinates": [ [ [ 23.8755653, 37.885172 ], [ 23.8755411, 37.8851287 ], [ 23.8753504, 37.8851919 ], [ 23.8754527, 37.8853848 ], [ 23.8755925, 37.885633 ], [ 23.8756888, 37.8855995 ], [ 23.87572305575911, 37.885660850881244 ], [ 23.87572305575911, 37.885117113609468 ], [ 23.8755653, 37.885172 ] ] ] } },
{ "type": "Feature", "properties": { "@type": "way", "@id": 311381674, "access": null, "addr:city": null, "addr:country": null, "addr:full": null, "addr:housename": null, "addr:housenumber": null, "addr:postcode": null, "addr:street": null, "addr:unit": null, "aeroway": null, "amenity": null, "atm": null, "authentication:app": null, "authentication:membership_card": null, "barrier": null, "bench": null, "brand": null, "brand:el": null, "brand:en": null, "brand:wikidata": null, "brand:wikipedia": null, "building": "industrial", "building:levels": "2", "bus": null, "capacity": null, "check_date:shelter": null, "contact:email": null, "contact:fax": null, "contact:phone": null, "contact:website": null, "covered": null, "crossing": null, "crossing:island": null, "crossing:markings": null, "crossing_ref": null, "cuisine": null, "description": null, "direction": null, "dual_carriageway": null, "ele": null, "entrance": null, "fee": null, "fixme": null, "foot": null, "footway": null, "fuel:diesel": null, "fuel:lpg": null, "fuel:octane_100": null, "fuel:octane_95": null, "fuel:octane_98": null, "highway": null, "hoops": null, "int_name": null, "junction": null, "landuse": null, "lanes": null, "layer": null, "leisure": null, "lit": null, "man_made": null, "maxspeed": null, "motorcar": null, "name": null, "name:el": null, "name:en": null, "natural": null, "network": null, "network:el": null, "network:en": null, "network:wikidata": null, "noexit": null, "old_ref": null, "oneway": null, "opening_hours": null, "operator": null, "operator:type": null, "park_ride": null, "parking": null, "parking:fee": null, "payment:app": null, "payment:website": null, "phone": null, "public_transport": null, "ref": null, "ref:EU:EVSE": null, "ref:GR:IDRO": null, "reg_ref": null, "religion": null, "route_ref": null, "service": null, "shelter": null, "shop": null, "short_name": null, "sidewalk": null, "smoothness": null, "socket:type2": null, "socket:type2:output": null, "source": null, "source:reg_ref": null, "sport": null, "surface": null, "tactile_paving": null, "takeaway": null, "tracktype": null, "trade": null, "traffic_signals": null, "turn:lanes": null, "website": null, "label": "building:industrial" }, "geometry": { "type": "Polygon", "coordinates": [ [ [ 23.875285, 37.8857402 ], [ 23.8754239, 37.8856944 ], [ 23.87547, 37.8857814 ], [ 23.8755724, 37.8857476 ], [ 23.8754467, 37.8855103 ], [ 23.8753928, 37.8855281 ], [ 23.8753371, 37.885423 ], [ 23.8754527, 37.8853848 ], [ 23.8753504, 37.8851919 ], [ 23.8752305, 37.8852315 ], [ 23.8752579, 37.8852831 ], [ 23.8750748, 37.8853436 ], [ 23.875285, 37.8857402 ] ] ] } },
{ "type": "Feature", "properties": { "@type": "way", "@id": 311381675, "access": null, "addr:city": null, "addr:country": null, "addr:full": null, "addr:housename": null, "addr:housenumber": null, "addr:postcode": null, "addr:street": null, "addr:unit": null, "aeroway": null, "amenity": null, "atm": null, "authentication:app": null, "authentication:membership_card": null, "barrier": null, "bench": null, "brand": null, "brand:el": null, "brand:en": null, "brand:wikidata": null, "brand:wikipedia": null, "building": "industrial", "building:levels": "2", "bus": null, "capacity": null, "check_date:shelter": null, "contact:email": null, "contact:fax": null, "contact:phone": null, "contact:website": null, "covered": null, "crossing": null, "crossing:island": null, "crossing:markings": null, "crossing_ref": null, "cuisine": null, "description": null, "direction": null, "dual_carriageway": null, "ele": null, "entrance": null, "fee": null, "fixme": null, "foot": null, "footway": null, "fuel:diesel": null, "fuel:lpg": null, "fuel:octane_100": null, "fuel:octane_95": null, "fuel:octane_98": null, "highway": null, "hoops": null, "int_name": null, "junction": null, "landuse": null, "lanes": null, "layer": null, "leisure": null, "lit": null, "man_made": null, "maxspeed": null, "motorcar": null, "name": null, "name:el": null, "name:en": null, "natural": null, "network": null, "network:el": null, "network:en": null, "network:wikidata": null, "noexit": null, "old_ref": null, "oneway": null, "opening_hours": null, "operator": null, "operator:type": null, "park_ride": null, "parking": null, "parking:fee": null, "payment:app": null, "payment:website": null, "phone": null, "public_transport": null, "ref": null, "ref:EU:EVSE": null, "ref:GR:IDRO": null, "reg_ref": null, "religion": null, "route_ref": null, "service": null, "shelter": null, "shop": null, "short_name": null, "sidewalk": null, "smoothness": null, "socket:type2": null, "socket:type2:output": null, "source": null, "source:reg_ref": null, "sport": null, "surface": null, "tactile_paving": null, "takeaway": null, "tracktype": null, "trade": null, "traffic_signals": null, "turn:lanes": null, "website": null, "label": "building:industrial" }, "geometry": { "type": "Polygon", "coordinates": [ [ [ 23.8739318, 37.8853203 ], [ 23.8740224, 37.8853448 ], [ 23.8741488, 37.885302 ], [ 23.8741748, 37.88535 ], [ 23.8742499, 37.8853674 ], [ 23.8743617, 37.8853297 ], [ 23.8743203, 37.8852533 ], [ 23.8743498, 37.8852434 ], [ 23.8741268, 37.8848318 ], [ 23.8737382, 37.8849629 ], [ 23.8739318, 37.8853203 ] ] ] } },
{ "type": "Feature", "properties": { "@type": "way", "@id": 311381676, "access": null, "addr:city": null, "addr:country": null, "addr:full": null, "addr:housename": null, "addr:housenumber": null, "addr:postcode": null, "addr:street": null, "addr:unit": null, "aeroway": null, "amenity": null, "atm": null, "authentication:app": null, "authentication:membership_card": null, "barrier": null, "bench": null, "brand": null, "brand:el": null, "brand:en": null, "brand:wikidata": null, "brand:wikipedia": null, "building": "industrial", "building:levels": "3", "bus": null, "capacity": null, "check_date:shelter": null, "contact:email": null, "contact:fax": null, "contact:phone": null, "contact:website": null, "covered": null, "crossing": null, "crossing:island": null, "crossing:markings": null, "crossing_ref": null, "cuisine": null, "description": null, "direction": null, "dual_carriageway": null, "ele": null, "entrance": null, "fee": null, "fixme": null, "foot": null, "footway": null, "fuel:diesel": null, "fuel:lpg": null, "fuel:octane_100": null, "fuel:octane_95": null, "fuel:octane_98": null, "highway": null, "hoops": null, "int_name": null, "junction": null, "landuse": null, "lanes": null, "layer": null, "leisure": null, "lit": null, "man_made": null, "maxspeed": null, "motorcar": null, "name": null, "name:el": null, "name:en": null, "natural": null, "network": null, "network:el": null, "network:en": null, "network:wikidata": null, "noexit": null, "old_ref": null, "oneway": null, "opening_hours": null, "operator": null, "operator:type": null, "park_ride": null, "parking": null, "parking:fee": null, "payment:app": null, "payment:website": null, "phone": null, "public_transport": null, "ref": null, "ref:EU:EVSE": null, "ref:GR:IDRO": null, "reg_ref": null, "religion": null, "route_ref": null, "service": null, "shelter": null, "shop": null, "short_name": null, "sidewalk": null, "smoothness": null, "socket:type2": null, "socket:type2:output": null, "source": null, "source:reg_ref": null, "sport": null, "surface": null, "tactile_paving": null, "takeaway": null, "tracktype": null, "trade": null, "traffic_signals": null, "turn:lanes": null, "website": null, "label": "building:industrial" }, "geometry": { "type": "Polygon", "coordinates": [ [ [ 23.8744708, 37.8852105 ], [ 23.8747381, 37.8851076 ], [ 23.8744598, 37.8846962 ], [ 23.8742565, 37.8847729 ], [ 23.8744708, 37.8852105 ] ] ] } },
{ "type": "Feature", "properties": { "@type": "way", "@id": 311381677, "access": null, "addr:city": null, "addr:country": null, "addr:full": null, "addr:housename": null, "addr:housenumber": null, "addr:postcode": null, "addr:street": null, "addr:unit": null, "aeroway": null, "amenity": null, "atm": null, "authentication:app": null, "authentication:membership_card": null, "barrier": null, "bench": null, "brand": null, "brand:el": null, "brand:en": null, "brand:wikidata": null, "brand:wikipedia": null, "building": "industrial", "building:levels": "2", "bus": null, "capacity": null, "check_date:shelter": null, "contact:email": null, "contact:fax": null, "contact:phone": null, "contact:website": null, "covered": null, "crossing": null, "crossing:island": null, "crossing:markings": null, "crossing_ref": null, "cuisine": null, "description": null, "direction": null, "dual_carriageway": null, "ele": null, "entrance": null, "fee": null, "fixme": null, "foot": null, "footway": null, "fuel:diesel": null, "fuel:lpg": null, "fuel:octane_100": null, "fuel:octane_95": null, "fuel:octane_98": null, "highway": null, "hoops": null, "int_name": null, "junction": null, "landuse": null, "lanes": null, "layer": null, "leisure": null, "lit": null, "man_made": null, "maxspeed": null, "motorcar": null, "name": null, "name:el": null, "name:en": null, "natural": null, "network": null, "network:el": null, "network:en": null, "network:wikidata": null, "noexit": null, "old_ref": null, "oneway": null, "opening_hours": null, "operator": null, "operator:type": null, "park_ride": null, "parking": null, "parking:fee": null, "payment:app": null, "payment:website": null, "phone": null, "public_transport": null, "ref": null, "ref:EU:EVSE": null, "ref:GR:IDRO": null, "reg_ref": null, "religion": null, "route_ref": null, "service": null, "shelter": null, "shop": null, "short_name": null, "sidewalk": null, "smoothness": null, "socket:type2": null, "socket:type2:output": null, "source": null, "source:reg_ref": null, "sport": null, "surface": null, "tactile_paving": null, "takeaway": null, "tracktype": null, "trade": null, "traffic_signals": null, "turn:lanes": null, "website": null, "label": "building:industrial" }, "geometry": { "type": "Polygon", "coordinates": [ [ [ 23.8747098, 37.8847807 ], [ 23.8749192, 37.8846743 ], [ 23.8748143, 37.8845458 ], [ 23.874605, 37.8846521 ], [ 23.8747098, 37.8847807 ] ] ] } },
{ "type": "Feature", "properties": { "@type": "way", "@id": 311381678, "access": null, "addr:city": null, "addr:country": null, "addr:full": null, "addr:housename": null, "addr:housenumber": null, "addr:postcode": null, "addr:street": null, "addr:unit": null, "aeroway": null, "amenity": null, "atm": null, "authentication:app": null, "authentication:membership_card": null, "barrier": null, "bench": null, "brand": null, "brand:el": null, "brand:en": null, "brand:wikidata": null, "brand:wikipedia": null, "building": "industrial", "building:levels": "2", "bus": null, "capacity": null, "check_date:shelter": null, "contact:email": null, "contact:fax": null, "contact:phone": null, "contact:website": null, "covered": null, "crossing": null, "crossing:island": null, "crossing:markings": null, "crossing_ref": null, "cuisine": null, "description": null, "direction": null, "dual_carriageway": null, "ele": null, "entrance": null, "fee": null, "fixme": null, "foot": null, "footway": null, "fuel:diesel": null, "fuel:lpg": null, "fuel:octane_100": null, "fuel:octane_95": null, "fuel:octane_98": null, "highway": null, "hoops": null, "int_name": null, "junction": null, "landuse": null, "lanes": null, "layer": null, "leisure": null, "lit": null, "man_made": null, "maxspeed": null, "motorcar": null, "name": null, "name:el": null, "name:en": null, "natural": null, "network": null, "network:el": null, "network:en": null, "network:wikidata": null, "noexit": null, "old_ref": null, "oneway": null, "opening_hours": null, "operator": null, "operator:type": null, "park_ride": null, "parking": null, "parking:fee": null, "payment:app": null, "payment:website": null, "phone": null, "public_transport": null, "ref": null, "ref:EU:EVSE": null, "ref:GR:IDRO": null, "reg_ref": null, "religion": null, "route_ref": null, "service": null, "shelter": null, "shop": null, "short_name": null, "sidewalk": null, "smoothness": null, "socket:type2": null, "socket:type2:output": null, "source": null, "source:reg_ref": null, "sport": null, "surface": null, "tactile_paving": null, "takeaway": null, "tracktype": null, "trade": null, "traffic_signals": null, "turn:lanes": null, "website": null, "label": "building:industrial" }, "geometry": { "type": "Polygon", "coordinates": [ [ [ 23.872305, 37.8855514 ], [ 23.8726532, 37.8854807 ], [ 23.8725663, 37.8852143 ], [ 23.8722181, 37.885285 ], [ 23.872305, 37.8855514 ] ] ] } },
{ "type": "Feature", "properties": { "@type": "way", "@id": 311381679, "access": null, "addr:city": null, "addr:country": null, "addr:full": null, "addr:housename": null, "addr:housenumber": null, "addr:postcode": null, "addr:street": null, "addr:unit": null, "aeroway": null, "amenity": null, "atm": null, "authentication:app": null, "authentication:membership_card": null, "barrier": null, "bench": null, "brand": null, "brand:el": null, "brand:en": null, "brand:wikidata": null, "brand:wikipedia": null, "building": "industrial", "building:levels": "1", "bus": null, "capacity": null, "check_date:shelter": null, "contact:email": null, "contact:fax": null, "contact:phone": null, "contact:website": null, "covered": null, "crossing": null, "crossing:island": null, "crossing:markings": null, "crossing_ref": null, "cuisine": null, "description": null, "direction": null, "dual_carriageway": null, "ele": null, "entrance": null, "fee": null, "fixme": null, "foot": null, "footway": null, "fuel:diesel": null, "fuel:lpg": null, "fuel:octane_100": null, "fuel:octane_95": null, "fuel:octane_98": null, "highway": null, "hoops": null, "int_name": null, "junction": null, "landuse": null, "lanes": null, "layer": null, "leisure": null, "lit": null, "man_made": null, "maxspeed": null, "motorcar": null, "name": null, "name:el": null, "name:en": null, "natural": null, "network": null, "network:el": null, "network:en": null, "network:wikidata": null, "noexit": null, "old_ref": null, "oneway": null, "opening_hours": null, "operator": null, "operator:type": null, "park_ride": null, "parking": null, "parking:fee": null, "payment:app": null, "payment:website": null, "phone": null, "public_transport": null, "ref": null, "ref:EU:EVSE": null, "ref:GR:IDRO": null, "reg_ref": null, "religion": null, "route_ref": null, "service": null, "shelter": null, "shop": null, "short_name": null, "sidewalk": null, "smoothness": null, "socket:type2": null, "socket:type2:output": null, "source": null, "source:reg_ref": null, "sport": null, "surface": null, "tactile_paving": null, "takeaway": null, "tracktype": null, "trade": null, "traffic_signals": null, "turn:lanes": null, "website": null, "label": "building:industrial" }, "geometry": { "type": "Polygon", "coordinates": [ [ [ 23.8704169, 37.8856622 ], [ 23.8709885, 37.8855565 ], [ 23.8708768, 37.88518 ], [ 23.8703051, 37.8852857 ], [ 23.8704169, 37.8856622 ] ] ] } },
{ "type": "Feature", "properties": { "@type": "way", "@id": 311982655, "access": null, "addr:city": null, "addr:country": null, "addr:full": null, "addr:housename": null, "addr:housenumber": null, "addr:postcode": null, "addr:street": null, "addr:unit": null, "aeroway": null, "amenity": null, "atm": null, "authentication:app": null, "authentication:membership_card": null, "barrier": null, "bench": null, "brand": null, "brand:el": null, "brand:en": null, "brand:wikidata": null, "brand:wikipedia": null, "building": null, "building:levels": null, "bus": null, "capacity": null, "check_date:shelter": null, "contact:email": null, "contact:fax": null, "contact:phone": null, "contact:website": null, "covered": null, "crossing": null, "crossing:island": null, "crossing:markings": null, "crossing_ref": null, "cuisine": null, "description": null, "direction": null, "dual_carriageway": null, "ele": null, "entrance": null, "fee": null, "fixme": null, "foot": null, "footway": null, "fuel:diesel": null, "fuel:lpg": null, "fuel:octane_100": null, "fuel:octane_95": null, "fuel:octane_98": null, "highway": null, "hoops": null, "int_name": null, "junction": null, "landuse": "industrial", "lanes": null, "layer": null, "leisure": null, "lit": null, "man_made": null, "maxspeed": null, "motorcar": null, "name": null, "name:el": null, "name:en": null, "natural": null, "network": null, "network:el": null, "network:en": null, "network:wikidata": null, "noexit": null, "old_ref": null, "oneway": null, "opening_hours": null, "operator": null, "operator:type": null, "park_ride": null, "parking": null, "parking:fee": null, "payment:app": null, "payment:website": null, "phone": null, "public_transport": null, "ref": null, "ref:EU:EVSE": null, "ref:GR:IDRO": null, "reg_ref": null, "religion": null, "route_ref": null, "service": null, "shelter": null, "shop": null, "short_name": null, "sidewalk": null, "smoothness": null, "socket:type2": null, "socket:type2:output": null, "source": null, "source:reg_ref": null, "sport": null, "surface": null, "tactile_paving": null, "takeaway": null, "tracktype": null, "trade": null, "traffic_signals": null, "turn:lanes": null, "website": null, "label": "landuse:industrial" }, "geometry": { "type": "Polygon", "coordinates": [ [ [ 23.8756893, 37.8755339 ], [ 23.8756034, 37.8753751 ], [ 23.8744944, 37.8757808 ], [ 23.8733776, 37.8761894 ], [ 23.8740111, 37.8771439 ], [ 23.8744367, 37.8776119 ], [ 23.8743157, 37.8776824 ], [ 23.8743384, 37.8779381 ], [ 23.8742982, 37.8779466 ], [ 23.8743168, 37.8780619 ], [ 23.87572305575911, 37.87731756232278 ], [ 23.87572305575911, 37.877074976616321 ], [ 23.8756273, 37.8769484 ], [ 23.8755046, 37.8768689 ], [ 23.8753247, 37.8766351 ], [ 23.8752112, 37.8764872 ], [ 23.8751137, 37.8763468 ], [ 23.87572305575911, 37.876114370037342 ], [ 23.87572305575911, 37.875522880247196 ], [ 23.8756893, 37.8755339 ] ] ] } },
{ "type": "Feature", "properties": { "@type": "way", "@id": 315259332, "access": null, "addr:city": null, "addr:country": null, "addr:full": null, "addr:housename": null, "addr:housenumber": null, "addr:postcode": null, "addr:street": null, "addr:unit": null, "aeroway": null, "amenity": null, "atm": null, "authentication:app": null, "authentication:membership_card": null, "barrier": null, "bench": null, "brand": null, "brand:el": null, "brand:en": null, "brand:wikidata": null, "brand:wikipedia": null, "building": "industrial", "building:levels": "3", "bus": null, "capacity": null, "check_date:shelter": null, "contact:email": null, "contact:fax": null, "contact:phone": null, "contact:website": null, "covered": null, "crossing": null, "crossing:island": null, "crossing:markings": null, "crossing_ref": null, "cuisine": null, "description": null, "direction": null, "dual_carriageway": null, "ele": null, "entrance": null, "fee": null, "fixme": null, "foot": null, "footway": null, "fuel:diesel": null, "fuel:lpg": null, "fuel:octane_100": null, "fuel:octane_95": null, "fuel:octane_98": null, "highway": null, "hoops": null, "int_name": null, "junction": null, "landuse": null, "lanes": null, "layer": null, "leisure": null, "lit": null, "man_made": null, "maxspeed": null, "motorcar": null, "name": null, "name:el": null, "name:en": null, "natural": null, "network": null, "network:el": null, "network:en": null, "network:wikidata": null, "noexit": null, "old_ref": null, "oneway": null, "opening_hours": null, "operator": null, "operator:type": null, "park_ride": null, "parking": null, "parking:fee": null, "payment:app": null, "payment:website": null, "phone": null, "public_transport": null, "ref": null, "ref:EU:EVSE": null, "ref:GR:IDRO": null, "reg_ref": null, "religion": null, "route_ref": null, "service": null, "shelter": null, "shop": null, "short_name": null, "sidewalk": null, "smoothness": null, "socket:type2": null, "socket:type2:output": null, "source": null, "source:reg_ref": null, "sport": null, "surface": null, "tactile_paving": null, "takeaway": null, "tracktype": null, "trade": null, "traffic_signals": null, "turn:lanes": null, "website": null, "label": "building:industrial" }, "geometry": { "type": "Polygon", "coordinates": [ [ [ 23.8756633, 37.8824532 ], [ 23.8753138, 37.8826202 ], [ 23.8754298, 37.8827715 ], [ 23.87572305575911, 37.882631415012092 ], [ 23.87572305575911, 37.882531072922944 ], [ 23.8756633, 37.8824532 ] ] ] } },
{ "type": "Feature", "properties": { "@type": "way", "@id": 315259333, "access": null, "addr:city": null, "addr:country": null, "addr:full": null, "addr:housename": null, "addr:housenumber": null, "addr:postcode": null, "addr:street": null, "addr:unit": null, "aeroway": null, "amenity": null, "atm": null, "authentication:app": null, "authentication:membership_card": null, "barrier": null, "bench": null, "brand": null, "brand:el": null, "brand:en": null, "brand:wikidata": null, "brand:wikipedia": null, "building": "industrial", "building:levels": "4", "bus": null, "capacity": null, "check_date:shelter": null, "contact:email": null, "contact:fax": null, "contact:phone": null, "contact:website": null, "covered": null, "crossing": null, "crossing:island": null, "crossing:markings": null, "crossing_ref": null, "cuisine": null, "description": null, "direction": null, "dual_carriageway": null, "ele": null, "entrance": null, "fee": null, "fixme": null, "foot": null, "footway": null, "fuel:diesel": null, "fuel:lpg": null, "fuel:octane_100": null, "fuel:octane_95": null, "fuel:octane_98": null, "highway": null, "hoops": null, "int_name": null, "junction": null, "landuse": null, "lanes": null, "layer": null, "leisure": null, "lit": null, "man_made": null, "maxspeed": null, "motorcar": null, "name": null, "name:el": null, "name:en": null, "natural": null, "network": null, "network:el": null, "network:en": null, "network:wikidata": null, "noexit": null, "old_ref": null, "oneway": null, "opening_hours": null, "operator": null, "operator:type": null, "park_ride": null, "parking": null, "parking:fee": null, "payment:app": null, "payment:website": null, "phone": null, "public_transport": null, "ref": null, "ref:EU:EVSE": null, "ref:GR:IDRO": null, "reg_ref": null, "religion": null, "route_ref": null, "service": null, "shelter": null, "shop": null, "short_name": null, "sidewalk": null, "smoothness": null, "socket:type2": null, "socket:type2:output": null, "source": null, "source:reg_ref": null, "sport": null, "surface": null, "tactile_paving": null, "takeaway": null, "tracktype": null, "trade": null, "traffic_signals": null, "turn:lanes": null, "website": null, "label": "building:industrial" }, "geometry": { "type": "Polygon", "coordinates": [ [ [ 23.8752175, 37.8825425 ], [ 23.8753524, 37.8824739 ], [ 23.8750678, 37.8821253 ], [ 23.874933, 37.8821938 ], [ 23.8752175, 37.8825425 ] ] ] } },
{ "type": "Feature", "properties": { "@type": "way", "@id": 315259334, "access": null, "addr:city": null, "addr:country": null, "addr:full": null, "addr:housename": null, "addr:housenumber": null, "addr:postcode": null, "addr:street": null, "addr:unit": null, "aeroway": null, "amenity": null, "atm": null, "authentication:app": null, "authentication:membership_card": null, "barrier": null, "bench": null, "brand": null, "brand:el": null, "brand:en": null, "brand:wikidata": null, "brand:wikipedia": null, "building": "industrial", "building:levels": "2", "bus": null, "capacity": null, "check_date:shelter": null, "contact:email": null, "contact:fax": null, "contact:phone": null, "contact:website": null, "covered": null, "crossing": null, "crossing:island": null, "crossing:markings": null, "crossing_ref": null, "cuisine": null, "description": null, "direction": null, "dual_carriageway": null, "ele": null, "entrance": null, "fee": null, "fixme": null, "foot": null, "footway": null, "fuel:diesel": null, "fuel:lpg": null, "fuel:octane_100": null, "fuel:octane_95": null, "fuel:octane_98": null, "highway": null, "hoops": null, "int_name": null, "junction": null, "landuse": null, "lanes": null, "layer": null, "leisure": null, "lit": null, "man_made": null, "maxspeed": null, "motorcar": null, "name": null, "name:el": null, "name:en": null, "natural": null, "network": null, "network:el": null, "network:en": null, "network:wikidata": null, "noexit": null, "old_ref": null, "oneway": null, "opening_hours": null, "operator": null, "operator:type": null, "park_ride": null, "parking": null, "parking:fee": null, "payment:app": null, "payment:website": null, "phone": null, "public_transport": null, "ref": null, "ref:EU:EVSE": null, "ref:GR:IDRO": null, "reg_ref": null, "religion": null, "route_ref": null, "service": null, "shelter": null, "shop": null, "short_name": null, "sidewalk": null, "smoothness": null, "socket:type2": null, "socket:type2:output": null, "source": null, "source:reg_ref": null, "sport": null, "surface": null, "tactile_paving": null, "takeaway": null, "tracktype": null, "trade": null, "traffic_signals": null, "turn:lanes": null, "website": null, "label": "building:industrial" }, "geometry": { "type": "Polygon", "coordinates": [ [ [ 23.8755977, 37.8818545 ], [ 23.8750678, 37.8821253 ], [ 23.8753524, 37.8824739 ], [ 23.87572305575911, 37.882286479596402 ], [ 23.87572305575911, 37.882008160484865 ], [ 23.8755977, 37.8818545 ] ] ] } },
{ "type": "Feature", "properties": { "@type": "way", "@id": 315259335, "access": null, "addr:city": null, "addr:country": null, "addr:full": null, "addr:housename": null, "addr:housenumber": null, "addr:postcode": null, "addr:street": null, "addr:unit": null, "aeroway": null, "amenity": null, "atm": null, "authentication:app": null, "authentication:membership_card": null, "barrier": null, "bench": null, "brand": null, "brand:el": null, "brand:en": null, "brand:wikidata": null, "brand:wikipedia": null, "building": "industrial", "building:levels": "3", "bus": null, "capacity": null, "check_date:shelter": null, "contact:email": null, "contact:fax": null, "contact:phone": null, "contact:website": null, "covered": null, "crossing": null, "crossing:island": null, "crossing:markings": null, "crossing_ref": null, "cuisine": null, "description": null, "direction": null, "dual_carriageway": null, "ele": null, "entrance": null, "fee": null, "fixme": null, "foot": null, "footway": null, "fuel:diesel": null, "fuel:lpg": null, "fuel:octane_100": null, "fuel:octane_95": null, "fuel:octane_98": null, "highway": null, "hoops": null, "int_name": null, "junction": null, "landuse": null, "lanes": null, "layer": null, "leisure": null, "lit": null, "man_made": null, "maxspeed": null, "motorcar": null, "name": null, "name:el": null, "name:en": null, "natural": null, "network": null, "network:el": null, "network:en": null, "network:wikidata": null, "noexit": null, "old_ref": null, "oneway": null, "opening_hours": null, "operator": null, "operator:type": null, "park_ride": null, "parking": null, "parking:fee": null, "payment:app": null, "payment:website": null, "phone": null, "public_transport": null, "ref": null, "ref:EU:EVSE": null, "ref:GR:IDRO": null, "reg_ref": null, "religion": null, "route_ref": null, "service": null, "shelter": null, "shop": null, "short_name": null, "sidewalk": null, "smoothness": null, "socket:type2": null, "socket:type2:output": null, "source": null, "source:reg_ref": null, "sport": null, "surface": null, "tactile_paving": null, "takeaway": null, "tracktype": null, "trade": null, "traffic_signals": null, "turn:lanes": null, "website": null, "label": "building:industrial" }, "geometry": { "type": "Polygon", "coordinates": [ [ [ 23.874717, 37.881924 ], [ 23.8755152, 37.8815128 ], [ 23.8753827, 37.8813526 ], [ 23.8745845, 37.8817638 ], [ 23.874717, 37.881924 ] ] ] } },
{ "type": "Feature", "properties": { "@type": "way", "@id": 315259336, "access": null, "addr:city": null, "addr:country": null, "addr:full": null, "addr:housename": null, "addr:housenumber": null, "addr:postcode": null, "addr:street": null, "addr:unit": null, "aeroway": null, "amenity": null, "atm": null, "authentication:app": null, "authentication:membership_card": null, "barrier": null, "bench": null, "brand": null, "brand:el": null, "brand:en": null, "brand:wikidata": null, "brand:wikipedia": null, "building": "industrial", "building:levels": "2", "bus": null, "capacity": null, "check_date:shelter": null, "contact:email": null, "contact:fax": null, "contact:phone": null, "contact:website": null, "covered": null, "crossing": null, "crossing:island": null, "crossing:markings": null, "crossing_ref": null, "cuisine": null, "description": null, "direction": null, "dual_carriageway": null, "ele": null, "entrance": null, "fee": null, "fixme": null, "foot": null, "footway": null, "fuel:diesel": null, "fuel:lpg": null, "fuel:octane_100": null, "fuel:octane_95": null, "fuel:octane_98": null, "highway": null, "hoops": null, "int_name": null, "junction": null, "landuse": null, "lanes": null, "layer": null, "leisure": null, "lit": null, "man_made": null, "maxspeed": null, "motorcar": null, "name": null, "name:el": null, "name:en": null, "natural": null, "network": null, "network:el": null, "network:en": null, "network:wikidata": null, "noexit": null, "old_ref": null, "oneway": null, "opening_hours": null, "operator": null, "operator:type": null, "park_ride": null, "parking": null, "parking:fee": null, "payment:app": null, "payment:website": null, "phone": null, "public_transport": null, "ref": null, "ref:EU:EVSE": null, "ref:GR:IDRO": null, "reg_ref": null, "religion": null, "route_ref": null, "service": null, "shelter": null, "shop": null, "short_name": null, "sidewalk": null, "smoothness": null, "socket:type2": null, "socket:type2:output": null, "source": null, "source:reg_ref": null, "sport": null, "surface": null, "tactile_paving": null, "takeaway": null, "tracktype": null, "trade": null, "traffic_signals": null, "turn:lanes": null, "website": null, "label": "building:industrial" }, "geometry": { "type": "Polygon", "coordinates": [ [ [ 23.8745896, 37.88132 ], [ 23.8751094, 37.8810612 ], [ 23.8752601, 37.8812498 ], [ 23.8754789, 37.8811408 ], [ 23.8754196, 37.8808943 ], [ 23.8752702, 37.8807073 ], [ 23.874433, 37.8811241 ], [ 23.8745896, 37.88132 ] ] ] } },
{ "type": "Feature", "properties": { "@type": "way", "@id": 315259337, "access": null, "addr:city": null, "addr:country": null, "addr:full": null, "addr:housename": null, "addr:housenumber": null, "addr:postcode": null, "addr:street": null, "addr:unit": null, "aeroway": null, "amenity": null, "atm": null, "authentication:app": null, "authentication:membership_card": null, "barrier": null, "bench": null, "brand": null, "brand:el": null, "brand:en": null, "brand:wikidata": null, "brand:wikipedia": null, "building": "industrial", "building:levels": "2", "bus": null, "capacity": null, "check_date:shelter": null, "contact:email": null, "contact:fax": null, "contact:phone": null, "contact:website": null, "covered": null, "crossing": null, "crossing:island": null, "crossing:markings": null, "crossing_ref": null, "cuisine": null, "description": null, "direction": null, "dual_carriageway": null, "ele": null, "entrance": null, "fee": null, "fixme": null, "foot": null, "footway": null, "fuel:diesel": null, "fuel:lpg": null, "fuel:octane_100": null, "fuel:octane_95": null, "fuel:octane_98": null, "highway": null, "hoops": null, "int_name": null, "junction": null, "landuse": null, "lanes": null, "layer": null, "leisure": null, "lit": null, "man_made": null, "maxspeed": null, "motorcar": null, "name": null, "name:el": null, "name:en": null, "natural": null, "network": null, "network:el": null, "network:en": null, "network:wikidata": null, "noexit": null, "old_ref": null, "oneway": null, "opening_hours": null, "operator": null, "operator:type": null, "park_ride": null, "parking": null, "parking:fee": null, "payment:app": null, "payment:website": null, "phone": null, "public_transport": null, "ref": null, "ref:EU:EVSE": null, "ref:GR:IDRO": null, "reg_ref": null, "religion": null, "route_ref": null, "service": null, "shelter": null, "shop": null, "short_name": null, "sidewalk": null, "smoothness": null, "socket:type2": null, "socket:type2:output": null, "source": null, "source:reg_ref": null, "sport": null, "surface": null, "tactile_paving": null, "takeaway": null, "tracktype": null, "trade": null, "traffic_signals": null, "turn:lanes": null, "website": null, "label": "building:industrial" }, "geometry": { "type": "Polygon", "coordinates": [ [ [ 23.8735777, 37.8813293 ], [ 23.8747586, 37.8806848 ], [ 23.874636, 37.8805448 ], [ 23.8734551, 37.8811893 ], [ 23.8735777, 37.8813293 ] ] ] } },
{ "type": "Feature", "properties": { "@type": "way", "@id": 315259338, "access": null, "addr:city": null, "addr:country": null, "addr:full": null, "addr:housename": null, "addr:housenumber": null, "addr:postcode": null, "addr:street": null, "addr:unit": null, "aeroway": null, "amenity": null, "atm": null, "authentication:app": null, "authentication:membership_card": null, "barrier": null, "bench": null, "brand": null, "brand:el": null, "brand:en": null, "brand:wikidata": null, "brand:wikipedia": null, "building": "industrial", "building:levels": "2", "bus": null, "capacity": null, "check_date:shelter": null, "contact:email": null, "contact:fax": null, "contact:phone": null, "contact:website": null, "covered": null, "crossing": null, "crossing:island": null, "crossing:markings": null, "crossing_ref": null, "cuisine": null, "description": null, "direction": null, "dual_carriageway": null, "ele": null, "entrance": null, "fee": null, "fixme": null, "foot": null, "footway": null, "fuel:diesel": null, "fuel:lpg": null, "fuel:octane_100": null, "fuel:octane_95": null, "fuel:octane_98": null, "highway": null, "hoops": null, "int_name": null, "junction": null, "landuse": null, "lanes": null, "layer": null, "leisure": null, "lit": null, "man_made": null, "maxspeed": null, "motorcar": null, "name": null, "name:el": null, "name:en": null, "natural": null, "network": null, "network:el": null, "network:en": null, "network:wikidata": null, "noexit": null, "old_ref": null, "oneway": null, "opening_hours": null, "operator": null, "operator:type": null, "park_ride": null, "parking": null, "parking:fee": null, "payment:app": null, "payment:website": null, "phone": null, "public_transport": null, "ref": null, "ref:EU:EVSE": null, "ref:GR:IDRO": null, "reg_ref": null, "religion": null, "route_ref": null, "service": null, "shelter": null, "shop": null, "short_name": null, "sidewalk": null, "smoothness": null, "socket:type2": null, "socket:type2:output": null, "source": null, "source:reg_ref": null, "sport": null, "surface": null, "tactile_paving": null, "takeaway": null, "tracktype": null, "trade": null, "traffic_signals": null, "turn:lanes": null, "website": null, "label": "building:industrial" }, "geometry": { "type": "Polygon", "coordinates": [ [ [ 23.8734195, 37.8809319 ], [ 23.8735543, 37.8808507 ], [ 23.8736072, 37.8809054 ], [ 23.8746582, 37.8802723 ], [ 23.8744509, 37.8800579 ], [ 23.8732651, 37.8807722 ], [ 23.8734195, 37.8809319 ] ] ] } },
{ "type": "Feature", "properties": { "@type": "way", "@id": 315259339, "access": null, "addr:city": null, "addr:country": null, "addr:full": null, "addr:housename": null, "addr:housenumber": null, "addr:postcode": null, "addr:street": null, "addr:unit": null, "aeroway": null, "amenity": null, "atm": null, "authentication:app": null, "authentication:membership_card": null, "barrier": null, "bench": null, "brand": null, "brand:el": null, "brand:en": null, "brand:wikidata": null, "brand:wikipedia": null, "building": "industrial", "building:levels": "2", "bus": null, "capacity": null, "check_date:shelter": null, "contact:email": null, "contact:fax": null, "contact:phone": null, "contact:website": null, "covered": null, "crossing": null, "crossing:island": null, "crossing:markings": null, "crossing_ref": null, "cuisine": null, "description": null, "direction": null, "dual_carriageway": null, "ele": null, "entrance": null, "fee": null, "fixme": null, "foot": null, "footway": null, "fuel:diesel": null, "fuel:lpg": null, "fuel:octane_100": null, "fuel:octane_95": null, "fuel:octane_98": null, "highway": null, "hoops": null, "int_name": null, "junction": null, "landuse": null, "lanes": null, "layer": null, "leisure": null, "lit": null, "man_made": null, "maxspeed": null, "motorcar": null, "name": null, "name:el": null, "name:en": null, "natural": null, "network": null, "network:el": null, "network:en": null, "network:wikidata": null, "noexit": null, "old_ref": null, "oneway": null, "opening_hours": null, "operator": null, "operator:type": null, "park_ride": null, "parking": null, "parking:fee": null, "payment:app": null, "payment:website": null, "phone": null, "public_transport": null, "ref": null, "ref:EU:EVSE": null, "ref:GR:IDRO": null, "reg_ref": null, "religion": null, "route_ref": null, "service": null, "shelter": null, "shop": null, "short_name": "ΚΤΕΟ", "sidewalk": null, "smoothness": null, "socket:type2": null, "socket:type2:output": null, "source": null, "source:reg_ref": null, "sport": null, "surface": null, "tactile_paving": null, "takeaway": null, "tracktype": null, "trade": null, "traffic_signals": null, "turn:lanes": null, "website": null, "label": "building:industrial" }, "geometry": { "type": "Polygon", "coordinates": [ [ [ 23.8733938, 37.8804646 ], [ 23.8743008, 37.8799434 ], [ 23.8740615, 37.879684 ], [ 23.8731545, 37.8802051 ], [ 23.8733938, 37.8804646 ] ] ] } },
{ "type": "Feature", "properties": { "@type": "way", "@id": 315259340, "access": null, "addr:city": null, "addr:country": null, "addr:full": null, "addr:housename": null, "addr:housenumber": null, "addr:postcode": null, "addr:street": null, "addr:unit": null, "aeroway": null, "amenity": null, "atm": null, "authentication:app": null, "authentication:membership_card": null, "barrier": null, "bench": null, "brand": null, "brand:el": null, "brand:en": null, "brand:wikidata": null, "brand:wikipedia": null, "building": "industrial", "building:levels": "3", "bus": null, "capacity": null, "check_date:shelter": null, "contact:email": null, "contact:fax": null, "contact:phone": null, "contact:website": null, "covered": null, "crossing": null, "crossing:island": null, "crossing:markings": null, "crossing_ref": null, "cuisine": null, "description": null, "direction": null, "dual_carriageway": null, "ele": null, "entrance": null, "fee": null, "fixme": null, "foot": null, "footway": null, "fuel:diesel": null, "fuel:lpg": null, "fuel:octane_100": null, "fuel:octane_95": null, "fuel:octane_98": null, "highway": null, "hoops": null, "int_name": null, "junction": null, "landuse": null, "lanes": null, "layer": null, "leisure": null, "lit": null, "man_made": null, "maxspeed": null, "motorcar": null, "name": "Sea Fighter", "name:el": null, "name:en": null, "natural": null, "network": null, "network:el": null, "network:en": null, "network:wikidata": null, "noexit": null, "old_ref": null, "oneway": null, "opening_hours": null, "operator": null, "operator:type": null, "park_ride": null, "parking": null, "parking:fee": null, "payment:app": null, "payment:website": null, "phone": null, "public_transport": null, "ref": null, "ref:EU:EVSE": null, "ref:GR:IDRO": null, "reg_ref": null, "religion": null, "route_ref": null, "service": null, "shelter": null, "shop": null, "short_name": null, "sidewalk": null, "smoothness": null, "socket:type2": null, "socket:type2:output": null, "source": null, "source:reg_ref": null, "sport": null, "surface": null, "tactile_paving": null, "takeaway": null, "tracktype": null, "trade": null, "traffic_signals": null, "turn:lanes": null, "website": null, "label": "building:industrial" }, "geometry": { "type": "Polygon", "coordinates": [ [ [ 23.8747816, 37.8800517 ], [ 23.8749777, 37.8799589 ], [ 23.8748062, 37.8797331 ], [ 23.8749027, 37.8796874 ], [ 23.8747758, 37.8795205 ], [ 23.8744832, 37.879659 ], [ 23.8747816, 37.8800517 ] ] ] } },
{ "type": "Feature", "properties": { "@type": "way", "@id": 315259342, "access": null, "addr:city": null, "addr:country": null, "addr:full": null, "addr:housename": null, "addr:housenumber": null, "addr:postcode": null, "addr:street": null, "addr:unit": null, "aeroway": null, "amenity": null, "atm": null, "authentication:app": null, "authentication:membership_card": null, "barrier": null, "bench": null, "brand": null, "brand:el": null, "brand:en": null, "brand:wikidata": null, "brand:wikipedia": null, "building": "industrial", "building:levels": "3", "bus": null, "capacity": null, "check_date:shelter": null, "contact:email": null, "contact:fax": null, "contact:phone": null, "contact:website": null, "covered": null, "crossing": null, "crossing:island": null, "crossing:markings": null, "crossing_ref": null, "cuisine": null, "description": null, "direction": null, "dual_carriageway": null, "ele": null, "entrance": null, "fee": null, "fixme": null, "foot": null, "footway": null, "fuel:diesel": null, "fuel:lpg": null, "fuel:octane_100": null, "fuel:octane_95": null, "fuel:octane_98": null, "highway": null, "hoops": null, "int_name": null, "junction": null, "landuse": null, "lanes": null, "layer": null, "leisure": null, "lit": null, "man_made": null, "maxspeed": null, "motorcar": null, "name": null, "name:el": null, "name:en": null, "natural": null, "network": null, "network:el": null, "network:en": null, "network:wikidata": null, "noexit": null, "old_ref": null, "oneway": null, "opening_hours": null, "operator": null, "operator:type": null, "park_ride": null, "parking": null, "parking:fee": null, "payment:app": null, "payment:website": null, "phone": null, "public_transport": null, "ref": null, "ref:EU:EVSE": null, "ref:GR:IDRO": null, "reg_ref": null, "religion": null, "route_ref": null, "service": null, "shelter": null, "shop": null, "short_name": null, "sidewalk": null, "smoothness": null, "socket:type2": null, "socket:type2:output": null, "source": null, "source:reg_ref": null, "sport": null, "surface": null, "tactile_paving": null, "takeaway": null, "tracktype": null, "trade": null, "traffic_signals": null, "turn:lanes": null, "website": null, "label": "building:industrial" }, "geometry": { "type": "Polygon", "coordinates": [ [ [ 23.8756925, 37.8836942 ], [ 23.87572305575911, 37.88372357142736 ], [ 23.87572305575911, 37.883674364280481 ], [ 23.8756925, 37.8836942 ] ] ] } },
{ "type": "Feature", "properties": { "@type": "way", "@id": 315259343, "access": null, "addr:city": null, "addr:country": null, "addr:full": null, "addr:housename": null, "addr:housenumber": null, "addr:postcode": null, "addr:street": null, "addr:unit": null, "aeroway": null, "amenity": null, "atm": null, "authentication:app": null, "authentication:membership_card": null, "barrier": null, "bench": null, "brand": null, "brand:el": null, "brand:en": null, "brand:wikidata": null, "brand:wikipedia": null, "building": "industrial", "building:levels": "2", "bus": null, "capacity": null, "check_date:shelter": null, "contact:email": null, "contact:fax": null, "contact:phone": null, "contact:website": null, "covered": null, "crossing": null, "crossing:island": null, "crossing:markings": null, "crossing_ref": null, "cuisine": null, "description": null, "direction": null, "dual_carriageway": null, "ele": null, "entrance": null, "fee": null, "fixme": null, "foot": null, "footway": null, "fuel:diesel": null, "fuel:lpg": null, "fuel:octane_100": null, "fuel:octane_95": null, "fuel:octane_98": null, "highway": null, "hoops": null, "int_name": null, "junction": null, "landuse": null, "lanes": null, "layer": null, "leisure": null, "lit": null, "man_made": null, "maxspeed": null, "motorcar": null, "name": null, "name:el": null, "name:en": null, "natural": null, "network": null, "network:el": null, "network:en": null, "network:wikidata": null, "noexit": null, "old_ref": null, "oneway": null, "opening_hours": null, "operator": null, "operator:type": null, "park_ride": null, "parking": null, "parking:fee": null, "payment:app": null, "payment:website": null, "phone": null, "public_transport": null, "ref": null, "ref:EU:EVSE": null, "ref:GR:IDRO": null, "reg_ref": null, "religion": null, "route_ref": null, "service": null, "shelter": null, "shop": null, "short_name": null, "sidewalk": null, "smoothness": null, "socket:type2": null, "socket:type2:output": null, "source": null, "source:reg_ref": null, "sport": null, "surface": null, "tactile_paving": null, "takeaway": null, "tracktype": null, "trade": null, "traffic_signals": null, "turn:lanes": null, "website": null, "label": "building:industrial" }, "geometry": { "type": "Polygon", "coordinates": [ [ [ 23.8752575, 37.8841877 ], [ 23.875428, 37.8840599 ], [ 23.8747777, 37.8835194 ], [ 23.8746072, 37.8836472 ], [ 23.8752575, 37.8841877 ] ] ] } },
{ "type": "Feature", "properties": { "@type": "way", "@id": 315259344, "access": null, "addr:city": null, "addr:country": null, "addr:full": null, "addr:housename": null, "addr:housenumber": null, "addr:postcode": null, "addr:street": null, "addr:unit": null, "aeroway": null, "amenity": null, "atm": null, "authentication:app": null, "authentication:membership_card": null, "barrier": null, "bench": null, "brand": null, "brand:el": null, "brand:en": null, "brand:wikidata": null, "brand:wikipedia": null, "building": "industrial", "building:levels": "2", "bus": null, "capacity": null, "check_date:shelter": null, "contact:email": null, "contact:fax": null, "contact:phone": null, "contact:website": null, "covered": null, "crossing": null, "crossing:island": null, "crossing:markings": null, "crossing_ref": null, "cuisine": null, "description": null, "direction": null, "dual_carriageway": null, "ele": null, "entrance": null, "fee": null, "fixme": null, "foot": null, "footway": null, "fuel:diesel": null, "fuel:lpg": null, "fuel:octane_100": null, "fuel:octane_95": null, "fuel:octane_98": null, "highway": null, "hoops": null, "int_name": null, "junction": null, "landuse": null, "lanes": null, "layer": null, "leisure": null, "lit": null, "man_made": null, "maxspeed": null, "motorcar": null, "name": null, "name:el": null, "name:en": null, "natural": null, "network": null, "network:el": null, "network:en": null, "network:wikidata": null, "noexit": null, "old_ref": null, "oneway": null, "opening_hours": null, "operator": null, "operator:type": null, "park_ride": null, "parking": null, "parking:fee": null, "payment:app": null, "payment:website": null, "phone": null, "public_transport": null, "ref": null, "ref:EU:EVSE": null, "ref:GR:IDRO": null, "reg_ref": null, "religion": null, "route_ref": null, "service": null, "shelter": null, "shop": null, "short_name": null, "sidewalk": null, "smoothness": null, "socket:type2": null, "socket:type2:output": null, "source": null, "source:reg_ref": null, "sport": null, "surface": null, "tactile_paving": null, "takeaway": null, "tracktype": null, "trade": null, "traffic_signals": null, "turn:lanes": null, "website": null, "label": "building:industrial" }, "geometry": { "type": "Polygon", "coordinates": [ [ [ 23.8746113, 37.8844148 ], [ 23.8750218, 37.8842689 ], [ 23.874565, 37.8838441 ], [ 23.8744937, 37.8838919 ], [ 23.8745921, 37.8840567 ], [ 23.8743785, 37.8842027 ], [ 23.8746113, 37.8844148 ] ] ] } },
{ "type": "Feature", "properties": { "@type": "way", "@id": 315259345, "access": null, "addr:city": null, "addr:country": null, "addr:full": null, "addr:housename": null, "addr:housenumber": null, "addr:postcode": null, "addr:street": null, "addr:unit": null, "aeroway": null, "amenity": null, "atm": null, "authentication:app": null, "authentication:membership_card": null, "barrier": null, "bench": null, "brand": null, "brand:el": null, "brand:en": null, "brand:wikidata": null, "brand:wikipedia": null, "building": "industrial", "building:levels": "4", "bus": null, "capacity": null, "check_date:shelter": null, "contact:email": null, "contact:fax": null, "contact:phone": null, "contact:website": null, "covered": null, "crossing": null, "crossing:island": null, "crossing:markings": null, "crossing_ref": null, "cuisine": null, "description": null, "direction": null, "dual_carriageway": null, "ele": null, "entrance": null, "fee": null, "fixme": null, "foot": null, "footway": null, "fuel:diesel": null, "fuel:lpg": null, "fuel:octane_100": null, "fuel:octane_95": null, "fuel:octane_98": null, "highway": null, "hoops": null, "int_name": null, "junction": null, "landuse": null, "lanes": null, "layer": null, "leisure": null, "lit": null, "man_made": null, "maxspeed": null, "motorcar": null, "name": null, "name:el": null, "name:en": null, "natural": null, "network": null, "network:el": null, "network:en": null, "network:wikidata": null, "noexit": null, "old_ref": null, "oneway": null, "opening_hours": null, "operator": null, "operator:type": null, "park_ride": null, "parking": null, "parking:fee": null, "payment:app": null, "payment:website": null, "phone": null, "public_transport": null, "ref": null, "ref:EU:EVSE": null, "ref:GR:IDRO": null, "reg_ref": null, "religion": null, "route_ref": null, "service": null, "shelter": null, "shop": null, "short_name": null, "sidewalk": null, "smoothness": null, "socket:type2": null, "socket:type2:output": null, "source": null, "source:reg_ref": null, "sport": null, "surface": null, "tactile_paving": null, "takeaway": null, "tracktype": null, "trade": null, "traffic_signals": null, "turn:lanes": null, "website": null, "label": "building:industrial" }, "geometry": { "type": "Polygon", "coordinates": [ [ [ 23.8738083, 37.8846913 ], [ 23.8743343, 37.8845254 ], [ 23.8742186, 37.8842967 ], [ 23.8736925, 37.8844626 ], [ 23.8738083, 37.8846913 ] ] ] } },
{ "type": "Feature", "properties": { "@type": "way", "@id": 315259346, "access": null, "addr:city": null, "addr:country": null, "addr:full": null, "addr:housename": null, "addr:housenumber": null, "addr:postcode": null, "addr:street": null, "addr:unit": null, "aeroway": null, "amenity": null, "atm": null, "authentication:app": null, "authentication:membership_card": null, "barrier": null, "bench": null, "brand": null, "brand:el": null, "brand:en": null, "brand:wikidata": null, "brand:wikipedia": null, "building": "industrial", "building:levels": "3", "bus": null, "capacity": null, "check_date:shelter": null, "contact:email": null, "contact:fax": null, "contact:phone": null, "contact:website": null, "covered": null, "crossing": null, "crossing:island": null, "crossing:markings": null, "crossing_ref": null, "cuisine": null, "description": null, "direction": null, "dual_carriageway": null, "ele": null, "entrance": null, "fee": null, "fixme": null, "foot": null, "footway": null, "fuel:diesel": null, "fuel:lpg": null, "fuel:octane_100": null, "fuel:octane_95": null, "fuel:octane_98": null, "highway": null, "hoops": null, "int_name": null, "junction": null, "landuse": null, "lanes": null, "layer": null, "leisure": null, "lit": null, "man_made": null, "maxspeed": null, "motorcar": null, "name": null, "name:el": null, "name:en": null, "natural": null, "network": null, "network:el": null, "network:en": null, "network:wikidata": null, "noexit": null, "old_ref": null, "oneway": null, "opening_hours": null, "operator": null, "operator:type": null, "park_ride": null, "parking": null, "parking:fee": null, "payment:app": null, "payment:website": null, "phone": null, "public_transport": null, "ref": null, "ref:EU:EVSE": null, "ref:GR:IDRO": null, "reg_ref": null, "religion": null, "route_ref": null, "service": null, "shelter": null, "shop": null, "short_name": null, "sidewalk": null, "smoothness": null, "socket:type2": null, "socket:type2:output": null, "source": null, "source:reg_ref": null, "sport": null, "surface": null, "tactile_paving": null, "takeaway": null, "tracktype": null, "trade": null, "traffic_signals": null, "turn:lanes": null, "website": null, "label": "building:industrial" }, "geometry": { "type": "Polygon", "coordinates": [ [ [ 23.8755972, 37.8835578 ], [ 23.8756683, 37.8835059 ], [ 23.8755229, 37.883382 ], [ 23.8754519, 37.883434 ], [ 23.8755972, 37.8835578 ] ] ] } },
{ "type": "Feature", "properties": { "@type": "way", "@id": 315259347, "access": null, "addr:city": null, "addr:country": null, "addr:full": null, "addr:housename": null, "addr:housenumber": null, "addr:postcode": null, "addr:street": null, "addr:unit": null, "aeroway": null, "amenity": null, "atm": null, "authentication:app": null, "authentication:membership_card": null, "barrier": null, "bench": null, "brand": null, "brand:el": null, "brand:en": null, "brand:wikidata": null, "brand:wikipedia": null, "building": "industrial", "building:levels": "1", "bus": null, "capacity": null, "check_date:shelter": null, "contact:email": null, "contact:fax": null, "contact:phone": null, "contact:website": null, "covered": null, "crossing": null, "crossing:island": null, "crossing:markings": null, "crossing_ref": null, "cuisine": null, "description": null, "direction": null, "dual_carriageway": null, "ele": null, "entrance": null, "fee": null, "fixme": null, "foot": null, "footway": null, "fuel:diesel": null, "fuel:lpg": null, "fuel:octane_100": null, "fuel:octane_95": null, "fuel:octane_98": null, "highway": null, "hoops": null, "int_name": null, "junction": null, "landuse": null, "lanes": null, "layer": null, "leisure": null, "lit": null, "man_made": null, "maxspeed": null, "motorcar": null, "name": null, "name:el": null, "name:en": null, "natural": null, "network": null, "network:el": null, "network:en": null, "network:wikidata": null, "noexit": null, "old_ref": null, "oneway": null, "opening_hours": null, "operator": null, "operator:type": null, "park_ride": null, "parking": null, "parking:fee": null, "payment:app": null, "payment:website": null, "phone": null, "public_transport": null, "ref": null, "ref:EU:EVSE": null, "ref:GR:IDRO": null, "reg_ref": null, "religion": null, "route_ref": null, "service": null, "shelter": null, "shop": null, "short_name": null, "sidewalk": null, "smoothness": null, "socket:type2": null, "socket:type2:output": null, "source": null, "source:reg_ref": null, "sport": null, "surface": null, "tactile_paving": null, "takeaway": null, "tracktype": null, "trade": null, "traffic_signals": null, "turn:lanes": null, "website": null, "label": "building:industrial" }, "geometry": { "type": "Polygon", "coordinates": [ [ [ 23.87537, 37.8833527 ], [ 23.8754515, 37.8832957 ], [ 23.8749812, 37.8828769 ], [ 23.8748997, 37.8829339 ], [ 23.87537, 37.8833527 ] ] ] } },
{ "type": "Feature", "properties": { "@type": "way", "@id": 315259348, "access": null, "addr:city": null, "addr:country": null, "addr:full": null, "addr:housename": null, "addr:housenumber": null, "addr:postcode": null, "addr:street": null, "addr:unit": null, "aeroway": null, "amenity": null, "atm": null, "authentication:app": null, "authentication:membership_card": null, "barrier": null, "bench": null, "brand": null, "brand:el": null, "brand:en": null, "brand:wikidata": null, "brand:wikipedia": null, "building": "industrial", "building:levels": "3", "bus": null, "capacity": null, "check_date:shelter": null, "contact:email": null, "contact:fax": null, "contact:phone": null, "contact:website": null, "covered": null, "crossing": null, "crossing:island": null, "crossing:markings": null, "crossing_ref": null, "cuisine": null, "description": null, "direction": null, "dual_carriageway": null, "ele": null, "entrance": null, "fee": null, "fixme": null, "foot": null, "footway": null, "fuel:diesel": null, "fuel:lpg": null, "fuel:octane_100": null, "fuel:octane_95": null, "fuel:octane_98": null, "highway": null, "hoops": null, "int_name": null, "junction": null, "landuse": null, "lanes": null, "layer": null, "leisure": null, "lit": null, "man_made": null, "maxspeed": null, "motorcar": null, "name": null, "name:el": null, "name:en": null, "natural": null, "network": null, "network:el": null, "network:en": null, "network:wikidata": null, "noexit": null, "old_ref": null, "oneway": null, "opening_hours": null, "operator": null, "operator:type": null, "park_ride": null, "parking": null, "parking:fee": null, "payment:app": null, "payment:website": null, "phone": null, "public_transport": null, "ref": null, "ref:EU:EVSE": null, "ref:GR:IDRO": null, "reg_ref": null, "religion": null, "route_ref": null, "service": null, "shelter": null, "shop": null, "short_name": null, "sidewalk": null, "smoothness": null, "socket:type2": null, "socket:type2:output": null, "source": null, "source:reg_ref": null, "sport": null, "surface": null, "tactile_paving": null, "takeaway": null, "tracktype": null, "trade": null, "traffic_signals": null, "turn:lanes": null, "website": null, "label": "building:industrial" }, "geometry": { "type": "Polygon", "coordinates": [ [ [ 23.8748881, 37.8829186 ], [ 23.8749821, 37.8828541 ], [ 23.8748897, 37.8827702 ], [ 23.8747957, 37.8828346 ], [ 23.8748881, 37.8829186 ] ] ] } },
{ "type": "Feature", "properties": { "@type": "way", "@id": 315259349, "access": null, "addr:city": null, "addr:country": null, "addr:full": null, "addr:housename": null, "addr:housenumber": null, "addr:postcode": null, "addr:street": null, "addr:unit": null, "aeroway": null, "amenity": null, "atm": null, "authentication:app": null, "authentication:membership_card": null, "barrier": null, "bench": null, "brand": null, "brand:el": null, "brand:en": null, "brand:wikidata": null, "brand:wikipedia": null, "building": "industrial", "building:levels": "1", "bus": null, "capacity": null, "check_date:shelter": null, "contact:email": null, "contact:fax": null, "contact:phone": null, "contact:website": null, "covered": null, "crossing": null, "crossing:island": null, "crossing:markings": null, "crossing_ref": null, "cuisine": null, "description": null, "direction": null, "dual_carriageway": null, "ele": null, "entrance": null, "fee": null, "fixme": null, "foot": null, "footway": null, "fuel:diesel": null, "fuel:lpg": null, "fuel:octane_100": null, "fuel:octane_95": null, "fuel:octane_98": null, "highway": null, "hoops": null, "int_name": null, "junction": null, "landuse": null, "lanes": null, "layer": null, "leisure": null, "lit": null, "man_made": null, "maxspeed": null, "motorcar": null, "name": null, "name:el": null, "name:en": null, "natural": null, "network": null, "network:el": null, "network:en": null, "network:wikidata": null, "noexit": null, "old_ref": null, "oneway": null, "opening_hours": null, "operator": null, "operator:type": null, "park_ride": null, "parking": null, "parking:fee": null, "payment:app": null, "payment:website": null, "phone": null, "public_transport": null, "ref": null, "ref:EU:EVSE": null, "ref:GR:IDRO": null, "reg_ref": null, "religion": null, "route_ref": null, "service": null, "shelter": null, "shop": null, "short_name": null, "sidewalk": null, "smoothness": null, "socket:type2": null, "socket:type2:output": null, "source": null, "source:reg_ref": null, "sport": null, "surface": null, "tactile_paving": null, "takeaway": null, "tracktype": null, "trade": null, "traffic_signals": null, "turn:lanes": null, "website": null, "label": "building:industrial" }, "geometry": { "type": "Polygon", "coordinates": [ [ [ 23.874766, 37.8828223 ], [ 23.8748231, 37.8827808 ], [ 23.8746726, 37.8826517 ], [ 23.8746154, 37.8826932 ], [ 23.874766, 37.8828223 ] ] ] } },
{ "type": "Feature", "properties": { "@type": "way", "@id": 315259350, "access": null, "addr:city": null, "addr:country": null, "addr:full": null, "addr:housename": null, "addr:housenumber": null, "addr:postcode": null, "addr:street": null, "addr:unit": null, "aeroway": null, "amenity": null, "atm": null, "authentication:app": null, "authentication:membership_card": null, "barrier": null, "bench": null, "brand": null, "brand:el": null, "brand:en": null, "brand:wikidata": null, "brand:wikipedia": null, "building": "industrial", "building:levels": "2", "bus": null, "capacity": null, "check_date:shelter": null, "contact:email": null, "contact:fax": null, "contact:phone": null, "contact:website": null, "covered": null, "crossing": null, "crossing:island": null, "crossing:markings": null, "crossing_ref": null, "cuisine": null, "description": null, "direction": null, "dual_carriageway": null, "ele": null, "entrance": null, "fee": null, "fixme": null, "foot": null, "footway": null, "fuel:diesel": null, "fuel:lpg": null, "fuel:octane_100": null, "fuel:octane_95": null, "fuel:octane_98": null, "highway": null, "hoops": null, "int_name": null, "junction": null, "landuse": null, "lanes": null, "layer": null, "leisure": null, "lit": null, "man_made": null, "maxspeed": null, "motorcar": null, "name": null, "name:el": null, "name:en": null, "natural": null, "network": null, "network:el": null, "network:en": null, "network:wikidata": null, "noexit": null, "old_ref": null, "oneway": null, "opening_hours": null, "operator": null, "operator:type": null, "park_ride": null, "parking": null, "parking:fee": null, "payment:app": null, "payment:website": null, "phone": null, "public_transport": null, "ref": null, "ref:EU:EVSE": null, "ref:GR:IDRO": null, "reg_ref": null, "religion": null, "route_ref": null, "service": null, "shelter": null, "shop": null, "short_name": null, "sidewalk": null, "smoothness": null, "socket:type2": null, "socket:type2:output": null, "source": null, "source:reg_ref": null, "sport": null, "surface": null, "tactile_paving": null, "takeaway": null, "tracktype": null, "trade": null, "traffic_signals": null, "turn:lanes": null, "website": null, "label": "building:industrial" }, "geometry": { "type": "Polygon", "coordinates": [ [ [ 23.8742379, 37.88336 ], [ 23.8741745, 37.8834073 ], [ 23.8743663, 37.8835677 ], [ 23.8744922, 37.8834738 ], [ 23.8744648, 37.8834509 ], [ 23.8745939, 37.8833546 ], [ 23.8740468, 37.8828973 ], [ 23.8738552, 37.8830401 ], [ 23.8742379, 37.88336 ] ] ] } },
{ "type": "Feature", "properties": { "@type": "way", "@id": 315259351, "access": null, "addr:city": null, "addr:country": null, "addr:full": null, "addr:housename": null, "addr:housenumber": null, "addr:postcode": null, "addr:street": null, "addr:unit": null, "aeroway": null, "amenity": null, "atm": null, "authentication:app": null, "authentication:membership_card": null, "barrier": null, "bench": null, "brand": null, "brand:el": null, "brand:en": null, "brand:wikidata": null, "brand:wikipedia": null, "building": "industrial", "building:levels": "1", "bus": null, "capacity": null, "check_date:shelter": null, "contact:email": null, "contact:fax": null, "contact:phone": null, "contact:website": null, "covered": null, "crossing": null, "crossing:island": null, "crossing:markings": null, "crossing_ref": null, "cuisine": null, "description": null, "direction": null, "dual_carriageway": null, "ele": null, "entrance": null, "fee": null, "fixme": null, "foot": null, "footway": null, "fuel:diesel": null, "fuel:lpg": null, "fuel:octane_100": null, "fuel:octane_95": null, "fuel:octane_98": null, "highway": null, "hoops": null, "int_name": null, "junction": null, "landuse": null, "lanes": null, "layer": null, "leisure": null, "lit": null, "man_made": null, "maxspeed": null, "motorcar": null, "name": null, "name:el": null, "name:en": null, "natural": null, "network": null, "network:el": null, "network:en": null, "network:wikidata": null, "noexit": null, "old_ref": null, "oneway": null, "opening_hours": null, "operator": null, "operator:type": null, "park_ride": null, "parking": null, "parking:fee": null, "payment:app": null, "payment:website": null, "phone": null, "public_transport": null, "ref": null, "ref:EU:EVSE": null, "ref:GR:IDRO": null, "reg_ref": null, "religion": null, "route_ref": null, "service": null, "shelter": null, "shop": null, "short_name": null, "sidewalk": null, "smoothness": null, "socket:type2": null, "socket:type2:output": null, "source": null, "source:reg_ref": null, "sport": null, "surface": null, "tactile_paving": null, "takeaway": null, "tracktype": null, "trade": null, "traffic_signals": null, "turn:lanes": null, "website": null, "label": "building:industrial" }, "geometry": { "type": "Polygon", "coordinates": [ [ [ 23.8736805, 37.8837968 ], [ 23.8736287, 37.8838269 ], [ 23.8738061, 37.8840174 ], [ 23.8737484, 37.8840509 ], [ 23.8738832, 37.8841956 ], [ 23.8742708, 37.8839708 ], [ 23.8735024, 37.8831456 ], [ 23.8734646, 37.8831676 ], [ 23.8733112, 37.8830029 ], [ 23.873071, 37.8831422 ], [ 23.8736805, 37.8837968 ] ] ] } },
{ "type": "Feature", "properties": { "@type": "way", "@id": 315259352, "access": null, "addr:city": null, "addr:country": null, "addr:full": null, "addr:housename": null, "addr:housenumber": null, "addr:postcode": null, "addr:street": null, "addr:unit": null, "aeroway": null, "amenity": null, "atm": null, "authentication:app": null, "authentication:membership_card": null, "barrier": null, "bench": null, "brand": null, "brand:el": null, "brand:en": null, "brand:wikidata": null, "brand:wikipedia": null, "building": "industrial", "building:levels": "2", "bus": null, "capacity": null, "check_date:shelter": null, "contact:email": null, "contact:fax": null, "contact:phone": null, "contact:website": null, "covered": null, "crossing": null, "crossing:island": null, "crossing:markings": null, "crossing_ref": null, "cuisine": null, "description": null, "direction": null, "dual_carriageway": null, "ele": null, "entrance": null, "fee": null, "fixme": null, "foot": null, "footway": null, "fuel:diesel": null, "fuel:lpg": null, "fuel:octane_100": null, "fuel:octane_95": null, "fuel:octane_98": null, "highway": null, "hoops": null, "int_name": null, "junction": null, "landuse": null, "lanes": null, "layer": null, "leisure": null, "lit": null, "man_made": null, "maxspeed": null, "motorcar": null, "name": null, "name:el": null, "name:en": null, "natural": null, "network": null, "network:el": null, "network:en": null, "network:wikidata": null, "noexit": null, "old_ref": null, "oneway": null, "opening_hours": null, "operator": null, "operator:type": null, "park_ride": null, "parking": null, "parking:fee": null, "payment:app": null, "payment:website": null, "phone": null, "public_transport": null, "ref": null, "ref:EU:EVSE": null, "ref:GR:IDRO": null, "reg_ref": null, "religion": null, "route_ref": null, "service": null, "shelter": null, "shop": null, "short_name": null, "sidewalk": null, "smoothness": null, "socket:type2": null, "socket:type2:output": null, "source": null, "source:reg_ref": null, "sport": null, "surface": null, "tactile_paving": null, "takeaway": null, "tracktype": null, "trade": null, "traffic_signals": null, "turn:lanes": null, "website": null, "label": "building:industrial" }, "geometry": { "type": "Polygon", "coordinates": [ [ [ 23.871532, 37.8843196 ], [ 23.8717199, 37.8842493 ], [ 23.8717815, 37.884352 ], [ 23.8720546, 37.88425 ], [ 23.8717451, 37.8837342 ], [ 23.8714404, 37.8838481 ], [ 23.8715766, 37.8840751 ], [ 23.8714203, 37.8841335 ], [ 23.871532, 37.8843196 ] ] ] } },
{ "type": "Feature", "properties": { "@type": "way", "@id": 315414206, "access": null, "addr:city": null, "addr:country": null, "addr:full": null, "addr:housename": null, "addr:housenumber": null, "addr:postcode": null, "addr:street": null, "addr:unit": null, "aeroway": null, "amenity": null, "atm": null, "authentication:app": null, "authentication:membership_card": null, "barrier": null, "bench": null, "brand": null, "brand:el": null, "brand:en": null, "brand:wikidata": null, "brand:wikipedia": null, "building": "industrial", "building:levels": "1", "bus": null, "capacity": null, "check_date:shelter": null, "contact:email": null, "contact:fax": null, "contact:phone": null, "contact:website": null, "covered": null, "crossing": null, "crossing:island": null, "crossing:markings": null, "crossing_ref": null, "cuisine": null, "description": null, "direction": null, "dual_carriageway": null, "ele": null, "entrance": null, "fee": null, "fixme": null, "foot": null, "footway": null, "fuel:diesel": null, "fuel:lpg": null, "fuel:octane_100": null, "fuel:octane_95": null, "fuel:octane_98": null, "highway": null, "hoops": null, "int_name": null, "junction": null, "landuse": null, "lanes": null, "layer": null, "leisure": null, "lit": null, "man_made": null, "maxspeed": null, "motorcar": null, "name": null, "name:el": null, "name:en": null, "natural": null, "network": null, "network:el": null, "network:en": null, "network:wikidata": null, "noexit": null, "old_ref": null, "oneway": null, "opening_hours": null, "operator": null, "operator:type": null, "park_ride": null, "parking": null, "parking:fee": null, "payment:app": null, "payment:website": null, "phone": null, "public_transport": null, "ref": null, "ref:EU:EVSE": null, "ref:GR:IDRO": null, "reg_ref": null, "religion": null, "route_ref": null, "service": null, "shelter": null, "shop": null, "short_name": null, "sidewalk": null, "smoothness": null, "socket:type2": null, "socket:type2:output": null, "source": null, "source:reg_ref": null, "sport": null, "surface": null, "tactile_paving": null, "takeaway": null, "tracktype": null, "trade": null, "traffic_signals": null, "turn:lanes": null, "website": null, "label": "building:industrial" }, "geometry": { "type": "Polygon", "coordinates": [ [ [ 23.8719368, 37.8865849 ], [ 23.872035, 37.8864991 ], [ 23.8716659, 37.8862362 ], [ 23.8715678, 37.8863221 ], [ 23.8719368, 37.8865849 ] ] ] } },
{ "type": "Feature", "properties": { "@type": "way", "@id": 315414207, "access": null, "addr:city": null, "addr:country": null, "addr:full": null, "addr:housename": null, "addr:housenumber": null, "addr:postcode": null, "addr:street": null, "addr:unit": null, "aeroway": null, "amenity": null, "atm": null, "authentication:app": null, "authentication:membership_card": null, "barrier": null, "bench": null, "brand": null, "brand:el": null, "brand:en": null, "brand:wikidata": null, "brand:wikipedia": null, "building": "industrial", "building:levels": "2", "bus": null, "capacity": null, "check_date:shelter": null, "contact:email": null, "contact:fax": null, "contact:phone": null, "contact:website": null, "covered": null, "crossing": null, "crossing:island": null, "crossing:markings": null, "crossing_ref": null, "cuisine": null, "description": null, "direction": null, "dual_carriageway": null, "ele": null, "entrance": null, "fee": null, "fixme": null, "foot": null, "footway": null, "fuel:diesel": null, "fuel:lpg": null, "fuel:octane_100": null, "fuel:octane_95": null, "fuel:octane_98": null, "highway": null, "hoops": null, "int_name": null, "junction": null, "landuse": null, "lanes": null, "layer": null, "leisure": null, "lit": null, "man_made": null, "maxspeed": null, "motorcar": null, "name": null, "name:el": null, "name:en": null, "natural": null, "network": null, "network:el": null, "network:en": null, "network:wikidata": null, "noexit": null, "old_ref": null, "oneway": null, "opening_hours": null, "operator": null, "operator:type": null, "park_ride": null, "parking": null, "parking:fee": null, "payment:app": null, "payment:website": null, "phone": null, "public_transport": null, "ref": null, "ref:EU:EVSE": null, "ref:GR:IDRO": null, "reg_ref": null, "religion": null, "route_ref": null, "service": null, "shelter": null, "shop": null, "short_name": null, "sidewalk": null, "smoothness": null, "socket:type2": null, "socket:type2:output": null, "source": null, "source:reg_ref": null, "sport": null, "surface": null, "tactile_paving": null, "takeaway": null, "tracktype": null, "trade": null, "traffic_signals": null, "turn:lanes": null, "website": null, "label": "building:industrial" }, "geometry": { "type": "Polygon", "coordinates": [ [ [ 23.8715664, 37.8864535 ], [ 23.8716157, 37.886379 ], [ 23.8713931, 37.8862871 ], [ 23.8713438, 37.8863616 ], [ 23.8715664, 37.8864535 ] ] ] } },
{ "type": "Feature", "properties": { "@type": "way", "@id": 315414208, "access": null, "addr:city": null, "addr:country": null, "addr:full": null, "addr:housename": null, "addr:housenumber": null, "addr:postcode": null, "addr:street": null, "addr:unit": null, "aeroway": null, "amenity": null, "atm": null, "authentication:app": null, "authentication:membership_card": null, "barrier": null, "bench": null, "brand": null, "brand:el": null, "brand:en": null, "brand:wikidata": null, "brand:wikipedia": null, "building": "industrial", "building:levels": "2", "bus": null, "capacity": null, "check_date:shelter": null, "contact:email": null, "contact:fax": null, "contact:phone": null, "contact:website": null, "covered": null, "crossing": null, "crossing:island": null, "crossing:markings": null, "crossing_ref": null, "cuisine": null, "description": null, "direction": null, "dual_carriageway": null, "ele": null, "entrance": null, "fee": null, "fixme": null, "foot": null, "footway": null, "fuel:diesel": null, "fuel:lpg": null, "fuel:octane_100": null, "fuel:octane_95": null, "fuel:octane_98": null, "highway": null, "hoops": null, "int_name": null, "junction": null, "landuse": null, "lanes": null, "layer": null, "leisure": null, "lit": null, "man_made": null, "maxspeed": null, "motorcar": null, "name": null, "name:el": null, "name:en": null, "natural": null, "network": null, "network:el": null, "network:en": null, "network:wikidata": null, "noexit": null, "old_ref": null, "oneway": null, "opening_hours": null, "operator": null, "operator:type": null, "park_ride": null, "parking": null, "parking:fee": null, "payment:app": null, "payment:website": null, "phone": null, "public_transport": null, "ref": null, "ref:EU:EVSE": null, "ref:GR:IDRO": null, "reg_ref": null, "religion": null, "route_ref": null, "service": null, "shelter": null, "shop": null, "short_name": null, "sidewalk": null, "smoothness": null, "socket:type2": null, "socket:type2:output": null, "source": null, "source:reg_ref": null, "sport": null, "surface": null, "tactile_paving": null, "takeaway": null, "tracktype": null, "trade": null, "traffic_signals": null, "turn:lanes": null, "website": null, "label": "building:industrial" }, "geometry": { "type": "Polygon", "coordinates": [ [ [ 23.8721558, 37.8864147 ], [ 23.8721907, 37.8863426 ], [ 23.8719847, 37.8862805 ], [ 23.8719499, 37.8863525 ], [ 23.8721558, 37.8864147 ] ] ] } },
{ "type": "Feature", "properties": { "@type": "way", "@id": 315414209, "access": null, "addr:city": null, "addr:country": null, "addr:full": null, "addr:housename": null, "addr:housenumber": null, "addr:postcode": null, "addr:street": null, "addr:unit": null, "aeroway": null, "amenity": null, "atm": null, "authentication:app": null, "authentication:membership_card": null, "barrier": null, "bench": null, "brand": null, "brand:el": null, "brand:en": null, "brand:wikidata": null, "brand:wikipedia": null, "building": "industrial", "building:levels": "1", "bus": null, "capacity": null, "check_date:shelter": null, "contact:email": null, "contact:fax": null, "contact:phone": null, "contact:website": null, "covered": null, "crossing": null, "crossing:island": null, "crossing:markings": null, "crossing_ref": null, "cuisine": null, "description": null, "direction": null, "dual_carriageway": null, "ele": null, "entrance": null, "fee": null, "fixme": null, "foot": null, "footway": null, "fuel:diesel": null, "fuel:lpg": null, "fuel:octane_100": null, "fuel:octane_95": null, "fuel:octane_98": null, "highway": null, "hoops": null, "int_name": null, "junction": null, "landuse": null, "lanes": null, "layer": null, "leisure": null, "lit": null, "man_made": null, "maxspeed": null, "motorcar": null, "name": null, "name:el": null, "name:en": null, "natural": null, "network": null, "network:el": null, "network:en": null, "network:wikidata": null, "noexit": null, "old_ref": null, "oneway": null, "opening_hours": null, "operator": null, "operator:type": null, "park_ride": null, "parking": null, "parking:fee": null, "payment:app": null, "payment:website": null, "phone": null, "public_transport": null, "ref": null, "ref:EU:EVSE": null, "ref:GR:IDRO": null, "reg_ref": null, "religion": null, "route_ref": null, "service": null, "shelter": null, "shop": null, "short_name": null, "sidewalk": null, "smoothness": null, "socket:type2": null, "socket:type2:output": null, "source": null, "source:reg_ref": null, "sport": null, "surface": null, "tactile_paving": null, "takeaway": null, "tracktype": null, "trade": null, "traffic_signals": null, "turn:lanes": null, "website": null, "label": "building:industrial" }, "geometry": { "type": "Polygon", "coordinates": [ [ [ 23.8725578, 37.8864747 ], [ 23.8726085, 37.8863969 ], [ 23.8724011, 37.8863127 ], [ 23.8723504, 37.8863905 ], [ 23.8725578, 37.8864747 ] ] ] } },
{ "type": "Feature", "properties": { "@type": "way", "@id": 315414210, "access": null, "addr:city": null, "addr:country": null, "addr:full": null, "addr:housename": null, "addr:housenumber": null, "addr:postcode": null, "addr:street": null, "addr:unit": null, "aeroway": null, "amenity": null, "atm": null, "authentication:app": null, "authentication:membership_card": null, "barrier": null, "bench": null, "brand": null, "brand:el": null, "brand:en": null, "brand:wikidata": null, "brand:wikipedia": null, "building": "industrial", "building:levels": "1", "bus": null, "capacity": null, "check_date:shelter": null, "contact:email": null, "contact:fax": null, "contact:phone": null, "contact:website": null, "covered": null, "crossing": null, "crossing:island": null, "crossing:markings": null, "crossing_ref": null, "cuisine": null, "description": null, "direction": null, "dual_carriageway": null, "ele": null, "entrance": null, "fee": null, "fixme": null, "foot": null, "footway": null, "fuel:diesel": null, "fuel:lpg": null, "fuel:octane_100": null, "fuel:octane_95": null, "fuel:octane_98": null, "highway": null, "hoops": null, "int_name": null, "junction": null, "landuse": null, "lanes": null, "layer": null, "leisure": null, "lit": null, "man_made": null, "maxspeed": null, "motorcar": null, "name": null, "name:el": null, "name:en": null, "natural": null, "network": null, "network:el": null, "network:en": null, "network:wikidata": null, "noexit": null, "old_ref": null, "oneway": null, "opening_hours": null, "operator": null, "operator:type": null, "park_ride": null, "parking": null, "parking:fee": null, "payment:app": null, "payment:website": null, "phone": null, "public_transport": null, "ref": null, "ref:EU:EVSE": null, "ref:GR:IDRO": null, "reg_ref": null, "religion": null, "route_ref": null, "service": null, "shelter": null, "shop": null, "short_name": null, "sidewalk": null, "smoothness": null, "socket:type2": null, "socket:type2:output": null, "source": null, "source:reg_ref": null, "sport": null, "surface": null, "tactile_paving": null, "takeaway": null, "tracktype": null, "trade": null, "traffic_signals": null, "turn:lanes": null, "website": null, "label": "building:industrial" }, "geometry": { "type": "Polygon", "coordinates": [ [ [ 23.8735987, 37.8825166 ], [ 23.8736552, 37.8824693 ], [ 23.873357, 37.8822473 ], [ 23.8733005, 37.8822946 ], [ 23.8735987, 37.8825166 ] ] ] } },
{ "type": "Feature", "properties": { "@type": "way", "@id": 315414211, "access": null, "addr:city": null, "addr:country": null, "addr:full": null, "addr:housename": null, "addr:housenumber": null, "addr:postcode": null, "addr:street": null, "addr:unit": null, "aeroway": null, "amenity": null, "atm": null, "authentication:app": null, "authentication:membership_card": null, "barrier": null, "bench": null, "brand": null, "brand:el": null, "brand:en": null, "brand:wikidata": null, "brand:wikipedia": null, "building": "industrial", "building:levels": "2", "bus": null, "capacity": null, "check_date:shelter": null, "contact:email": null, "contact:fax": null, "contact:phone": null, "contact:website": null, "covered": null, "crossing": null, "crossing:island": null, "crossing:markings": null, "crossing_ref": null, "cuisine": null, "description": null, "direction": null, "dual_carriageway": null, "ele": null, "entrance": null, "fee": null, "fixme": null, "foot": null, "footway": null, "fuel:diesel": null, "fuel:lpg": null, "fuel:octane_100": null, "fuel:octane_95": null, "fuel:octane_98": null, "highway": null, "hoops": null, "int_name": null, "junction": null, "landuse": null, "lanes": null, "layer": null, "leisure": null, "lit": null, "man_made": null, "maxspeed": null, "motorcar": null, "name": null, "name:el": null, "name:en": null, "natural": null, "network": null, "network:el": null, "network:en": null, "network:wikidata": null, "noexit": null, "old_ref": null, "oneway": null, "opening_hours": null, "operator": null, "operator:type": null, "park_ride": null, "parking": null, "parking:fee": null, "payment:app": null, "payment:website": null, "phone": null, "public_transport": null, "ref": null, "ref:EU:EVSE": null, "ref:GR:IDRO": null, "reg_ref": null, "religion": null, "route_ref": null, "service": null, "shelter": null, "shop": null, "short_name": null, "sidewalk": null, "smoothness": null, "socket:type2": null, "socket:type2:output": null, "source": null, "source:reg_ref": null, "sport": null, "surface": null, "tactile_paving": null, "takeaway": null, "tracktype": null, "trade": null, "traffic_signals": null, "turn:lanes": null, "website": null, "label": "building:industrial" }, "geometry": { "type": "Polygon", "coordinates": [ [ [ 23.8731019, 37.8820931 ], [ 23.8731514, 37.8820485 ], [ 23.8732887, 37.8821435 ], [ 23.873497, 37.8819558 ], [ 23.8729666, 37.881589 ], [ 23.8727089, 37.8818212 ], [ 23.8731019, 37.8820931 ] ] ] } },
{ "type": "Feature", "properties": { "@type": "way", "@id": 315414212, "access": null, "addr:city": null, "addr:country": null, "addr:full": null, "addr:housename": null, "addr:housenumber": null, "addr:postcode": null, "addr:street": null, "addr:unit": null, "aeroway": null, "amenity": null, "atm": null, "authentication:app": null, "authentication:membership_card": null, "barrier": null, "bench": null, "brand": null, "brand:el": null, "brand:en": null, "brand:wikidata": null, "brand:wikipedia": null, "building": "industrial", "building:levels": "1", "bus": null, "capacity": null, "check_date:shelter": null, "contact:email": null, "contact:fax": null, "contact:phone": null, "contact:website": null, "covered": null, "crossing": null, "crossing:island": null, "crossing:markings": null, "crossing_ref": null, "cuisine": null, "description": null, "direction": null, "dual_carriageway": null, "ele": null, "entrance": null, "fee": null, "fixme": null, "foot": null, "footway": null, "fuel:diesel": null, "fuel:lpg": null, "fuel:octane_100": null, "fuel:octane_95": null, "fuel:octane_98": null, "highway": null, "hoops": null, "int_name": null, "junction": null, "landuse": null, "lanes": null, "layer": null, "leisure": null, "lit": null, "man_made": null, "maxspeed": null, "motorcar": null, "name": null, "name:el": null, "name:en": null, "natural": null, "network": null, "network:el": null, "network:en": null, "network:wikidata": null, "noexit": null, "old_ref": null, "oneway": null, "opening_hours": null, "operator": null, "operator:type": null, "park_ride": null, "parking": null, "parking:fee": null, "payment:app": null, "payment:website": null, "phone": null, "public_transport": null, "ref": null, "ref:EU:EVSE": null, "ref:GR:IDRO": null, "reg_ref": null, "religion": null, "route_ref": null, "service": null, "shelter": null, "shop": null, "short_name": null, "sidewalk": null, "smoothness": null, "socket:type2": null, "socket:type2:output": null, "source": null, "source:reg_ref": null, "sport": null, "surface": null, "tactile_paving": null, "takeaway": null, "tracktype": null, "trade": null, "traffic_signals": null, "turn:lanes": null, "website": null, "label": "building:industrial" }, "geometry": { "type": "Polygon", "coordinates": [ [ [ 23.872999, 37.882217 ], [ 23.8730203, 37.8821997 ], [ 23.8732202, 37.8823529 ], [ 23.8732693, 37.882313 ], [ 23.8729194, 37.8820449 ], [ 23.8728491, 37.8821021 ], [ 23.872999, 37.882217 ] ] ] } },
{ "type": "Feature", "properties": { "@type": "way", "@id": 315414213, "access": null, "addr:city": null, "addr:country": null, "addr:full": null, "addr:housename": null, "addr:housenumber": null, "addr:postcode": null, "addr:street": null, "addr:unit": null, "aeroway": null, "amenity": null, "atm": null, "authentication:app": null, "authentication:membership_card": null, "barrier": null, "bench": null, "brand": null, "brand:el": null, "brand:en": null, "brand:wikidata": null, "brand:wikipedia": null, "building": "industrial", "building:levels": "2", "bus": null, "capacity": null, "check_date:shelter": null, "contact:email": null, "contact:fax": null, "contact:phone": null, "contact:website": null, "covered": null, "crossing": null, "crossing:island": null, "crossing:markings": null, "crossing_ref": null, "cuisine": null, "description": null, "direction": null, "dual_carriageway": null, "ele": null, "entrance": null, "fee": null, "fixme": null, "foot": null, "footway": null, "fuel:diesel": null, "fuel:lpg": null, "fuel:octane_100": null, "fuel:octane_95": null, "fuel:octane_98": null, "highway": null, "hoops": null, "int_name": null, "junction": null, "landuse": null, "lanes": null, "layer": null, "leisure": null, "lit": null, "man_made": null, "maxspeed": null, "motorcar": null, "name": "Ισμαήλος", "name:el": null, "name:en": null, "natural": null, "network": null, "network:el": null, "network:en": null, "network:wikidata": null, "noexit": null, "old_ref": null, "oneway": null, "opening_hours": null, "operator": null, "operator:type": null, "park_ride": null, "parking": null, "parking:fee": null, "payment:app": null, "payment:website": null, "phone": null, "public_transport": null, "ref": null, "ref:EU:EVSE": null, "ref:GR:IDRO": null, "reg_ref": null, "religion": null, "route_ref": null, "service": null, "shelter": null, "shop": "car", "short_name": null, "sidewalk": null, "smoothness": null, "socket:type2": null, "socket:type2:output": null, "source": null, "source:reg_ref": null, "sport": null, "surface": null, "tactile_paving": null, "takeaway": null, "tracktype": null, "trade": null, "traffic_signals": null, "turn:lanes": null, "website": null, "label": "shop:car;building:industrial" }, "geometry": { "type": "Polygon", "coordinates": [ [ [ 23.8723916, 37.8816298 ], [ 23.8725628, 37.8815008 ], [ 23.8720857, 37.8811065 ], [ 23.8719146, 37.8812356 ], [ 23.8723916, 37.8816298 ] ] ] } },
{ "type": "Feature", "properties": { "@type": "way", "@id": 315414214, "access": null, "addr:city": null, "addr:country": null, "addr:full": null, "addr:housename": null, "addr:housenumber": null, "addr:postcode": null, "addr:street": null, "addr:unit": null, "aeroway": null, "amenity": null, "atm": null, "authentication:app": null, "authentication:membership_card": null, "barrier": null, "bench": null, "brand": null, "brand:el": null, "brand:en": null, "brand:wikidata": null, "brand:wikipedia": null, "building": "industrial", "building:levels": "1", "bus": null, "capacity": null, "check_date:shelter": null, "contact:email": null, "contact:fax": null, "contact:phone": null, "contact:website": null, "covered": null, "crossing": null, "crossing:island": null, "crossing:markings": null, "crossing_ref": null, "cuisine": null, "description": null, "direction": null, "dual_carriageway": null, "ele": null, "entrance": null, "fee": null, "fixme": null, "foot": null, "footway": null, "fuel:diesel": null, "fuel:lpg": null, "fuel:octane_100": null, "fuel:octane_95": null, "fuel:octane_98": null, "highway": null, "hoops": null, "int_name": null, "junction": null, "landuse": null, "lanes": null, "layer": null, "leisure": null, "lit": null, "man_made": null, "maxspeed": null, "motorcar": null, "name": null, "name:el": null, "name:en": null, "natural": null, "network": null, "network:el": null, "network:en": null, "network:wikidata": null, "noexit": null, "old_ref": null, "oneway": null, "opening_hours": null, "operator": null, "operator:type": null, "park_ride": null, "parking": null, "parking:fee": null, "payment:app": null, "payment:website": null, "phone": null, "public_transport": null, "ref": null, "ref:EU:EVSE": null, "ref:GR:IDRO": null, "reg_ref": null, "religion": null, "route_ref": null, "service": null, "shelter": null, "shop": null, "short_name": null, "sidewalk": null, "smoothness": null, "socket:type2": null, "socket:type2:output": null, "source": null, "source:reg_ref": null, "sport": null, "surface": null, "tactile_paving": null, "takeaway": null, "tracktype": null, "trade": null, "traffic_signals": null, "turn:lanes": null, "website": null, "label": "building:industrial" }, "geometry": { "type": "Polygon", "coordinates": [ [ [ 23.8728787, 37.8815309 ], [ 23.8729499, 37.8814666 ], [ 23.8728218, 37.8813783 ], [ 23.8727507, 37.8814426 ], [ 23.8728787, 37.8815309 ] ] ] } },
{ "type": "Feature", "properties": { "@type": "way", "@id": 315414215, "access": null, "addr:city": null, "addr:country": null, "addr:full": null, "addr:housename": null, "addr:housenumber": null, "addr:postcode": null, "addr:street": null, "addr:unit": null, "aeroway": null, "amenity": null, "atm": null, "authentication:app": null, "authentication:membership_card": null, "barrier": null, "bench": null, "brand": null, "brand:el": null, "brand:en": null, "brand:wikidata": null, "brand:wikipedia": null, "building": "industrial", "building:levels": "2", "bus": null, "capacity": null, "check_date:shelter": null, "contact:email": null, "contact:fax": null, "contact:phone": null, "contact:website": null, "covered": null, "crossing": null, "crossing:island": null, "crossing:markings": null, "crossing_ref": null, "cuisine": null, "description": null, "direction": null, "dual_carriageway": null, "ele": null, "entrance": null, "fee": null, "fixme": null, "foot": null, "footway": null, "fuel:diesel": null, "fuel:lpg": null, "fuel:octane_100": null, "fuel:octane_95": null, "fuel:octane_98": null, "highway": null, "hoops": null, "int_name": null, "junction": null, "landuse": null, "lanes": null, "layer": null, "leisure": null, "lit": null, "man_made": null, "maxspeed": null, "motorcar": null, "name": null, "name:el": null, "name:en": null, "natural": null, "network": null, "network:el": null, "network:en": null, "network:wikidata": null, "noexit": null, "old_ref": null, "oneway": null, "opening_hours": null, "operator": null, "operator:type": null, "park_ride": null, "parking": null, "parking:fee": null, "payment:app": null, "payment:website": null, "phone": null, "public_transport": null, "ref": null, "ref:EU:EVSE": null, "ref:GR:IDRO": null, "reg_ref": null, "religion": null, "route_ref": null, "service": null, "shelter": null, "shop": null, "short_name": null, "sidewalk": null, "smoothness": null, "socket:type2": null, "socket:type2:output": null, "source": null, "source:reg_ref": null, "sport": null, "surface": null, "tactile_paving": null, "takeaway": null, "tracktype": null, "trade": null, "traffic_signals": null, "turn:lanes": null, "website": null, "label": "building:industrial" }, "geometry": { "type": "Polygon", "coordinates": [ [ [ 23.8721016, 37.882399 ], [ 23.8724446, 37.8821316 ], [ 23.8716071, 37.8814625 ], [ 23.8712641, 37.88173 ], [ 23.8721016, 37.882399 ] ] ] } },
{ "type": "Feature", "properties": { "@type": "way", "@id": 315414216, "access": null, "addr:city": null, "addr:country": null, "addr:full": null, "addr:housename": null, "addr:housenumber": null, "addr:postcode": null, "addr:street": null, "addr:unit": null, "aeroway": null, "amenity": null, "atm": null, "authentication:app": null, "authentication:membership_card": null, "barrier": null, "bench": null, "brand": null, "brand:el": null, "brand:en": null, "brand:wikidata": null, "brand:wikipedia": null, "building": "industrial", "building:levels": "4", "bus": null, "capacity": null, "check_date:shelter": null, "contact:email": null, "contact:fax": null, "contact:phone": null, "contact:website": null, "covered": null, "crossing": null, "crossing:island": null, "crossing:markings": null, "crossing_ref": null, "cuisine": null, "description": null, "direction": null, "dual_carriageway": null, "ele": null, "entrance": null, "fee": null, "fixme": null, "foot": null, "footway": null, "fuel:diesel": null, "fuel:lpg": null, "fuel:octane_100": null, "fuel:octane_95": null, "fuel:octane_98": null, "highway": null, "hoops": null, "int_name": null, "junction": null, "landuse": null, "lanes": null, "layer": null, "leisure": null, "lit": null, "man_made": null, "maxspeed": null, "motorcar": null, "name": null, "name:el": null, "name:en": null, "natural": null, "network": null, "network:el": null, "network:en": null, "network:wikidata": null, "noexit": null, "old_ref": null, "oneway": null, "opening_hours": null, "operator": null, "operator:type": null, "park_ride": null, "parking": null, "parking:fee": null, "payment:app": null, "payment:website": null, "phone": null, "public_transport": null, "ref": null, "ref:EU:EVSE": null, "ref:GR:IDRO": null, "reg_ref": null, "religion": null, "route_ref": null, "service": null, "shelter": null, "shop": null, "short_name": null, "sidewalk": null, "smoothness": null, "socket:type2": null, "socket:type2:output": null, "source": null, "source:reg_ref": null, "sport": null, "surface": null, "tactile_paving": null, "takeaway": null, "tracktype": null, "trade": null, "traffic_signals": null, "turn:lanes": null, "website": null, "label": "building:industrial" }, "geometry": { "type": "Polygon", "coordinates": [ [ [ 23.8733297, 37.8827897 ], [ 23.8735001, 37.8826629 ], [ 23.8731725, 37.882389 ], [ 23.8730022, 37.8825158 ], [ 23.8733297, 37.8827897 ] ] ] } },
{ "type": "Feature", "properties": { "@type": "way", "@id": 315414217, "access": null, "addr:city": null, "addr:country": null, "addr:full": null, "addr:housename": null, "addr:housenumber": null, "addr:postcode": null, "addr:street": null, "addr:unit": null, "aeroway": null, "amenity": null, "atm": null, "authentication:app": null, "authentication:membership_card": null, "barrier": null, "bench": null, "brand": null, "brand:el": null, "brand:en": null, "brand:wikidata": null, "brand:wikipedia": null, "building": "industrial", "building:levels": "4", "bus": null, "capacity": null, "check_date:shelter": null, "contact:email": null, "contact:fax": null, "contact:phone": null, "contact:website": null, "covered": null, "crossing": null, "crossing:island": null, "crossing:markings": null, "crossing_ref": null, "cuisine": null, "description": null, "direction": null, "dual_carriageway": null, "ele": null, "entrance": null, "fee": null, "fixme": null, "foot": null, "footway": null, "fuel:diesel": null, "fuel:lpg": null, "fuel:octane_100": null, "fuel:octane_95": null, "fuel:octane_98": null, "highway": null, "hoops": null, "int_name": null, "junction": null, "landuse": null, "lanes": null, "layer": null, "leisure": null, "lit": null, "man_made": null, "maxspeed": null, "motorcar": null, "name": null, "name:el": null, "name:en": null, "natural": null, "network": null, "network:el": null, "network:en": null, "network:wikidata": null, "noexit": null, "old_ref": null, "oneway": null, "opening_hours": null, "operator": null, "operator:type": null, "park_ride": null, "parking": null, "parking:fee": null, "payment:app": null, "payment:website": null, "phone": null, "public_transport": null, "ref": null, "ref:EU:EVSE": null, "ref:GR:IDRO": null, "reg_ref": null, "religion": null, "route_ref": null, "service": null, "shelter": null, "shop": null, "short_name": null, "sidewalk": null, "smoothness": null, "socket:type2": null, "socket:type2:output": null, "source": null, "source:reg_ref": null, "sport": null, "surface": null, "tactile_paving": null, "takeaway": null, "tracktype": null, "trade": null, "traffic_signals": null, "turn:lanes": null, "website": null, "label": "building:industrial" }, "geometry": { "type": "Polygon", "coordinates": [ [ [ 23.8724364, 37.8831745 ], [ 23.872681, 37.8830587 ], [ 23.8724732, 37.8827854 ], [ 23.8722287, 37.8829012 ], [ 23.8724364, 37.8831745 ] ] ] } },
{ "type": "Feature", "properties": { "@type": "way", "@id": 315414218, "access": null, "addr:city": null, "addr:country": null, "addr:full": null, "addr:housename": null, "addr:housenumber": null, "addr:postcode": null, "addr:street": null, "addr:unit": null, "aeroway": null, "amenity": null, "atm": null, "authentication:app": null, "authentication:membership_card": null, "barrier": null, "bench": null, "brand": null, "brand:el": null, "brand:en": null, "brand:wikidata": null, "brand:wikipedia": null, "building": "industrial", "building:levels": "2", "bus": null, "capacity": null, "check_date:shelter": null, "contact:email": null, "contact:fax": null, "contact:phone": null, "contact:website": null, "covered": null, "crossing": null, "crossing:island": null, "crossing:markings": null, "crossing_ref": null, "cuisine": null, "description": null, "direction": null, "dual_carriageway": null, "ele": null, "entrance": null, "fee": null, "fixme": null, "foot": null, "footway": null, "fuel:diesel": null, "fuel:lpg": null, "fuel:octane_100": null, "fuel:octane_95": null, "fuel:octane_98": null, "highway": null, "hoops": null, "int_name": null, "junction": null, "landuse": null, "lanes": null, "layer": null, "leisure": null, "lit": null, "man_made": null, "maxspeed": null, "motorcar": null, "name": null, "name:el": null, "name:en": null, "natural": null, "network": null, "network:el": null, "network:en": null, "network:wikidata": null, "noexit": null, "old_ref": null, "oneway": null, "opening_hours": null, "operator": null, "operator:type": null, "park_ride": null, "parking": null, "parking:fee": null, "payment:app": null, "payment:website": null, "phone": null, "public_transport": null, "ref": null, "ref:EU:EVSE": null, "ref:GR:IDRO": null, "reg_ref": null, "religion": null, "route_ref": null, "service": null, "shelter": null, "shop": null, "short_name": null, "sidewalk": null, "smoothness": null, "socket:type2": null, "socket:type2:output": null, "source": null, "source:reg_ref": null, "sport": null, "surface": null, "tactile_paving": null, "takeaway": null, "tracktype": null, "trade": null, "traffic_signals": null, "turn:lanes": null, "website": null, "label": "building:industrial" }, "geometry": { "type": "Polygon", "coordinates": [ [ [ 23.8718473, 37.8833745 ], [ 23.8721987, 37.8832053 ], [ 23.8717071, 37.8825695 ], [ 23.8713557, 37.8827388 ], [ 23.8718473, 37.8833745 ] ] ] } },
{ "type": "Feature", "properties": { "@type": "way", "@id": 315414219, "access": null, "addr:city": null, "addr:country": null, "addr:full": null, "addr:housename": null, "addr:housenumber": null, "addr:postcode": null, "addr:street": null, "addr:unit": null, "aeroway": null, "amenity": null, "atm": null, "authentication:app": null, "authentication:membership_card": null, "barrier": null, "bench": null, "brand": null, "brand:el": null, "brand:en": null, "brand:wikidata": null, "brand:wikipedia": null, "building": "industrial", "building:levels": "4", "bus": null, "capacity": null, "check_date:shelter": null, "contact:email": null, "contact:fax": null, "contact:phone": null, "contact:website": null, "covered": null, "crossing": null, "crossing:island": null, "crossing:markings": null, "crossing_ref": null, "cuisine": null, "description": null, "direction": null, "dual_carriageway": null, "ele": null, "entrance": null, "fee": null, "fixme": null, "foot": null, "footway": null, "fuel:diesel": null, "fuel:lpg": null, "fuel:octane_100": null, "fuel:octane_95": null, "fuel:octane_98": null, "highway": null, "hoops": null, "int_name": null, "junction": null, "landuse": null, "lanes": null, "layer": null, "leisure": null, "lit": null, "man_made": null, "maxspeed": null, "motorcar": null, "name": null, "name:el": null, "name:en": null, "natural": null, "network": null, "network:el": null, "network:en": null, "network:wikidata": null, "noexit": null, "old_ref": null, "oneway": null, "opening_hours": null, "operator": null, "operator:type": null, "park_ride": null, "parking": null, "parking:fee": null, "payment:app": null, "payment:website": null, "phone": null, "public_transport": null, "ref": null, "ref:EU:EVSE": null, "ref:GR:IDRO": null, "reg_ref": null, "religion": null, "route_ref": null, "service": null, "shelter": null, "shop": null, "short_name": null, "sidewalk": null, "smoothness": null, "socket:type2": null, "socket:type2:output": null, "source": null, "source:reg_ref": null, "sport": null, "surface": null, "tactile_paving": null, "takeaway": null, "tracktype": null, "trade": null, "traffic_signals": null, "turn:lanes": null, "website": null, "label": "building:industrial" }, "geometry": { "type": "Polygon", "coordinates": [ [ [ 23.8710335, 37.8837309 ], [ 23.8712969, 37.8836257 ], [ 23.871248, 37.8835495 ], [ 23.8709847, 37.8836547 ], [ 23.8710335, 37.8837309 ] ] ] } },
{ "type": "Feature", "properties": { "@type": "way", "@id": 315414220, "access": null, "addr:city": null, "addr:country": null, "addr:full": null, "addr:housename": null, "addr:housenumber": null, "addr:postcode": null, "addr:street": null, "addr:unit": null, "aeroway": null, "amenity": null, "atm": null, "authentication:app": null, "authentication:membership_card": null, "barrier": null, "bench": null, "brand": null, "brand:el": null, "brand:en": null, "brand:wikidata": null, "brand:wikipedia": null, "building": "industrial", "building:levels": "3", "bus": null, "capacity": null, "check_date:shelter": null, "contact:email": null, "contact:fax": null, "contact:phone": null, "contact:website": null, "covered": null, "crossing": null, "crossing:island": null, "crossing:markings": null, "crossing_ref": null, "cuisine": null, "description": null, "direction": null, "dual_carriageway": null, "ele": null, "entrance": null, "fee": null, "fixme": null, "foot": null, "footway": null, "fuel:diesel": null, "fuel:lpg": null, "fuel:octane_100": null, "fuel:octane_95": null, "fuel:octane_98": null, "highway": null, "hoops": null, "int_name": null, "junction": null, "landuse": null, "lanes": null, "layer": null, "leisure": null, "lit": null, "man_made": null, "maxspeed": null, "motorcar": null, "name": null, "name:el": null, "name:en": null, "natural": null, "network": null, "network:el": null, "network:en": null, "network:wikidata": null, "noexit": null, "old_ref": null, "oneway": null, "opening_hours": null, "operator": null, "operator:type": null, "park_ride": null, "parking": null, "parking:fee": null, "payment:app": null, "payment:website": null, "phone": null, "public_transport": null, "ref": null, "ref:EU:EVSE": null, "ref:GR:IDRO": null, "reg_ref": null, "religion": null, "route_ref": null, "service": null, "shelter": null, "shop": null, "short_name": null, "sidewalk": null, "smoothness": null, "socket:type2": null, "socket:type2:output": null, "source": null, "source:reg_ref": null, "sport": null, "surface": null, "tactile_paving": null, "takeaway": null, "tracktype": null, "trade": null, "traffic_signals": null, "turn:lanes": null, "website": null, "label": "building:industrial" }, "geometry": { "type": "Polygon", "coordinates": [ [ [ 23.8708452, 37.8832563 ], [ 23.8706934, 37.8833174 ], [ 23.8708705, 37.8835915 ], [ 23.8711893, 37.8834632 ], [ 23.8708573, 37.8829495 ], [ 23.8706903, 37.8830167 ], [ 23.8708452, 37.8832563 ] ] ] } },
{ "type": "Feature", "properties": { "@type": "way", "@id": 315414221, "access": null, "addr:city": null, "addr:country": null, "addr:full": null, "addr:housename": null, "addr:housenumber": null, "addr:postcode": null, "addr:street": null, "addr:unit": null, "aeroway": null, "amenity": null, "atm": null, "authentication:app": null, "authentication:membership_card": null, "barrier": null, "bench": null, "brand": null, "brand:el": null, "brand:en": null, "brand:wikidata": null, "brand:wikipedia": null, "building": "industrial", "building:levels": "4", "bus": null, "capacity": null, "check_date:shelter": null, "contact:email": null, "contact:fax": null, "contact:phone": null, "contact:website": null, "covered": null, "crossing": null, "crossing:island": null, "crossing:markings": null, "crossing_ref": null, "cuisine": null, "description": null, "direction": null, "dual_carriageway": null, "ele": null, "entrance": null, "fee": null, "fixme": null, "foot": null, "footway": null, "fuel:diesel": null, "fuel:lpg": null, "fuel:octane_100": null, "fuel:octane_95": null, "fuel:octane_98": null, "highway": null, "hoops": null, "int_name": null, "junction": null, "landuse": null, "lanes": null, "layer": null, "leisure": null, "lit": null, "man_made": null, "maxspeed": null, "motorcar": null, "name": null, "name:el": null, "name:en": null, "natural": null, "network": null, "network:el": null, "network:en": null, "network:wikidata": null, "noexit": null, "old_ref": null, "oneway": null, "opening_hours": null, "operator": null, "operator:type": null, "park_ride": null, "parking": null, "parking:fee": null, "payment:app": null, "payment:website": null, "phone": null, "public_transport": null, "ref": null, "ref:EU:EVSE": null, "ref:GR:IDRO": null, "reg_ref": null, "religion": null, "route_ref": null, "service": null, "shelter": null, "shop": null, "short_name": null, "sidewalk": null, "smoothness": null, "socket:type2": null, "socket:type2:output": null, "source": null, "source:reg_ref": null, "sport": null, "surface": null, "tactile_paving": null, "takeaway": null, "tracktype": null, "trade": null, "traffic_signals": null, "turn:lanes": null, "website": null, "label": "building:industrial" }, "geometry": { "type": "Polygon", "coordinates": [ [ [ 23.8712315, 37.8833633 ], [ 23.8714183, 37.8832879 ], [ 23.8712792, 37.8830732 ], [ 23.8710924, 37.8831485 ], [ 23.8712315, 37.8833633 ] ] ] } },
{ "type": "Feature", "properties": { "@type": "way", "@id": 315414222, "access": null, "addr:city": null, "addr:country": null, "addr:full": null, "addr:housename": null, "addr:housenumber": null, "addr:postcode": null, "addr:street": null, "addr:unit": null, "aeroway": null, "amenity": null, "atm": null, "authentication:app": null, "authentication:membership_card": null, "barrier": null, "bench": null, "brand": null, "brand:el": null, "brand:en": null, "brand:wikidata": null, "brand:wikipedia": null, "building": "industrial", "building:levels": "1", "bus": null, "capacity": null, "check_date:shelter": null, "contact:email": null, "contact:fax": null, "contact:phone": null, "contact:website": null, "covered": null, "crossing": null, "crossing:island": null, "crossing:markings": null, "crossing_ref": null, "cuisine": null, "description": null, "direction": null, "dual_carriageway": null, "ele": null, "entrance": null, "fee": null, "fixme": null, "foot": null, "footway": null, "fuel:diesel": null, "fuel:lpg": null, "fuel:octane_100": null, "fuel:octane_95": null, "fuel:octane_98": null, "highway": null, "hoops": null, "int_name": null, "junction": null, "landuse": null, "lanes": null, "layer": null, "leisure": null, "lit": null, "man_made": null, "maxspeed": null, "motorcar": null, "name": null, "name:el": null, "name:en": null, "natural": null, "network": null, "network:el": null, "network:en": null, "network:wikidata": null, "noexit": null, "old_ref": null, "oneway": null, "opening_hours": null, "operator": null, "operator:type": null, "park_ride": null, "parking": null, "parking:fee": null, "payment:app": null, "payment:website": null, "phone": null, "public_transport": null, "ref": null, "ref:EU:EVSE": null, "ref:GR:IDRO": null, "reg_ref": null, "religion": null, "route_ref": null, "service": null, "shelter": null, "shop": null, "short_name": null, "sidewalk": null, "smoothness": null, "socket:type2": null, "socket:type2:output": null, "source": null, "source:reg_ref": null, "sport": null, "surface": null, "tactile_paving": null, "takeaway": null, "tracktype": null, "trade": null, "traffic_signals": null, "turn:lanes": null, "website": null, "label": "building:industrial" }, "geometry": { "type": "Polygon", "coordinates": [ [ [ 23.8707095, 37.8832169 ], [ 23.8707754, 37.8831886 ], [ 23.87068, 37.8830497 ], [ 23.8706141, 37.883078 ], [ 23.8707095, 37.8832169 ] ] ] } },
{ "type": "Feature", "properties": { "@type": "way", "@id": 315414223, "access": null, "addr:city": null, "addr:country": null, "addr:full": null, "addr:housename": null, "addr:housenumber": null, "addr:postcode": null, "addr:street": null, "addr:unit": null, "aeroway": null, "amenity": null, "atm": null, "authentication:app": null, "authentication:membership_card": null, "barrier": null, "bench": null, "brand": null, "brand:el": null, "brand:en": null, "brand:wikidata": null, "brand:wikipedia": null, "building": "industrial", "building:levels": "2", "bus": null, "capacity": null, "check_date:shelter": null, "contact:email": null, "contact:fax": null, "contact:phone": null, "contact:website": null, "covered": null, "crossing": null, "crossing:island": null, "crossing:markings": null, "crossing_ref": null, "cuisine": null, "description": null, "direction": null, "dual_carriageway": null, "ele": null, "entrance": null, "fee": null, "fixme": null, "foot": null, "footway": null, "fuel:diesel": null, "fuel:lpg": null, "fuel:octane_100": null, "fuel:octane_95": null, "fuel:octane_98": null, "highway": null, "hoops": null, "int_name": null, "junction": null, "landuse": null, "lanes": null, "layer": null, "leisure": null, "lit": null, "man_made": null, "maxspeed": null, "motorcar": null, "name": null, "name:el": null, "name:en": null, "natural": null, "network": null, "network:el": null, "network:en": null, "network:wikidata": null, "noexit": null, "old_ref": null, "oneway": null, "opening_hours": null, "operator": null, "operator:type": null, "park_ride": null, "parking": null, "parking:fee": null, "payment:app": null, "payment:website": null, "phone": null, "public_transport": null, "ref": null, "ref:EU:EVSE": null, "ref:GR:IDRO": null, "reg_ref": null, "religion": null, "route_ref": null, "service": null, "shelter": null, "shop": null, "short_name": null, "sidewalk": null, "smoothness": null, "socket:type2": null, "socket:type2:output": null, "source": null, "source:reg_ref": null, "sport": null, "surface": null, "tactile_paving": null, "takeaway": null, "tracktype": null, "trade": null, "traffic_signals": null, "turn:lanes": null, "website": null, "label": "building:industrial" }, "geometry": { "type": "Polygon", "coordinates": [ [ [ 23.8704407, 37.8830262 ], [ 23.8710895, 37.8827309 ], [ 23.8709178, 37.8824958 ], [ 23.8708636, 37.8825204 ], [ 23.8708387, 37.8824863 ], [ 23.870244, 37.882757 ], [ 23.8704407, 37.8830262 ] ] ] } },
{ "type": "Feature", "properties": { "@type": "way", "@id": 315414224, "access": null, "addr:city": null, "addr:country": null, "addr:full": null, "addr:housename": null, "addr:housenumber": null, "addr:postcode": null, "addr:street": null, "addr:unit": null, "aeroway": null, "amenity": null, "atm": null, "authentication:app": null, "authentication:membership_card": null, "barrier": null, "bench": null, "brand": null, "brand:el": null, "brand:en": null, "brand:wikidata": null, "brand:wikipedia": null, "building": "industrial", "building:levels": "2", "bus": null, "capacity": null, "check_date:shelter": null, "contact:email": null, "contact:fax": null, "contact:phone": null, "contact:website": null, "covered": null, "crossing": null, "crossing:island": null, "crossing:markings": null, "crossing_ref": null, "cuisine": null, "description": null, "direction": null, "dual_carriageway": null, "ele": null, "entrance": null, "fee": null, "fixme": null, "foot": null, "footway": null, "fuel:diesel": null, "fuel:lpg": null, "fuel:octane_100": null, "fuel:octane_95": null, "fuel:octane_98": null, "highway": null, "hoops": null, "int_name": null, "junction": null, "landuse": null, "lanes": null, "layer": null, "leisure": null, "lit": null, "man_made": null, "maxspeed": null, "motorcar": null, "name": null, "name:el": null, "name:en": null, "natural": null, "network": null, "network:el": null, "network:en": null, "network:wikidata": null, "noexit": null, "old_ref": null, "oneway": null, "opening_hours": null, "operator": null, "operator:type": null, "park_ride": null, "parking": null, "parking:fee": null, "payment:app": null, "payment:website": null, "phone": null, "public_transport": null, "ref": null, "ref:EU:EVSE": null, "ref:GR:IDRO": null, "reg_ref": null, "religion": null, "route_ref": null, "service": null, "shelter": null, "shop": null, "short_name": null, "sidewalk": null, "smoothness": null, "socket:type2": null, "socket:type2:output": null, "source": null, "source:reg_ref": null, "sport": null, "surface": null, "tactile_paving": null, "takeaway": null, "tracktype": null, "trade": null, "traffic_signals": null, "turn:lanes": null, "website": null, "label": "building:industrial" }, "geometry": { "type": "Polygon", "coordinates": [ [ [ 23.8677458, 37.8835916 ], [ 23.8678716, 37.883589 ], [ 23.8678687, 37.8835027 ], [ 23.867743, 37.8835053 ], [ 23.8677458, 37.8835916 ] ] ] } },
{ "type": "Feature", "properties": { "@type": "way", "@id": 315414225, "access": null, "addr:city": null, "addr:country": null, "addr:full": null, "addr:housename": null, "addr:housenumber": null, "addr:postcode": null, "addr:street": null, "addr:unit": null, "aeroway": null, "amenity": null, "atm": null, "authentication:app": null, "authentication:membership_card": null, "barrier": null, "bench": null, "brand": null, "brand:el": null, "brand:en": null, "brand:wikidata": null, "brand:wikipedia": null, "building": "industrial", "building:levels": "2", "bus": null, "capacity": null, "check_date:shelter": null, "contact:email": null, "contact:fax": null, "contact:phone": null, "contact:website": null, "covered": null, "crossing": null, "crossing:island": null, "crossing:markings": null, "crossing_ref": null, "cuisine": null, "description": null, "direction": null, "dual_carriageway": null, "ele": null, "entrance": null, "fee": null, "fixme": null, "foot": null, "footway": null, "fuel:diesel": null, "fuel:lpg": null, "fuel:octane_100": null, "fuel:octane_95": null, "fuel:octane_98": null, "highway": null, "hoops": null, "int_name": null, "junction": null, "landuse": null, "lanes": null, "layer": null, "leisure": null, "lit": null, "man_made": null, "maxspeed": null, "motorcar": null, "name": null, "name:el": null, "name:en": null, "natural": null, "network": null, "network:el": null, "network:en": null, "network:wikidata": null, "noexit": null, "old_ref": null, "oneway": null, "opening_hours": null, "operator": null, "operator:type": null, "park_ride": null, "parking": null, "parking:fee": null, "payment:app": null, "payment:website": null, "phone": null, "public_transport": null, "ref": null, "ref:EU:EVSE": null, "ref:GR:IDRO": null, "reg_ref": null, "religion": null, "route_ref": null, "service": null, "shelter": null, "shop": null, "short_name": null, "sidewalk": null, "smoothness": null, "socket:type2": null, "socket:type2:output": null, "source": null, "source:reg_ref": null, "sport": null, "surface": null, "tactile_paving": null, "takeaway": null, "tracktype": null, "trade": null, "traffic_signals": null, "turn:lanes": null, "website": null, "label": "building:industrial" }, "geometry": { "type": "Polygon", "coordinates": [ [ [ 23.869924, 37.8833418 ], [ 23.87017, 37.8832285 ], [ 23.8699258, 37.8828981 ], [ 23.8696798, 37.8830114 ], [ 23.869924, 37.8833418 ] ] ] } },
{ "type": "Feature", "properties": { "@type": "way", "@id": 315414226, "access": null, "addr:city": null, "addr:country": null, "addr:full": null, "addr:housename": null, "addr:housenumber": null, "addr:postcode": null, "addr:street": null, "addr:unit": null, "aeroway": null, "amenity": null, "atm": null, "authentication:app": null, "authentication:membership_card": null, "barrier": null, "bench": null, "brand": null, "brand:el": null, "brand:en": null, "brand:wikidata": null, "brand:wikipedia": null, "building": "industrial", "building:levels": "2", "bus": null, "capacity": null, "check_date:shelter": null, "contact:email": null, "contact:fax": null, "contact:phone": null, "contact:website": null, "covered": null, "crossing": null, "crossing:island": null, "crossing:markings": null, "crossing_ref": null, "cuisine": null, "description": null, "direction": null, "dual_carriageway": null, "ele": null, "entrance": null, "fee": null, "fixme": null, "foot": null, "footway": null, "fuel:diesel": null, "fuel:lpg": null, "fuel:octane_100": null, "fuel:octane_95": null, "fuel:octane_98": null, "highway": null, "hoops": null, "int_name": null, "junction": null, "landuse": null, "lanes": null, "layer": null, "leisure": null, "lit": null, "man_made": null, "maxspeed": null, "motorcar": null, "name": "Γεωργακόπουλος", "name:el": null, "name:en": null, "natural": null, "network": null, "network:el": null, "network:en": null, "network:wikidata": null, "noexit": null, "old_ref": null, "oneway": null, "opening_hours": null, "operator": null, "operator:type": null, "park_ride": null, "parking": null, "parking:fee": null, "payment:app": null, "payment:website": null, "phone": null, "public_transport": null, "ref": null, "ref:EU:EVSE": null, "ref:GR:IDRO": null, "reg_ref": null, "religion": null, "route_ref": null, "service": null, "shelter": null, "shop": "car", "short_name": null, "sidewalk": null, "smoothness": null, "socket:type2": null, "socket:type2:output": null, "source": null, "source:reg_ref": null, "sport": null, "surface": null, "tactile_paving": null, "takeaway": null, "tracktype": null, "trade": null, "traffic_signals": null, "turn:lanes": null, "website": null, "label": "shop:car;building:industrial" }, "geometry": { "type": "Polygon", "coordinates": [ [ [ 23.8711846, 37.8813777 ], [ 23.871936, 37.880858 ], [ 23.8716752, 37.8806231 ], [ 23.8709239, 37.8811429 ], [ 23.8711846, 37.8813777 ] ] ] } },
{ "type": "Feature", "properties": { "@type": "way", "@id": 315414228, "access": null, "addr:city": null, "addr:country": null, "addr:full": null, "addr:housename": null, "addr:housenumber": null, "addr:postcode": null, "addr:street": null, "addr:unit": null, "aeroway": null, "amenity": null, "atm": null, "authentication:app": null, "authentication:membership_card": null, "barrier": null, "bench": null, "brand": null, "brand:el": null, "brand:en": null, "brand:wikidata": null, "brand:wikipedia": null, "building": "industrial", "building:levels": "3", "bus": null, "capacity": null, "check_date:shelter": null, "contact:email": null, "contact:fax": null, "contact:phone": null, "contact:website": null, "covered": null, "crossing": null, "crossing:island": null, "crossing:markings": null, "crossing_ref": null, "cuisine": null, "description": null, "direction": null, "dual_carriageway": null, "ele": null, "entrance": null, "fee": null, "fixme": null, "foot": null, "footway": null, "fuel:diesel": null, "fuel:lpg": null, "fuel:octane_100": null, "fuel:octane_95": null, "fuel:octane_98": null, "highway": null, "hoops": null, "int_name": null, "junction": null, "landuse": null, "lanes": null, "layer": null, "leisure": null, "lit": null, "man_made": null, "maxspeed": null, "motorcar": null, "name": "Ioakimidis", "name:el": null, "name:en": null, "natural": null, "network": null, "network:el": null, "network:en": null, "network:wikidata": null, "noexit": null, "old_ref": null, "oneway": null, "opening_hours": null, "operator": null, "operator:type": null, "park_ride": null, "parking": null, "parking:fee": null, "payment:app": null, "payment:website": null, "phone": null, "public_transport": null, "ref": null, "ref:EU:EVSE": null, "ref:GR:IDRO": null, "reg_ref": null, "religion": null, "route_ref": null, "service": null, "shelter": null, "shop": "fabric", "short_name": null, "sidewalk": null, "smoothness": null, "socket:type2": null, "socket:type2:output": null, "source": null, "source:reg_ref": null, "sport": null, "surface": null, "tactile_paving": null, "takeaway": null, "tracktype": null, "trade": null, "traffic_signals": null, "turn:lanes": null, "website": null, "label": "shop:fabric;building:industrial" }, "geometry": { "type": "Polygon", "coordinates": [ [ [ 23.8705243, 37.8810684 ], [ 23.8711035, 37.880711 ], [ 23.870883, 37.8804884 ], [ 23.8711377, 37.8803312 ], [ 23.870978, 37.8801699 ], [ 23.8701441, 37.8806846 ], [ 23.8705243, 37.8810684 ] ] ] } },
{ "type": "Feature", "properties": { "@type": "way", "@id": 315414229, "access": null, "addr:city": null, "addr:country": null, "addr:full": null, "addr:housename": null, "addr:housenumber": null, "addr:postcode": null, "addr:street": null, "addr:unit": null, "aeroway": null, "amenity": null, "atm": null, "authentication:app": null, "authentication:membership_card": null, "barrier": null, "bench": null, "brand": "Mercedes-Benz", "brand:el": null, "brand:en": null, "brand:wikidata": "Q36008", "brand:wikipedia": null, "building": "industrial", "building:levels": "3", "bus": null, "capacity": null, "check_date:shelter": null, "contact:email": null, "contact:fax": null, "contact:phone": null, "contact:website": null, "covered": null, "crossing": null, "crossing:island": null, "crossing:markings": null, "crossing_ref": null, "cuisine": null, "description": null, "direction": null, "dual_carriageway": null, "ele": null, "entrance": null, "fee": null, "fixme": null, "foot": null, "footway": null, "fuel:diesel": null, "fuel:lpg": null, "fuel:octane_100": null, "fuel:octane_95": null, "fuel:octane_98": null, "highway": null, "hoops": null, "int_name": null, "junction": null, "landuse": null, "lanes": null, "layer": null, "leisure": null, "lit": null, "man_made": null, "maxspeed": null, "motorcar": null, "name": "Ισμαήλος", "name:el": null, "name:en": null, "natural": null, "network": null, "network:el": null, "network:en": null, "network:wikidata": null, "noexit": null, "old_ref": null, "oneway": null, "opening_hours": null, "operator": null, "operator:type": null, "park_ride": null, "parking": null, "parking:fee": null, "payment:app": null, "payment:website": null, "phone": null, "public_transport": null, "ref": null, "ref:EU:EVSE": null, "ref:GR:IDRO": null, "reg_ref": null, "religion": null, "route_ref": null, "service": null, "shelter": null, "shop": "car", "short_name": null, "sidewalk": null, "smoothness": null, "socket:type2": null, "socket:type2:output": null, "source": null, "source:reg_ref": null, "sport": null, "surface": null, "tactile_paving": null, "takeaway": null, "tracktype": null, "trade": null, "traffic_signals": null, "turn:lanes": null, "website": null, "label": "shop:car;building:industrial" }, "geometry": { "type": "Polygon", "coordinates": [ [ [ 23.8697477, 37.88005 ], [ 23.8702955, 37.8797168 ], [ 23.8701472, 37.8795649 ], [ 23.8695993, 37.879898 ], [ 23.8697477, 37.88005 ] ] ] } },
{ "type": "Feature", "properties": { "@type": "way", "@id": 315414230, "access": null, "addr:city": null, "addr:country": null, "addr:full": null, "addr:housename": null, "addr:housenumber": null, "addr:postcode": null, "addr:street": null, "addr:unit": null, "aeroway": null, "amenity": null, "atm": null, "authentication:app": null, "authentication:membership_card": null, "barrier": null, "bench": null, "brand": null, "brand:el": null, "brand:en": null, "brand:wikidata": null, "brand:wikipedia": null, "building": "industrial", "building:levels": "2", "bus": null, "capacity": null, "check_date:shelter": null, "contact:email": null, "contact:fax": null, "contact:phone": null, "contact:website": null, "covered": null, "crossing": null, "crossing:island": null, "crossing:markings": null, "crossing_ref": null, "cuisine": null, "description": null, "direction": null, "dual_carriageway": null, "ele": null, "entrance": null, "fee": null, "fixme": null, "foot": null, "footway": null, "fuel:diesel": null, "fuel:lpg": null, "fuel:octane_100": null, "fuel:octane_95": null, "fuel:octane_98": null, "highway": null, "hoops": null, "int_name": null, "junction": null, "landuse": null, "lanes": null, "layer": null, "leisure": null, "lit": null, "man_made": null, "maxspeed": null, "motorcar": null, "name": null, "name:el": null, "name:en": null, "natural": null, "network": null, "network:el": null, "network:en": null, "network:wikidata": null, "noexit": null, "old_ref": null, "oneway": null, "opening_hours": null, "operator": null, "operator:type": null, "park_ride": null, "parking": null, "parking:fee": null, "payment:app": null, "payment:website": null, "phone": null, "public_transport": null, "ref": null, "ref:EU:EVSE": null, "ref:GR:IDRO": null, "reg_ref": null, "religion": null, "route_ref": null, "service": null, "shelter": null, "shop": null, "short_name": null, "sidewalk": null, "smoothness": null, "socket:type2": null, "socket:type2:output": null, "source": null, "source:reg_ref": null, "sport": null, "surface": null, "tactile_paving": null, "takeaway": null, "tracktype": null, "trade": null, "traffic_signals": null, "turn:lanes": null, "website": null, "label": "building:industrial" }, "geometry": { "type": "Polygon", "coordinates": [ [ [ 23.8698394, 37.8792695 ], [ 23.8699494, 37.8791897 ], [ 23.869724, 37.8789961 ], [ 23.869614, 37.8790759 ], [ 23.8698394, 37.8792695 ] ] ] } },
{ "type": "Feature", "properties": { "@type": "way", "@id": 315414231, "access": null, "addr:city": null, "addr:country": null, "addr:full": null, "addr:housename": null, "addr:housenumber": "62", "addr:postcode": null, "addr:street": null, "addr:unit": null, "aeroway": null, "amenity": null, "atm": null, "authentication:app": null, "authentication:membership_card": null, "barrier": null, "bench": null, "brand": null, "brand:el": null, "brand:en": null, "brand:wikidata": null, "brand:wikipedia": null, "building": "industrial", "building:levels": "3", "bus": null, "capacity": null, "check_date:shelter": null, "contact:email": null, "contact:fax": null, "contact:phone": null, "contact:website": null, "covered": null, "crossing": null, "crossing:island": null, "crossing:markings": null, "crossing_ref": null, "cuisine": null, "description": null, "direction": null, "dual_carriageway": null, "ele": null, "entrance": null, "fee": null, "fixme": null, "foot": null, "footway": null, "fuel:diesel": null, "fuel:lpg": null, "fuel:octane_100": null, "fuel:octane_95": null, "fuel:octane_98": null, "highway": null, "hoops": null, "int_name": null, "junction": null, "landuse": null, "lanes": null, "layer": null, "leisure": null, "lit": null, "man_made": null, "maxspeed": null, "motorcar": null, "name": null, "name:el": null, "name:en": null, "natural": null, "network": null, "network:el": null, "network:en": null, "network:wikidata": null, "noexit": null, "old_ref": null, "oneway": null, "opening_hours": null, "operator": null, "operator:type": null, "park_ride": null, "parking": null, "parking:fee": null, "payment:app": null, "payment:website": null, "phone": null, "public_transport": null, "ref": null, "ref:EU:EVSE": null, "ref:GR:IDRO": null, "reg_ref": null, "religion": null, "route_ref": null, "service": null, "shelter": null, "shop": null, "short_name": null, "sidewalk": null, "smoothness": null, "socket:type2": null, "socket:type2:output": null, "source": null, "source:reg_ref": null, "sport": null, "surface": null, "tactile_paving": null, "takeaway": null, "tracktype": null, "trade": null, "traffic_signals": null, "turn:lanes": null, "website": null, "label": "building:industrial" }, "geometry": { "type": "Polygon", "coordinates": [ [ [ 23.8687252, 37.8783969 ], [ 23.8688023, 37.8783401 ], [ 23.8694935, 37.8789248 ], [ 23.8695711, 37.8788675 ], [ 23.8687825, 37.8782004 ], [ 23.8686277, 37.8783144 ], [ 23.8687252, 37.8783969 ] ] ] } },
{ "type": "Feature", "properties": { "@type": "way", "@id": 315414232, "access": null, "addr:city": null, "addr:country": null, "addr:full": null, "addr:housename": null, "addr:housenumber": null, "addr:postcode": null, "addr:street": null, "addr:unit": null, "aeroway": null, "amenity": null, "atm": null, "authentication:app": null, "authentication:membership_card": null, "barrier": null, "bench": null, "brand": null, "brand:el": null, "brand:en": null, "brand:wikidata": null, "brand:wikipedia": null, "building": "industrial", "building:levels": "2", "bus": null, "capacity": null, "check_date:shelter": null, "contact:email": null, "contact:fax": null, "contact:phone": null, "contact:website": null, "covered": null, "crossing": null, "crossing:island": null, "crossing:markings": null, "crossing_ref": null, "cuisine": null, "description": null, "direction": null, "dual_carriageway": null, "ele": null, "entrance": null, "fee": null, "fixme": null, "foot": null, "footway": null, "fuel:diesel": null, "fuel:lpg": null, "fuel:octane_100": null, "fuel:octane_95": null, "fuel:octane_98": null, "highway": null, "hoops": null, "int_name": null, "junction": null, "landuse": null, "lanes": null, "layer": null, "leisure": null, "lit": null, "man_made": null, "maxspeed": null, "motorcar": null, "name": null, "name:el": null, "name:en": null, "natural": null, "network": null, "network:el": null, "network:en": null, "network:wikidata": null, "noexit": null, "old_ref": null, "oneway": null, "opening_hours": null, "operator": null, "operator:type": null, "park_ride": null, "parking": null, "parking:fee": null, "payment:app": null, "payment:website": null, "phone": null, "public_transport": null, "ref": null, "ref:EU:EVSE": null, "ref:GR:IDRO": null, "reg_ref": null, "religion": null, "route_ref": null, "service": null, "shelter": null, "shop": null, "short_name": null, "sidewalk": null, "smoothness": null, "socket:type2": null, "socket:type2:output": null, "source": null, "source:reg_ref": null, "sport": null, "surface": null, "tactile_paving": null, "takeaway": null, "tracktype": null, "trade": null, "traffic_signals": null, "turn:lanes": null, "website": null, "label": "building:industrial" }, "geometry": { "type": "Polygon", "coordinates": [ [ [ 23.8685562, 37.8816343 ], [ 23.8686984, 37.881567 ], [ 23.8686403, 37.8814904 ], [ 23.8687966, 37.8814165 ], [ 23.8684802, 37.8809997 ], [ 23.8682925, 37.8810884 ], [ 23.8682442, 37.8810248 ], [ 23.8681334, 37.8810772 ], [ 23.8685562, 37.8816343 ] ] ] } },
{ "type": "Feature", "properties": { "@type": "way", "@id": 315414233, "access": null, "addr:city": null, "addr:country": null, "addr:full": null, "addr:housename": null, "addr:housenumber": null, "addr:postcode": null, "addr:street": null, "addr:unit": null, "aeroway": null, "amenity": null, "atm": null, "authentication:app": null, "authentication:membership_card": null, "barrier": null, "bench": null, "brand": null, "brand:el": null, "brand:en": null, "brand:wikidata": null, "brand:wikipedia": null, "building": "industrial", "building:levels": "1", "bus": null, "capacity": null, "check_date:shelter": null, "contact:email": null, "contact:fax": null, "contact:phone": null, "contact:website": null, "covered": null, "crossing": null, "crossing:island": null, "crossing:markings": null, "crossing_ref": null, "cuisine": null, "description": null, "direction": null, "dual_carriageway": null, "ele": null, "entrance": null, "fee": null, "fixme": null, "foot": null, "footway": null, "fuel:diesel": null, "fuel:lpg": null, "fuel:octane_100": null, "fuel:octane_95": null, "fuel:octane_98": null, "highway": null, "hoops": null, "int_name": null, "junction": null, "landuse": null, "lanes": null, "layer": null, "leisure": null, "lit": null, "man_made": null, "maxspeed": null, "motorcar": null, "name": null, "name:el": null, "name:en": null, "natural": null, "network": null, "network:el": null, "network:en": null, "network:wikidata": null, "noexit": null, "old_ref": null, "oneway": null, "opening_hours": null, "operator": null, "operator:type": null, "park_ride": null, "parking": null, "parking:fee": null, "payment:app": null, "payment:website": null, "phone": null, "public_transport": null, "ref": null, "ref:EU:EVSE": null, "ref:GR:IDRO": null, "reg_ref": null, "religion": null, "route_ref": null, "service": null, "shelter": null, "shop": null, "short_name": null, "sidewalk": null, "smoothness": null, "socket:type2": null, "socket:type2:output": null, "source": null, "source:reg_ref": null, "sport": null, "surface": null, "tactile_paving": null, "takeaway": null, "tracktype": null, "trade": null, "traffic_signals": null, "turn:lanes": null, "website": null, "label": "building:industrial" }, "geometry": { "type": "Polygon", "coordinates": [ [ [ 23.8675237, 37.881169 ], [ 23.8681148, 37.8807561 ], [ 23.8676155, 37.8804984 ], [ 23.8671446, 37.8808309 ], [ 23.8675237, 37.881169 ] ] ] } },
{ "type": "Feature", "properties": { "@type": "way", "@id": 315414862, "access": null, "addr:city": null, "addr:country": null, "addr:full": null, "addr:housename": null, "addr:housenumber": null, "addr:postcode": null, "addr:street": null, "addr:unit": null, "aeroway": null, "amenity": null, "atm": null, "authentication:app": null, "authentication:membership_card": null, "barrier": null, "bench": null, "brand": null, "brand:el": null, "brand:en": null, "brand:wikidata": null, "brand:wikipedia": null, "building": "industrial", "building:levels": "2", "bus": null, "capacity": null, "check_date:shelter": null, "contact:email": null, "contact:fax": null, "contact:phone": null, "contact:website": null, "covered": null, "crossing": null, "crossing:island": null, "crossing:markings": null, "crossing_ref": null, "cuisine": null, "description": null, "direction": null, "dual_carriageway": null, "ele": null, "entrance": null, "fee": null, "fixme": null, "foot": null, "footway": null, "fuel:diesel": null, "fuel:lpg": null, "fuel:octane_100": null, "fuel:octane_95": null, "fuel:octane_98": null, "highway": null, "hoops": null, "int_name": null, "junction": null, "landuse": null, "lanes": null, "layer": null, "leisure": null, "lit": null, "man_made": null, "maxspeed": null, "motorcar": null, "name": null, "name:el": null, "name:en": null, "natural": null, "network": null, "network:el": null, "network:en": null, "network:wikidata": null, "noexit": null, "old_ref": null, "oneway": null, "opening_hours": null, "operator": null, "operator:type": null, "park_ride": null, "parking": null, "parking:fee": null, "payment:app": null, "payment:website": null, "phone": null, "public_transport": null, "ref": null, "ref:EU:EVSE": null, "ref:GR:IDRO": null, "reg_ref": null, "religion": null, "route_ref": null, "service": null, "shelter": null, "shop": null, "short_name": null, "sidewalk": null, "smoothness": null, "socket:type2": null, "socket:type2:output": null, "source": null, "source:reg_ref": null, "sport": null, "surface": null, "tactile_paving": null, "takeaway": null, "tracktype": null, "trade": null, "traffic_signals": null, "turn:lanes": null, "website": null, "label": "building:industrial" }, "geometry": { "type": "Polygon", "coordinates": [ [ [ 23.8754964, 37.8799736 ], [ 23.87572305575911, 37.880291362485814 ], [ 23.87572305575911, 37.879872836394298 ], [ 23.8754964, 37.8799736 ] ] ] } },
{ "type": "Feature", "properties": { "@type": "way", "@id": 315414863, "access": null, "addr:city": null, "addr:country": null, "addr:full": null, "addr:housename": null, "addr:housenumber": null, "addr:postcode": null, "addr:street": null, "addr:unit": null, "aeroway": null, "amenity": null, "atm": null, "authentication:app": null, "authentication:membership_card": null, "barrier": null, "bench": null, "brand": null, "brand:el": null, "brand:en": null, "brand:wikidata": null, "brand:wikipedia": null, "building": "industrial", "building:levels": "3", "bus": null, "capacity": null, "check_date:shelter": null, "contact:email": null, "contact:fax": null, "contact:phone": null, "contact:website": null, "covered": null, "crossing": null, "crossing:island": null, "crossing:markings": null, "crossing_ref": null, "cuisine": null, "description": null, "direction": null, "dual_carriageway": null, "ele": null, "entrance": null, "fee": null, "fixme": null, "foot": null, "footway": null, "fuel:diesel": null, "fuel:lpg": null, "fuel:octane_100": null, "fuel:octane_95": null, "fuel:octane_98": null, "highway": null, "hoops": null, "int_name": null, "junction": null, "landuse": null, "lanes": null, "layer": null, "leisure": null, "lit": null, "man_made": null, "maxspeed": null, "motorcar": null, "name": "Doc Pharma", "name:el": null, "name:en": null, "natural": null, "network": null, "network:el": null, "network:en": null, "network:wikidata": null, "noexit": null, "old_ref": null, "oneway": null, "opening_hours": null, "operator": null, "operator:type": null, "park_ride": null, "parking": null, "parking:fee": null, "payment:app": null, "payment:website": null, "phone": null, "public_transport": null, "ref": null, "ref:EU:EVSE": null, "ref:GR:IDRO": null, "reg_ref": null, "religion": null, "route_ref": null, "service": null, "shelter": null, "shop": null, "short_name": null, "sidewalk": null, "smoothness": null, "socket:type2": null, "socket:type2:output": null, "source": null, "source:reg_ref": null, "sport": null, "surface": null, "tactile_paving": null, "takeaway": null, "tracktype": null, "trade": null, "traffic_signals": null, "turn:lanes": null, "website": null, "label": "building:industrial" }, "geometry": { "type": "Polygon", "coordinates": [ [ [ 23.8756032, 37.8793092 ], [ 23.8751568, 37.8794853 ], [ 23.8753464, 37.8797845 ], [ 23.87572305575911, 37.879635913353091 ], [ 23.87572305575911, 37.879498339467965 ], [ 23.8756032, 37.8793092 ] ] ] } },
{ "type": "Feature", "properties": { "@type": "way", "@id": 315414864, "access": null, "addr:city": null, "addr:country": null, "addr:full": null, "addr:housename": null, "addr:housenumber": null, "addr:postcode": null, "addr:street": null, "addr:unit": null, "aeroway": null, "amenity": null, "atm": null, "authentication:app": null, "authentication:membership_card": null, "barrier": null, "bench": null, "brand": null, "brand:el": null, "brand:en": null, "brand:wikidata": null, "brand:wikipedia": null, "building": "industrial", "building:levels": "2", "bus": null, "capacity": null, "check_date:shelter": null, "contact:email": null, "contact:fax": null, "contact:phone": null, "contact:website": null, "covered": null, "crossing": null, "crossing:island": null, "crossing:markings": null, "crossing_ref": null, "cuisine": null, "description": null, "direction": null, "dual_carriageway": null, "ele": null, "entrance": null, "fee": null, "fixme": null, "foot": null, "footway": null, "fuel:diesel": null, "fuel:lpg": null, "fuel:octane_100": null, "fuel:octane_95": null, "fuel:octane_98": null, "highway": null, "hoops": null, "int_name": null, "junction": null, "landuse": null, "lanes": null, "layer": null, "leisure": null, "lit": null, "man_made": null, "maxspeed": null, "motorcar": null, "name": null, "name:el": null, "name:en": null, "natural": null, "network": null, "network:el": null, "network:en": null, "network:wikidata": null, "noexit": null, "old_ref": null, "oneway": null, "opening_hours": null, "operator": null, "operator:type": null, "park_ride": null, "parking": null, "parking:fee": null, "payment:app": null, "payment:website": null, "phone": null, "public_transport": null, "ref": null, "ref:EU:EVSE": null, "ref:GR:IDRO": null, "reg_ref": null, "religion": null, "route_ref": null, "service": null, "shelter": null, "shop": null, "short_name": null, "sidewalk": null, "smoothness": null, "socket:type2": null, "socket:type2:output": null, "source": null, "source:reg_ref": null, "sport": null, "surface": null, "tactile_paving": null, "takeaway": null, "tracktype": null, "trade": null, "traffic_signals": null, "turn:lanes": null, "website": null, "label": "building:industrial" }, "geometry": { "type": "Polygon", "coordinates": [ [ [ 23.8750984, 37.8786881 ], [ 23.8752414, 37.8788706 ], [ 23.8754083, 37.8787891 ], [ 23.875525, 37.8789379 ], [ 23.87572305575911, 37.878841234550251 ], [ 23.87572305575911, 37.878383110161522 ], [ 23.8750984, 37.8786881 ] ] ] } },
{ "type": "Feature", "properties": { "@type": "way", "@id": 315414867, "access": null, "addr:city": null, "addr:country": null, "addr:full": null, "addr:housename": null, "addr:housenumber": null, "addr:postcode": null, "addr:street": null, "addr:unit": null, "aeroway": null, "amenity": null, "atm": null, "authentication:app": null, "authentication:membership_card": null, "barrier": null, "bench": null, "brand": null, "brand:el": null, "brand:en": null, "brand:wikidata": null, "brand:wikipedia": null, "building": "industrial", "building:levels": "2", "bus": null, "capacity": null, "check_date:shelter": null, "contact:email": null, "contact:fax": null, "contact:phone": null, "contact:website": null, "covered": null, "crossing": null, "crossing:island": null, "crossing:markings": null, "crossing_ref": null, "cuisine": null, "description": null, "direction": null, "dual_carriageway": null, "ele": null, "entrance": null, "fee": null, "fixme": null, "foot": null, "footway": null, "fuel:diesel": null, "fuel:lpg": null, "fuel:octane_100": null, "fuel:octane_95": null, "fuel:octane_98": null, "highway": null, "hoops": null, "int_name": null, "junction": null, "landuse": null, "lanes": null, "layer": null, "leisure": null, "lit": null, "man_made": null, "maxspeed": null, "motorcar": null, "name": null, "name:el": null, "name:en": null, "natural": null, "network": null, "network:el": null, "network:en": null, "network:wikidata": null, "noexit": null, "old_ref": null, "oneway": null, "opening_hours": null, "operator": null, "operator:type": null, "park_ride": null, "parking": null, "parking:fee": null, "payment:app": null, "payment:website": null, "phone": null, "public_transport": null, "ref": null, "ref:EU:EVSE": null, "ref:GR:IDRO": null, "reg_ref": null, "religion": null, "route_ref": null, "service": null, "shelter": null, "shop": null, "short_name": null, "sidewalk": null, "smoothness": null, "socket:type2": null, "socket:type2:output": null, "source": null, "source:reg_ref": null, "sport": null, "surface": null, "tactile_paving": null, "takeaway": null, "tracktype": null, "trade": null, "traffic_signals": null, "turn:lanes": null, "website": null, "label": "building:industrial" }, "geometry": { "type": "Polygon", "coordinates": [ [ [ 23.8753213, 37.8781533 ], [ 23.8754278, 37.8782847 ], [ 23.8753557, 37.8783211 ], [ 23.8754181, 37.8783981 ], [ 23.87572305575911, 37.878244063791747 ], [ 23.87572305575911, 37.877950332673116 ], [ 23.8753213, 37.8781533 ] ] ] } },
{ "type": "Feature", "properties": { "@type": "way", "@id": 315414871, "access": null, "addr:city": null, "addr:country": null, "addr:full": null, "addr:housename": null, "addr:housenumber": null, "addr:postcode": null, "addr:street": null, "addr:unit": null, "aeroway": null, "amenity": null, "atm": null, "authentication:app": null, "authentication:membership_card": null, "barrier": null, "bench": null, "brand": null, "brand:el": null, "brand:en": null, "brand:wikidata": null, "brand:wikipedia": null, "building": "industrial", "building:levels": "3", "bus": null, "capacity": null, "check_date:shelter": null, "contact:email": null, "contact:fax": null, "contact:phone": null, "contact:website": null, "covered": null, "crossing": null, "crossing:island": null, "crossing:markings": null, "crossing_ref": null, "cuisine": null, "description": null, "direction": null, "dual_carriageway": null, "ele": null, "entrance": null, "fee": null, "fixme": null, "foot": null, "footway": null, "fuel:diesel": null, "fuel:lpg": null, "fuel:octane_100": null, "fuel:octane_95": null, "fuel:octane_98": null, "highway": null, "hoops": null, "int_name": null, "junction": null, "landuse": null, "lanes": null, "layer": null, "leisure": null, "lit": null, "man_made": null, "maxspeed": null, "motorcar": null, "name": null, "name:el": null, "name:en": null, "natural": null, "network": null, "network:el": null, "network:en": null, "network:wikidata": null, "noexit": null, "old_ref": null, "oneway": null, "opening_hours": null, "operator": null, "operator:type": null, "park_ride": null, "parking": null, "parking:fee": null, "payment:app": null, "payment:website": null, "phone": null, "public_transport": null, "ref": null, "ref:EU:EVSE": null, "ref:GR:IDRO": null, "reg_ref": null, "religion": null, "route_ref": null, "service": null, "shelter": null, "shop": null, "short_name": null, "sidewalk": null, "smoothness": null, "socket:type2": null, "socket:type2:output": null, "source": null, "source:reg_ref": null, "sport": null, "surface": null, "tactile_paving": null, "takeaway": null, "tracktype": null, "trade": null, "traffic_signals": null, "turn:lanes": null, "website": null, "label": "building:industrial" }, "geometry": { "type": "Polygon", "coordinates": [ [ [ 23.8742977, 37.8772762 ], [ 23.8747478, 37.8770431 ], [ 23.8746132, 37.8768812 ], [ 23.874264, 37.8770621 ], [ 23.8742434, 37.8770373 ], [ 23.8741426, 37.8770895 ], [ 23.8742977, 37.8772762 ] ] ] } },
{ "type": "Feature", "properties": { "@type": "way", "@id": 315414872, "access": null, "addr:city": null, "addr:country": null, "addr:full": null, "addr:housename": null, "addr:housenumber": null, "addr:postcode": null, "addr:street": null, "addr:unit": null, "aeroway": null, "amenity": null, "atm": null, "authentication:app": null, "authentication:membership_card": null, "barrier": null, "bench": null, "brand": null, "brand:el": null, "brand:en": null, "brand:wikidata": null, "brand:wikipedia": null, "building": "industrial", "building:levels": "4", "bus": null, "capacity": null, "check_date:shelter": null, "contact:email": null, "contact:fax": null, "contact:phone": null, "contact:website": null, "covered": null, "crossing": null, "crossing:island": null, "crossing:markings": null, "crossing_ref": null, "cuisine": null, "description": null, "direction": null, "dual_carriageway": null, "ele": null, "entrance": null, "fee": null, "fixme": null, "foot": null, "footway": null, "fuel:diesel": null, "fuel:lpg": null, "fuel:octane_100": null, "fuel:octane_95": null, "fuel:octane_98": null, "highway": null, "hoops": null, "int_name": null, "junction": null, "landuse": null, "lanes": null, "layer": null, "leisure": null, "lit": null, "man_made": null, "maxspeed": null, "motorcar": null, "name": null, "name:el": null, "name:en": null, "natural": null, "network": null, "network:el": null, "network:en": null, "network:wikidata": null, "noexit": null, "old_ref": null, "oneway": null, "opening_hours": null, "operator": null, "operator:type": null, "park_ride": null, "parking": null, "parking:fee": null, "payment:app": null, "payment:website": null, "phone": null, "public_transport": null, "ref": null, "ref:EU:EVSE": null, "ref:GR:IDRO": null, "reg_ref": null, "religion": null, "route_ref": null, "service": null, "shelter": null, "shop": null, "short_name": null, "sidewalk": null, "smoothness": null, "socket:type2": null, "socket:type2:output": null, "source": null, "source:reg_ref": null, "sport": null, "surface": null, "tactile_paving": null, "takeaway": null, "tracktype": null, "trade": null, "traffic_signals": null, "turn:lanes": null, "website": null, "label": "building:industrial" }, "geometry": { "type": "Polygon", "coordinates": [ [ [ 23.875447, 37.8771907 ], [ 23.8755993, 37.8771107 ], [ 23.8753809, 37.8768517 ], [ 23.8752286, 37.8769314 ], [ 23.875447, 37.8771907 ] ] ] } },
{ "type": "Feature", "properties": { "@type": "way", "@id": 315414873, "access": null, "addr:city": null, "addr:country": null, "addr:full": null, "addr:housename": null, "addr:housenumber": null, "addr:postcode": null, "addr:street": null, "addr:unit": null, "aeroway": null, "amenity": null, "atm": null, "authentication:app": null, "authentication:membership_card": null, "barrier": null, "bench": null, "brand": null, "brand:el": null, "brand:en": null, "brand:wikidata": null, "brand:wikipedia": null, "building": "industrial", "building:levels": "2", "bus": null, "capacity": null, "check_date:shelter": null, "contact:email": null, "contact:fax": null, "contact:phone": null, "contact:website": null, "covered": null, "crossing": null, "crossing:island": null, "crossing:markings": null, "crossing_ref": null, "cuisine": null, "description": null, "direction": null, "dual_carriageway": null, "ele": null, "entrance": null, "fee": null, "fixme": null, "foot": null, "footway": null, "fuel:diesel": null, "fuel:lpg": null, "fuel:octane_100": null, "fuel:octane_95": null, "fuel:octane_98": null, "highway": null, "hoops": null, "int_name": null, "junction": null, "landuse": null, "lanes": null, "layer": null, "leisure": null, "lit": null, "man_made": null, "maxspeed": null, "motorcar": null, "name": null, "name:el": null, "name:en": null, "natural": null, "network": null, "network:el": null, "network:en": null, "network:wikidata": null, "noexit": null, "old_ref": null, "oneway": null, "opening_hours": null, "operator": null, "operator:type": null, "park_ride": null, "parking": null, "parking:fee": null, "payment:app": null, "payment:website": null, "phone": null, "public_transport": null, "ref": null, "ref:EU:EVSE": null, "ref:GR:IDRO": null, "reg_ref": null, "religion": null, "route_ref": null, "service": null, "shelter": null, "shop": null, "short_name": null, "sidewalk": null, "smoothness": null, "socket:type2": null, "socket:type2:output": null, "source": null, "source:reg_ref": null, "sport": null, "surface": null, "tactile_paving": null, "takeaway": null, "tracktype": null, "trade": null, "traffic_signals": null, "turn:lanes": null, "website": null, "label": "building:industrial" }, "geometry": { "type": "Polygon", "coordinates": [ [ [ 23.8746234, 37.8776701 ], [ 23.8747411, 37.8776084 ], [ 23.8747696, 37.8776423 ], [ 23.8751511, 37.8774421 ], [ 23.8751185, 37.8774033 ], [ 23.8754705, 37.8772185 ], [ 23.875447, 37.8771907 ], [ 23.8752286, 37.8769314 ], [ 23.8749082, 37.8770996 ], [ 23.8749654, 37.8771676 ], [ 23.8744348, 37.8774461 ], [ 23.8746234, 37.8776701 ] ] ] } },
{ "type": "Feature", "properties": { "@type": "way", "@id": 425915101, "access": null, "addr:city": null, "addr:country": null, "addr:full": null, "addr:housename": null, "addr:housenumber": null, "addr:postcode": null, "addr:street": null, "addr:unit": null, "aeroway": null, "amenity": null, "atm": null, "authentication:app": null, "authentication:membership_card": null, "barrier": null, "bench": null, "brand": null, "brand:el": null, "brand:en": null, "brand:wikidata": null, "brand:wikipedia": null, "building": null, "building:levels": null, "bus": null, "capacity": null, "check_date:shelter": null, "contact:email": null, "contact:fax": null, "contact:phone": null, "contact:website": null, "covered": null, "crossing": null, "crossing:island": null, "crossing:markings": null, "crossing_ref": null, "cuisine": null, "description": null, "direction": null, "dual_carriageway": null, "ele": null, "entrance": null, "fee": null, "fixme": null, "foot": null, "footway": null, "fuel:diesel": null, "fuel:lpg": null, "fuel:octane_100": null, "fuel:octane_95": null, "fuel:octane_98": null, "highway": null, "hoops": null, "int_name": null, "junction": null, "landuse": null, "lanes": null, "layer": null, "leisure": null, "lit": null, "man_made": null, "maxspeed": null, "motorcar": null, "name": null, "name:el": null, "name:en": null, "natural": "scrub", "network": null, "network:el": null, "network:en": null, "network:wikidata": null, "noexit": null, "old_ref": null, "oneway": null, "opening_hours": null, "operator": null, "operator:type": null, "park_ride": null, "parking": null, "parking:fee": null, "payment:app": null, "payment:website": null, "phone": null, "public_transport": null, "ref": null, "ref:EU:EVSE": null, "ref:GR:IDRO": null, "reg_ref": null, "religion": null, "route_ref": null, "service": null, "shelter": null, "shop": null, "short_name": null, "sidewalk": null, "smoothness": null, "socket:type2": null, "socket:type2:output": null, "source": null, "source:reg_ref": null, "sport": null, "surface": null, "tactile_paving": null, "takeaway": null, "tracktype": null, "trade": null, "traffic_signals": null, "turn:lanes": null, "website": null, "label": "natural:scrub" }, "geometry": { "type": "Polygon", "coordinates": [ [ [ 23.8755227, 37.8807532 ], [ 23.8756729, 37.8811491 ], [ 23.87572305575911, 37.881226651601665 ], [ 23.87572305575911, 37.88056320097656 ], [ 23.8755227, 37.8807532 ] ] ] } },
{ "type": "Feature", "properties": { "@type": "way", "@id": 425931098, "access": null, "addr:city": null, "addr:country": null, "addr:full": null, "addr:housename": null, "addr:housenumber": null, "addr:postcode": null, "addr:street": null, "addr:unit": null, "aeroway": "helipad", "amenity": null, "atm": null, "authentication:app": null, "authentication:membership_card": null, "barrier": null, "bench": null, "brand": null, "brand:el": null, "brand:en": null, "brand:wikidata": null, "brand:wikipedia": null, "building": null, "building:levels": null, "bus": null, "capacity": null, "check_date:shelter": null, "contact:email": null, "contact:fax": null, "contact:phone": null, "contact:website": null, "covered": null, "crossing": null, "crossing:island": null, "crossing:markings": null, "crossing_ref": null, "cuisine": null, "description": null, "direction": null, "dual_carriageway": null, "ele": null, "entrance": null, "fee": null, "fixme": null, "foot": null, "footway": null, "fuel:diesel": null, "fuel:lpg": null, "fuel:octane_100": null, "fuel:octane_95": null, "fuel:octane_98": null, "highway": null, "hoops": null, "int_name": null, "junction": null, "landuse": null, "lanes": null, "layer": null, "leisure": null, "lit": null, "man_made": null, "maxspeed": null, "motorcar": null, "name": null, "name:el": null, "name:en": null, "natural": null, "network": null, "network:el": null, "network:en": null, "network:wikidata": null, "noexit": null, "old_ref": null, "oneway": null, "opening_hours": null, "operator": null, "operator:type": null, "park_ride": null, "parking": null, "parking:fee": null, "payment:app": null, "payment:website": null, "phone": null, "public_transport": null, "ref": null, "ref:EU:EVSE": null, "ref:GR:IDRO": null, "reg_ref": null, "religion": null, "route_ref": null, "service": null, "shelter": null, "shop": null, "short_name": null, "sidewalk": null, "smoothness": null, "socket:type2": null, "socket:type2:output": null, "source": null, "source:reg_ref": null, "sport": null, "surface": null, "tactile_paving": null, "takeaway": null, "tracktype": null, "trade": null, "traffic_signals": null, "turn:lanes": null, "website": null, "label": "aeroway:helipad" }, "geometry": { "type": "Polygon", "coordinates": [ [ [ 23.8473299, 37.890934 ], [ 23.8475525, 37.8908959 ], [ 23.8475445, 37.8907266 ], [ 23.847287, 37.890735 ], [ 23.8473299, 37.890934 ] ] ] } },
{ "type": "Feature", "properties": { "@type": "way", "@id": 425947037, "access": null, "addr:city": null, "addr:country": null, "addr:full": null, "addr:housename": null, "addr:housenumber": null, "addr:postcode": null, "addr:street": null, "addr:unit": null, "aeroway": null, "amenity": null, "atm": null, "authentication:app": null, "authentication:membership_card": null, "barrier": null, "bench": null, "brand": null, "brand:el": null, "brand:en": null, "brand:wikidata": null, "brand:wikipedia": null, "building": null, "building:levels": null, "bus": null, "capacity": null, "check_date:shelter": null, "contact:email": null, "contact:fax": null, "contact:phone": null, "contact:website": null, "covered": null, "crossing": null, "crossing:island": null, "crossing:markings": null, "crossing_ref": null, "cuisine": null, "description": null, "direction": null, "dual_carriageway": null, "ele": null, "entrance": null, "fee": null, "fixme": null, "foot": null, "footway": null, "fuel:diesel": null, "fuel:lpg": null, "fuel:octane_100": null, "fuel:octane_95": null, "fuel:octane_98": null, "highway": null, "hoops": null, "int_name": null, "junction": null, "landuse": null, "lanes": null, "layer": null, "leisure": null, "lit": null, "man_made": null, "maxspeed": null, "motorcar": null, "name": null, "name:el": null, "name:en": null, "natural": "wood", "network": null, "network:el": null, "network:en": null, "network:wikidata": null, "noexit": null, "old_ref": null, "oneway": null, "opening_hours": null, "operator": null, "operator:type": null, "park_ride": null, "parking": null, "parking:fee": null, "payment:app": null, "payment:website": null, "phone": null, "public_transport": null, "ref": null, "ref:EU:EVSE": null, "ref:GR:IDRO": null, "reg_ref": null, "religion": null, "route_ref": null, "service": null, "shelter": null, "shop": null, "short_name": null, "sidewalk": null, "smoothness": null, "socket:type2": null, "socket:type2:output": null, "source": null, "source:reg_ref": null, "sport": null, "surface": null, "tactile_paving": null, "takeaway": null, "tracktype": null, "trade": null, "traffic_signals": null, "turn:lanes": null, "website": null, "label": "natural:wood" }, "geometry": { "type": "Polygon", "coordinates": [ [ [ 23.8492303, 37.8897 ], [ 23.8499683, 37.8900841 ], [ 23.8502842, 37.8902022 ], [ 23.8506217, 37.8900729 ], [ 23.8510206, 37.8899122 ], [ 23.8513053, 37.8893813 ], [ 23.8511321, 37.8890791 ], [ 23.850849, 37.8890321 ], [ 23.8505915, 37.8889558 ], [ 23.8502589, 37.8887188 ], [ 23.8503834, 37.8883589 ], [ 23.8501559, 37.8883107 ], [ 23.849878, 37.8883352 ], [ 23.8497511, 37.8878006 ], [ 23.8492959, 37.887812 ], [ 23.8489714, 37.8892294 ], [ 23.8492303, 37.8897 ] ] ] } },
{ "type": "Feature", "properties": { "@type": "way", "@id": 425947039, "access": null, "addr:city": null, "addr:country": null, "addr:full": null, "addr:housename": null, "addr:housenumber": null, "addr:postcode": null, "addr:street": null, "addr:unit": null, "aeroway": null, "amenity": null, "atm": null, "authentication:app": null, "authentication:membership_card": null, "barrier": null, "bench": null, "brand": null, "brand:el": null, "brand:en": null, "brand:wikidata": null, "brand:wikipedia": null, "building": null, "building:levels": null, "bus": null, "capacity": null, "check_date:shelter": null, "contact:email": null, "contact:fax": null, "contact:phone": null, "contact:website": null, "covered": null, "crossing": null, "crossing:island": null, "crossing:markings": null, "crossing_ref": null, "cuisine": null, "description": null, "direction": null, "dual_carriageway": null, "ele": null, "entrance": null, "fee": null, "fixme": null, "foot": null, "footway": null, "fuel:diesel": null, "fuel:lpg": null, "fuel:octane_100": null, "fuel:octane_95": null, "fuel:octane_98": null, "highway": null, "hoops": null, "int_name": null, "junction": null, "landuse": null, "lanes": null, "layer": null, "leisure": null, "lit": null, "man_made": null, "maxspeed": null, "motorcar": null, "name": null, "name:el": null, "name:en": null, "natural": "wood", "network": null, "network:el": null, "network:en": null, "network:wikidata": null, "noexit": null, "old_ref": null, "oneway": null, "opening_hours": null, "operator": null, "operator:type": null, "park_ride": null, "parking": null, "parking:fee": null, "payment:app": null, "payment:website": null, "phone": null, "public_transport": null, "ref": null, "ref:EU:EVSE": null, "ref:GR:IDRO": null, "reg_ref": null, "religion": null, "route_ref": null, "service": null, "shelter": null, "shop": null, "short_name": null, "sidewalk": null, "smoothness": null, "socket:type2": null, "socket:type2:output": null, "source": null, "source:reg_ref": null, "sport": null, "surface": null, "tactile_paving": null, "takeaway": null, "tracktype": null, "trade": null, "traffic_signals": null, "turn:lanes": null, "website": null, "label": "natural:wood" }, "geometry": { "type": "Polygon", "coordinates": [ [ [ 23.8505835, 37.8905056 ], [ 23.8508892, 37.8906408 ], [ 23.851321, 37.8907974 ], [ 23.8516751, 37.8908948 ], [ 23.852115, 37.890899 ], [ 23.8524422, 37.8906704 ], [ 23.8527104, 37.8904376 ], [ 23.8527104, 37.8902429 ], [ 23.8522115, 37.8902132 ], [ 23.8519004, 37.8901836 ], [ 23.8516751, 37.8903445 ], [ 23.851423, 37.8903699 ], [ 23.8509884, 37.8901751 ], [ 23.8506451, 37.8902048 ], [ 23.8505056, 37.8903487 ], [ 23.8505835, 37.8905056 ] ] ] } },
{ "type": "Feature", "properties": { "@type": "way", "@id": 425947040, "access": null, "addr:city": null, "addr:country": null, "addr:full": null, "addr:housename": null, "addr:housenumber": null, "addr:postcode": null, "addr:street": null, "addr:unit": null, "aeroway": null, "amenity": null, "atm": null, "authentication:app": null, "authentication:membership_card": null, "barrier": null, "bench": null, "brand": null, "brand:el": null, "brand:en": null, "brand:wikidata": null, "brand:wikipedia": null, "building": null, "building:levels": null, "bus": null, "capacity": null, "check_date:shelter": null, "contact:email": null, "contact:fax": null, "contact:phone": null, "contact:website": null, "covered": null, "crossing": null, "crossing:island": null, "crossing:markings": null, "crossing_ref": null, "cuisine": null, "description": null, "direction": null, "dual_carriageway": null, "ele": null, "entrance": null, "fee": null, "fixme": null, "foot": null, "footway": null, "fuel:diesel": null, "fuel:lpg": null, "fuel:octane_100": null, "fuel:octane_95": null, "fuel:octane_98": null, "highway": null, "hoops": null, "int_name": null, "junction": null, "landuse": null, "lanes": null, "layer": null, "leisure": null, "lit": null, "man_made": null, "maxspeed": null, "motorcar": null, "name": null, "name:el": null, "name:en": null, "natural": "scrub", "network": null, "network:el": null, "network:en": null, "network:wikidata": null, "noexit": null, "old_ref": null, "oneway": null, "opening_hours": null, "operator": null, "operator:type": null, "park_ride": null, "parking": null, "parking:fee": null, "payment:app": null, "payment:website": null, "phone": null, "public_transport": null, "ref": null, "ref:EU:EVSE": null, "ref:GR:IDRO": null, "reg_ref": null, "religion": null, "route_ref": null, "service": null, "shelter": null, "shop": null, "short_name": null, "sidewalk": null, "smoothness": null, "socket:type2": null, "socket:type2:output": null, "source": null, "source:reg_ref": null, "sport": null, "surface": null, "tactile_paving": null, "takeaway": null, "tracktype": null, "trade": null, "traffic_signals": null, "turn:lanes": null, "website": null, "label": "natural:scrub" }, "geometry": { "type": "Polygon", "coordinates": [ [ [ 23.8476732, 37.8922665 ], [ 23.8478744, 37.8923236 ], [ 23.8483304, 37.8923469 ], [ 23.8488507, 37.8923003 ], [ 23.8488561, 37.8922072 ], [ 23.8489124, 37.8921056 ], [ 23.8485664, 37.8920336 ], [ 23.8483331, 37.8919447 ], [ 23.8482338, 37.8918389 ], [ 23.8481104, 37.8918135 ], [ 23.8480461, 37.8917542 ], [ 23.8480326, 37.8916674 ], [ 23.8480568, 37.8915785 ], [ 23.8481319, 37.8914917 ], [ 23.8484377, 37.8911573 ], [ 23.8485074, 37.8910663 ], [ 23.8485289, 37.8909816 ], [ 23.8485181, 37.8909033 ], [ 23.8484269, 37.8909816 ], [ 23.8482848, 37.8910599 ], [ 23.8481936, 37.8911425 ], [ 23.8481399, 37.8912568 ], [ 23.8480943, 37.8913711 ], [ 23.8480434, 37.8914558 ], [ 23.847979, 37.8914875 ], [ 23.8475794, 37.8915002 ], [ 23.847287, 37.8915235 ], [ 23.8471127, 37.891623 ], [ 23.8469544, 37.891769 ], [ 23.8476732, 37.8922665 ] ] ] } },
{ "type": "Feature", "properties": { "@type": "way", "@id": 425947045, "access": null, "addr:city": null, "addr:country": null, "addr:full": null, "addr:housename": null, "addr:housenumber": null, "addr:postcode": null, "addr:street": null, "addr:unit": null, "aeroway": null, "amenity": null, "atm": null, "authentication:app": null, "authentication:membership_card": null, "barrier": null, "bench": null, "brand": null, "brand:el": null, "brand:en": null, "brand:wikidata": null, "brand:wikipedia": null, "building": "yes", "building:levels": null, "bus": null, "capacity": null, "check_date:shelter": null, "contact:email": null, "contact:fax": null, "contact:phone": null, "contact:website": null, "covered": null, "crossing": null, "crossing:island": null, "crossing:markings": null, "crossing_ref": null, "cuisine": null, "description": null, "direction": null, "dual_carriageway": null, "ele": null, "entrance": null, "fee": null, "fixme": null, "foot": null, "footway": null, "fuel:diesel": null, "fuel:lpg": null, "fuel:octane_100": null, "fuel:octane_95": null, "fuel:octane_98": null, "highway": null, "hoops": null, "int_name": null, "junction": null, "landuse": null, "lanes": null, "layer": null, "leisure": null, "lit": null, "man_made": null, "maxspeed": null, "motorcar": null, "name": null, "name:el": null, "name:en": null, "natural": null, "network": null, "network:el": null, "network:en": null, "network:wikidata": null, "noexit": null, "old_ref": null, "oneway": null, "opening_hours": null, "operator": null, "operator:type": null, "park_ride": null, "parking": null, "parking:fee": null, "payment:app": null, "payment:website": null, "phone": null, "public_transport": null, "ref": null, "ref:EU:EVSE": null, "ref:GR:IDRO": null, "reg_ref": null, "religion": null, "route_ref": null, "service": null, "shelter": null, "shop": null, "short_name": null, "sidewalk": null, "smoothness": null, "socket:type2": null, "socket:type2:output": null, "source": null, "source:reg_ref": null, "sport": null, "surface": null, "tactile_paving": null, "takeaway": null, "tracktype": null, "trade": null, "traffic_signals": null, "turn:lanes": null, "website": null, "label": "building:yes" }, "geometry": { "type": "Polygon", "coordinates": [ [ [ 23.8467286, 37.8905969 ], [ 23.8467438, 37.8905631 ], [ 23.8467115, 37.890554 ], [ 23.8466962, 37.8905878 ], [ 23.8467286, 37.8905969 ] ] ] } },
{ "type": "Feature", "properties": { "@type": "way", "@id": 425947046, "access": null, "addr:city": null, "addr:country": null, "addr:full": null, "addr:housename": null, "addr:housenumber": null, "addr:postcode": null, "addr:street": null, "addr:unit": null, "aeroway": null, "amenity": null, "atm": null, "authentication:app": null, "authentication:membership_card": null, "barrier": null, "bench": null, "brand": null, "brand:el": null, "brand:en": null, "brand:wikidata": null, "brand:wikipedia": null, "building": "yes", "building:levels": null, "bus": null, "capacity": null, "check_date:shelter": null, "contact:email": null, "contact:fax": null, "contact:phone": null, "contact:website": null, "covered": null, "crossing": null, "crossing:island": null, "crossing:markings": null, "crossing_ref": null, "cuisine": null, "description": null, "direction": null, "dual_carriageway": null, "ele": null, "entrance": null, "fee": null, "fixme": null, "foot": null, "footway": null, "fuel:diesel": null, "fuel:lpg": null, "fuel:octane_100": null, "fuel:octane_95": null, "fuel:octane_98": null, "highway": null, "hoops": null, "int_name": null, "junction": null, "landuse": null, "lanes": null, "layer": null, "leisure": null, "lit": null, "man_made": null, "maxspeed": null, "motorcar": null, "name": null, "name:el": null, "name:en": null, "natural": null, "network": null, "network:el": null, "network:en": null, "network:wikidata": null, "noexit": null, "old_ref": null, "oneway": null, "opening_hours": null, "operator": null, "operator:type": null, "park_ride": null, "parking": null, "parking:fee": null, "payment:app": null, "payment:website": null, "phone": null, "public_transport": null, "ref": null, "ref:EU:EVSE": null, "ref:GR:IDRO": null, "reg_ref": null, "religion": null, "route_ref": null, "service": null, "shelter": null, "shop": null, "short_name": null, "sidewalk": null, "smoothness": null, "socket:type2": null, "socket:type2:output": null, "source": null, "source:reg_ref": null, "sport": null, "surface": null, "tactile_paving": null, "takeaway": null, "tracktype": null, "trade": null, "traffic_signals": null, "turn:lanes": null, "website": null, "label": "building:yes" }, "geometry": { "type": "Polygon", "coordinates": [ [ [ 23.846973, 37.891244 ], [ 23.8469904, 37.8912225 ], [ 23.846962, 37.8912082 ], [ 23.8469446, 37.8912297 ], [ 23.846973, 37.891244 ] ] ] } },
{ "type": "Feature", "properties": { "@type": "way", "@id": 425947051, "access": null, "addr:city": null, "addr:country": null, "addr:full": null, "addr:housename": null, "addr:housenumber": null, "addr:postcode": null, "addr:street": null, "addr:unit": null, "aeroway": null, "amenity": null, "atm": null, "authentication:app": null, "authentication:membership_card": null, "barrier": null, "bench": null, "brand": null, "brand:el": null, "brand:en": null, "brand:wikidata": null, "brand:wikipedia": null, "building": null, "building:levels": null, "bus": null, "capacity": null, "check_date:shelter": null, "contact:email": null, "contact:fax": null, "contact:phone": null, "contact:website": null, "covered": null, "crossing": null, "crossing:island": null, "crossing:markings": null, "crossing_ref": null, "cuisine": null, "description": null, "direction": null, "dual_carriageway": null, "ele": null, "entrance": null, "fee": null, "fixme": null, "foot": null, "footway": null, "fuel:diesel": null, "fuel:lpg": null, "fuel:octane_100": null, "fuel:octane_95": null, "fuel:octane_98": null, "highway": null, "hoops": null, "int_name": null, "junction": null, "landuse": "military", "lanes": null, "layer": null, "leisure": null, "lit": null, "man_made": null, "maxspeed": null, "motorcar": null, "name": null, "name:el": null, "name:en": null, "natural": null, "network": null, "network:el": null, "network:en": null, "network:wikidata": null, "noexit": null, "old_ref": null, "oneway": null, "opening_hours": null, "operator": null, "operator:type": null, "park_ride": null, "parking": null, "parking:fee": null, "payment:app": null, "payment:website": null, "phone": null, "public_transport": null, "ref": null, "ref:EU:EVSE": null, "ref:GR:IDRO": null, "reg_ref": null, "religion": null, "route_ref": null, "service": null, "shelter": null, "shop": null, "short_name": null, "sidewalk": null, "smoothness": null, "socket:type2": null, "socket:type2:output": null, "source": "Bing (2016-06-19)", "source:reg_ref": null, "sport": null, "surface": null, "tactile_paving": null, "takeaway": null, "tracktype": null, "trade": null, "traffic_signals": null, "turn:lanes": null, "website": null, "label": "landuse:military" }, "geometry": { "type": "Polygon", "coordinates": [ [ [ 23.8469785, 37.8918495 ], [ 23.8477591, 37.8923949 ], [ 23.8478556, 37.892457 ], [ 23.8494167, 37.8923321 ], [ 23.849635, 37.8921949 ], [ 23.8503125, 37.8916971 ], [ 23.8504444, 37.8914555 ], [ 23.8508892, 37.8906408 ], [ 23.8505835, 37.8905056 ], [ 23.8500228, 37.8902577 ], [ 23.8483518, 37.8897073 ], [ 23.8480729, 37.88952 ], [ 23.8483626, 37.8884849 ], [ 23.848325, 37.8883282 ], [ 23.8486925, 37.8882076 ], [ 23.8494448, 37.8874815 ], [ 23.8494426, 37.8874269 ], [ 23.8494851, 37.886694 ], [ 23.8494582, 37.8865649 ], [ 23.8493992, 37.8864569 ], [ 23.8492866, 37.8863553 ], [ 23.8491534, 37.8862837 ], [ 23.8482007, 37.8860492 ], [ 23.8480758, 37.8860574 ], [ 23.8471731, 37.8865702 ], [ 23.8471842, 37.8874885 ], [ 23.8475633, 37.8879546 ], [ 23.8475257, 37.8881599 ], [ 23.8475445, 37.8888945 ], [ 23.8475096, 37.8891464 ], [ 23.8470751, 37.8891908 ], [ 23.8469464, 37.8892183 ], [ 23.8468498, 37.8892734 ], [ 23.8465708, 37.8896967 ], [ 23.8464314, 37.8896777 ], [ 23.846249, 37.8896036 ], [ 23.845754751940998, 37.889466651473604 ], [ 23.845754751940998, 37.892106730198471 ], [ 23.8469785, 37.8918495 ] ] ] } },
{ "type": "Feature", "properties": { "@type": "way", "@id": 444600857, "access": null, "addr:city": null, "addr:country": null, "addr:full": null, "addr:housename": null, "addr:housenumber": null, "addr:postcode": null, "addr:street": null, "addr:unit": null, "aeroway": null, "amenity": null, "atm": null, "authentication:app": null, "authentication:membership_card": null, "barrier": null, "bench": null, "brand": null, "brand:el": null, "brand:en": null, "brand:wikidata": null, "brand:wikipedia": null, "building": null, "building:levels": null, "bus": null, "capacity": null, "check_date:shelter": null, "contact:email": null, "contact:fax": null, "contact:phone": null, "contact:website": null, "covered": null, "crossing": null, "crossing:island": null, "crossing:markings": null, "crossing_ref": null, "cuisine": null, "description": null, "direction": null, "dual_carriageway": null, "ele": null, "entrance": null, "fee": null, "fixme": null, "foot": null, "footway": null, "fuel:diesel": null, "fuel:lpg": null, "fuel:octane_100": null, "fuel:octane_95": null, "fuel:octane_98": null, "highway": null, "hoops": null, "int_name": null, "junction": null, "landuse": "industrial", "lanes": null, "layer": null, "leisure": null, "lit": null, "man_made": null, "maxspeed": null, "motorcar": null, "name": null, "name:el": null, "name:en": null, "natural": null, "network": null, "network:el": null, "network:en": null, "network:wikidata": null, "noexit": null, "old_ref": null, "oneway": null, "opening_hours": null, "operator": null, "operator:type": null, "park_ride": null, "parking": null, "parking:fee": null, "payment:app": null, "payment:website": null, "phone": null, "public_transport": null, "ref": null, "ref:EU:EVSE": null, "ref:GR:IDRO": null, "reg_ref": null, "religion": null, "route_ref": null, "service": null, "shelter": null, "shop": null, "short_name": null, "sidewalk": null, "smoothness": null, "socket:type2": null, "socket:type2:output": null, "source": null, "source:reg_ref": null, "sport": null, "surface": null, "tactile_paving": null, "takeaway": null, "tracktype": null, "trade": null, "traffic_signals": null, "turn:lanes": null, "website": null, "label": "landuse:industrial" }, "geometry": { "type": "Polygon", "coordinates": [ [ [ 23.8751137, 37.8763468 ], [ 23.8752112, 37.8764872 ], [ 23.8753247, 37.8766351 ], [ 23.87572305575911, 37.876500140972361 ], [ 23.87572305575911, 37.876114370037342 ], [ 23.8751137, 37.8763468 ] ] ] } },
{ "type": "Feature", "properties": { "@type": "way", "@id": 444600858, "access": null, "addr:city": null, "addr:country": null, "addr:full": null, "addr:housename": null, "addr:housenumber": null, "addr:postcode": null, "addr:street": null, "addr:unit": null, "aeroway": null, "amenity": null, "atm": null, "authentication:app": null, "authentication:membership_card": null, "barrier": null, "bench": null, "brand": null, "brand:el": null, "brand:en": null, "brand:wikidata": null, "brand:wikipedia": null, "building": null, "building:levels": null, "bus": null, "capacity": null, "check_date:shelter": null, "contact:email": null, "contact:fax": null, "contact:phone": null, "contact:website": null, "covered": null, "crossing": null, "crossing:island": null, "crossing:markings": null, "crossing_ref": null, "cuisine": null, "description": null, "direction": null, "dual_carriageway": null, "ele": null, "entrance": null, "fee": null, "fixme": null, "foot": null, "footway": null, "fuel:diesel": null, "fuel:lpg": null, "fuel:octane_100": null, "fuel:octane_95": null, "fuel:octane_98": null, "highway": null, "hoops": null, "int_name": null, "junction": null, "landuse": "farmland", "lanes": null, "layer": null, "leisure": null, "lit": null, "man_made": null, "maxspeed": null, "motorcar": null, "name": null, "name:el": null, "name:en": null, "natural": null, "network": null, "network:el": null, "network:en": null, "network:wikidata": null, "noexit": null, "old_ref": null, "oneway": null, "opening_hours": null, "operator": null, "operator:type": null, "park_ride": null, "parking": null, "parking:fee": null, "payment:app": null, "payment:website": null, "phone": null, "public_transport": null, "ref": null, "ref:EU:EVSE": null, "ref:GR:IDRO": null, "reg_ref": null, "religion": null, "route_ref": null, "service": null, "shelter": null, "shop": null, "short_name": null, "sidewalk": null, "smoothness": null, "socket:type2": null, "socket:type2:output": null, "source": null, "source:reg_ref": null, "sport": null, "surface": null, "tactile_paving": null, "takeaway": null, "tracktype": null, "trade": null, "traffic_signals": null, "turn:lanes": null, "website": null, "label": "landuse:farmland" }, "geometry": { "type": "Polygon", "coordinates": [ [ [ 23.8743168, 37.8780619 ], [ 23.8743308, 37.8781977 ], [ 23.8743666, 37.8782899 ], [ 23.8744453, 37.878431 ], [ 23.8750937, 37.8781393 ], [ 23.8750651, 37.8780923 ], [ 23.87572305575911, 37.877760948257212 ], [ 23.87572305575911, 37.87731756232278 ], [ 23.8743168, 37.8780619 ] ] ] } },
{ "type": "Feature", "properties": { "@type": "way", "@id": 444600859, "access": null, "addr:city": null, "addr:country": null, "addr:full": null, "addr:housename": null, "addr:housenumber": null, "addr:postcode": null, "addr:street": null, "addr:unit": null, "aeroway": null, "amenity": null, "atm": null, "authentication:app": null, "authentication:membership_card": null, "barrier": null, "bench": null, "brand": null, "brand:el": null, "brand:en": null, "brand:wikidata": null, "brand:wikipedia": null, "building": null, "building:levels": null, "bus": null, "capacity": null, "check_date:shelter": null, "contact:email": null, "contact:fax": null, "contact:phone": null, "contact:website": null, "covered": null, "crossing": null, "crossing:island": null, "crossing:markings": null, "crossing_ref": null, "cuisine": null, "description": null, "direction": null, "dual_carriageway": null, "ele": null, "entrance": null, "fee": null, "fixme": null, "foot": null, "footway": null, "fuel:diesel": null, "fuel:lpg": null, "fuel:octane_100": null, "fuel:octane_95": null, "fuel:octane_98": null, "highway": null, "hoops": null, "int_name": null, "junction": null, "landuse": "industrial", "lanes": null, "layer": null, "leisure": null, "lit": null, "man_made": null, "maxspeed": null, "motorcar": null, "name": null, "name:el": null, "name:en": null, "natural": null, "network": null, "network:el": null, "network:en": null, "network:wikidata": null, "noexit": null, "old_ref": null, "oneway": null, "opening_hours": null, "operator": null, "operator:type": null, "park_ride": null, "parking": null, "parking:fee": null, "payment:app": null, "payment:website": null, "phone": null, "public_transport": null, "ref": null, "ref:EU:EVSE": null, "ref:GR:IDRO": null, "reg_ref": null, "religion": null, "route_ref": null, "service": null, "shelter": null, "shop": null, "short_name": null, "sidewalk": null, "smoothness": null, "socket:type2": null, "socket:type2:output": null, "source": null, "source:reg_ref": null, "sport": null, "surface": null, "tactile_paving": null, "takeaway": null, "tracktype": null, "trade": null, "traffic_signals": null, "turn:lanes": null, "website": null, "label": "landuse:industrial" }, "geometry": { "type": "Polygon", "coordinates": [ [ [ 23.8756273, 37.8769484 ], [ 23.87572305575911, 37.877074976616321 ], [ 23.87572305575911, 37.876943476490673 ], [ 23.8756273, 37.8769484 ] ] ] } },
{ "type": "Feature", "properties": { "@type": "way", "@id": 444600860, "access": null, "addr:city": null, "addr:country": null, "addr:full": null, "addr:housename": null, "addr:housenumber": null, "addr:postcode": null, "addr:street": null, "addr:unit": null, "aeroway": null, "amenity": null, "atm": null, "authentication:app": null, "authentication:membership_card": null, "barrier": null, "bench": null, "brand": null, "brand:el": null, "brand:en": null, "brand:wikidata": null, "brand:wikipedia": null, "building": null, "building:levels": null, "bus": null, "capacity": null, "check_date:shelter": null, "contact:email": null, "contact:fax": null, "contact:phone": null, "contact:website": null, "covered": null, "crossing": null, "crossing:island": null, "crossing:markings": null, "crossing_ref": null, "cuisine": null, "description": null, "direction": null, "dual_carriageway": null, "ele": null, "entrance": null, "fee": null, "fixme": null, "foot": null, "footway": null, "fuel:diesel": null, "fuel:lpg": null, "fuel:octane_100": null, "fuel:octane_95": null, "fuel:octane_98": null, "highway": null, "hoops": null, "int_name": null, "junction": null, "landuse": null, "lanes": null, "layer": null, "leisure": null, "lit": null, "man_made": null, "maxspeed": null, "motorcar": null, "name": null, "name:el": null, "name:en": null, "natural": "scrub", "network": null, "network:el": null, "network:en": null, "network:wikidata": null, "noexit": null, "old_ref": null, "oneway": null, "opening_hours": null, "operator": null, "operator:type": null, "park_ride": null, "parking": null, "parking:fee": null, "payment:app": null, "payment:website": null, "phone": null, "public_transport": null, "ref": null, "ref:EU:EVSE": null, "ref:GR:IDRO": null, "reg_ref": null, "religion": null, "route_ref": null, "service": null, "shelter": null, "shop": null, "short_name": null, "sidewalk": null, "smoothness": null, "socket:type2": null, "socket:type2:output": null, "source": null, "source:reg_ref": null, "sport": null, "surface": null, "tactile_paving": null, "takeaway": null, "tracktype": null, "trade": null, "traffic_signals": null, "turn:lanes": null, "website": null, "label": "natural:scrub" }, "geometry": { "type": "Polygon", "coordinates": [ [ [ 23.8753247, 37.8766351 ], [ 23.8755046, 37.8768689 ], [ 23.8756273, 37.8769484 ], [ 23.87572305575911, 37.876943476490673 ], [ 23.87572305575911, 37.876500140972361 ], [ 23.8753247, 37.8766351 ] ] ] } },
{ "type": "Feature", "properties": { "@type": "way", "@id": 444604171, "access": null, "addr:city": null, "addr:country": null, "addr:full": null, "addr:housename": null, "addr:housenumber": null, "addr:postcode": null, "addr:street": null, "addr:unit": null, "aeroway": null, "amenity": null, "atm": null, "authentication:app": null, "authentication:membership_card": null, "barrier": null, "bench": null, "brand": null, "brand:el": null, "brand:en": null, "brand:wikidata": null, "brand:wikipedia": null, "building": null, "building:levels": null, "bus": null, "capacity": null, "check_date:shelter": null, "contact:email": null, "contact:fax": null, "contact:phone": null, "contact:website": null, "covered": null, "crossing": null, "crossing:island": null, "crossing:markings": null, "crossing_ref": null, "cuisine": null, "description": null, "direction": null, "dual_carriageway": null, "ele": null, "entrance": null, "fee": null, "fixme": null, "foot": null, "footway": null, "fuel:diesel": null, "fuel:lpg": null, "fuel:octane_100": null, "fuel:octane_95": null, "fuel:octane_98": null, "highway": null, "hoops": null, "int_name": null, "junction": null, "landuse": "industrial", "lanes": null, "layer": null, "leisure": null, "lit": null, "man_made": null, "maxspeed": null, "motorcar": null, "name": null, "name:el": null, "name:en": null, "natural": null, "network": null, "network:el": null, "network:en": null, "network:wikidata": null, "noexit": null, "old_ref": null, "oneway": null, "opening_hours": null, "operator": null, "operator:type": null, "park_ride": null, "parking": null, "parking:fee": null, "payment:app": null, "payment:website": null, "phone": null, "public_transport": null, "ref": null, "ref:EU:EVSE": null, "ref:GR:IDRO": null, "reg_ref": null, "religion": null, "route_ref": null, "service": null, "shelter": null, "shop": null, "short_name": null, "sidewalk": null, "smoothness": null, "socket:type2": null, "socket:type2:output": null, "source": null, "source:reg_ref": null, "sport": null, "surface": null, "tactile_paving": null, "takeaway": null, "tracktype": null, "trade": null, "traffic_signals": null, "turn:lanes": null, "website": null, "label": "landuse:industrial" }, "geometry": { "type": "Polygon", "coordinates": [ [ [ 23.8727746, 37.8735469 ], [ 23.8726875, 37.8733492 ], [ 23.8723035, 37.8734889 ], [ 23.8724614, 37.8739081 ], [ 23.8752094, 37.8735835 ], [ 23.875100810953562, 37.873309236916491 ], [ 23.873613228135511, 37.873309236916491 ], [ 23.8727746, 37.8735469 ] ] ] } },
{ "type": "Feature", "properties": { "@type": "way", "@id": 444604172, "access": null, "addr:city": null, "addr:country": null, "addr:full": null, "addr:housename": null, "addr:housenumber": null, "addr:postcode": null, "addr:street": null, "addr:unit": null, "aeroway": null, "amenity": null, "atm": null, "authentication:app": null, "authentication:membership_card": null, "barrier": null, "bench": null, "brand": null, "brand:el": null, "brand:en": null, "brand:wikidata": null, "brand:wikipedia": null, "building": null, "building:levels": null, "bus": null, "capacity": null, "check_date:shelter": null, "contact:email": null, "contact:fax": null, "contact:phone": null, "contact:website": null, "covered": null, "crossing": null, "crossing:island": null, "crossing:markings": null, "crossing_ref": null, "cuisine": null, "description": null, "direction": null, "dual_carriageway": null, "ele": null, "entrance": null, "fee": null, "fixme": null, "foot": null, "footway": null, "fuel:diesel": null, "fuel:lpg": null, "fuel:octane_100": null, "fuel:octane_95": null, "fuel:octane_98": null, "highway": null, "hoops": null, "int_name": null, "junction": null, "landuse": "industrial", "lanes": null, "layer": null, "leisure": null, "lit": null, "man_made": null, "maxspeed": null, "motorcar": null, "name": null, "name:el": null, "name:en": null, "natural": null, "network": null, "network:el": null, "network:en": null, "network:wikidata": null, "noexit": null, "old_ref": null, "oneway": null, "opening_hours": null, "operator": null, "operator:type": null, "park_ride": null, "parking": null, "parking:fee": null, "payment:app": null, "payment:website": null, "phone": null, "public_transport": null, "ref": null, "ref:EU:EVSE": null, "ref:GR:IDRO": null, "reg_ref": null, "religion": null, "route_ref": null, "service": null, "shelter": null, "shop": null, "short_name": null, "sidewalk": null, "smoothness": null, "socket:type2": null, "socket:type2:output": null, "source": null, "source:reg_ref": null, "sport": null, "surface": null, "tactile_paving": null, "takeaway": null, "tracktype": null, "trade": null, "traffic_signals": null, "turn:lanes": null, "website": null, "label": "landuse:industrial" }, "geometry": { "type": "Polygon", "coordinates": [ [ [ 23.8752094, 37.8735835 ], [ 23.8752802, 37.8735684 ], [ 23.8752666, 37.8735448 ], [ 23.87572305575911, 37.873452386475719 ], [ 23.87572305575911, 37.873309236916491 ], [ 23.875100810953562, 37.873309236916491 ], [ 23.8752094, 37.8735835 ] ] ] } },
{ "type": "Feature", "properties": { "@type": "way", "@id": 444604173, "access": null, "addr:city": null, "addr:country": null, "addr:full": null, "addr:housename": null, "addr:housenumber": null, "addr:postcode": null, "addr:street": null, "addr:unit": null, "aeroway": null, "amenity": null, "atm": null, "authentication:app": null, "authentication:membership_card": null, "barrier": null, "bench": null, "brand": null, "brand:el": null, "brand:en": null, "brand:wikidata": null, "brand:wikipedia": null, "building": null, "building:levels": null, "bus": null, "capacity": null, "check_date:shelter": null, "contact:email": null, "contact:fax": null, "contact:phone": null, "contact:website": null, "covered": null, "crossing": null, "crossing:island": null, "crossing:markings": null, "crossing_ref": null, "cuisine": null, "description": null, "direction": null, "dual_carriageway": null, "ele": null, "entrance": null, "fee": null, "fixme": null, "foot": null, "footway": null, "fuel:diesel": null, "fuel:lpg": null, "fuel:octane_100": null, "fuel:octane_95": null, "fuel:octane_98": null, "highway": null, "hoops": null, "int_name": null, "junction": null, "landuse": "industrial", "lanes": null, "layer": null, "leisure": null, "lit": null, "man_made": null, "maxspeed": null, "motorcar": null, "name": null, "name:el": null, "name:en": null, "natural": null, "network": null, "network:el": null, "network:en": null, "network:wikidata": null, "noexit": null, "old_ref": null, "oneway": null, "opening_hours": null, "operator": null, "operator:type": null, "park_ride": null, "parking": null, "parking:fee": null, "payment:app": null, "payment:website": null, "phone": null, "public_transport": null, "ref": null, "ref:EU:EVSE": null, "ref:GR:IDRO": null, "reg_ref": null, "religion": null, "route_ref": null, "service": null, "shelter": null, "shop": null, "short_name": null, "sidewalk": null, "smoothness": null, "socket:type2": null, "socket:type2:output": null, "source": null, "source:reg_ref": null, "sport": null, "surface": null, "tactile_paving": null, "takeaway": null, "tracktype": null, "trade": null, "traffic_signals": null, "turn:lanes": null, "website": null, "label": "landuse:industrial" }, "geometry": { "type": "Polygon", "coordinates": [ [ [ 23.8722621, 37.8733397 ], [ 23.872349848244539, 37.873309236916491 ], [ 23.872253204222623, 37.873309236916491 ], [ 23.8722621, 37.8733397 ] ] ] } },
{ "type": "Feature", "properties": { "@type": "way", "@id": 444604174, "access": null, "addr:city": null, "addr:country": null, "addr:full": null, "addr:housename": null, "addr:housenumber": null, "addr:postcode": null, "addr:street": null, "addr:unit": null, "aeroway": null, "amenity": null, "atm": null, "authentication:app": null, "authentication:membership_card": null, "barrier": null, "bench": null, "brand": null, "brand:el": null, "brand:en": null, "brand:wikidata": null, "brand:wikipedia": null, "building": null, "building:levels": null, "bus": null, "capacity": null, "check_date:shelter": null, "contact:email": null, "contact:fax": null, "contact:phone": null, "contact:website": null, "covered": null, "crossing": null, "crossing:island": null, "crossing:markings": null, "crossing_ref": null, "cuisine": null, "description": null, "direction": null, "dual_carriageway": null, "ele": null, "entrance": null, "fee": null, "fixme": null, "foot": null, "footway": null, "fuel:diesel": null, "fuel:lpg": null, "fuel:octane_100": null, "fuel:octane_95": null, "fuel:octane_98": null, "highway": null, "hoops": null, "int_name": null, "junction": null, "landuse": "industrial", "lanes": null, "layer": null, "leisure": null, "lit": null, "man_made": null, "maxspeed": null, "motorcar": null, "name": null, "name:el": null, "name:en": null, "natural": null, "network": null, "network:el": null, "network:en": null, "network:wikidata": null, "noexit": null, "old_ref": null, "oneway": null, "opening_hours": null, "operator": null, "operator:type": null, "park_ride": null, "parking": null, "parking:fee": null, "payment:app": null, "payment:website": null, "phone": null, "public_transport": null, "ref": null, "ref:EU:EVSE": null, "ref:GR:IDRO": null, "reg_ref": null, "religion": null, "route_ref": null, "service": null, "shelter": null, "shop": null, "short_name": null, "sidewalk": null, "smoothness": null, "socket:type2": null, "socket:type2:output": null, "source": null, "source:reg_ref": null, "sport": null, "surface": null, "tactile_paving": null, "takeaway": null, "tracktype": null, "trade": null, "traffic_signals": null, "turn:lanes": null, "website": null, "label": "landuse:industrial" }, "geometry": { "type": "Polygon", "coordinates": [ [ [ 23.8713609, 37.8738055 ], [ 23.8715415, 37.8745741 ], [ 23.8725229, 37.8744833 ], [ 23.8721719, 37.873532 ], [ 23.8720755, 37.8735475 ], [ 23.8720474, 37.8734486 ], [ 23.8718407, 37.8734996 ], [ 23.8713192, 37.8736281 ], [ 23.8713609, 37.8738055 ] ] ] } },
{ "type": "Feature", "properties": { "@type": "way", "@id": 444604175, "access": null, "addr:city": null, "addr:country": null, "addr:full": null, "addr:housename": null, "addr:housenumber": null, "addr:postcode": null, "addr:street": null, "addr:unit": null, "aeroway": null, "amenity": null, "atm": null, "authentication:app": null, "authentication:membership_card": null, "barrier": null, "bench": null, "brand": null, "brand:el": null, "brand:en": null, "brand:wikidata": null, "brand:wikipedia": null, "building": null, "building:levels": null, "bus": null, "capacity": null, "check_date:shelter": null, "contact:email": null, "contact:fax": null, "contact:phone": null, "contact:website": null, "covered": null, "crossing": null, "crossing:island": null, "crossing:markings": null, "crossing_ref": null, "cuisine": null, "description": null, "direction": null, "dual_carriageway": null, "ele": null, "entrance": null, "fee": null, "fixme": null, "foot": null, "footway": null, "fuel:diesel": null, "fuel:lpg": null, "fuel:octane_100": null, "fuel:octane_95": null, "fuel:octane_98": null, "highway": null, "hoops": null, "int_name": null, "junction": null, "landuse": "industrial", "lanes": null, "layer": null, "leisure": null, "lit": null, "man_made": null, "maxspeed": null, "motorcar": null, "name": null, "name:el": null, "name:en": null, "natural": null, "network": null, "network:el": null, "network:en": null, "network:wikidata": null, "noexit": null, "old_ref": null, "oneway": null, "opening_hours": null, "operator": null, "operator:type": null, "park_ride": null, "parking": null, "parking:fee": null, "payment:app": null, "payment:website": null, "phone": null, "public_transport": null, "ref": null, "ref:EU:EVSE": null, "ref:GR:IDRO": null, "reg_ref": null, "religion": null, "route_ref": null, "service": null, "shelter": null, "shop": null, "short_name": null, "sidewalk": null, "smoothness": null, "socket:type2": null, "socket:type2:output": null, "source": null, "source:reg_ref": null, "sport": null, "surface": null, "tactile_paving": null, "takeaway": null, "tracktype": null, "trade": null, "traffic_signals": null, "turn:lanes": null, "website": null, "label": "landuse:industrial" }, "geometry": { "type": "Polygon", "coordinates": [ [ [ 23.8709896, 37.8733579 ], [ 23.8711122, 37.8738762 ], [ 23.8713609, 37.8738055 ], [ 23.8713192, 37.8736281 ], [ 23.8718407, 37.8734996 ], [ 23.871785534654649, 37.873309236916491 ], [ 23.871082049370933, 37.873309236916491 ], [ 23.8709896, 37.8733579 ] ] ] } },
{ "type": "Feature", "properties": { "@type": "way", "@id": 444604178, "access": null, "addr:city": null, "addr:country": null, "addr:full": null, "addr:housename": null, "addr:housenumber": null, "addr:postcode": null, "addr:street": null, "addr:unit": null, "aeroway": null, "amenity": null, "atm": null, "authentication:app": null, "authentication:membership_card": null, "barrier": null, "bench": null, "brand": null, "brand:el": null, "brand:en": null, "brand:wikidata": null, "brand:wikipedia": null, "building": null, "building:levels": null, "bus": null, "capacity": null, "check_date:shelter": null, "contact:email": null, "contact:fax": null, "contact:phone": null, "contact:website": null, "covered": null, "crossing": null, "crossing:island": null, "crossing:markings": null, "crossing_ref": null, "cuisine": null, "description": null, "direction": null, "dual_carriageway": null, "ele": null, "entrance": null, "fee": null, "fixme": null, "foot": null, "footway": null, "fuel:diesel": null, "fuel:lpg": null, "fuel:octane_100": null, "fuel:octane_95": null, "fuel:octane_98": null, "highway": null, "hoops": null, "int_name": null, "junction": null, "landuse": "orchard", "lanes": null, "layer": null, "leisure": null, "lit": null, "man_made": null, "maxspeed": null, "motorcar": null, "name": null, "name:el": null, "name:en": null, "natural": null, "network": null, "network:el": null, "network:en": null, "network:wikidata": null, "noexit": null, "old_ref": null, "oneway": null, "opening_hours": null, "operator": null, "operator:type": null, "park_ride": null, "parking": null, "parking:fee": null, "payment:app": null, "payment:website": null, "phone": null, "public_transport": null, "ref": null, "ref:EU:EVSE": null, "ref:GR:IDRO": null, "reg_ref": null, "religion": null, "route_ref": null, "service": null, "shelter": null, "shop": null, "short_name": null, "sidewalk": null, "smoothness": null, "socket:type2": null, "socket:type2:output": null, "source": null, "source:reg_ref": null, "sport": null, "surface": null, "tactile_paving": null, "takeaway": null, "tracktype": null, "trade": null, "traffic_signals": null, "turn:lanes": null, "website": null, "label": "landuse:orchard" }, "geometry": { "type": "Polygon", "coordinates": [ [ [ 23.8712809, 37.8745963 ], [ 23.8715415, 37.8745741 ], [ 23.8713609, 37.8738055 ], [ 23.8711122, 37.8738762 ], [ 23.8712809, 37.8745963 ] ] ] } },
{ "type": "Feature", "properties": { "@type": "way", "@id": 444609628, "access": null, "addr:city": null, "addr:country": null, "addr:full": null, "addr:housename": null, "addr:housenumber": null, "addr:postcode": null, "addr:street": null, "addr:unit": null, "aeroway": null, "amenity": null, "atm": null, "authentication:app": null, "authentication:membership_card": null, "barrier": null, "bench": null, "brand": null, "brand:el": null, "brand:en": null, "brand:wikidata": null, "brand:wikipedia": null, "building": null, "building:levels": null, "bus": null, "capacity": null, "check_date:shelter": null, "contact:email": null, "contact:fax": null, "contact:phone": null, "contact:website": null, "covered": null, "crossing": null, "crossing:island": null, "crossing:markings": null, "crossing_ref": null, "cuisine": null, "description": null, "direction": null, "dual_carriageway": null, "ele": null, "entrance": null, "fee": null, "fixme": null, "foot": null, "footway": null, "fuel:diesel": null, "fuel:lpg": null, "fuel:octane_100": null, "fuel:octane_95": null, "fuel:octane_98": null, "highway": null, "hoops": null, "int_name": null, "junction": null, "landuse": "industrial", "lanes": null, "layer": null, "leisure": null, "lit": null, "man_made": null, "maxspeed": null, "motorcar": null, "name": null, "name:el": null, "name:en": null, "natural": null, "network": null, "network:el": null, "network:en": null, "network:wikidata": null, "noexit": null, "old_ref": null, "oneway": null, "opening_hours": null, "operator": null, "operator:type": null, "park_ride": null, "parking": null, "parking:fee": null, "payment:app": null, "payment:website": null, "phone": null, "public_transport": null, "ref": null, "ref:EU:EVSE": null, "ref:GR:IDRO": null, "reg_ref": null, "religion": null, "route_ref": null, "service": null, "shelter": null, "shop": null, "short_name": null, "sidewalk": null, "smoothness": null, "socket:type2": null, "socket:type2:output": null, "source": null, "source:reg_ref": null, "sport": null, "surface": null, "tactile_paving": null, "takeaway": null, "tracktype": null, "trade": null, "traffic_signals": null, "turn:lanes": null, "website": null, "label": "landuse:industrial" }, "geometry": { "type": "Polygon", "coordinates": [ [ [ 23.8670236, 37.8734959 ], [ 23.8666565, 37.8743725 ], [ 23.8671553, 37.8742561 ], [ 23.867538, 37.8741373 ], [ 23.8677074, 37.8740729 ], [ 23.8679051, 37.8740209 ], [ 23.8680682, 37.8739738 ], [ 23.8682031, 37.8739094 ], [ 23.8681435, 37.8737237 ], [ 23.8694109, 37.8734786 ], [ 23.869372777056622, 37.873309236916491 ], [ 23.867110824087671, 37.873309236916491 ], [ 23.8670236, 37.8734959 ] ] ] } },
{ "type": "Feature", "properties": { "@type": "way", "@id": 444609629, "access": null, "addr:city": null, "addr:country": null, "addr:full": null, "addr:housename": null, "addr:housenumber": null, "addr:postcode": null, "addr:street": null, "addr:unit": null, "aeroway": null, "amenity": null, "atm": null, "authentication:app": null, "authentication:membership_card": null, "barrier": null, "bench": null, "brand": null, "brand:el": null, "brand:en": null, "brand:wikidata": null, "brand:wikipedia": null, "building": null, "building:levels": null, "bus": null, "capacity": null, "check_date:shelter": null, "contact:email": null, "contact:fax": null, "contact:phone": null, "contact:website": null, "covered": null, "crossing": null, "crossing:island": null, "crossing:markings": null, "crossing_ref": null, "cuisine": null, "description": null, "direction": null, "dual_carriageway": null, "ele": null, "entrance": null, "fee": null, "fixme": null, "foot": null, "footway": null, "fuel:diesel": null, "fuel:lpg": null, "fuel:octane_100": null, "fuel:octane_95": null, "fuel:octane_98": null, "highway": null, "hoops": null, "int_name": null, "junction": null, "landuse": "industrial", "lanes": null, "layer": null, "leisure": null, "lit": null, "man_made": null, "maxspeed": null, "motorcar": null, "name": null, "name:el": null, "name:en": null, "natural": null, "network": null, "network:el": null, "network:en": null, "network:wikidata": null, "noexit": null, "old_ref": null, "oneway": null, "opening_hours": null, "operator": null, "operator:type": null, "park_ride": null, "parking": null, "parking:fee": null, "payment:app": null, "payment:website": null, "phone": null, "public_transport": null, "ref": null, "ref:EU:EVSE": null, "ref:GR:IDRO": null, "reg_ref": null, "religion": null, "route_ref": null, "service": null, "shelter": null, "shop": null, "short_name": null, "sidewalk": null, "smoothness": null, "socket:type2": null, "socket:type2:output": null, "source": null, "source:reg_ref": null, "sport": null, "surface": null, "tactile_paving": null, "takeaway": null, "tracktype": null, "trade": null, "traffic_signals": null, "turn:lanes": null, "website": null, "label": "landuse:industrial" }, "geometry": { "type": "Polygon", "coordinates": [ [ [ 23.866816, 37.8736604 ], [ 23.866985619977719, 37.873309236916491 ], [ 23.866604751621782, 37.873309236916491 ], [ 23.866816, 37.8736604 ] ] ] } },
{ "type": "Feature", "properties": { "@type": "way", "@id": 444627922, "access": null, "addr:city": null, "addr:country": null, "addr:full": null, "addr:housename": null, "addr:housenumber": null, "addr:postcode": null, "addr:street": null, "addr:unit": null, "aeroway": null, "amenity": null, "atm": null, "authentication:app": null, "authentication:membership_card": null, "barrier": null, "bench": null, "brand": null, "brand:el": null, "brand:en": null, "brand:wikidata": null, "brand:wikipedia": null, "building": null, "building:levels": null, "bus": null, "capacity": null, "check_date:shelter": null, "contact:email": null, "contact:fax": null, "contact:phone": null, "contact:website": null, "covered": null, "crossing": null, "crossing:island": null, "crossing:markings": null, "crossing_ref": null, "cuisine": null, "description": null, "direction": null, "dual_carriageway": null, "ele": null, "entrance": null, "fee": null, "fixme": null, "foot": null, "footway": null, "fuel:diesel": null, "fuel:lpg": null, "fuel:octane_100": null, "fuel:octane_95": null, "fuel:octane_98": null, "highway": null, "hoops": null, "int_name": null, "junction": null, "landuse": "industrial", "lanes": null, "layer": null, "leisure": null, "lit": null, "man_made": null, "maxspeed": null, "motorcar": null, "name": null, "name:el": null, "name:en": null, "natural": null, "network": null, "network:el": null, "network:en": null, "network:wikidata": null, "noexit": null, "old_ref": null, "oneway": null, "opening_hours": null, "operator": null, "operator:type": null, "park_ride": null, "parking": null, "parking:fee": null, "payment:app": null, "payment:website": null, "phone": null, "public_transport": null, "ref": null, "ref:EU:EVSE": null, "ref:GR:IDRO": null, "reg_ref": null, "religion": null, "route_ref": null, "service": null, "shelter": null, "shop": null, "short_name": null, "sidewalk": null, "smoothness": null, "socket:type2": null, "socket:type2:output": null, "source": null, "source:reg_ref": null, "sport": null, "surface": null, "tactile_paving": null, "takeaway": null, "tracktype": null, "trade": null, "traffic_signals": null, "turn:lanes": null, "website": null, "label": "landuse:industrial" }, "geometry": { "type": "Polygon", "coordinates": [ [ [ 23.8647262, 37.8805613 ], [ 23.864949, 37.8804463 ], [ 23.8652575, 37.8808725 ], [ 23.8657932, 37.8812209 ], [ 23.8660546, 37.8808691 ], [ 23.8653347, 37.8801926 ], [ 23.8657847, 37.8798577 ], [ 23.8664146, 37.8803854 ], [ 23.8667146, 37.8799998 ], [ 23.8672502, 37.8794688 ], [ 23.8678288, 37.878936 ], [ 23.8679209, 37.8786087 ], [ 23.8682219, 37.8783791 ], [ 23.8686933, 37.8779889 ], [ 23.8685165, 37.8778252 ], [ 23.8683949, 37.8777994 ], [ 23.868179, 37.8776315 ], [ 23.8678981, 37.8774131 ], [ 23.8673108, 37.8770306 ], [ 23.8671692, 37.8769611 ], [ 23.8670962, 37.8768442 ], [ 23.8664019, 37.8764263 ], [ 23.8662732, 37.8764008 ], [ 23.8661789, 37.8766477 ], [ 23.8659389, 37.877561 ], [ 23.8657247, 37.8780447 ], [ 23.8653304, 37.8789377 ], [ 23.865249, 37.8792049 ], [ 23.8651676, 37.8793098 ], [ 23.8647215, 37.8797055 ], [ 23.8644262, 37.8800404 ], [ 23.8647262, 37.8805613 ] ] ] } },
{ "type": "Feature", "properties": { "@type": "way", "@id": 444627924, "access": null, "addr:city": null, "addr:country": null, "addr:full": null, "addr:housename": null, "addr:housenumber": "75", "addr:postcode": null, "addr:street": "Ευελπίδων", "addr:unit": null, "aeroway": null, "amenity": null, "atm": null, "authentication:app": null, "authentication:membership_card": null, "barrier": null, "bench": null, "brand": null, "brand:el": null, "brand:en": null, "brand:wikidata": null, "brand:wikipedia": null, "building": null, "building:levels": null, "bus": null, "capacity": null, "check_date:shelter": null, "contact:email": null, "contact:fax": null, "contact:phone": null, "contact:website": null, "covered": null, "crossing": null, "crossing:island": null, "crossing:markings": null, "crossing_ref": null, "cuisine": null, "description": null, "direction": null, "dual_carriageway": null, "ele": null, "entrance": null, "fee": null, "fixme": null, "foot": null, "footway": null, "fuel:diesel": null, "fuel:lpg": null, "fuel:octane_100": null, "fuel:octane_95": null, "fuel:octane_98": null, "highway": null, "hoops": null, "int_name": null, "junction": null, "landuse": "industrial", "lanes": null, "layer": null, "leisure": null, "lit": null, "man_made": null, "maxspeed": null, "motorcar": null, "name": null, "name:el": null, "name:en": null, "natural": null, "network": null, "network:el": null, "network:en": null, "network:wikidata": null, "noexit": null, "old_ref": null, "oneway": null, "opening_hours": null, "operator": null, "operator:type": null, "park_ride": null, "parking": null, "parking:fee": null, "payment:app": null, "payment:website": null, "phone": null, "public_transport": null, "ref": null, "ref:EU:EVSE": null, "ref:GR:IDRO": null, "reg_ref": null, "religion": null, "route_ref": null, "service": null, "shelter": null, "shop": null, "short_name": null, "sidewalk": null, "smoothness": null, "socket:type2": null, "socket:type2:output": null, "source": null, "source:reg_ref": null, "sport": null, "surface": null, "tactile_paving": null, "takeaway": null, "tracktype": null, "trade": null, "traffic_signals": null, "turn:lanes": null, "website": null, "label": "landuse:industrial" }, "geometry": { "type": "Polygon", "coordinates": [ [ [ 23.8676586, 37.8768846 ], [ 23.8679441, 37.8770736 ], [ 23.8686657, 37.8755652 ], [ 23.8689574, 37.875541 ], [ 23.868768, 37.8751492 ], [ 23.867985, 37.8752461 ], [ 23.8676729, 37.8753188 ], [ 23.8675245, 37.8755612 ], [ 23.8676831, 37.8758197 ], [ 23.8668899, 37.8758238 ], [ 23.8666955, 37.8757701 ], [ 23.8663877, 37.8750068 ], [ 23.8663065, 37.875137 ], [ 23.8661479, 37.875537 ], [ 23.8660814, 37.8759207 ], [ 23.8676586, 37.8768846 ] ] ] } },
{ "type": "Feature", "properties": { "@type": "way", "@id": 444627925, "access": null, "addr:city": null, "addr:country": null, "addr:full": null, "addr:housename": null, "addr:housenumber": null, "addr:postcode": null, "addr:street": null, "addr:unit": null, "aeroway": null, "amenity": null, "atm": null, "authentication:app": null, "authentication:membership_card": null, "barrier": null, "bench": null, "brand": null, "brand:el": null, "brand:en": null, "brand:wikidata": null, "brand:wikipedia": null, "building": null, "building:levels": null, "bus": null, "capacity": null, "check_date:shelter": null, "contact:email": null, "contact:fax": null, "contact:phone": null, "contact:website": null, "covered": null, "crossing": null, "crossing:island": null, "crossing:markings": null, "crossing_ref": null, "cuisine": null, "description": null, "direction": null, "dual_carriageway": null, "ele": null, "entrance": null, "fee": null, "fixme": null, "foot": null, "footway": null, "fuel:diesel": null, "fuel:lpg": null, "fuel:octane_100": null, "fuel:octane_95": null, "fuel:octane_98": null, "highway": null, "hoops": null, "int_name": null, "junction": null, "landuse": "industrial", "lanes": null, "layer": null, "leisure": null, "lit": null, "man_made": null, "maxspeed": null, "motorcar": null, "name": null, "name:el": null, "name:en": null, "natural": null, "network": null, "network:el": null, "network:en": null, "network:wikidata": null, "noexit": null, "old_ref": null, "oneway": null, "opening_hours": null, "operator": null, "operator:type": null, "park_ride": null, "parking": null, "parking:fee": null, "payment:app": null, "payment:website": null, "phone": null, "public_transport": null, "ref": null, "ref:EU:EVSE": null, "ref:GR:IDRO": null, "reg_ref": null, "religion": null, "route_ref": null, "service": null, "shelter": null, "shop": null, "short_name": null, "sidewalk": null, "smoothness": null, "socket:type2": null, "socket:type2:output": null, "source": null, "source:reg_ref": null, "sport": null, "surface": null, "tactile_paving": null, "takeaway": null, "tracktype": null, "trade": null, "traffic_signals": null, "turn:lanes": null, "website": null, "label": "landuse:industrial" }, "geometry": { "type": "Polygon", "coordinates": [ [ [ 23.8668596, 37.8810635 ], [ 23.8671239, 37.8808591 ], [ 23.867488, 37.8812072 ], [ 23.8678845, 37.8809506 ], [ 23.8685696, 37.8818596 ], [ 23.868931, 37.8818256 ], [ 23.8692061, 37.8816978 ], [ 23.8682999, 37.8806675 ], [ 23.8680939, 37.8807263 ], [ 23.8679654, 37.8806164 ], [ 23.867577, 37.8804546 ], [ 23.8674422, 37.8805526 ], [ 23.8668596, 37.8800246 ], [ 23.8663957, 37.8805951 ], [ 23.8668596, 37.8810635 ] ] ] } },
{ "type": "Feature", "properties": { "@type": "way", "@id": 444627926, "access": null, "addr:city": null, "addr:country": null, "addr:full": null, "addr:housename": null, "addr:housenumber": null, "addr:postcode": null, "addr:street": null, "addr:unit": null, "aeroway": null, "amenity": null, "atm": null, "authentication:app": null, "authentication:membership_card": null, "barrier": null, "bench": null, "brand": null, "brand:el": null, "brand:en": null, "brand:wikidata": null, "brand:wikipedia": null, "building": null, "building:levels": null, "bus": null, "capacity": null, "check_date:shelter": null, "contact:email": null, "contact:fax": null, "contact:phone": null, "contact:website": null, "covered": null, "crossing": null, "crossing:island": null, "crossing:markings": null, "crossing_ref": null, "cuisine": null, "description": null, "direction": null, "dual_carriageway": null, "ele": null, "entrance": null, "fee": null, "fixme": null, "foot": null, "footway": null, "fuel:diesel": null, "fuel:lpg": null, "fuel:octane_100": null, "fuel:octane_95": null, "fuel:octane_98": null, "highway": null, "hoops": null, "int_name": null, "junction": null, "landuse": "industrial", "lanes": null, "layer": null, "leisure": null, "lit": null, "man_made": null, "maxspeed": null, "motorcar": null, "name": null, "name:el": null, "name:en": null, "natural": null, "network": null, "network:el": null, "network:en": null, "network:wikidata": null, "noexit": null, "old_ref": null, "oneway": null, "opening_hours": null, "operator": null, "operator:type": null, "park_ride": null, "parking": null, "parking:fee": null, "payment:app": null, "payment:website": null, "phone": null, "public_transport": null, "ref": null, "ref:EU:EVSE": null, "ref:GR:IDRO": null, "reg_ref": null, "religion": null, "route_ref": null, "service": null, "shelter": null, "shop": null, "short_name": null, "sidewalk": null, "smoothness": null, "socket:type2": null, "socket:type2:output": null, "source": null, "source:reg_ref": null, "sport": null, "surface": null, "tactile_paving": null, "takeaway": null, "tracktype": null, "trade": null, "traffic_signals": null, "turn:lanes": null, "website": null, "label": "landuse:industrial" }, "geometry": { "type": "Polygon", "coordinates": [ [ [ 23.870473, 37.8833351 ], [ 23.8706954, 37.8839255 ], [ 23.8718415, 37.8834539 ], [ 23.873813, 37.8826427 ], [ 23.8741069, 37.8824496 ], [ 23.8743444, 37.8822741 ], [ 23.8741928, 37.8821504 ], [ 23.8740715, 37.8821145 ], [ 23.8723885, 37.8810096 ], [ 23.8722015, 37.880866 ], [ 23.870564, 37.881927 ], [ 23.8699626, 37.882681 ], [ 23.870473, 37.8833351 ] ] ] } },
{ "type": "Feature", "properties": { "@type": "way", "@id": 444627927, "access": null, "addr:city": null, "addr:country": null, "addr:full": null, "addr:housename": null, "addr:housenumber": null, "addr:postcode": null, "addr:street": null, "addr:unit": null, "aeroway": null, "amenity": null, "atm": null, "authentication:app": null, "authentication:membership_card": null, "barrier": null, "bench": null, "brand": null, "brand:el": null, "brand:en": null, "brand:wikidata": null, "brand:wikipedia": null, "building": null, "building:levels": null, "bus": null, "capacity": null, "check_date:shelter": null, "contact:email": null, "contact:fax": null, "contact:phone": null, "contact:website": null, "covered": null, "crossing": null, "crossing:island": null, "crossing:markings": null, "crossing_ref": null, "cuisine": null, "description": null, "direction": null, "dual_carriageway": null, "ele": null, "entrance": null, "fee": null, "fixme": null, "foot": null, "footway": null, "fuel:diesel": null, "fuel:lpg": null, "fuel:octane_100": null, "fuel:octane_95": null, "fuel:octane_98": null, "highway": null, "hoops": null, "int_name": null, "junction": null, "landuse": "industrial", "lanes": null, "layer": null, "leisure": null, "lit": null, "man_made": null, "maxspeed": null, "motorcar": null, "name": null, "name:el": null, "name:en": null, "natural": null, "network": null, "network:el": null, "network:en": null, "network:wikidata": null, "noexit": null, "old_ref": null, "oneway": null, "opening_hours": null, "operator": null, "operator:type": null, "park_ride": null, "parking": null, "parking:fee": null, "payment:app": null, "payment:website": null, "phone": null, "public_transport": null, "ref": null, "ref:EU:EVSE": null, "ref:GR:IDRO": null, "reg_ref": null, "religion": null, "route_ref": null, "service": null, "shelter": null, "shop": null, "short_name": null, "sidewalk": null, "smoothness": null, "socket:type2": null, "socket:type2:output": null, "source": null, "source:reg_ref": null, "sport": null, "surface": null, "tactile_paving": null, "takeaway": null, "tracktype": null, "trade": null, "traffic_signals": null, "turn:lanes": null, "website": null, "label": "landuse:industrial" }, "geometry": { "type": "Polygon", "coordinates": [ [ [ 23.8745892, 37.8824643 ], [ 23.8745103, 37.8824502 ], [ 23.874367, 37.8825181 ], [ 23.8740731, 37.8826029 ], [ 23.8707207, 37.8840571 ], [ 23.8707965, 37.8842646 ], [ 23.8718073, 37.8844321 ], [ 23.8719286, 37.8846794 ], [ 23.8723582, 37.8846954 ], [ 23.8726159, 37.8850224 ], [ 23.8728585, 37.8850663 ], [ 23.8752339, 37.8842366 ], [ 23.87572305575911, 37.884066648811661 ], [ 23.87572305575911, 37.883508051942414 ], [ 23.8745892, 37.8824643 ] ] ] } },
{ "type": "Feature", "properties": { "@type": "way", "@id": 444627928, "access": null, "addr:city": null, "addr:country": null, "addr:full": null, "addr:housename": null, "addr:housenumber": null, "addr:postcode": null, "addr:street": null, "addr:unit": null, "aeroway": null, "amenity": null, "atm": null, "authentication:app": null, "authentication:membership_card": null, "barrier": null, "bench": null, "brand": null, "brand:el": null, "brand:en": null, "brand:wikidata": null, "brand:wikipedia": null, "building": null, "building:levels": null, "bus": null, "capacity": null, "check_date:shelter": null, "contact:email": null, "contact:fax": null, "contact:phone": null, "contact:website": null, "covered": null, "crossing": null, "crossing:island": null, "crossing:markings": null, "crossing_ref": null, "cuisine": null, "description": null, "direction": null, "dual_carriageway": null, "ele": null, "entrance": null, "fee": null, "fixme": null, "foot": null, "footway": null, "fuel:diesel": null, "fuel:lpg": null, "fuel:octane_100": null, "fuel:octane_95": null, "fuel:octane_98": null, "highway": null, "hoops": null, "int_name": null, "junction": null, "landuse": "industrial", "lanes": null, "layer": null, "leisure": null, "lit": null, "man_made": null, "maxspeed": null, "motorcar": null, "name": null, "name:el": null, "name:en": null, "natural": null, "network": null, "network:el": null, "network:en": null, "network:wikidata": null, "noexit": null, "old_ref": null, "oneway": null, "opening_hours": null, "operator": null, "operator:type": null, "park_ride": null, "parking": null, "parking:fee": null, "payment:app": null, "payment:website": null, "phone": null, "public_transport": null, "ref": null, "ref:EU:EVSE": null, "ref:GR:IDRO": null, "reg_ref": null, "religion": null, "route_ref": null, "service": null, "shelter": null, "shop": null, "short_name": null, "sidewalk": null, "smoothness": null, "socket:type2": null, "socket:type2:output": null, "source": null, "source:reg_ref": null, "sport": null, "surface": null, "tactile_paving": null, "takeaway": null, "tracktype": null, "trade": null, "traffic_signals": null, "turn:lanes": null, "website": null, "label": "landuse:industrial" }, "geometry": { "type": "Polygon", "coordinates": [ [ [ 23.8756848, 37.881427 ], [ 23.8754862, 37.8810281 ], [ 23.8753118, 37.8805011 ], [ 23.8751565, 37.8801072 ], [ 23.874607, 37.8790596 ], [ 23.8744086, 37.8786814 ], [ 23.873451, 37.8791853 ], [ 23.87299, 37.8794979 ], [ 23.8728559, 37.8796038 ], [ 23.8721506, 37.8801604 ], [ 23.8720442, 37.8801137 ], [ 23.8718491, 37.8802724 ], [ 23.8722218, 37.8805137 ], [ 23.8723607, 37.8806036 ], [ 23.8728363, 37.8809115 ], [ 23.8741429, 37.881753 ], [ 23.874673, 37.8821476 ], [ 23.8752125, 37.8826238 ], [ 23.87572305575911, 37.883075413302187 ], [ 23.87572305575911, 37.881487634435935 ], [ 23.8756848, 37.881427 ] ] ] } },
{ "type": "Feature", "properties": { "@type": "way", "@id": 444627929, "access": null, "addr:city": null, "addr:country": null, "addr:full": null, "addr:housename": null, "addr:housenumber": null, "addr:postcode": null, "addr:street": null, "addr:unit": null, "aeroway": null, "amenity": null, "atm": null, "authentication:app": null, "authentication:membership_card": null, "barrier": null, "bench": null, "brand": null, "brand:el": null, "brand:en": null, "brand:wikidata": null, "brand:wikipedia": null, "building": null, "building:levels": null, "bus": null, "capacity": null, "check_date:shelter": null, "contact:email": null, "contact:fax": null, "contact:phone": null, "contact:website": null, "covered": null, "crossing": null, "crossing:island": null, "crossing:markings": null, "crossing_ref": null, "cuisine": null, "description": null, "direction": null, "dual_carriageway": null, "ele": null, "entrance": null, "fee": null, "fixme": null, "foot": null, "footway": null, "fuel:diesel": null, "fuel:lpg": null, "fuel:octane_100": null, "fuel:octane_95": null, "fuel:octane_98": null, "highway": null, "hoops": null, "int_name": null, "junction": null, "landuse": "industrial", "lanes": null, "layer": null, "leisure": null, "lit": null, "man_made": null, "maxspeed": null, "motorcar": null, "name": null, "name:el": null, "name:en": null, "natural": null, "network": null, "network:el": null, "network:en": null, "network:wikidata": null, "noexit": null, "old_ref": null, "oneway": null, "opening_hours": null, "operator": null, "operator:type": null, "park_ride": null, "parking": null, "parking:fee": null, "payment:app": null, "payment:website": null, "phone": null, "public_transport": null, "ref": null, "ref:EU:EVSE": null, "ref:GR:IDRO": null, "reg_ref": null, "religion": null, "route_ref": null, "service": null, "shelter": null, "shop": null, "short_name": null, "sidewalk": null, "smoothness": null, "socket:type2": null, "socket:type2:output": null, "source": null, "source:reg_ref": null, "sport": null, "surface": null, "tactile_paving": null, "takeaway": null, "tracktype": null, "trade": null, "traffic_signals": null, "turn:lanes": null, "website": null, "label": "landuse:industrial" }, "geometry": { "type": "Polygon", "coordinates": [ [ [ 23.8685129, 37.8775733 ], [ 23.8698628, 37.8787393 ], [ 23.8699225, 37.878699 ], [ 23.870631, 37.8781839 ], [ 23.8705083, 37.8780687 ], [ 23.8710369, 37.8776475 ], [ 23.8714731, 37.8780402 ], [ 23.8709453, 37.8784445 ], [ 23.87095, 37.8784644 ], [ 23.8713385, 37.8787938 ], [ 23.870685, 37.8793718 ], [ 23.8711908, 37.8798299 ], [ 23.871397, 37.8799652 ], [ 23.8721596, 37.8793521 ], [ 23.8722776, 37.8794593 ], [ 23.8727085, 37.8791518 ], [ 23.8714925, 37.8780755 ], [ 23.8720887, 37.877726 ], [ 23.8718054, 37.877344 ], [ 23.8734807, 37.8766252 ], [ 23.8731493, 37.8761357 ], [ 23.8730493, 37.8759131 ], [ 23.8729237, 37.8755201 ], [ 23.8717641, 37.8760207 ], [ 23.8716828, 37.876069 ], [ 23.870979, 37.8764867 ], [ 23.8704949, 37.876892 ], [ 23.8703297, 37.8767849 ], [ 23.8708668, 37.8763562 ], [ 23.8704772, 37.8759928 ], [ 23.870064, 37.8763515 ], [ 23.8695682, 37.876072 ], [ 23.8683292, 37.8774177 ], [ 23.8685129, 37.8775733 ] ] ] } },
{ "type": "Feature", "properties": { "@type": "way", "@id": 444627930, "access": null, "addr:city": null, "addr:country": null, "addr:full": null, "addr:housename": null, "addr:housenumber": null, "addr:postcode": null, "addr:street": null, "addr:unit": null, "aeroway": null, "amenity": null, "atm": null, "authentication:app": null, "authentication:membership_card": null, "barrier": null, "bench": null, "brand": null, "brand:el": null, "brand:en": null, "brand:wikidata": null, "brand:wikipedia": null, "building": null, "building:levels": null, "bus": null, "capacity": null, "check_date:shelter": null, "contact:email": null, "contact:fax": null, "contact:phone": null, "contact:website": null, "covered": null, "crossing": null, "crossing:island": null, "crossing:markings": null, "crossing_ref": null, "cuisine": null, "description": null, "direction": null, "dual_carriageway": null, "ele": null, "entrance": null, "fee": null, "fixme": null, "foot": null, "footway": null, "fuel:diesel": null, "fuel:lpg": null, "fuel:octane_100": null, "fuel:octane_95": null, "fuel:octane_98": null, "highway": null, "hoops": null, "int_name": null, "junction": null, "landuse": "industrial", "lanes": null, "layer": null, "leisure": null, "lit": null, "man_made": null, "maxspeed": null, "motorcar": null, "name": null, "name:el": null, "name:en": null, "natural": null, "network": null, "network:el": null, "network:en": null, "network:wikidata": null, "noexit": null, "old_ref": null, "oneway": null, "opening_hours": null, "operator": null, "operator:type": null, "park_ride": null, "parking": null, "parking:fee": null, "payment:app": null, "payment:website": null, "phone": null, "public_transport": null, "ref": null, "ref:EU:EVSE": null, "ref:GR:IDRO": null, "reg_ref": null, "religion": null, "route_ref": null, "service": null, "shelter": null, "shop": null, "short_name": null, "sidewalk": null, "smoothness": null, "socket:type2": null, "socket:type2:output": null, "source": null, "source:reg_ref": null, "sport": null, "surface": null, "tactile_paving": null, "takeaway": null, "tracktype": null, "trade": null, "traffic_signals": null, "turn:lanes": null, "website": null, "label": "landuse:industrial" }, "geometry": { "type": "Polygon", "coordinates": [ [ [ 23.8641907, 37.8748027 ], [ 23.8648399, 37.8751574 ], [ 23.8656358, 37.8756707 ], [ 23.8658243, 37.8756862 ], [ 23.8658871, 37.8755901 ], [ 23.8659249, 37.8755223 ], [ 23.865623, 37.875018 ], [ 23.8652801, 37.8745844 ], [ 23.8648465, 37.8741456 ], [ 23.8645088, 37.8738046 ], [ 23.8639282, 37.8741177 ], [ 23.8637207, 37.8738847 ], [ 23.8635665, 37.8739241 ], [ 23.8633581, 37.8740275 ], [ 23.8632542, 37.8741102 ], [ 23.8629524, 37.873889 ], [ 23.8627549, 37.8740544 ], [ 23.8641907, 37.8748027 ] ] ] } },
{ "type": "Feature", "properties": { "@type": "way", "@id": 444627931, "access": null, "addr:city": null, "addr:country": null, "addr:full": null, "addr:housename": null, "addr:housenumber": null, "addr:postcode": null, "addr:street": null, "addr:unit": null, "aeroway": null, "amenity": null, "atm": null, "authentication:app": null, "authentication:membership_card": null, "barrier": null, "bench": null, "brand": null, "brand:el": null, "brand:en": null, "brand:wikidata": null, "brand:wikipedia": null, "building": null, "building:levels": null, "bus": null, "capacity": null, "check_date:shelter": null, "contact:email": null, "contact:fax": null, "contact:phone": null, "contact:website": null, "covered": null, "crossing": null, "crossing:island": null, "crossing:markings": null, "crossing_ref": null, "cuisine": null, "description": null, "direction": null, "dual_carriageway": null, "ele": null, "entrance": null, "fee": null, "fixme": null, "foot": null, "footway": null, "fuel:diesel": null, "fuel:lpg": null, "fuel:octane_100": null, "fuel:octane_95": null, "fuel:octane_98": null, "highway": null, "hoops": null, "int_name": null, "junction": null, "landuse": "commercial", "lanes": null, "layer": null, "leisure": null, "lit": null, "man_made": null, "maxspeed": null, "motorcar": null, "name": null, "name:el": null, "name:en": null, "natural": null, "network": null, "network:el": null, "network:en": null, "network:wikidata": null, "noexit": null, "old_ref": null, "oneway": null, "opening_hours": null, "operator": null, "operator:type": null, "park_ride": null, "parking": null, "parking:fee": null, "payment:app": null, "payment:website": null, "phone": null, "public_transport": null, "ref": null, "ref:EU:EVSE": null, "ref:GR:IDRO": null, "reg_ref": null, "religion": null, "route_ref": null, "service": null, "shelter": null, "shop": null, "short_name": null, "sidewalk": null, "smoothness": null, "socket:type2": null, "socket:type2:output": null, "source": null, "source:reg_ref": null, "sport": null, "surface": null, "tactile_paving": null, "takeaway": null, "tracktype": null, "trade": null, "traffic_signals": null, "turn:lanes": null, "website": null, "label": "landuse:commercial" }, "geometry": { "type": "Polygon", "coordinates": [ [ [ 23.8657031, 37.8750078 ], [ 23.8659505, 37.8754108 ], [ 23.8660212, 37.8754666 ], [ 23.8664724, 37.8744646 ], [ 23.8662461, 37.873995 ], [ 23.8660604, 37.8740779 ], [ 23.8659662, 37.8739074 ], [ 23.865817, 37.8739663 ], [ 23.8659505, 37.8742267 ], [ 23.8656246, 37.8743538 ], [ 23.8656835, 37.874456 ], [ 23.8653693, 37.8745645 ], [ 23.8657031, 37.8750078 ] ] ] } },
{ "type": "Feature", "properties": { "@type": "way", "@id": 444627932, "access": null, "addr:city": null, "addr:country": null, "addr:full": null, "addr:housename": null, "addr:housenumber": null, "addr:postcode": null, "addr:street": null, "addr:unit": null, "aeroway": null, "amenity": null, "atm": null, "authentication:app": null, "authentication:membership_card": null, "barrier": null, "bench": null, "brand": null, "brand:el": null, "brand:en": null, "brand:wikidata": null, "brand:wikipedia": null, "building": null, "building:levels": null, "bus": null, "capacity": null, "check_date:shelter": null, "contact:email": null, "contact:fax": null, "contact:phone": null, "contact:website": null, "covered": null, "crossing": null, "crossing:island": null, "crossing:markings": null, "crossing_ref": null, "cuisine": null, "description": null, "direction": null, "dual_carriageway": null, "ele": null, "entrance": null, "fee": null, "fixme": null, "foot": null, "footway": null, "fuel:diesel": null, "fuel:lpg": null, "fuel:octane_100": null, "fuel:octane_95": null, "fuel:octane_98": null, "highway": null, "hoops": null, "int_name": null, "junction": null, "landuse": "industrial", "lanes": null, "layer": null, "leisure": null, "lit": null, "man_made": null, "maxspeed": null, "motorcar": null, "name": null, "name:el": null, "name:en": null, "natural": null, "network": null, "network:el": null, "network:en": null, "network:wikidata": null, "noexit": null, "old_ref": null, "oneway": null, "opening_hours": null, "operator": null, "operator:type": null, "park_ride": null, "parking": null, "parking:fee": null, "payment:app": null, "payment:website": null, "phone": null, "public_transport": null, "ref": null, "ref:EU:EVSE": null, "ref:GR:IDRO": null, "reg_ref": null, "religion": null, "route_ref": null, "service": null, "shelter": null, "shop": null, "short_name": null, "sidewalk": null, "smoothness": null, "socket:type2": null, "socket:type2:output": null, "source": null, "source:reg_ref": null, "sport": null, "surface": null, "tactile_paving": null, "takeaway": null, "tracktype": null, "trade": null, "traffic_signals": null, "turn:lanes": null, "website": null, "label": "landuse:industrial" }, "geometry": { "type": "Polygon", "coordinates": [ [ [ 23.8651384, 37.876136 ], [ 23.8650699, 37.8762132 ], [ 23.8655391, 37.8765532 ], [ 23.8656664, 37.8766454 ], [ 23.8659743, 37.8767071 ], [ 23.8660134, 37.8764331 ], [ 23.8659597, 37.8761862 ], [ 23.8647277, 37.8754067 ], [ 23.8644784, 37.8757347 ], [ 23.8651384, 37.876136 ] ] ] } },
{ "type": "Feature", "properties": { "@type": "way", "@id": 444627933, "access": null, "addr:city": null, "addr:country": null, "addr:full": null, "addr:housename": null, "addr:housenumber": null, "addr:postcode": null, "addr:street": null, "addr:unit": null, "aeroway": null, "amenity": null, "atm": null, "authentication:app": null, "authentication:membership_card": null, "barrier": null, "bench": null, "brand": null, "brand:el": null, "brand:en": null, "brand:wikidata": null, "brand:wikipedia": null, "building": null, "building:levels": null, "bus": null, "capacity": null, "check_date:shelter": null, "contact:email": null, "contact:fax": null, "contact:phone": null, "contact:website": null, "covered": null, "crossing": null, "crossing:island": null, "crossing:markings": null, "crossing_ref": null, "cuisine": null, "description": null, "direction": null, "dual_carriageway": null, "ele": null, "entrance": null, "fee": null, "fixme": null, "foot": null, "footway": null, "fuel:diesel": null, "fuel:lpg": null, "fuel:octane_100": null, "fuel:octane_95": null, "fuel:octane_98": null, "highway": null, "hoops": null, "int_name": null, "junction": null, "landuse": "industrial", "lanes": null, "layer": null, "leisure": null, "lit": null, "man_made": null, "maxspeed": null, "motorcar": null, "name": null, "name:el": null, "name:en": null, "natural": null, "network": null, "network:el": null, "network:en": null, "network:wikidata": null, "noexit": null, "old_ref": null, "oneway": null, "opening_hours": null, "operator": null, "operator:type": null, "park_ride": null, "parking": null, "parking:fee": null, "payment:app": null, "payment:website": null, "phone": null, "public_transport": null, "ref": null, "ref:EU:EVSE": null, "ref:GR:IDRO": null, "reg_ref": null, "religion": null, "route_ref": null, "service": null, "shelter": null, "shop": null, "short_name": null, "sidewalk": null, "smoothness": null, "socket:type2": null, "socket:type2:output": null, "source": null, "source:reg_ref": null, "sport": null, "surface": null, "tactile_paving": null, "takeaway": null, "tracktype": null, "trade": null, "traffic_signals": null, "turn:lanes": null, "website": null, "label": "landuse:industrial" }, "geometry": { "type": "Polygon", "coordinates": [ [ [ 23.8641805, 37.8734815 ], [ 23.8643336, 37.8736681 ], [ 23.8644711, 37.8736445 ], [ 23.8646731, 37.8738816 ], [ 23.864885, 37.8740685 ], [ 23.8654534, 37.8737856 ], [ 23.8653865, 37.8736593 ], [ 23.8652042, 37.8737474 ], [ 23.8649784, 37.8734179 ], [ 23.864924403678959, 37.873309236916491 ], [ 23.864452530338326, 37.873309236916491 ], [ 23.8641805, 37.8734815 ] ] ] } },
{ "type": "Feature", "properties": { "@type": "way", "@id": 444627934, "access": null, "addr:city": null, "addr:country": null, "addr:full": null, "addr:housename": null, "addr:housenumber": null, "addr:postcode": null, "addr:street": null, "addr:unit": null, "aeroway": null, "amenity": null, "atm": null, "authentication:app": null, "authentication:membership_card": null, "barrier": null, "bench": null, "brand": null, "brand:el": null, "brand:en": null, "brand:wikidata": null, "brand:wikipedia": null, "building": null, "building:levels": null, "bus": null, "capacity": null, "check_date:shelter": null, "contact:email": null, "contact:fax": null, "contact:phone": null, "contact:website": null, "covered": null, "crossing": null, "crossing:island": null, "crossing:markings": null, "crossing_ref": null, "cuisine": null, "description": null, "direction": null, "dual_carriageway": null, "ele": null, "entrance": null, "fee": null, "fixme": null, "foot": null, "footway": null, "fuel:diesel": null, "fuel:lpg": null, "fuel:octane_100": null, "fuel:octane_95": null, "fuel:octane_98": null, "highway": null, "hoops": null, "int_name": null, "junction": null, "landuse": "commercial", "lanes": null, "layer": null, "leisure": null, "lit": null, "man_made": null, "maxspeed": null, "motorcar": null, "name": null, "name:el": null, "name:en": null, "natural": null, "network": null, "network:el": null, "network:en": null, "network:wikidata": null, "noexit": null, "old_ref": null, "oneway": null, "opening_hours": null, "operator": null, "operator:type": null, "park_ride": null, "parking": null, "parking:fee": null, "payment:app": null, "payment:website": null, "phone": null, "public_transport": null, "ref": null, "ref:EU:EVSE": null, "ref:GR:IDRO": null, "reg_ref": null, "religion": null, "route_ref": null, "service": null, "shelter": null, "shop": null, "short_name": null, "sidewalk": null, "smoothness": null, "socket:type2": null, "socket:type2:output": null, "source": null, "source:reg_ref": null, "sport": null, "surface": null, "tactile_paving": null, "takeaway": null, "tracktype": null, "trade": null, "traffic_signals": null, "turn:lanes": null, "website": null, "label": "landuse:commercial" }, "geometry": { "type": "Polygon", "coordinates": [ [ [ 23.859708, 37.8733265 ], [ 23.8594378, 37.8738212 ], [ 23.859616, 37.8739211 ], [ 23.859478, 37.8742025 ], [ 23.8600529, 37.8744748 ], [ 23.8607659, 37.8740935 ], [ 23.8611626, 37.8745837 ], [ 23.861703, 37.8742978 ], [ 23.8631001, 37.875151 ], [ 23.8629665, 37.875228 ], [ 23.8632449, 37.8752036 ], [ 23.8638444, 37.8751822 ], [ 23.8641074, 37.8751883 ], [ 23.8642737, 37.8751333 ], [ 23.8637787, 37.8748647 ], [ 23.863598, 37.8747974 ], [ 23.8620692, 37.8739702 ], [ 23.860863208375122, 37.873309236916491 ], [ 23.859746858862483, 37.873309236916491 ], [ 23.859708, 37.8733265 ] ] ] } },
{ "type": "Feature", "properties": { "@type": "way", "@id": 452871743, "access": "private", "addr:city": null, "addr:country": null, "addr:full": null, "addr:housename": null, "addr:housenumber": null, "addr:postcode": null, "addr:street": null, "addr:unit": null, "aeroway": null, "amenity": "parking", "atm": null, "authentication:app": null, "authentication:membership_card": null, "barrier": null, "bench": null, "brand": null, "brand:el": null, "brand:en": null, "brand:wikidata": null, "brand:wikipedia": null, "building": null, "building:levels": null, "bus": null, "capacity": null, "check_date:shelter": null, "contact:email": null, "contact:fax": null, "contact:phone": null, "contact:website": null, "covered": null, "crossing": null, "crossing:island": null, "crossing:markings": null, "crossing_ref": null, "cuisine": null, "description": null, "direction": null, "dual_carriageway": null, "ele": null, "entrance": null, "fee": null, "fixme": null, "foot": null, "footway": null, "fuel:diesel": null, "fuel:lpg": null, "fuel:octane_100": null, "fuel:octane_95": null, "fuel:octane_98": null, "highway": null, "hoops": null, "int_name": null, "junction": null, "landuse": null, "lanes": null, "layer": null, "leisure": null, "lit": null, "man_made": null, "maxspeed": null, "motorcar": null, "name": null, "name:el": null, "name:en": null, "natural": null, "network": null, "network:el": null, "network:en": null, "network:wikidata": null, "noexit": null, "old_ref": null, "oneway": null, "opening_hours": null, "operator": null, "operator:type": null, "park_ride": null, "parking": "surface", "parking:fee": null, "payment:app": null, "payment:website": null, "phone": null, "public_transport": null, "ref": null, "ref:EU:EVSE": null, "ref:GR:IDRO": null, "reg_ref": null, "religion": null, "route_ref": null, "service": null, "shelter": null, "shop": null, "short_name": null, "sidewalk": null, "smoothness": null, "socket:type2": null, "socket:type2:output": null, "source": null, "source:reg_ref": null, "sport": null, "surface": "gravel", "tactile_paving": null, "takeaway": null, "tracktype": null, "trade": null, "traffic_signals": null, "turn:lanes": null, "website": null, "label": "amenity:parking" }, "geometry": { "type": "Polygon", "coordinates": [ [ [ 23.8705525, 37.8792236 ], [ 23.8706142, 37.879239 ], [ 23.8706799, 37.879239 ], [ 23.8707329, 37.8792178 ], [ 23.8708737, 37.8791035 ], [ 23.8707939, 37.8790384 ], [ 23.8709139, 37.8789484 ], [ 23.870991, 37.8790093 ], [ 23.8711721, 37.8788627 ], [ 23.8711774, 37.878824 ], [ 23.8711607, 37.8787658 ], [ 23.8709528, 37.8785986 ], [ 23.8709997, 37.8785615 ], [ 23.870924, 37.8784991 ], [ 23.8707335, 37.8786377 ], [ 23.8708589, 37.8787446 ], [ 23.8705578, 37.8789775 ], [ 23.8704727, 37.8789061 ], [ 23.8703221, 37.8790228 ], [ 23.8705525, 37.8792236 ] ] ] } },
{ "type": "Feature", "properties": { "@type": "way", "@id": 452871745, "access": null, "addr:city": null, "addr:country": null, "addr:full": null, "addr:housename": null, "addr:housenumber": null, "addr:postcode": null, "addr:street": null, "addr:unit": null, "aeroway": null, "amenity": null, "atm": null, "authentication:app": null, "authentication:membership_card": null, "barrier": null, "bench": null, "brand": null, "brand:el": null, "brand:en": null, "brand:wikidata": null, "brand:wikipedia": null, "building": "yes", "building:levels": null, "bus": null, "capacity": null, "check_date:shelter": null, "contact:email": null, "contact:fax": null, "contact:phone": null, "contact:website": null, "covered": null, "crossing": null, "crossing:island": null, "crossing:markings": null, "crossing_ref": null, "cuisine": null, "description": null, "direction": null, "dual_carriageway": null, "ele": null, "entrance": null, "fee": null, "fixme": null, "foot": null, "footway": null, "fuel:diesel": null, "fuel:lpg": null, "fuel:octane_100": null, "fuel:octane_95": null, "fuel:octane_98": null, "highway": null, "hoops": null, "int_name": null, "junction": null, "landuse": null, "lanes": null, "layer": null, "leisure": null, "lit": null, "man_made": null, "maxspeed": null, "motorcar": null, "name": null, "name:el": null, "name:en": null, "natural": null, "network": null, "network:el": null, "network:en": null, "network:wikidata": null, "noexit": null, "old_ref": null, "oneway": null, "opening_hours": null, "operator": null, "operator:type": null, "park_ride": null, "parking": null, "parking:fee": null, "payment:app": null, "payment:website": null, "phone": null, "public_transport": null, "ref": null, "ref:EU:EVSE": null, "ref:GR:IDRO": null, "reg_ref": null, "religion": null, "route_ref": null, "service": null, "shelter": null, "shop": null, "short_name": null, "sidewalk": null, "smoothness": null, "socket:type2": null, "socket:type2:output": null, "source": null, "source:reg_ref": null, "sport": null, "surface": null, "tactile_paving": null, "takeaway": null, "tracktype": null, "trade": null, "traffic_signals": null, "turn:lanes": null, "website": null, "label": "building:yes" }, "geometry": { "type": "Polygon", "coordinates": [ [ [ 23.8706224, 37.8789004 ], [ 23.8708276, 37.8787453 ], [ 23.8707033, 37.8786429 ], [ 23.8704981, 37.8787979 ], [ 23.8706224, 37.8789004 ] ] ] } },
{ "type": "Feature", "properties": { "@type": "way", "@id": 452871746, "access": null, "addr:city": null, "addr:country": null, "addr:full": null, "addr:housename": null, "addr:housenumber": null, "addr:postcode": null, "addr:street": null, "addr:unit": null, "aeroway": null, "amenity": null, "atm": null, "authentication:app": null, "authentication:membership_card": null, "barrier": null, "bench": null, "brand": null, "brand:el": null, "brand:en": null, "brand:wikidata": null, "brand:wikipedia": null, "building": "yes", "building:levels": null, "bus": null, "capacity": null, "check_date:shelter": null, "contact:email": null, "contact:fax": null, "contact:phone": null, "contact:website": null, "covered": null, "crossing": null, "crossing:island": null, "crossing:markings": null, "crossing_ref": null, "cuisine": null, "description": null, "direction": null, "dual_carriageway": null, "ele": null, "entrance": null, "fee": null, "fixme": null, "foot": null, "footway": null, "fuel:diesel": null, "fuel:lpg": null, "fuel:octane_100": null, "fuel:octane_95": null, "fuel:octane_98": null, "highway": null, "hoops": null, "int_name": null, "junction": null, "landuse": null, "lanes": null, "layer": null, "leisure": null, "lit": null, "man_made": null, "maxspeed": null, "motorcar": null, "name": null, "name:el": null, "name:en": null, "natural": null, "network": null, "network:el": null, "network:en": null, "network:wikidata": null, "noexit": null, "old_ref": null, "oneway": null, "opening_hours": null, "operator": null, "operator:type": null, "park_ride": null, "parking": null, "parking:fee": null, "payment:app": null, "payment:website": null, "phone": null, "public_transport": null, "ref": null, "ref:EU:EVSE": null, "ref:GR:IDRO": null, "reg_ref": null, "religion": null, "route_ref": null, "service": null, "shelter": null, "shop": null, "short_name": null, "sidewalk": null, "smoothness": null, "socket:type2": null, "socket:type2:output": null, "source": null, "source:reg_ref": null, "sport": null, "surface": null, "tactile_paving": null, "takeaway": null, "tracktype": null, "trade": null, "traffic_signals": null, "turn:lanes": null, "website": null, "label": "building:yes" }, "geometry": { "type": "Polygon", "coordinates": [ [ [ 23.8703692, 37.8789764 ], [ 23.8704678, 37.8789028 ], [ 23.8704071, 37.8788522 ], [ 23.8703086, 37.8789258 ], [ 23.8703692, 37.8789764 ] ] ] } },
{ "type": "Feature", "properties": { "@type": "way", "@id": 452871751, "access": null, "addr:city": null, "addr:country": "GR", "addr:full": "28ο χλμ. Λ. Αθηνών – Κορωπίου – Βάρης", "addr:housename": "Ελληνικός Φούρνος Α.Ε.", "addr:housenumber": null, "addr:postcode": null, "addr:street": "Βάρης - Κορωπίου", "addr:unit": null, "aeroway": null, "amenity": null, "atm": null, "authentication:app": null, "authentication:membership_card": null, "barrier": null, "bench": null, "brand": null, "brand:el": null, "brand:en": null, "brand:wikidata": null, "brand:wikipedia": null, "building": "industrial", "building:levels": null, "bus": null, "capacity": null, "check_date:shelter": null, "contact:email": "brako@otenet.gr", "contact:fax": "+30 210 6022472", "contact:phone": "+30 210 6626562", "contact:website": "http://www.brakopoulos.gr/", "covered": null, "crossing": null, "crossing:island": null, "crossing:markings": null, "crossing_ref": null, "cuisine": null, "description": null, "direction": null, "dual_carriageway": null, "ele": null, "entrance": null, "fee": null, "fixme": null, "foot": null, "footway": null, "fuel:diesel": null, "fuel:lpg": null, "fuel:octane_100": null, "fuel:octane_95": null, "fuel:octane_98": null, "highway": null, "hoops": null, "int_name": null, "junction": null, "landuse": null, "lanes": null, "layer": null, "leisure": null, "lit": null, "man_made": null, "maxspeed": null, "motorcar": null, "name": null, "name:el": null, "name:en": null, "natural": null, "network": null, "network:el": null, "network:en": null, "network:wikidata": null, "noexit": null, "old_ref": null, "oneway": null, "opening_hours": null, "operator": null, "operator:type": null, "park_ride": null, "parking": null, "parking:fee": null, "payment:app": null, "payment:website": null, "phone": null, "public_transport": null, "ref": null, "ref:EU:EVSE": null, "ref:GR:IDRO": null, "reg_ref": null, "religion": null, "route_ref": null, "service": null, "shelter": null, "shop": null, "short_name": null, "sidewalk": null, "smoothness": null, "socket:type2": null, "socket:type2:output": null, "source": null, "source:reg_ref": null, "sport": null, "surface": null, "tactile_paving": null, "takeaway": null, "tracktype": null, "trade": null, "traffic_signals": null, "turn:lanes": null, "website": null, "label": "building:industrial" }, "geometry": { "type": "Polygon", "coordinates": [ [ [ 23.8705026, 37.8784884 ], [ 23.870618, 37.8785815 ], [ 23.8712886, 37.8780639 ], [ 23.8712607, 37.8780414 ], [ 23.8712835, 37.8780238 ], [ 23.8710724, 37.8778535 ], [ 23.8710496, 37.877871 ], [ 23.871018, 37.8778455 ], [ 23.8707268, 37.8780703 ], [ 23.8707584, 37.8780958 ], [ 23.8707316, 37.8781165 ], [ 23.8708302, 37.878196 ], [ 23.8704776, 37.8784682 ], [ 23.8705026, 37.8784884 ] ] ] } },
{ "type": "Feature", "properties": { "@type": "way", "@id": 455138331, "access": null, "addr:city": null, "addr:country": null, "addr:full": null, "addr:housename": null, "addr:housenumber": null, "addr:postcode": null, "addr:street": null, "addr:unit": null, "aeroway": null, "amenity": null, "atm": null, "authentication:app": null, "authentication:membership_card": null, "barrier": null, "bench": null, "brand": null, "brand:el": null, "brand:en": null, "brand:wikidata": null, "brand:wikipedia": null, "building": "yes", "building:levels": null, "bus": null, "capacity": null, "check_date:shelter": null, "contact:email": null, "contact:fax": null, "contact:phone": null, "contact:website": null, "covered": null, "crossing": null, "crossing:island": null, "crossing:markings": null, "crossing_ref": null, "cuisine": null, "description": null, "direction": null, "dual_carriageway": null, "ele": null, "entrance": null, "fee": null, "fixme": null, "foot": null, "footway": null, "fuel:diesel": null, "fuel:lpg": null, "fuel:octane_100": null, "fuel:octane_95": null, "fuel:octane_98": null, "highway": null, "hoops": null, "int_name": null, "junction": null, "landuse": null, "lanes": null, "layer": null, "leisure": null, "lit": null, "man_made": null, "maxspeed": null, "motorcar": null, "name": null, "name:el": null, "name:en": null, "natural": null, "network": null, "network:el": null, "network:en": null, "network:wikidata": null, "noexit": null, "old_ref": null, "oneway": null, "opening_hours": null, "operator": null, "operator:type": null, "park_ride": null, "parking": null, "parking:fee": null, "payment:app": null, "payment:website": null, "phone": null, "public_transport": null, "ref": null, "ref:EU:EVSE": null, "ref:GR:IDRO": null, "reg_ref": null, "religion": null, "route_ref": null, "service": null, "shelter": null, "shop": null, "short_name": null, "sidewalk": null, "smoothness": null, "socket:type2": null, "socket:type2:output": null, "source": null, "source:reg_ref": null, "sport": null, "surface": null, "tactile_paving": null, "takeaway": null, "tracktype": null, "trade": null, "traffic_signals": null, "turn:lanes": null, "website": null, "label": "building:yes" }, "geometry": { "type": "Polygon", "coordinates": [ [ [ 23.8731475, 37.8755096 ], [ 23.8739227, 37.8753466 ], [ 23.8738313, 37.8750761 ], [ 23.8730562, 37.8752391 ], [ 23.8731475, 37.8755096 ] ] ] } },
{ "type": "Feature", "properties": { "@type": "way", "@id": 455138332, "access": null, "addr:city": null, "addr:country": null, "addr:full": null, "addr:housename": null, "addr:housenumber": null, "addr:postcode": null, "addr:street": null, "addr:unit": null, "aeroway": null, "amenity": null, "atm": null, "authentication:app": null, "authentication:membership_card": null, "barrier": null, "bench": null, "brand": null, "brand:el": null, "brand:en": null, "brand:wikidata": null, "brand:wikipedia": null, "building": "yes", "building:levels": null, "bus": null, "capacity": null, "check_date:shelter": null, "contact:email": null, "contact:fax": null, "contact:phone": null, "contact:website": null, "covered": null, "crossing": null, "crossing:island": null, "crossing:markings": null, "crossing_ref": null, "cuisine": null, "description": null, "direction": null, "dual_carriageway": null, "ele": null, "entrance": null, "fee": null, "fixme": null, "foot": null, "footway": null, "fuel:diesel": null, "fuel:lpg": null, "fuel:octane_100": null, "fuel:octane_95": null, "fuel:octane_98": null, "highway": null, "hoops": null, "int_name": null, "junction": null, "landuse": null, "lanes": null, "layer": null, "leisure": null, "lit": null, "man_made": null, "maxspeed": null, "motorcar": null, "name": null, "name:el": null, "name:en": null, "natural": null, "network": null, "network:el": null, "network:en": null, "network:wikidata": null, "noexit": null, "old_ref": null, "oneway": null, "opening_hours": null, "operator": null, "operator:type": null, "park_ride": null, "parking": null, "parking:fee": null, "payment:app": null, "payment:website": null, "phone": null, "public_transport": null, "ref": null, "ref:EU:EVSE": null, "ref:GR:IDRO": null, "reg_ref": null, "religion": null, "route_ref": null, "service": null, "shelter": null, "shop": null, "short_name": null, "sidewalk": null, "smoothness": null, "socket:type2": null, "socket:type2:output": null, "source": null, "source:reg_ref": null, "sport": null, "surface": null, "tactile_paving": null, "takeaway": null, "tracktype": null, "trade": null, "traffic_signals": null, "turn:lanes": null, "website": null, "label": "building:yes" }, "geometry": { "type": "Polygon", "coordinates": [ [ [ 23.8687681, 37.8776466 ], [ 23.8688729, 37.8775987 ], [ 23.8695736, 37.8767682 ], [ 23.8693252, 37.8766376 ], [ 23.86912, 37.8768808 ], [ 23.8690286, 37.8768327 ], [ 23.8685141, 37.8774319 ], [ 23.8687681, 37.8776466 ] ] ] } },
{ "type": "Feature", "properties": { "@type": "way", "@id": 455138333, "access": null, "addr:city": null, "addr:country": null, "addr:full": null, "addr:housename": null, "addr:housenumber": null, "addr:postcode": null, "addr:street": null, "addr:unit": null, "aeroway": null, "amenity": null, "atm": null, "authentication:app": null, "authentication:membership_card": null, "barrier": null, "bench": null, "brand": null, "brand:el": null, "brand:en": null, "brand:wikidata": null, "brand:wikipedia": null, "building": null, "building:levels": null, "bus": null, "capacity": null, "check_date:shelter": null, "contact:email": null, "contact:fax": null, "contact:phone": null, "contact:website": null, "covered": null, "crossing": null, "crossing:island": null, "crossing:markings": null, "crossing_ref": null, "cuisine": null, "description": null, "direction": null, "dual_carriageway": null, "ele": null, "entrance": null, "fee": null, "fixme": null, "foot": null, "footway": null, "fuel:diesel": null, "fuel:lpg": null, "fuel:octane_100": null, "fuel:octane_95": null, "fuel:octane_98": null, "highway": null, "hoops": null, "int_name": null, "junction": null, "landuse": null, "lanes": null, "layer": null, "leisure": null, "lit": null, "man_made": null, "maxspeed": null, "motorcar": null, "name": null, "name:el": null, "name:en": null, "natural": null, "network": null, "network:el": null, "network:en": null, "network:wikidata": null, "noexit": null, "old_ref": null, "oneway": null, "opening_hours": null, "operator": null, "operator:type": null, "park_ride": null, "parking": null, "parking:fee": null, "payment:app": null, "payment:website": null, "phone": null, "public_transport": null, "ref": null, "ref:EU:EVSE": null, "ref:GR:IDRO": null, "reg_ref": null, "religion": null, "route_ref": null, "service": null, "shelter": null, "shop": "doors", "short_name": null, "sidewalk": null, "smoothness": null, "socket:type2": null, "socket:type2:output": null, "source": null, "source:reg_ref": null, "sport": null, "surface": null, "tactile_paving": null, "takeaway": null, "tracktype": null, "trade": null, "traffic_signals": null, "turn:lanes": null, "website": null, "label": "shop:doors" }, "geometry": { "type": "Polygon", "coordinates": [ [ [ 23.869096, 37.8778607 ], [ 23.8697773, 37.877179 ], [ 23.8696376, 37.877092 ], [ 23.8689563, 37.8777737 ], [ 23.869096, 37.8778607 ] ] ] } },
{ "type": "Feature", "properties": { "@type": "way", "@id": 455138334, "access": null, "addr:city": null, "addr:country": null, "addr:full": null, "addr:housename": null, "addr:housenumber": null, "addr:postcode": null, "addr:street": null, "addr:unit": null, "aeroway": null, "amenity": null, "atm": null, "authentication:app": null, "authentication:membership_card": null, "barrier": null, "bench": null, "brand": null, "brand:el": null, "brand:en": null, "brand:wikidata": null, "brand:wikipedia": null, "building": "yes", "building:levels": null, "bus": null, "capacity": null, "check_date:shelter": null, "contact:email": null, "contact:fax": null, "contact:phone": null, "contact:website": null, "covered": null, "crossing": null, "crossing:island": null, "crossing:markings": null, "crossing_ref": null, "cuisine": null, "description": null, "direction": null, "dual_carriageway": null, "ele": null, "entrance": null, "fee": null, "fixme": null, "foot": null, "footway": null, "fuel:diesel": null, "fuel:lpg": null, "fuel:octane_100": null, "fuel:octane_95": null, "fuel:octane_98": null, "highway": null, "hoops": null, "int_name": null, "junction": null, "landuse": null, "lanes": null, "layer": null, "leisure": null, "lit": null, "man_made": null, "maxspeed": null, "motorcar": null, "name": null, "name:el": null, "name:en": null, "natural": null, "network": null, "network:el": null, "network:en": null, "network:wikidata": null, "noexit": null, "old_ref": null, "oneway": null, "opening_hours": null, "operator": null, "operator:type": null, "park_ride": null, "parking": null, "parking:fee": null, "payment:app": null, "payment:website": null, "phone": null, "public_transport": null, "ref": null, "ref:EU:EVSE": null, "ref:GR:IDRO": null, "reg_ref": null, "religion": null, "route_ref": null, "service": null, "shelter": null, "shop": null, "short_name": null, "sidewalk": null, "smoothness": null, "socket:type2": null, "socket:type2:output": null, "source": null, "source:reg_ref": null, "sport": null, "surface": null, "tactile_paving": null, "takeaway": null, "tracktype": null, "trade": null, "traffic_signals": null, "turn:lanes": null, "website": null, "label": "building:yes" }, "geometry": { "type": "Polygon", "coordinates": [ [ [ 23.869477, 37.8781079 ], [ 23.8695877, 37.8780112 ], [ 23.8695452, 37.8779809 ], [ 23.8696626, 37.877881 ], [ 23.8695536, 37.8778096 ], [ 23.8693438, 37.8779878 ], [ 23.869477, 37.8781079 ] ] ] } },
{ "type": "Feature", "properties": { "@type": "way", "@id": 455138335, "access": null, "addr:city": null, "addr:country": null, "addr:full": null, "addr:housename": null, "addr:housenumber": null, "addr:postcode": null, "addr:street": null, "addr:unit": null, "aeroway": null, "amenity": null, "atm": null, "authentication:app": null, "authentication:membership_card": null, "barrier": null, "bench": null, "brand": null, "brand:el": null, "brand:en": null, "brand:wikidata": null, "brand:wikipedia": null, "building": "yes", "building:levels": null, "bus": null, "capacity": null, "check_date:shelter": null, "contact:email": null, "contact:fax": null, "contact:phone": null, "contact:website": null, "covered": null, "crossing": null, "crossing:island": null, "crossing:markings": null, "crossing_ref": null, "cuisine": null, "description": null, "direction": null, "dual_carriageway": null, "ele": null, "entrance": null, "fee": null, "fixme": null, "foot": null, "footway": null, "fuel:diesel": null, "fuel:lpg": null, "fuel:octane_100": null, "fuel:octane_95": null, "fuel:octane_98": null, "highway": null, "hoops": null, "int_name": null, "junction": null, "landuse": null, "lanes": null, "layer": null, "leisure": null, "lit": null, "man_made": null, "maxspeed": null, "motorcar": null, "name": null, "name:el": null, "name:en": null, "natural": null, "network": null, "network:el": null, "network:en": null, "network:wikidata": null, "noexit": null, "old_ref": null, "oneway": null, "opening_hours": null, "operator": null, "operator:type": null, "park_ride": null, "parking": null, "parking:fee": null, "payment:app": null, "payment:website": null, "phone": null, "public_transport": null, "ref": null, "ref:EU:EVSE": null, "ref:GR:IDRO": null, "reg_ref": null, "religion": null, "route_ref": null, "service": null, "shelter": null, "shop": null, "short_name": null, "sidewalk": null, "smoothness": null, "socket:type2": null, "socket:type2:output": null, "source": null, "source:reg_ref": null, "sport": null, "surface": null, "tactile_paving": null, "takeaway": null, "tracktype": null, "trade": null, "traffic_signals": null, "turn:lanes": null, "website": null, "label": "building:yes" }, "geometry": { "type": "Polygon", "coordinates": [ [ [ 23.8693999, 37.8782081 ], [ 23.8695065, 37.8781345 ], [ 23.869477, 37.8781079 ], [ 23.8693438, 37.8779878 ], [ 23.869231, 37.8780557 ], [ 23.8693999, 37.8782081 ] ] ] } },
{ "type": "Feature", "properties": { "@type": "way", "@id": 455138336, "access": null, "addr:city": null, "addr:country": null, "addr:full": null, "addr:housename": null, "addr:housenumber": null, "addr:postcode": null, "addr:street": null, "addr:unit": null, "aeroway": null, "amenity": null, "atm": null, "authentication:app": null, "authentication:membership_card": null, "barrier": null, "bench": null, "brand": null, "brand:el": null, "brand:en": null, "brand:wikidata": null, "brand:wikipedia": null, "building": "yes", "building:levels": null, "bus": null, "capacity": null, "check_date:shelter": null, "contact:email": null, "contact:fax": null, "contact:phone": null, "contact:website": null, "covered": null, "crossing": null, "crossing:island": null, "crossing:markings": null, "crossing_ref": null, "cuisine": null, "description": null, "direction": null, "dual_carriageway": null, "ele": null, "entrance": null, "fee": null, "fixme": null, "foot": null, "footway": null, "fuel:diesel": null, "fuel:lpg": null, "fuel:octane_100": null, "fuel:octane_95": null, "fuel:octane_98": null, "highway": null, "hoops": null, "int_name": null, "junction": null, "landuse": null, "lanes": null, "layer": null, "leisure": null, "lit": null, "man_made": null, "maxspeed": null, "motorcar": null, "name": null, "name:el": null, "name:en": null, "natural": null, "network": null, "network:el": null, "network:en": null, "network:wikidata": null, "noexit": null, "old_ref": null, "oneway": null, "opening_hours": null, "operator": null, "operator:type": null, "park_ride": null, "parking": null, "parking:fee": null, "payment:app": null, "payment:website": null, "phone": null, "public_transport": null, "ref": null, "ref:EU:EVSE": null, "ref:GR:IDRO": null, "reg_ref": null, "religion": null, "route_ref": null, "service": null, "shelter": null, "shop": null, "short_name": null, "sidewalk": null, "smoothness": null, "socket:type2": null, "socket:type2:output": null, "source": null, "source:reg_ref": null, "sport": null, "surface": null, "tactile_paving": null, "takeaway": null, "tracktype": null, "trade": null, "traffic_signals": null, "turn:lanes": null, "website": null, "label": "building:yes" }, "geometry": { "type": "Polygon", "coordinates": [ [ [ 23.8695536, 37.8778096 ], [ 23.8696626, 37.877881 ], [ 23.8697352, 37.8779286 ], [ 23.8699412, 37.8777329 ], [ 23.8696247, 37.8775254 ], [ 23.8694187, 37.8777212 ], [ 23.8695536, 37.8778096 ] ] ] } },
{ "type": "Feature", "properties": { "@type": "way", "@id": 455138337, "access": null, "addr:city": null, "addr:country": null, "addr:full": null, "addr:housename": null, "addr:housenumber": null, "addr:postcode": null, "addr:street": null, "addr:unit": null, "aeroway": null, "amenity": null, "atm": null, "authentication:app": null, "authentication:membership_card": null, "barrier": null, "bench": null, "brand": null, "brand:el": null, "brand:en": null, "brand:wikidata": null, "brand:wikipedia": null, "building": "yes", "building:levels": null, "bus": null, "capacity": null, "check_date:shelter": null, "contact:email": null, "contact:fax": null, "contact:phone": null, "contact:website": null, "covered": null, "crossing": null, "crossing:island": null, "crossing:markings": null, "crossing_ref": null, "cuisine": null, "description": null, "direction": null, "dual_carriageway": null, "ele": null, "entrance": null, "fee": null, "fixme": null, "foot": null, "footway": null, "fuel:diesel": null, "fuel:lpg": null, "fuel:octane_100": null, "fuel:octane_95": null, "fuel:octane_98": null, "highway": null, "hoops": null, "int_name": null, "junction": null, "landuse": null, "lanes": null, "layer": null, "leisure": null, "lit": null, "man_made": null, "maxspeed": null, "motorcar": null, "name": null, "name:el": null, "name:en": null, "natural": null, "network": null, "network:el": null, "network:en": null, "network:wikidata": null, "noexit": null, "old_ref": null, "oneway": null, "opening_hours": null, "operator": null, "operator:type": null, "park_ride": null, "parking": null, "parking:fee": null, "payment:app": null, "payment:website": null, "phone": null, "public_transport": null, "ref": null, "ref:EU:EVSE": null, "ref:GR:IDRO": null, "reg_ref": null, "religion": null, "route_ref": null, "service": null, "shelter": null, "shop": null, "short_name": null, "sidewalk": null, "smoothness": null, "socket:type2": null, "socket:type2:output": null, "source": null, "source:reg_ref": null, "sport": null, "surface": null, "tactile_paving": null, "takeaway": null, "tracktype": null, "trade": null, "traffic_signals": null, "turn:lanes": null, "website": null, "label": "building:yes" }, "geometry": { "type": "Polygon", "coordinates": [ [ [ 23.8697325, 37.8784007 ], [ 23.8699713, 37.878206 ], [ 23.8698569, 37.8781186 ], [ 23.8696181, 37.8783134 ], [ 23.8697325, 37.8784007 ] ] ] } },
{ "type": "Feature", "properties": { "@type": "way", "@id": 455138338, "access": null, "addr:city": null, "addr:country": null, "addr:full": null, "addr:housename": null, "addr:housenumber": null, "addr:postcode": null, "addr:street": null, "addr:unit": null, "aeroway": null, "amenity": null, "atm": null, "authentication:app": null, "authentication:membership_card": null, "barrier": null, "bench": null, "brand": null, "brand:el": null, "brand:en": null, "brand:wikidata": null, "brand:wikipedia": null, "building": "yes", "building:levels": null, "bus": null, "capacity": null, "check_date:shelter": null, "contact:email": null, "contact:fax": null, "contact:phone": null, "contact:website": null, "covered": null, "crossing": null, "crossing:island": null, "crossing:markings": null, "crossing_ref": null, "cuisine": null, "description": null, "direction": null, "dual_carriageway": null, "ele": null, "entrance": null, "fee": null, "fixme": null, "foot": null, "footway": null, "fuel:diesel": null, "fuel:lpg": null, "fuel:octane_100": null, "fuel:octane_95": null, "fuel:octane_98": null, "highway": null, "hoops": null, "int_name": null, "junction": null, "landuse": null, "lanes": null, "layer": null, "leisure": null, "lit": null, "man_made": null, "maxspeed": null, "motorcar": null, "name": null, "name:el": null, "name:en": null, "natural": null, "network": null, "network:el": null, "network:en": null, "network:wikidata": null, "noexit": null, "old_ref": null, "oneway": null, "opening_hours": null, "operator": null, "operator:type": null, "park_ride": null, "parking": null, "parking:fee": null, "payment:app": null, "payment:website": null, "phone": null, "public_transport": null, "ref": null, "ref:EU:EVSE": null, "ref:GR:IDRO": null, "reg_ref": null, "religion": null, "route_ref": null, "service": null, "shelter": null, "shop": null, "short_name": null, "sidewalk": null, "smoothness": null, "socket:type2": null, "socket:type2:output": null, "source": null, "source:reg_ref": null, "sport": null, "surface": null, "tactile_paving": null, "takeaway": null, "tracktype": null, "trade": null, "traffic_signals": null, "turn:lanes": null, "website": null, "label": "building:yes" }, "geometry": { "type": "Polygon", "coordinates": [ [ [ 23.8699257, 37.8786336 ], [ 23.8704406, 37.8782293 ], [ 23.8703283, 37.8781401 ], [ 23.8698133, 37.8785445 ], [ 23.8699257, 37.8786336 ] ] ] } },
{ "type": "Feature", "properties": { "@type": "way", "@id": 455138339, "access": null, "addr:city": null, "addr:country": null, "addr:full": null, "addr:housename": null, "addr:housenumber": null, "addr:postcode": null, "addr:street": null, "addr:unit": null, "aeroway": null, "amenity": null, "atm": null, "authentication:app": null, "authentication:membership_card": null, "barrier": null, "bench": null, "brand": null, "brand:el": null, "brand:en": null, "brand:wikidata": null, "brand:wikipedia": null, "building": "yes", "building:levels": null, "bus": null, "capacity": null, "check_date:shelter": null, "contact:email": null, "contact:fax": null, "contact:phone": null, "contact:website": null, "covered": null, "crossing": null, "crossing:island": null, "crossing:markings": null, "crossing_ref": null, "cuisine": null, "description": null, "direction": null, "dual_carriageway": null, "ele": null, "entrance": null, "fee": null, "fixme": null, "foot": null, "footway": null, "fuel:diesel": null, "fuel:lpg": null, "fuel:octane_100": null, "fuel:octane_95": null, "fuel:octane_98": null, "highway": null, "hoops": null, "int_name": null, "junction": null, "landuse": null, "lanes": null, "layer": null, "leisure": null, "lit": null, "man_made": null, "maxspeed": null, "motorcar": null, "name": null, "name:el": null, "name:en": null, "natural": null, "network": null, "network:el": null, "network:en": null, "network:wikidata": null, "noexit": null, "old_ref": null, "oneway": null, "opening_hours": null, "operator": null, "operator:type": null, "park_ride": null, "parking": null, "parking:fee": null, "payment:app": null, "payment:website": null, "phone": null, "public_transport": null, "ref": null, "ref:EU:EVSE": null, "ref:GR:IDRO": null, "reg_ref": null, "religion": null, "route_ref": null, "service": null, "shelter": null, "shop": null, "short_name": null, "sidewalk": null, "smoothness": null, "socket:type2": null, "socket:type2:output": null, "source": null, "source:reg_ref": null, "sport": null, "surface": null, "tactile_paving": null, "takeaway": null, "tracktype": null, "trade": null, "traffic_signals": null, "turn:lanes": null, "website": null, "label": "building:yes" }, "geometry": { "type": "Polygon", "coordinates": [ [ [ 23.8701201, 37.8777328 ], [ 23.8704581, 37.877466 ], [ 23.8702583, 37.8773083 ], [ 23.8699203, 37.8775751 ], [ 23.8701201, 37.8777328 ] ] ] } },
{ "type": "Feature", "properties": { "@type": "way", "@id": 455138340, "access": null, "addr:city": null, "addr:country": null, "addr:full": null, "addr:housename": null, "addr:housenumber": null, "addr:postcode": null, "addr:street": null, "addr:unit": null, "aeroway": null, "amenity": null, "atm": null, "authentication:app": null, "authentication:membership_card": null, "barrier": null, "bench": null, "brand": null, "brand:el": null, "brand:en": null, "brand:wikidata": null, "brand:wikipedia": null, "building": "yes", "building:levels": null, "bus": null, "capacity": null, "check_date:shelter": null, "contact:email": null, "contact:fax": null, "contact:phone": null, "contact:website": null, "covered": null, "crossing": null, "crossing:island": null, "crossing:markings": null, "crossing_ref": null, "cuisine": null, "description": null, "direction": null, "dual_carriageway": null, "ele": null, "entrance": null, "fee": null, "fixme": null, "foot": null, "footway": null, "fuel:diesel": null, "fuel:lpg": null, "fuel:octane_100": null, "fuel:octane_95": null, "fuel:octane_98": null, "highway": null, "hoops": null, "int_name": null, "junction": null, "landuse": null, "lanes": null, "layer": null, "leisure": null, "lit": null, "man_made": null, "maxspeed": null, "motorcar": null, "name": null, "name:el": null, "name:en": null, "natural": null, "network": null, "network:el": null, "network:en": null, "network:wikidata": null, "noexit": null, "old_ref": null, "oneway": null, "opening_hours": null, "operator": null, "operator:type": null, "park_ride": null, "parking": null, "parking:fee": null, "payment:app": null, "payment:website": null, "phone": null, "public_transport": null, "ref": null, "ref:EU:EVSE": null, "ref:GR:IDRO": null, "reg_ref": null, "religion": null, "route_ref": null, "service": null, "shelter": null, "shop": null, "short_name": null, "sidewalk": null, "smoothness": null, "socket:type2": null, "socket:type2:output": null, "source": null, "source:reg_ref": null, "sport": null, "surface": null, "tactile_paving": null, "takeaway": null, "tracktype": null, "trade": null, "traffic_signals": null, "turn:lanes": null, "website": null, "label": "building:yes" }, "geometry": { "type": "Polygon", "coordinates": [ [ [ 23.8708899, 37.8794625 ], [ 23.8713566, 37.879056 ], [ 23.8712185, 37.8789572 ], [ 23.8707518, 37.8793636 ], [ 23.8708899, 37.8794625 ] ] ] } },
{ "type": "Feature", "properties": { "@type": "way", "@id": 455138341, "access": null, "addr:city": null, "addr:country": null, "addr:full": null, "addr:housename": null, "addr:housenumber": null, "addr:postcode": null, "addr:street": null, "addr:unit": null, "aeroway": null, "amenity": null, "atm": null, "authentication:app": null, "authentication:membership_card": null, "barrier": null, "bench": null, "brand": null, "brand:el": null, "brand:en": null, "brand:wikidata": null, "brand:wikipedia": null, "building": "yes", "building:levels": null, "bus": null, "capacity": null, "check_date:shelter": null, "contact:email": null, "contact:fax": null, "contact:phone": null, "contact:website": null, "covered": null, "crossing": null, "crossing:island": null, "crossing:markings": null, "crossing_ref": null, "cuisine": null, "description": null, "direction": null, "dual_carriageway": null, "ele": null, "entrance": null, "fee": null, "fixme": null, "foot": null, "footway": null, "fuel:diesel": null, "fuel:lpg": null, "fuel:octane_100": null, "fuel:octane_95": null, "fuel:octane_98": null, "highway": null, "hoops": null, "int_name": null, "junction": null, "landuse": null, "lanes": null, "layer": null, "leisure": null, "lit": null, "man_made": null, "maxspeed": null, "motorcar": null, "name": "Auto Paris", "name:el": null, "name:en": null, "natural": null, "network": null, "network:el": null, "network:en": null, "network:wikidata": null, "noexit": null, "old_ref": null, "oneway": null, "opening_hours": null, "operator": null, "operator:type": null, "park_ride": null, "parking": null, "parking:fee": null, "payment:app": null, "payment:website": null, "phone": null, "public_transport": null, "ref": null, "ref:EU:EVSE": null, "ref:GR:IDRO": null, "reg_ref": null, "religion": null, "route_ref": null, "service": null, "shelter": null, "shop": "car_parts", "short_name": null, "sidewalk": null, "smoothness": null, "socket:type2": null, "socket:type2:output": null, "source": null, "source:reg_ref": null, "sport": null, "surface": null, "tactile_paving": null, "takeaway": null, "tracktype": null, "trade": null, "traffic_signals": null, "turn:lanes": null, "website": null, "label": "shop:car_parts;building:yes" }, "geometry": { "type": "Polygon", "coordinates": [ [ [ 23.8713663, 37.8798996 ], [ 23.8717392, 37.8795693 ], [ 23.8715632, 37.8794455 ], [ 23.8711903, 37.8797758 ], [ 23.8713663, 37.8798996 ] ] ] } },
{ "type": "Feature", "properties": { "@type": "way", "@id": 455138342, "access": null, "addr:city": null, "addr:country": null, "addr:full": null, "addr:housename": null, "addr:housenumber": null, "addr:postcode": null, "addr:street": null, "addr:unit": null, "aeroway": null, "amenity": null, "atm": null, "authentication:app": null, "authentication:membership_card": null, "barrier": null, "bench": null, "brand": null, "brand:el": null, "brand:en": null, "brand:wikidata": null, "brand:wikipedia": null, "building": "yes", "building:levels": null, "bus": null, "capacity": null, "check_date:shelter": null, "contact:email": null, "contact:fax": null, "contact:phone": null, "contact:website": null, "covered": null, "crossing": null, "crossing:island": null, "crossing:markings": null, "crossing_ref": null, "cuisine": null, "description": null, "direction": null, "dual_carriageway": null, "ele": null, "entrance": null, "fee": null, "fixme": null, "foot": null, "footway": null, "fuel:diesel": null, "fuel:lpg": null, "fuel:octane_100": null, "fuel:octane_95": null, "fuel:octane_98": null, "highway": null, "hoops": null, "int_name": null, "junction": null, "landuse": null, "lanes": null, "layer": null, "leisure": null, "lit": null, "man_made": null, "maxspeed": null, "motorcar": null, "name": null, "name:el": null, "name:en": null, "natural": null, "network": null, "network:el": null, "network:en": null, "network:wikidata": null, "noexit": null, "old_ref": null, "oneway": null, "opening_hours": null, "operator": null, "operator:type": null, "park_ride": null, "parking": null, "parking:fee": null, "payment:app": null, "payment:website": null, "phone": null, "public_transport": null, "ref": null, "ref:EU:EVSE": null, "ref:GR:IDRO": null, "reg_ref": null, "religion": null, "route_ref": null, "service": null, "shelter": null, "shop": null, "short_name": null, "sidewalk": null, "smoothness": null, "socket:type2": null, "socket:type2:output": null, "source": null, "source:reg_ref": null, "sport": null, "surface": null, "tactile_paving": null, "takeaway": null, "tracktype": null, "trade": null, "traffic_signals": null, "turn:lanes": null, "website": null, "label": "building:yes" }, "geometry": { "type": "Polygon", "coordinates": [ [ [ 23.8715204, 37.8786927 ], [ 23.8716916, 37.8785569 ], [ 23.8717714, 37.8784936 ], [ 23.8714806, 37.8782653 ], [ 23.8712296, 37.8784645 ], [ 23.8715204, 37.8786927 ] ] ] } },
{ "type": "Feature", "properties": { "@type": "way", "@id": 455138343, "access": null, "addr:city": null, "addr:country": null, "addr:full": null, "addr:housename": null, "addr:housenumber": null, "addr:postcode": null, "addr:street": null, "addr:unit": null, "aeroway": null, "amenity": null, "atm": null, "authentication:app": null, "authentication:membership_card": null, "barrier": null, "bench": null, "brand": null, "brand:el": null, "brand:en": null, "brand:wikidata": null, "brand:wikipedia": null, "building": "yes", "building:levels": null, "bus": null, "capacity": null, "check_date:shelter": null, "contact:email": null, "contact:fax": null, "contact:phone": null, "contact:website": null, "covered": null, "crossing": null, "crossing:island": null, "crossing:markings": null, "crossing_ref": null, "cuisine": null, "description": null, "direction": null, "dual_carriageway": null, "ele": null, "entrance": null, "fee": null, "fixme": null, "foot": null, "footway": null, "fuel:diesel": null, "fuel:lpg": null, "fuel:octane_100": null, "fuel:octane_95": null, "fuel:octane_98": null, "highway": null, "hoops": null, "int_name": null, "junction": null, "landuse": null, "lanes": null, "layer": null, "leisure": null, "lit": null, "man_made": null, "maxspeed": null, "motorcar": null, "name": null, "name:el": null, "name:en": null, "natural": null, "network": null, "network:el": null, "network:en": null, "network:wikidata": null, "noexit": null, "old_ref": null, "oneway": null, "opening_hours": null, "operator": null, "operator:type": null, "park_ride": null, "parking": null, "parking:fee": null, "payment:app": null, "payment:website": null, "phone": null, "public_transport": null, "ref": null, "ref:EU:EVSE": null, "ref:GR:IDRO": null, "reg_ref": null, "religion": null, "route_ref": null, "service": null, "shelter": null, "shop": null, "short_name": null, "sidewalk": null, "smoothness": null, "socket:type2": null, "socket:type2:output": null, "source": null, "source:reg_ref": null, "sport": null, "surface": null, "tactile_paving": null, "takeaway": null, "tracktype": null, "trade": null, "traffic_signals": null, "turn:lanes": null, "website": null, "label": "building:yes" }, "geometry": { "type": "Polygon", "coordinates": [ [ [ 23.8723239, 37.8793235 ], [ 23.8724951, 37.8791876 ], [ 23.8716916, 37.8785569 ], [ 23.8715204, 37.8786927 ], [ 23.8723239, 37.8793235 ] ] ] } },
{ "type": "Feature", "properties": { "@type": "way", "@id": 455138346, "access": null, "addr:city": null, "addr:country": null, "addr:full": null, "addr:housename": null, "addr:housenumber": null, "addr:postcode": null, "addr:street": null, "addr:unit": null, "aeroway": null, "amenity": null, "atm": null, "authentication:app": null, "authentication:membership_card": null, "barrier": null, "bench": null, "brand": null, "brand:el": null, "brand:en": null, "brand:wikidata": null, "brand:wikipedia": null, "building": "industrial", "building:levels": null, "bus": null, "capacity": null, "check_date:shelter": null, "contact:email": null, "contact:fax": null, "contact:phone": null, "contact:website": null, "covered": null, "crossing": null, "crossing:island": null, "crossing:markings": null, "crossing_ref": null, "cuisine": null, "description": null, "direction": null, "dual_carriageway": null, "ele": null, "entrance": null, "fee": null, "fixme": null, "foot": null, "footway": null, "fuel:diesel": null, "fuel:lpg": null, "fuel:octane_100": null, "fuel:octane_95": null, "fuel:octane_98": null, "highway": null, "hoops": null, "int_name": null, "junction": null, "landuse": null, "lanes": null, "layer": null, "leisure": null, "lit": null, "man_made": null, "maxspeed": null, "motorcar": null, "name": null, "name:el": null, "name:en": null, "natural": null, "network": null, "network:el": null, "network:en": null, "network:wikidata": null, "noexit": null, "old_ref": null, "oneway": null, "opening_hours": null, "operator": null, "operator:type": null, "park_ride": null, "parking": null, "parking:fee": null, "payment:app": null, "payment:website": null, "phone": null, "public_transport": null, "ref": null, "ref:EU:EVSE": null, "ref:GR:IDRO": null, "reg_ref": null, "religion": null, "route_ref": null, "service": null, "shelter": null, "shop": null, "short_name": null, "sidewalk": null, "smoothness": null, "socket:type2": null, "socket:type2:output": null, "source": null, "source:reg_ref": null, "sport": null, "surface": null, "tactile_paving": null, "takeaway": null, "tracktype": null, "trade": null, "traffic_signals": null, "turn:lanes": null, "website": null, "label": "building:industrial" }, "geometry": { "type": "Polygon", "coordinates": [ [ [ 23.8718298, 37.8772394 ], [ 23.8724174, 37.876992 ], [ 23.8722141, 37.8766912 ], [ 23.8718046, 37.8768635 ], [ 23.8718676, 37.8769567 ], [ 23.8716895, 37.8770317 ], [ 23.8718298, 37.8772394 ] ] ] } },
{ "type": "Feature", "properties": { "@type": "way", "@id": 455138347, "access": null, "addr:city": null, "addr:country": null, "addr:full": null, "addr:housename": null, "addr:housenumber": null, "addr:postcode": null, "addr:street": null, "addr:unit": null, "aeroway": null, "amenity": null, "atm": null, "authentication:app": null, "authentication:membership_card": null, "barrier": null, "bench": null, "brand": null, "brand:el": null, "brand:en": null, "brand:wikidata": null, "brand:wikipedia": null, "building": "industrial", "building:levels": null, "bus": null, "capacity": null, "check_date:shelter": null, "contact:email": null, "contact:fax": null, "contact:phone": null, "contact:website": null, "covered": null, "crossing": null, "crossing:island": null, "crossing:markings": null, "crossing_ref": null, "cuisine": null, "description": null, "direction": null, "dual_carriageway": null, "ele": null, "entrance": null, "fee": null, "fixme": null, "foot": null, "footway": null, "fuel:diesel": null, "fuel:lpg": null, "fuel:octane_100": null, "fuel:octane_95": null, "fuel:octane_98": null, "highway": null, "hoops": null, "int_name": null, "junction": null, "landuse": null, "lanes": null, "layer": null, "leisure": null, "lit": null, "man_made": null, "maxspeed": null, "motorcar": null, "name": null, "name:el": null, "name:en": null, "natural": null, "network": null, "network:el": null, "network:en": null, "network:wikidata": null, "noexit": null, "old_ref": null, "oneway": null, "opening_hours": null, "operator": null, "operator:type": null, "park_ride": null, "parking": null, "parking:fee": null, "payment:app": null, "payment:website": null, "phone": null, "public_transport": null, "ref": null, "ref:EU:EVSE": null, "ref:GR:IDRO": null, "reg_ref": null, "religion": null, "route_ref": null, "service": null, "shelter": null, "shop": null, "short_name": null, "sidewalk": null, "smoothness": null, "socket:type2": null, "socket:type2:output": null, "source": null, "source:reg_ref": null, "sport": null, "surface": null, "tactile_paving": null, "takeaway": null, "tracktype": null, "trade": null, "traffic_signals": null, "turn:lanes": null, "website": null, "label": "building:industrial" }, "geometry": { "type": "Polygon", "coordinates": [ [ [ 23.8726373, 37.8769219 ], [ 23.8731804, 37.8766886 ], [ 23.8729646, 37.8763757 ], [ 23.8724215, 37.876609 ], [ 23.8726373, 37.8769219 ] ] ] } },
{ "type": "Feature", "properties": { "@type": "way", "@id": 455138348, "access": null, "addr:city": null, "addr:country": null, "addr:full": null, "addr:housename": null, "addr:housenumber": null, "addr:postcode": null, "addr:street": null, "addr:unit": null, "aeroway": null, "amenity": null, "atm": null, "authentication:app": null, "authentication:membership_card": null, "barrier": null, "bench": null, "brand": null, "brand:el": null, "brand:en": null, "brand:wikidata": null, "brand:wikipedia": null, "building": "industrial", "building:levels": null, "bus": null, "capacity": null, "check_date:shelter": null, "contact:email": null, "contact:fax": null, "contact:phone": null, "contact:website": null, "covered": null, "crossing": null, "crossing:island": null, "crossing:markings": null, "crossing_ref": null, "cuisine": null, "description": null, "direction": null, "dual_carriageway": null, "ele": null, "entrance": null, "fee": null, "fixme": null, "foot": null, "footway": null, "fuel:diesel": null, "fuel:lpg": null, "fuel:octane_100": null, "fuel:octane_95": null, "fuel:octane_98": null, "highway": null, "hoops": null, "int_name": null, "junction": null, "landuse": null, "lanes": null, "layer": null, "leisure": null, "lit": null, "man_made": null, "maxspeed": null, "motorcar": null, "name": null, "name:el": null, "name:en": null, "natural": null, "network": null, "network:el": null, "network:en": null, "network:wikidata": null, "noexit": null, "old_ref": null, "oneway": null, "opening_hours": null, "operator": null, "operator:type": null, "park_ride": null, "parking": null, "parking:fee": null, "payment:app": null, "payment:website": null, "phone": null, "public_transport": null, "ref": null, "ref:EU:EVSE": null, "ref:GR:IDRO": null, "reg_ref": null, "religion": null, "route_ref": null, "service": null, "shelter": null, "shop": null, "short_name": null, "sidewalk": null, "smoothness": null, "socket:type2": null, "socket:type2:output": null, "source": null, "source:reg_ref": null, "sport": null, "surface": null, "tactile_paving": null, "takeaway": null, "tracktype": null, "trade": null, "traffic_signals": null, "turn:lanes": null, "website": null, "label": "building:industrial" }, "geometry": { "type": "Polygon", "coordinates": [ [ [ 23.8723994, 37.87641 ], [ 23.8729928, 37.876155 ], [ 23.872927, 37.8760596 ], [ 23.8729873, 37.8760337 ], [ 23.8728993, 37.8759061 ], [ 23.8722456, 37.876187 ], [ 23.8723994, 37.87641 ] ] ] } },
{ "type": "Feature", "properties": { "@type": "way", "@id": 455138349, "access": null, "addr:city": null, "addr:country": null, "addr:full": null, "addr:housename": null, "addr:housenumber": null, "addr:postcode": null, "addr:street": null, "addr:unit": null, "aeroway": null, "amenity": null, "atm": null, "authentication:app": null, "authentication:membership_card": null, "barrier": null, "bench": null, "brand": null, "brand:el": null, "brand:en": null, "brand:wikidata": null, "brand:wikipedia": null, "building": "yes", "building:levels": null, "bus": null, "capacity": null, "check_date:shelter": null, "contact:email": null, "contact:fax": null, "contact:phone": null, "contact:website": null, "covered": null, "crossing": null, "crossing:island": null, "crossing:markings": null, "crossing_ref": null, "cuisine": null, "description": null, "direction": null, "dual_carriageway": null, "ele": null, "entrance": null, "fee": null, "fixme": null, "foot": null, "footway": null, "fuel:diesel": null, "fuel:lpg": null, "fuel:octane_100": null, "fuel:octane_95": null, "fuel:octane_98": null, "highway": null, "hoops": null, "int_name": null, "junction": null, "landuse": null, "lanes": null, "layer": null, "leisure": null, "lit": null, "man_made": null, "maxspeed": null, "motorcar": null, "name": null, "name:el": null, "name:en": null, "natural": null, "network": null, "network:el": null, "network:en": null, "network:wikidata": null, "noexit": null, "old_ref": null, "oneway": null, "opening_hours": null, "operator": null, "operator:type": null, "park_ride": null, "parking": null, "parking:fee": null, "payment:app": null, "payment:website": null, "phone": null, "public_transport": null, "ref": null, "ref:EU:EVSE": null, "ref:GR:IDRO": null, "reg_ref": null, "religion": null, "route_ref": null, "service": null, "shelter": null, "shop": null, "short_name": null, "sidewalk": null, "smoothness": null, "socket:type2": null, "socket:type2:output": null, "source": null, "source:reg_ref": null, "sport": null, "surface": null, "tactile_paving": null, "takeaway": null, "tracktype": null, "trade": null, "traffic_signals": null, "turn:lanes": null, "website": null, "label": "building:yes" }, "geometry": { "type": "Polygon", "coordinates": [ [ [ 23.8714972, 37.8768445 ], [ 23.8721671, 37.8764755 ], [ 23.8720339, 37.8763248 ], [ 23.8719777, 37.8763557 ], [ 23.8718405, 37.8762007 ], [ 23.8712269, 37.8765387 ], [ 23.8714972, 37.8768445 ] ] ] } },
{ "type": "Feature", "properties": { "@type": "way", "@id": 455138350, "access": null, "addr:city": null, "addr:country": null, "addr:full": null, "addr:housename": null, "addr:housenumber": null, "addr:postcode": null, "addr:street": null, "addr:unit": null, "aeroway": null, "amenity": null, "atm": null, "authentication:app": null, "authentication:membership_card": null, "barrier": null, "bench": null, "brand": null, "brand:el": null, "brand:en": null, "brand:wikidata": null, "brand:wikipedia": null, "building": null, "building:levels": null, "bus": null, "capacity": null, "check_date:shelter": null, "contact:email": null, "contact:fax": null, "contact:phone": null, "contact:website": null, "covered": null, "crossing": null, "crossing:island": null, "crossing:markings": null, "crossing_ref": null, "cuisine": null, "description": null, "direction": null, "dual_carriageway": null, "ele": null, "entrance": null, "fee": null, "fixme": null, "foot": null, "footway": null, "fuel:diesel": null, "fuel:lpg": null, "fuel:octane_100": null, "fuel:octane_95": null, "fuel:octane_98": null, "highway": null, "hoops": null, "int_name": null, "junction": null, "landuse": "industrial", "lanes": null, "layer": null, "leisure": null, "lit": null, "man_made": null, "maxspeed": null, "motorcar": null, "name": null, "name:el": null, "name:en": null, "natural": null, "network": null, "network:el": null, "network:en": null, "network:wikidata": null, "noexit": null, "old_ref": null, "oneway": null, "opening_hours": null, "operator": null, "operator:type": null, "park_ride": null, "parking": null, "parking:fee": null, "payment:app": null, "payment:website": null, "phone": null, "public_transport": null, "ref": null, "ref:EU:EVSE": null, "ref:GR:IDRO": null, "reg_ref": null, "religion": null, "route_ref": null, "service": null, "shelter": null, "shop": null, "short_name": null, "sidewalk": null, "smoothness": null, "socket:type2": null, "socket:type2:output": null, "source": null, "source:reg_ref": null, "sport": null, "surface": null, "tactile_paving": null, "takeaway": null, "tracktype": null, "trade": null, "traffic_signals": null, "turn:lanes": null, "website": null, "label": "landuse:industrial" }, "geometry": { "type": "Polygon", "coordinates": [ [ [ 23.8692249, 37.8791814 ], [ 23.869359, 37.8790904 ], [ 23.8697264, 37.8794228 ], [ 23.8696111, 37.8795075 ], [ 23.8697828, 37.8797128 ], [ 23.8692436, 37.8800198 ], [ 23.8693938, 37.8801807 ], [ 23.8692866, 37.88035 ], [ 23.869359, 37.8804009 ], [ 23.8696406, 37.8802823 ], [ 23.8705847, 37.879698 ], [ 23.8686933, 37.8779889 ], [ 23.8682219, 37.8783791 ], [ 23.8692249, 37.8791814 ] ] ] } },
{ "type": "Feature", "properties": { "@type": "way", "@id": 455138351, "access": null, "addr:city": null, "addr:country": null, "addr:full": null, "addr:housename": null, "addr:housenumber": null, "addr:postcode": null, "addr:street": null, "addr:unit": null, "aeroway": null, "amenity": null, "atm": null, "authentication:app": null, "authentication:membership_card": null, "barrier": null, "bench": null, "brand": null, "brand:el": null, "brand:en": null, "brand:wikidata": null, "brand:wikipedia": null, "building": null, "building:levels": null, "bus": null, "capacity": null, "check_date:shelter": null, "contact:email": null, "contact:fax": null, "contact:phone": null, "contact:website": null, "covered": null, "crossing": null, "crossing:island": null, "crossing:markings": null, "crossing_ref": null, "cuisine": null, "description": null, "direction": null, "dual_carriageway": null, "ele": null, "entrance": null, "fee": null, "fixme": null, "foot": null, "footway": null, "fuel:diesel": null, "fuel:lpg": null, "fuel:octane_100": null, "fuel:octane_95": null, "fuel:octane_98": null, "highway": null, "hoops": null, "int_name": null, "junction": null, "landuse": "industrial", "lanes": null, "layer": null, "leisure": null, "lit": null, "man_made": null, "maxspeed": null, "motorcar": null, "name": "Ελληνικός Φούρνος Α.Ε.", "name:el": "Ελληνικός Φούρνος Α.Ε.", "name:en": null, "natural": null, "network": null, "network:el": null, "network:en": null, "network:wikidata": null, "noexit": null, "old_ref": null, "oneway": null, "opening_hours": null, "operator": null, "operator:type": null, "park_ride": null, "parking": null, "parking:fee": null, "payment:app": null, "payment:website": null, "phone": null, "public_transport": null, "ref": null, "ref:EU:EVSE": null, "ref:GR:IDRO": null, "reg_ref": null, "religion": null, "route_ref": null, "service": null, "shelter": null, "shop": null, "short_name": null, "sidewalk": null, "smoothness": null, "socket:type2": null, "socket:type2:output": null, "source": null, "source:reg_ref": null, "sport": null, "surface": null, "tactile_paving": null, "takeaway": null, "tracktype": null, "trade": null, "traffic_signals": null, "turn:lanes": null, "website": null, "label": "landuse:industrial" }, "geometry": { "type": "Polygon", "coordinates": [ [ [ 23.8701233, 37.8788582 ], [ 23.8701598, 37.8788871 ], [ 23.8701941, 37.8789201 ], [ 23.870683, 37.8793553 ], [ 23.8713098, 37.8787923 ], [ 23.8709039, 37.8784518 ], [ 23.8709153, 37.8784403 ], [ 23.8714494, 37.8780393 ], [ 23.8710389, 37.8776722 ], [ 23.8705389, 37.8780678 ], [ 23.8706593, 37.8781836 ], [ 23.8699458, 37.8787085 ], [ 23.8701233, 37.8788582 ] ] ] } },
{ "type": "Feature", "properties": { "@type": "way", "@id": 518282679, "access": null, "addr:city": null, "addr:country": null, "addr:full": null, "addr:housename": null, "addr:housenumber": null, "addr:postcode": null, "addr:street": null, "addr:unit": null, "aeroway": null, "amenity": "place_of_worship", "atm": null, "authentication:app": null, "authentication:membership_card": null, "barrier": null, "bench": null, "brand": null, "brand:el": null, "brand:en": null, "brand:wikidata": null, "brand:wikipedia": null, "building": "yes", "building:levels": null, "bus": null, "capacity": null, "check_date:shelter": null, "contact:email": null, "contact:fax": null, "contact:phone": null, "contact:website": null, "covered": null, "crossing": null, "crossing:island": null, "crossing:markings": null, "crossing_ref": null, "cuisine": null, "description": null, "direction": null, "dual_carriageway": null, "ele": null, "entrance": null, "fee": null, "fixme": null, "foot": null, "footway": null, "fuel:diesel": null, "fuel:lpg": null, "fuel:octane_100": null, "fuel:octane_95": null, "fuel:octane_98": null, "highway": null, "hoops": null, "int_name": null, "junction": null, "landuse": null, "lanes": null, "layer": null, "leisure": null, "lit": null, "man_made": null, "maxspeed": null, "motorcar": null, "name": "Άγιος Θωμάς", "name:el": null, "name:en": null, "natural": null, "network": null, "network:el": null, "network:en": null, "network:wikidata": null, "noexit": null, "old_ref": null, "oneway": null, "opening_hours": null, "operator": null, "operator:type": null, "park_ride": null, "parking": null, "parking:fee": null, "payment:app": null, "payment:website": null, "phone": null, "public_transport": null, "ref": null, "ref:EU:EVSE": null, "ref:GR:IDRO": null, "reg_ref": null, "religion": "christian", "route_ref": null, "service": null, "shelter": null, "shop": null, "short_name": null, "sidewalk": null, "smoothness": null, "socket:type2": null, "socket:type2:output": null, "source": null, "source:reg_ref": null, "sport": null, "surface": null, "tactile_paving": null, "takeaway": null, "tracktype": null, "trade": null, "traffic_signals": null, "turn:lanes": null, "website": null, "label": "building:yes;amenity:place_of_worship" }, "geometry": { "type": "Polygon", "coordinates": [ [ [ 23.8723377, 37.8935011 ], [ 23.8724929, 37.8934829 ], [ 23.8724783, 37.8934056 ], [ 23.8723232, 37.8934239 ], [ 23.8723377, 37.8935011 ] ] ] } },
{ "type": "Feature", "properties": { "@type": "way", "@id": 553314515, "access": null, "addr:city": null, "addr:country": null, "addr:full": null, "addr:housename": null, "addr:housenumber": null, "addr:postcode": null, "addr:street": null, "addr:unit": null, "aeroway": null, "amenity": "school", "atm": null, "authentication:app": null, "authentication:membership_card": null, "barrier": null, "bench": null, "brand": null, "brand:el": null, "brand:en": null, "brand:wikidata": null, "brand:wikipedia": null, "building": null, "building:levels": null, "bus": null, "capacity": null, "check_date:shelter": null, "contact:email": null, "contact:fax": null, "contact:phone": null, "contact:website": null, "covered": null, "crossing": null, "crossing:island": null, "crossing:markings": null, "crossing_ref": null, "cuisine": null, "description": null, "direction": null, "dual_carriageway": null, "ele": null, "entrance": null, "fee": null, "fixme": null, "foot": null, "footway": null, "fuel:diesel": null, "fuel:lpg": null, "fuel:octane_100": null, "fuel:octane_95": null, "fuel:octane_98": null, "highway": null, "hoops": null, "int_name": null, "junction": null, "landuse": null, "lanes": null, "layer": null, "leisure": null, "lit": null, "man_made": null, "maxspeed": null, "motorcar": null, "name": "ΕΠΑΛ Κορωπίου", "name:el": null, "name:en": null, "natural": null, "network": null, "network:el": null, "network:en": null, "network:wikidata": null, "noexit": null, "old_ref": null, "oneway": null, "opening_hours": null, "operator": null, "operator:type": null, "park_ride": null, "parking": null, "parking:fee": null, "payment:app": null, "payment:website": null, "phone": null, "public_transport": null, "ref": null, "ref:EU:EVSE": null, "ref:GR:IDRO": null, "reg_ref": null, "religion": null, "route_ref": null, "service": null, "shelter": null, "shop": null, "short_name": null, "sidewalk": null, "smoothness": null, "socket:type2": null, "socket:type2:output": null, "source": null, "source:reg_ref": null, "sport": null, "surface": null, "tactile_paving": null, "takeaway": null, "tracktype": null, "trade": null, "traffic_signals": null, "turn:lanes": null, "website": null, "label": "amenity:school" }, "geometry": { "type": "Polygon", "coordinates": [ [ [ 23.869232, 37.8955784 ], [ 23.8697219, 37.8954933 ], [ 23.8697496, 37.8956027 ], [ 23.869879, 37.8955808 ], [ 23.8698513, 37.8954641 ], [ 23.8701871, 37.8954009 ], [ 23.8702333, 37.895593 ], [ 23.8704675, 37.8955541 ], [ 23.870372, 37.8951432 ], [ 23.8688962, 37.8953961 ], [ 23.868956847287922, 37.895646740701856 ], [ 23.869250541013141, 37.895646740701856 ], [ 23.869232, 37.8955784 ] ] ] } },
{ "type": "Feature", "properties": { "@type": "way", "@id": 553754852, "access": null, "addr:city": null, "addr:country": null, "addr:full": null, "addr:housename": null, "addr:housenumber": null, "addr:postcode": null, "addr:street": null, "addr:unit": null, "aeroway": null, "amenity": "school", "atm": null, "authentication:app": null, "authentication:membership_card": null, "barrier": null, "bench": null, "brand": null, "brand:el": null, "brand:en": null, "brand:wikidata": null, "brand:wikipedia": null, "building": null, "building:levels": null, "bus": null, "capacity": null, "check_date:shelter": null, "contact:email": null, "contact:fax": null, "contact:phone": null, "contact:website": null, "covered": null, "crossing": null, "crossing:island": null, "crossing:markings": null, "crossing_ref": null, "cuisine": null, "description": null, "direction": null, "dual_carriageway": null, "ele": null, "entrance": null, "fee": null, "fixme": null, "foot": null, "footway": null, "fuel:diesel": null, "fuel:lpg": null, "fuel:octane_100": null, "fuel:octane_95": null, "fuel:octane_98": null, "highway": null, "hoops": null, "int_name": null, "junction": null, "landuse": null, "lanes": null, "layer": null, "leisure": null, "lit": null, "man_made": null, "maxspeed": null, "motorcar": null, "name": "4ο Δημοτικό Σχολείο Κορωπίου", "name:el": null, "name:en": null, "natural": null, "network": null, "network:el": null, "network:en": null, "network:wikidata": null, "noexit": null, "old_ref": null, "oneway": null, "opening_hours": null, "operator": null, "operator:type": null, "park_ride": null, "parking": null, "parking:fee": null, "payment:app": null, "payment:website": null, "phone": null, "public_transport": null, "ref": null, "ref:EU:EVSE": null, "ref:GR:IDRO": null, "reg_ref": null, "religion": null, "route_ref": null, "service": null, "shelter": null, "shop": null, "short_name": null, "sidewalk": null, "smoothness": null, "socket:type2": null, "socket:type2:output": null, "source": null, "source:reg_ref": null, "sport": null, "surface": null, "tactile_paving": null, "takeaway": null, "tracktype": null, "trade": null, "traffic_signals": null, "turn:lanes": null, "website": null, "label": "amenity:school" }, "geometry": { "type": "Polygon", "coordinates": [ [ [ 23.8668891, 37.8954329 ], [ 23.8667599, 37.8951327 ], [ 23.8666962, 37.8949581 ], [ 23.8656014, 37.8952894 ], [ 23.865750749347502, 37.895646740701856 ], [ 23.865824970039874, 37.895646740701856 ], [ 23.8668891, 37.8954329 ] ] ] } },
{ "type": "Feature", "properties": { "@type": "way", "@id": 553754854, "access": null, "addr:city": null, "addr:country": null, "addr:full": null, "addr:housename": null, "addr:housenumber": null, "addr:postcode": null, "addr:street": null, "addr:unit": null, "aeroway": null, "amenity": null, "atm": null, "authentication:app": null, "authentication:membership_card": null, "barrier": null, "bench": null, "brand": null, "brand:el": null, "brand:en": null, "brand:wikidata": null, "brand:wikipedia": null, "building": "school", "building:levels": null, "bus": null, "capacity": null, "check_date:shelter": null, "contact:email": null, "contact:fax": null, "contact:phone": null, "contact:website": null, "covered": null, "crossing": null, "crossing:island": null, "crossing:markings": null, "crossing_ref": null, "cuisine": null, "description": null, "direction": null, "dual_carriageway": null, "ele": null, "entrance": null, "fee": null, "fixme": null, "foot": null, "footway": null, "fuel:diesel": null, "fuel:lpg": null, "fuel:octane_100": null, "fuel:octane_95": null, "fuel:octane_98": null, "highway": null, "hoops": null, "int_name": null, "junction": null, "landuse": null, "lanes": null, "layer": null, "leisure": null, "lit": null, "man_made": null, "maxspeed": null, "motorcar": null, "name": null, "name:el": null, "name:en": null, "natural": null, "network": null, "network:el": null, "network:en": null, "network:wikidata": null, "noexit": null, "old_ref": null, "oneway": null, "opening_hours": null, "operator": null, "operator:type": null, "park_ride": null, "parking": null, "parking:fee": null, "payment:app": null, "payment:website": null, "phone": null, "public_transport": null, "ref": null, "ref:EU:EVSE": null, "ref:GR:IDRO": null, "reg_ref": null, "religion": null, "route_ref": null, "service": null, "shelter": null, "shop": null, "short_name": null, "sidewalk": null, "smoothness": null, "socket:type2": null, "socket:type2:output": null, "source": null, "source:reg_ref": null, "sport": null, "surface": null, "tactile_paving": null, "takeaway": null, "tracktype": null, "trade": null, "traffic_signals": null, "turn:lanes": null, "website": null, "label": "building:school" }, "geometry": { "type": "Polygon", "coordinates": [ [ [ 23.8662318, 37.895556 ], [ 23.8665902, 37.8954527 ], [ 23.8665079, 37.8952593 ], [ 23.8661451, 37.8953668 ], [ 23.8662318, 37.895556 ] ] ] } },
{ "type": "Feature", "properties": { "@type": "way", "@id": 553754856, "access": null, "addr:city": null, "addr:country": null, "addr:full": null, "addr:housename": null, "addr:housenumber": null, "addr:postcode": null, "addr:street": null, "addr:unit": null, "aeroway": null, "amenity": null, "atm": null, "authentication:app": null, "authentication:membership_card": null, "barrier": null, "bench": null, "brand": null, "brand:el": null, "brand:en": null, "brand:wikidata": null, "brand:wikipedia": null, "building": "school", "building:levels": null, "bus": null, "capacity": null, "check_date:shelter": null, "contact:email": null, "contact:fax": null, "contact:phone": null, "contact:website": null, "covered": null, "crossing": null, "crossing:island": null, "crossing:markings": null, "crossing_ref": null, "cuisine": null, "description": null, "direction": null, "dual_carriageway": null, "ele": null, "entrance": null, "fee": null, "fixme": null, "foot": null, "footway": null, "fuel:diesel": null, "fuel:lpg": null, "fuel:octane_100": null, "fuel:octane_95": null, "fuel:octane_98": null, "highway": null, "hoops": null, "int_name": null, "junction": null, "landuse": null, "lanes": null, "layer": null, "leisure": null, "lit": null, "man_made": null, "maxspeed": null, "motorcar": null, "name": null, "name:el": null, "name:en": null, "natural": null, "network": null, "network:el": null, "network:en": null, "network:wikidata": null, "noexit": null, "old_ref": null, "oneway": null, "opening_hours": null, "operator": null, "operator:type": null, "park_ride": null, "parking": null, "parking:fee": null, "payment:app": null, "payment:website": null, "phone": null, "public_transport": null, "ref": null, "ref:EU:EVSE": null, "ref:GR:IDRO": null, "reg_ref": null, "religion": null, "route_ref": null, "service": null, "shelter": null, "shop": null, "short_name": null, "sidewalk": null, "smoothness": null, "socket:type2": null, "socket:type2:output": null, "source": null, "source:reg_ref": null, "sport": null, "surface": null, "tactile_paving": null, "takeaway": null, "tracktype": null, "trade": null, "traffic_signals": null, "turn:lanes": null, "website": null, "label": "building:school" }, "geometry": { "type": "Polygon", "coordinates": [ [ [ 23.8657664, 37.8955846 ], [ 23.8659124, 37.8955483 ], [ 23.8658823, 37.8954701 ], [ 23.8657363, 37.8955085 ], [ 23.8657664, 37.8955846 ] ] ] } },
{ "type": "Feature", "properties": { "@type": "way", "@id": 553754859, "access": null, "addr:city": null, "addr:country": null, "addr:full": null, "addr:housename": null, "addr:housenumber": null, "addr:postcode": null, "addr:street": null, "addr:unit": null, "aeroway": null, "amenity": null, "atm": null, "authentication:app": null, "authentication:membership_card": null, "barrier": null, "bench": null, "brand": null, "brand:el": null, "brand:en": null, "brand:wikidata": null, "brand:wikipedia": null, "building": "school", "building:levels": null, "bus": null, "capacity": null, "check_date:shelter": null, "contact:email": null, "contact:fax": null, "contact:phone": null, "contact:website": null, "covered": null, "crossing": null, "crossing:island": null, "crossing:markings": null, "crossing_ref": null, "cuisine": null, "description": null, "direction": null, "dual_carriageway": null, "ele": null, "entrance": null, "fee": null, "fixme": null, "foot": null, "footway": null, "fuel:diesel": null, "fuel:lpg": null, "fuel:octane_100": null, "fuel:octane_95": null, "fuel:octane_98": null, "highway": null, "hoops": null, "int_name": null, "junction": null, "landuse": null, "lanes": null, "layer": null, "leisure": null, "lit": null, "man_made": null, "maxspeed": null, "motorcar": null, "name": null, "name:el": null, "name:en": null, "natural": null, "network": null, "network:el": null, "network:en": null, "network:wikidata": null, "noexit": null, "old_ref": null, "oneway": null, "opening_hours": null, "operator": null, "operator:type": null, "park_ride": null, "parking": null, "parking:fee": null, "payment:app": null, "payment:website": null, "phone": null, "public_transport": null, "ref": null, "ref:EU:EVSE": null, "ref:GR:IDRO": null, "reg_ref": null, "religion": null, "route_ref": null, "service": null, "shelter": null, "shop": null, "short_name": null, "sidewalk": null, "smoothness": null, "socket:type2": null, "socket:type2:output": null, "source": null, "source:reg_ref": null, "sport": null, "surface": null, "tactile_paving": null, "takeaway": null, "tracktype": null, "trade": null, "traffic_signals": null, "turn:lanes": null, "website": null, "label": "building:school" }, "geometry": { "type": "Polygon", "coordinates": [ [ [ 23.8657213, 37.8954904 ], [ 23.8658903, 37.8954436 ], [ 23.8658549, 37.8953619 ], [ 23.8656877, 37.8954094 ], [ 23.8657213, 37.8954904 ] ] ] } },
{ "type": "Feature", "properties": { "@type": "way", "@id": 555289660, "access": null, "addr:city": null, "addr:country": null, "addr:full": null, "addr:housename": null, "addr:housenumber": null, "addr:postcode": null, "addr:street": null, "addr:unit": null, "aeroway": null, "amenity": null, "atm": null, "authentication:app": null, "authentication:membership_card": null, "barrier": null, "bench": null, "brand": null, "brand:el": null, "brand:en": null, "brand:wikidata": null, "brand:wikipedia": null, "building": "chapel", "building:levels": null, "bus": null, "capacity": null, "check_date:shelter": null, "contact:email": null, "contact:fax": null, "contact:phone": null, "contact:website": null, "covered": null, "crossing": null, "crossing:island": null, "crossing:markings": null, "crossing_ref": null, "cuisine": null, "description": null, "direction": null, "dual_carriageway": null, "ele": null, "entrance": null, "fee": null, "fixme": null, "foot": null, "footway": null, "fuel:diesel": null, "fuel:lpg": null, "fuel:octane_100": null, "fuel:octane_95": null, "fuel:octane_98": null, "highway": null, "hoops": null, "int_name": null, "junction": null, "landuse": null, "lanes": null, "layer": null, "leisure": null, "lit": null, "man_made": null, "maxspeed": null, "motorcar": null, "name": "Άγιος Νικόλαος", "name:el": null, "name:en": null, "natural": null, "network": null, "network:el": null, "network:en": null, "network:wikidata": null, "noexit": null, "old_ref": null, "oneway": null, "opening_hours": null, "operator": null, "operator:type": null, "park_ride": null, "parking": null, "parking:fee": null, "payment:app": null, "payment:website": null, "phone": null, "public_transport": null, "ref": null, "ref:EU:EVSE": null, "ref:GR:IDRO": null, "reg_ref": null, "religion": null, "route_ref": null, "service": null, "shelter": null, "shop": null, "short_name": null, "sidewalk": null, "smoothness": null, "socket:type2": null, "socket:type2:output": null, "source": null, "source:reg_ref": null, "sport": null, "surface": null, "tactile_paving": null, "takeaway": null, "tracktype": null, "trade": null, "traffic_signals": null, "turn:lanes": null, "website": null, "label": "building:chapel" }, "geometry": { "type": "Polygon", "coordinates": [ [ [ 23.8579939, 37.8879605 ], [ 23.8581092, 37.8879562 ], [ 23.8581092, 37.8879012 ], [ 23.8579912, 37.8879033 ], [ 23.8579939, 37.8879605 ] ] ] } },
{ "type": "Feature", "properties": { "@type": "way", "@id": 656540483, "access": null, "addr:city": null, "addr:country": null, "addr:full": null, "addr:housename": null, "addr:housenumber": "53", "addr:postcode": null, "addr:street": "Γ. Γαώργα", "addr:unit": null, "aeroway": null, "amenity": null, "atm": null, "authentication:app": null, "authentication:membership_card": null, "barrier": null, "bench": null, "brand": null, "brand:el": null, "brand:en": null, "brand:wikidata": null, "brand:wikipedia": null, "building": "residential", "building:levels": null, "bus": null, "capacity": null, "check_date:shelter": null, "contact:email": null, "contact:fax": null, "contact:phone": null, "contact:website": null, "covered": null, "crossing": null, "crossing:island": null, "crossing:markings": null, "crossing_ref": null, "cuisine": null, "description": null, "direction": null, "dual_carriageway": null, "ele": null, "entrance": null, "fee": null, "fixme": null, "foot": null, "footway": null, "fuel:diesel": null, "fuel:lpg": null, "fuel:octane_100": null, "fuel:octane_95": null, "fuel:octane_98": null, "highway": null, "hoops": null, "int_name": null, "junction": null, "landuse": null, "lanes": null, "layer": null, "leisure": null, "lit": null, "man_made": null, "maxspeed": null, "motorcar": null, "name": null, "name:el": null, "name:en": null, "natural": null, "network": null, "network:el": null, "network:en": null, "network:wikidata": null, "noexit": null, "old_ref": null, "oneway": null, "opening_hours": null, "operator": null, "operator:type": null, "park_ride": null, "parking": null, "parking:fee": null, "payment:app": null, "payment:website": null, "phone": null, "public_transport": null, "ref": null, "ref:EU:EVSE": null, "ref:GR:IDRO": null, "reg_ref": null, "religion": null, "route_ref": null, "service": null, "shelter": null, "shop": null, "short_name": null, "sidewalk": null, "smoothness": null, "socket:type2": null, "socket:type2:output": null, "source": null, "source:reg_ref": null, "sport": null, "surface": null, "tactile_paving": null, "takeaway": null, "tracktype": null, "trade": null, "traffic_signals": null, "turn:lanes": null, "website": null, "label": "building:residential" }, "geometry": { "type": "Polygon", "coordinates": [ [ [ 23.8642961, 37.8949609 ], [ 23.8644012, 37.8949351 ], [ 23.8643857, 37.894896 ], [ 23.8643552, 37.8949035 ], [ 23.8643309, 37.8948421 ], [ 23.8642564, 37.8948604 ], [ 23.8642961, 37.8949609 ] ] ] } },
{ "type": "Feature", "properties": { "@type": "way", "@id": 656540484, "access": null, "addr:city": null, "addr:country": null, "addr:full": null, "addr:housename": null, "addr:housenumber": "68", "addr:postcode": null, "addr:street": "Γ. Βλάχου", "addr:unit": null, "aeroway": null, "amenity": null, "atm": null, "authentication:app": null, "authentication:membership_card": null, "barrier": null, "bench": null, "brand": null, "brand:el": null, "brand:en": null, "brand:wikidata": null, "brand:wikipedia": null, "building": "residential", "building:levels": null, "bus": null, "capacity": null, "check_date:shelter": null, "contact:email": null, "contact:fax": null, "contact:phone": null, "contact:website": null, "covered": null, "crossing": null, "crossing:island": null, "crossing:markings": null, "crossing_ref": null, "cuisine": null, "description": null, "direction": null, "dual_carriageway": null, "ele": null, "entrance": null, "fee": null, "fixme": null, "foot": null, "footway": null, "fuel:diesel": null, "fuel:lpg": null, "fuel:octane_100": null, "fuel:octane_95": null, "fuel:octane_98": null, "highway": null, "hoops": null, "int_name": null, "junction": null, "landuse": null, "lanes": null, "layer": null, "leisure": null, "lit": null, "man_made": null, "maxspeed": null, "motorcar": null, "name": null, "name:el": null, "name:en": null, "natural": null, "network": null, "network:el": null, "network:en": null, "network:wikidata": null, "noexit": null, "old_ref": null, "oneway": null, "opening_hours": null, "operator": null, "operator:type": null, "park_ride": null, "parking": null, "parking:fee": null, "payment:app": null, "payment:website": null, "phone": null, "public_transport": null, "ref": null, "ref:EU:EVSE": null, "ref:GR:IDRO": null, "reg_ref": null, "religion": null, "route_ref": null, "service": null, "shelter": null, "shop": null, "short_name": null, "sidewalk": null, "smoothness": null, "socket:type2": null, "socket:type2:output": null, "source": null, "source:reg_ref": null, "sport": null, "surface": null, "tactile_paving": null, "takeaway": null, "tracktype": null, "trade": null, "traffic_signals": null, "turn:lanes": null, "website": null, "label": "building:residential" }, "geometry": { "type": "Polygon", "coordinates": [ [ [ 23.8648, 37.8942333 ], [ 23.864882, 37.8942056 ], [ 23.8648293, 37.8941083 ], [ 23.8647856, 37.894123 ], [ 23.8647992, 37.894148 ], [ 23.8647608, 37.894161 ], [ 23.8648, 37.8942333 ] ] ] } },
{ "type": "Feature", "properties": { "@type": "way", "@id": 656540485, "access": null, "addr:city": null, "addr:country": null, "addr:full": null, "addr:housename": null, "addr:housenumber": "60", "addr:postcode": null, "addr:street": "Γ. Βλάχου", "addr:unit": null, "aeroway": null, "amenity": null, "atm": null, "authentication:app": null, "authentication:membership_card": null, "barrier": null, "bench": null, "brand": null, "brand:el": null, "brand:en": null, "brand:wikidata": null, "brand:wikipedia": null, "building": "residential", "building:levels": null, "bus": null, "capacity": null, "check_date:shelter": null, "contact:email": null, "contact:fax": null, "contact:phone": null, "contact:website": null, "covered": null, "crossing": null, "crossing:island": null, "crossing:markings": null, "crossing_ref": null, "cuisine": null, "description": null, "direction": null, "dual_carriageway": null, "ele": null, "entrance": null, "fee": null, "fixme": null, "foot": null, "footway": null, "fuel:diesel": null, "fuel:lpg": null, "fuel:octane_100": null, "fuel:octane_95": null, "fuel:octane_98": null, "highway": null, "hoops": null, "int_name": null, "junction": null, "landuse": null, "lanes": null, "layer": null, "leisure": null, "lit": null, "man_made": null, "maxspeed": null, "motorcar": null, "name": null, "name:el": null, "name:en": null, "natural": null, "network": null, "network:el": null, "network:en": null, "network:wikidata": null, "noexit": null, "old_ref": null, "oneway": null, "opening_hours": null, "operator": null, "operator:type": null, "park_ride": null, "parking": null, "parking:fee": null, "payment:app": null, "payment:website": null, "phone": null, "public_transport": null, "ref": null, "ref:EU:EVSE": null, "ref:GR:IDRO": null, "reg_ref": null, "religion": null, "route_ref": null, "service": null, "shelter": null, "shop": null, "short_name": null, "sidewalk": null, "smoothness": null, "socket:type2": null, "socket:type2:output": null, "source": null, "source:reg_ref": null, "sport": null, "surface": null, "tactile_paving": null, "takeaway": null, "tracktype": null, "trade": null, "traffic_signals": null, "turn:lanes": null, "website": null, "label": "building:residential" }, "geometry": { "type": "Polygon", "coordinates": [ [ [ 23.8652069, 37.8951338 ], [ 23.8653409, 37.8950922 ], [ 23.8653088, 37.8950277 ], [ 23.8651747, 37.8950693 ], [ 23.8652069, 37.8951338 ] ] ] } },
{ "type": "Feature", "properties": { "@type": "way", "@id": 656540486, "access": null, "addr:city": null, "addr:country": null, "addr:full": null, "addr:housename": null, "addr:housenumber": "58", "addr:postcode": null, "addr:street": "Γ. Βλάχου", "addr:unit": null, "aeroway": null, "amenity": null, "atm": null, "authentication:app": null, "authentication:membership_card": null, "barrier": null, "bench": null, "brand": null, "brand:el": null, "brand:en": null, "brand:wikidata": null, "brand:wikipedia": null, "building": "residential", "building:levels": null, "bus": null, "capacity": null, "check_date:shelter": null, "contact:email": null, "contact:fax": null, "contact:phone": null, "contact:website": null, "covered": null, "crossing": null, "crossing:island": null, "crossing:markings": null, "crossing_ref": null, "cuisine": null, "description": null, "direction": null, "dual_carriageway": null, "ele": null, "entrance": null, "fee": null, "fixme": null, "foot": null, "footway": null, "fuel:diesel": null, "fuel:lpg": null, "fuel:octane_100": null, "fuel:octane_95": null, "fuel:octane_98": null, "highway": null, "hoops": null, "int_name": null, "junction": null, "landuse": null, "lanes": null, "layer": null, "leisure": null, "lit": null, "man_made": null, "maxspeed": null, "motorcar": null, "name": null, "name:el": null, "name:en": null, "natural": null, "network": null, "network:el": null, "network:en": null, "network:wikidata": null, "noexit": null, "old_ref": null, "oneway": null, "opening_hours": null, "operator": null, "operator:type": null, "park_ride": null, "parking": null, "parking:fee": null, "payment:app": null, "payment:website": null, "phone": null, "public_transport": null, "ref": null, "ref:EU:EVSE": null, "ref:GR:IDRO": null, "reg_ref": null, "religion": null, "route_ref": null, "service": null, "shelter": null, "shop": null, "short_name": null, "sidewalk": null, "smoothness": null, "socket:type2": null, "socket:type2:output": null, "source": null, "source:reg_ref": null, "sport": null, "surface": null, "tactile_paving": null, "takeaway": null, "tracktype": null, "trade": null, "traffic_signals": null, "turn:lanes": null, "website": null, "label": "building:residential" }, "geometry": { "type": "Polygon", "coordinates": [ [ [ 23.8652984, 37.8952915 ], [ 23.8653373, 37.8952788 ], [ 23.86529, 37.8951885 ], [ 23.8652511, 37.8952012 ], [ 23.8652984, 37.8952915 ] ] ] } },
{ "type": "Feature", "properties": { "@type": "way", "@id": 656545138, "access": null, "addr:city": null, "addr:country": null, "addr:full": null, "addr:housename": null, "addr:housenumber": "14", "addr:postcode": null, "addr:street": "Σαλαμίνας", "addr:unit": null, "aeroway": null, "amenity": null, "atm": null, "authentication:app": null, "authentication:membership_card": null, "barrier": null, "bench": null, "brand": null, "brand:el": null, "brand:en": null, "brand:wikidata": null, "brand:wikipedia": null, "building": "residential", "building:levels": null, "bus": null, "capacity": null, "check_date:shelter": null, "contact:email": null, "contact:fax": null, "contact:phone": null, "contact:website": null, "covered": null, "crossing": null, "crossing:island": null, "crossing:markings": null, "crossing_ref": null, "cuisine": null, "description": null, "direction": null, "dual_carriageway": null, "ele": null, "entrance": null, "fee": null, "fixme": null, "foot": null, "footway": null, "fuel:diesel": null, "fuel:lpg": null, "fuel:octane_100": null, "fuel:octane_95": null, "fuel:octane_98": null, "highway": null, "hoops": null, "int_name": null, "junction": null, "landuse": null, "lanes": null, "layer": null, "leisure": null, "lit": null, "man_made": null, "maxspeed": null, "motorcar": null, "name": null, "name:el": null, "name:en": null, "natural": null, "network": null, "network:el": null, "network:en": null, "network:wikidata": null, "noexit": null, "old_ref": null, "oneway": null, "opening_hours": null, "operator": null, "operator:type": null, "park_ride": null, "parking": null, "parking:fee": null, "payment:app": null, "payment:website": null, "phone": null, "public_transport": null, "ref": null, "ref:EU:EVSE": null, "ref:GR:IDRO": null, "reg_ref": null, "religion": null, "route_ref": null, "service": null, "shelter": null, "shop": null, "short_name": null, "sidewalk": null, "smoothness": null, "socket:type2": null, "socket:type2:output": null, "source": null, "source:reg_ref": null, "sport": null, "surface": null, "tactile_paving": null, "takeaway": null, "tracktype": null, "trade": null, "traffic_signals": null, "turn:lanes": null, "website": null, "label": "building:residential" }, "geometry": { "type": "Polygon", "coordinates": [ [ [ 23.8630762, 37.8955813 ], [ 23.8632461, 37.895527 ], [ 23.8631981, 37.8954336 ], [ 23.8631226, 37.8954577 ], [ 23.8631082, 37.8954296 ], [ 23.8630138, 37.8954598 ], [ 23.8630762, 37.8955813 ] ] ] } },
{ "type": "Feature", "properties": { "@type": "way", "@id": 656545139, "access": null, "addr:city": null, "addr:country": null, "addr:full": null, "addr:housename": null, "addr:housenumber": "55", "addr:postcode": null, "addr:street": "Γ. Βλάχου", "addr:unit": null, "aeroway": null, "amenity": null, "atm": null, "authentication:app": null, "authentication:membership_card": null, "barrier": null, "bench": null, "brand": null, "brand:el": null, "brand:en": null, "brand:wikidata": null, "brand:wikipedia": null, "building": "residential", "building:levels": null, "bus": null, "capacity": null, "check_date:shelter": null, "contact:email": null, "contact:fax": null, "contact:phone": null, "contact:website": null, "covered": null, "crossing": null, "crossing:island": null, "crossing:markings": null, "crossing_ref": null, "cuisine": null, "description": null, "direction": null, "dual_carriageway": null, "ele": null, "entrance": null, "fee": null, "fixme": null, "foot": null, "footway": null, "fuel:diesel": null, "fuel:lpg": null, "fuel:octane_100": null, "fuel:octane_95": null, "fuel:octane_98": null, "highway": null, "hoops": null, "int_name": null, "junction": null, "landuse": null, "lanes": null, "layer": null, "leisure": null, "lit": null, "man_made": null, "maxspeed": null, "motorcar": null, "name": null, "name:el": null, "name:en": null, "natural": null, "network": null, "network:el": null, "network:en": null, "network:wikidata": null, "noexit": null, "old_ref": null, "oneway": null, "opening_hours": null, "operator": null, "operator:type": null, "park_ride": null, "parking": null, "parking:fee": null, "payment:app": null, "payment:website": null, "phone": null, "public_transport": null, "ref": null, "ref:EU:EVSE": null, "ref:GR:IDRO": null, "reg_ref": null, "religion": null, "route_ref": null, "service": null, "shelter": null, "shop": null, "short_name": null, "sidewalk": null, "smoothness": null, "socket:type2": null, "socket:type2:output": null, "source": null, "source:reg_ref": null, "sport": null, "surface": null, "tactile_paving": null, "takeaway": null, "tracktype": null, "trade": null, "traffic_signals": null, "turn:lanes": null, "website": null, "label": "building:residential" }, "geometry": { "type": "Polygon", "coordinates": [ [ [ 23.8653936, 37.8947314 ], [ 23.8654768, 37.894705 ], [ 23.8653997, 37.8945542 ], [ 23.8653166, 37.8945807 ], [ 23.8653936, 37.8947314 ] ] ] } },
{ "type": "Feature", "properties": { "@type": "way", "@id": 656838488, "access": null, "addr:city": null, "addr:country": null, "addr:full": null, "addr:housename": null, "addr:housenumber": "13", "addr:postcode": null, "addr:street": "Γ. Μερκουρη", "addr:unit": null, "aeroway": null, "amenity": null, "atm": null, "authentication:app": null, "authentication:membership_card": null, "barrier": null, "bench": null, "brand": null, "brand:el": null, "brand:en": null, "brand:wikidata": null, "brand:wikipedia": null, "building": "residential", "building:levels": null, "bus": null, "capacity": null, "check_date:shelter": null, "contact:email": null, "contact:fax": null, "contact:phone": null, "contact:website": null, "covered": null, "crossing": null, "crossing:island": null, "crossing:markings": null, "crossing_ref": null, "cuisine": null, "description": null, "direction": null, "dual_carriageway": null, "ele": null, "entrance": null, "fee": null, "fixme": null, "foot": null, "footway": null, "fuel:diesel": null, "fuel:lpg": null, "fuel:octane_100": null, "fuel:octane_95": null, "fuel:octane_98": null, "highway": null, "hoops": null, "int_name": null, "junction": null, "landuse": null, "lanes": null, "layer": null, "leisure": null, "lit": null, "man_made": null, "maxspeed": null, "motorcar": null, "name": null, "name:el": null, "name:en": null, "natural": null, "network": null, "network:el": null, "network:en": null, "network:wikidata": null, "noexit": null, "old_ref": null, "oneway": null, "opening_hours": null, "operator": null, "operator:type": null, "park_ride": null, "parking": null, "parking:fee": null, "payment:app": null, "payment:website": null, "phone": null, "public_transport": null, "ref": null, "ref:EU:EVSE": null, "ref:GR:IDRO": null, "reg_ref": null, "religion": null, "route_ref": null, "service": null, "shelter": null, "shop": null, "short_name": null, "sidewalk": null, "smoothness": null, "socket:type2": null, "socket:type2:output": null, "source": null, "source:reg_ref": null, "sport": null, "surface": null, "tactile_paving": null, "takeaway": null, "tracktype": null, "trade": null, "traffic_signals": null, "turn:lanes": null, "website": null, "label": "building:residential" }, "geometry": { "type": "Polygon", "coordinates": [ [ [ 23.8732941, 37.8955869 ], [ 23.873122170370795, 37.895646740701856 ], [ 23.873327557527325, 37.895646740701856 ], [ 23.8732941, 37.8955869 ] ] ] } },
{ "type": "Feature", "properties": { "@type": "way", "@id": 656838489, "access": null, "addr:city": null, "addr:country": null, "addr:full": null, "addr:housename": null, "addr:housenumber": "15", "addr:postcode": null, "addr:street": "Γ. Μερκουρη", "addr:unit": null, "aeroway": null, "amenity": null, "atm": null, "authentication:app": null, "authentication:membership_card": null, "barrier": null, "bench": null, "brand": null, "brand:el": null, "brand:en": null, "brand:wikidata": null, "brand:wikipedia": null, "building": "residential", "building:levels": null, "bus": null, "capacity": null, "check_date:shelter": null, "contact:email": null, "contact:fax": null, "contact:phone": null, "contact:website": null, "covered": null, "crossing": null, "crossing:island": null, "crossing:markings": null, "crossing_ref": null, "cuisine": null, "description": null, "direction": null, "dual_carriageway": null, "ele": null, "entrance": null, "fee": null, "fixme": null, "foot": null, "footway": null, "fuel:diesel": null, "fuel:lpg": null, "fuel:octane_100": null, "fuel:octane_95": null, "fuel:octane_98": null, "highway": null, "hoops": null, "int_name": null, "junction": null, "landuse": null, "lanes": null, "layer": null, "leisure": null, "lit": null, "man_made": null, "maxspeed": null, "motorcar": null, "name": null, "name:el": null, "name:en": null, "natural": null, "network": null, "network:el": null, "network:en": null, "network:wikidata": null, "noexit": null, "old_ref": null, "oneway": null, "opening_hours": null, "operator": null, "operator:type": null, "park_ride": null, "parking": null, "parking:fee": null, "payment:app": null, "payment:website": null, "phone": null, "public_transport": null, "ref": null, "ref:EU:EVSE": null, "ref:GR:IDRO": null, "reg_ref": null, "religion": null, "route_ref": null, "service": null, "shelter": null, "shop": null, "short_name": null, "sidewalk": null, "smoothness": null, "socket:type2": null, "socket:type2:output": null, "source": null, "source:reg_ref": null, "sport": null, "surface": null, "tactile_paving": null, "takeaway": null, "tracktype": null, "trade": null, "traffic_signals": null, "turn:lanes": null, "website": null, "label": "building:residential" }, "geometry": { "type": "Polygon", "coordinates": [ [ [ 23.873114, 37.8956372 ], [ 23.8732856, 37.895579 ], [ 23.8731985, 37.8954189 ], [ 23.8730268, 37.8954771 ], [ 23.873114, 37.8956372 ] ] ] } },
{ "type": "Feature", "properties": { "@type": "way", "@id": 656840745, "access": null, "addr:city": null, "addr:country": null, "addr:full": null, "addr:housename": null, "addr:housenumber": "63", "addr:postcode": null, "addr:street": "Κολοκοτρώνη", "addr:unit": null, "aeroway": null, "amenity": null, "atm": null, "authentication:app": null, "authentication:membership_card": null, "barrier": null, "bench": null, "brand": null, "brand:el": null, "brand:en": null, "brand:wikidata": null, "brand:wikipedia": null, "building": "residential", "building:levels": null, "bus": null, "capacity": null, "check_date:shelter": null, "contact:email": null, "contact:fax": null, "contact:phone": null, "contact:website": null, "covered": null, "crossing": null, "crossing:island": null, "crossing:markings": null, "crossing_ref": null, "cuisine": null, "description": null, "direction": null, "dual_carriageway": null, "ele": null, "entrance": null, "fee": null, "fixme": null, "foot": null, "footway": null, "fuel:diesel": null, "fuel:lpg": null, "fuel:octane_100": null, "fuel:octane_95": null, "fuel:octane_98": null, "highway": null, "hoops": null, "int_name": null, "junction": null, "landuse": null, "lanes": null, "layer": null, "leisure": null, "lit": null, "man_made": null, "maxspeed": null, "motorcar": null, "name": null, "name:el": null, "name:en": null, "natural": null, "network": null, "network:el": null, "network:en": null, "network:wikidata": null, "noexit": null, "old_ref": null, "oneway": null, "opening_hours": null, "operator": null, "operator:type": null, "park_ride": null, "parking": null, "parking:fee": null, "payment:app": null, "payment:website": null, "phone": null, "public_transport": null, "ref": null, "ref:EU:EVSE": null, "ref:GR:IDRO": null, "reg_ref": null, "religion": null, "route_ref": null, "service": null, "shelter": null, "shop": null, "short_name": null, "sidewalk": null, "smoothness": null, "socket:type2": null, "socket:type2:output": null, "source": null, "source:reg_ref": null, "sport": null, "surface": null, "tactile_paving": null, "takeaway": null, "tracktype": null, "trade": null, "traffic_signals": null, "turn:lanes": null, "website": null, "label": "building:residential" }, "geometry": { "type": "Polygon", "coordinates": [ [ [ 23.8736875, 37.894941 ], [ 23.8738275, 37.8949208 ], [ 23.873798, 37.8947938 ], [ 23.873658, 37.894814 ], [ 23.8736875, 37.894941 ] ] ] } },
{ "type": "Feature", "properties": { "@type": "way", "@id": 656840746, "access": null, "addr:city": null, "addr:country": null, "addr:full": null, "addr:housename": null, "addr:housenumber": "69", "addr:postcode": null, "addr:street": "Κολοκοτρώνη", "addr:unit": null, "aeroway": null, "amenity": null, "atm": null, "authentication:app": null, "authentication:membership_card": null, "barrier": null, "bench": null, "brand": null, "brand:el": null, "brand:en": null, "brand:wikidata": null, "brand:wikipedia": null, "building": "residential", "building:levels": null, "bus": null, "capacity": null, "check_date:shelter": null, "contact:email": null, "contact:fax": null, "contact:phone": null, "contact:website": null, "covered": null, "crossing": null, "crossing:island": null, "crossing:markings": null, "crossing_ref": null, "cuisine": null, "description": null, "direction": null, "dual_carriageway": null, "ele": null, "entrance": null, "fee": null, "fixme": null, "foot": null, "footway": null, "fuel:diesel": null, "fuel:lpg": null, "fuel:octane_100": null, "fuel:octane_95": null, "fuel:octane_98": null, "highway": null, "hoops": null, "int_name": null, "junction": null, "landuse": null, "lanes": null, "layer": null, "leisure": null, "lit": null, "man_made": null, "maxspeed": null, "motorcar": null, "name": null, "name:el": null, "name:en": null, "natural": null, "network": null, "network:el": null, "network:en": null, "network:wikidata": null, "noexit": null, "old_ref": null, "oneway": null, "opening_hours": null, "operator": null, "operator:type": null, "park_ride": null, "parking": null, "parking:fee": null, "payment:app": null, "payment:website": null, "phone": null, "public_transport": null, "ref": null, "ref:EU:EVSE": null, "ref:GR:IDRO": null, "reg_ref": null, "religion": null, "route_ref": null, "service": null, "shelter": null, "shop": null, "short_name": null, "sidewalk": null, "smoothness": null, "socket:type2": null, "socket:type2:output": null, "source": null, "source:reg_ref": null, "sport": null, "surface": null, "tactile_paving": null, "takeaway": null, "tracktype": null, "trade": null, "traffic_signals": null, "turn:lanes": null, "website": null, "label": "building:residential" }, "geometry": { "type": "Polygon", "coordinates": [ [ [ 23.8728065, 37.8951585 ], [ 23.8730525, 37.8951065 ], [ 23.8730198, 37.8950101 ], [ 23.8727738, 37.8950621 ], [ 23.8728065, 37.8951585 ] ] ] } },
{ "type": "Feature", "properties": { "@type": "way", "@id": 656840753, "access": null, "addr:city": null, "addr:country": null, "addr:full": null, "addr:housename": null, "addr:housenumber": "12", "addr:postcode": null, "addr:street": "Τιμ. Πρίψτη", "addr:unit": null, "aeroway": null, "amenity": null, "atm": null, "authentication:app": null, "authentication:membership_card": null, "barrier": null, "bench": null, "brand": null, "brand:el": null, "brand:en": null, "brand:wikidata": null, "brand:wikipedia": null, "building": "house", "building:levels": null, "bus": null, "capacity": null, "check_date:shelter": null, "contact:email": null, "contact:fax": null, "contact:phone": null, "contact:website": null, "covered": null, "crossing": null, "crossing:island": null, "crossing:markings": null, "crossing_ref": null, "cuisine": null, "description": null, "direction": null, "dual_carriageway": null, "ele": null, "entrance": null, "fee": null, "fixme": null, "foot": null, "footway": null, "fuel:diesel": null, "fuel:lpg": null, "fuel:octane_100": null, "fuel:octane_95": null, "fuel:octane_98": null, "highway": null, "hoops": null, "int_name": null, "junction": null, "landuse": null, "lanes": null, "layer": null, "leisure": null, "lit": null, "man_made": null, "maxspeed": null, "motorcar": null, "name": null, "name:el": null, "name:en": null, "natural": null, "network": null, "network:el": null, "network:en": null, "network:wikidata": null, "noexit": null, "old_ref": null, "oneway": null, "opening_hours": null, "operator": null, "operator:type": null, "park_ride": null, "parking": null, "parking:fee": null, "payment:app": null, "payment:website": null, "phone": null, "public_transport": null, "ref": null, "ref:EU:EVSE": null, "ref:GR:IDRO": null, "reg_ref": null, "religion": null, "route_ref": null, "service": null, "shelter": null, "shop": null, "short_name": null, "sidewalk": null, "smoothness": null, "socket:type2": null, "socket:type2:output": null, "source": null, "source:reg_ref": null, "sport": null, "surface": null, "tactile_paving": null, "takeaway": null, "tracktype": null, "trade": null, "traffic_signals": null, "turn:lanes": null, "website": null, "label": "building:house" }, "geometry": { "type": "Polygon", "coordinates": [ [ [ 23.8746972, 37.8953254 ], [ 23.8748688, 37.8952757 ], [ 23.8747662, 37.8950552 ], [ 23.8745946, 37.8951049 ], [ 23.8746972, 37.8953254 ] ] ] } },
{ "type": "Feature", "properties": { "@type": "way", "@id": 656840754, "access": null, "addr:city": null, "addr:country": null, "addr:full": null, "addr:housename": null, "addr:housenumber": "14", "addr:postcode": null, "addr:street": "Τιμ. Πρίψτη", "addr:unit": null, "aeroway": null, "amenity": null, "atm": null, "authentication:app": null, "authentication:membership_card": null, "barrier": null, "bench": null, "brand": null, "brand:el": null, "brand:en": null, "brand:wikidata": null, "brand:wikipedia": null, "building": "house", "building:levels": null, "bus": null, "capacity": null, "check_date:shelter": null, "contact:email": null, "contact:fax": null, "contact:phone": null, "contact:website": null, "covered": null, "crossing": null, "crossing:island": null, "crossing:markings": null, "crossing_ref": null, "cuisine": null, "description": null, "direction": null, "dual_carriageway": null, "ele": null, "entrance": null, "fee": null, "fixme": null, "foot": null, "footway": null, "fuel:diesel": null, "fuel:lpg": null, "fuel:octane_100": null, "fuel:octane_95": null, "fuel:octane_98": null, "highway": null, "hoops": null, "int_name": null, "junction": null, "landuse": null, "lanes": null, "layer": null, "leisure": null, "lit": null, "man_made": null, "maxspeed": null, "motorcar": null, "name": null, "name:el": null, "name:en": null, "natural": null, "network": null, "network:el": null, "network:en": null, "network:wikidata": null, "noexit": null, "old_ref": null, "oneway": null, "opening_hours": null, "operator": null, "operator:type": null, "park_ride": null, "parking": null, "parking:fee": null, "payment:app": null, "payment:website": null, "phone": null, "public_transport": null, "ref": null, "ref:EU:EVSE": null, "ref:GR:IDRO": null, "reg_ref": null, "religion": null, "route_ref": null, "service": null, "shelter": null, "shop": null, "short_name": null, "sidewalk": null, "smoothness": null, "socket:type2": null, "socket:type2:output": null, "source": null, "source:reg_ref": null, "sport": null, "surface": null, "tactile_paving": null, "takeaway": null, "tracktype": null, "trade": null, "traffic_signals": null, "turn:lanes": null, "website": null, "label": "building:house" }, "geometry": { "type": "Polygon", "coordinates": [ [ [ 23.8748293, 37.8951144 ], [ 23.8749993, 37.89506 ], [ 23.8749443, 37.8949531 ], [ 23.8747743, 37.8950075 ], [ 23.8748293, 37.8951144 ] ] ] } },
{ "type": "Feature", "properties": { "@type": "way", "@id": 658860975, "access": null, "addr:city": null, "addr:country": null, "addr:full": null, "addr:housename": null, "addr:housenumber": null, "addr:postcode": null, "addr:street": "Λεωφόρος Ευελπίδων", "addr:unit": null, "aeroway": null, "amenity": "fuel", "atm": null, "authentication:app": null, "authentication:membership_card": null, "barrier": null, "bench": null, "brand": "Shell", "brand:el": null, "brand:en": null, "brand:wikidata": "Q110716465", "brand:wikipedia": "en:Royal Dutch Shell", "building": null, "building:levels": null, "bus": null, "capacity": null, "check_date:shelter": null, "contact:email": null, "contact:fax": null, "contact:phone": null, "contact:website": null, "covered": null, "crossing": null, "crossing:island": null, "crossing:markings": null, "crossing_ref": null, "cuisine": null, "description": null, "direction": null, "dual_carriageway": null, "ele": null, "entrance": null, "fee": null, "fixme": null, "foot": null, "footway": null, "fuel:diesel": "yes", "fuel:lpg": "yes", "fuel:octane_100": "yes", "fuel:octane_95": "yes", "fuel:octane_98": "yes", "highway": null, "hoops": null, "int_name": null, "junction": null, "landuse": null, "lanes": null, "layer": "1", "leisure": null, "lit": null, "man_made": null, "maxspeed": null, "motorcar": null, "name": "SHELL", "name:el": null, "name:en": null, "natural": null, "network": null, "network:el": null, "network:en": null, "network:wikidata": null, "noexit": null, "old_ref": null, "oneway": null, "opening_hours": null, "operator": "ΜΥΡΤΕΑ ΑΕ ΥΠ/ΜΑ ΚΟΡΩΠΙΟΥ", "operator:type": null, "park_ride": null, "parking": null, "parking:fee": null, "payment:app": null, "payment:website": null, "phone": null, "public_transport": null, "ref": null, "ref:EU:EVSE": null, "ref:GR:IDRO": null, "reg_ref": null, "religion": null, "route_ref": null, "service": null, "shelter": null, "shop": null, "short_name": null, "sidewalk": null, "smoothness": null, "socket:type2": null, "socket:type2:output": null, "source": null, "source:reg_ref": null, "sport": null, "surface": null, "tactile_paving": null, "takeaway": null, "tracktype": null, "trade": null, "traffic_signals": null, "turn:lanes": null, "website": null, "label": "amenity:fuel" }, "geometry": { "type": "Polygon", "coordinates": [ [ [ 23.867293, 37.8772526 ], [ 23.8672351, 37.8773538 ], [ 23.8673467, 37.8773936 ], [ 23.8674046, 37.8772925 ], [ 23.8674601, 37.8771976 ], [ 23.8672806, 37.8771323 ], [ 23.8672252, 37.8772271 ], [ 23.867293, 37.8772526 ] ] ] } },
{ "type": "Feature", "properties": { "@type": "way", "@id": 661197371, "access": null, "addr:city": null, "addr:country": null, "addr:full": null, "addr:housename": null, "addr:housenumber": "9", "addr:postcode": null, "addr:street": "Τιμ. Πρίψτη", "addr:unit": null, "aeroway": null, "amenity": null, "atm": null, "authentication:app": null, "authentication:membership_card": null, "barrier": null, "bench": null, "brand": null, "brand:el": null, "brand:en": null, "brand:wikidata": null, "brand:wikipedia": null, "building": "house", "building:levels": null, "bus": null, "capacity": null, "check_date:shelter": null, "contact:email": null, "contact:fax": null, "contact:phone": null, "contact:website": null, "covered": null, "crossing": null, "crossing:island": null, "crossing:markings": null, "crossing_ref": null, "cuisine": null, "description": null, "direction": null, "dual_carriageway": null, "ele": null, "entrance": null, "fee": null, "fixme": null, "foot": null, "footway": null, "fuel:diesel": null, "fuel:lpg": null, "fuel:octane_100": null, "fuel:octane_95": null, "fuel:octane_98": null, "highway": null, "hoops": null, "int_name": null, "junction": null, "landuse": null, "lanes": null, "layer": null, "leisure": null, "lit": null, "man_made": null, "maxspeed": null, "motorcar": null, "name": null, "name:el": null, "name:en": null, "natural": null, "network": null, "network:el": null, "network:en": null, "network:wikidata": null, "noexit": null, "old_ref": null, "oneway": null, "opening_hours": null, "operator": null, "operator:type": null, "park_ride": null, "parking": null, "parking:fee": null, "payment:app": null, "payment:website": null, "phone": null, "public_transport": null, "ref": null, "ref:EU:EVSE": null, "ref:GR:IDRO": null, "reg_ref": null, "religion": null, "route_ref": null, "service": null, "shelter": null, "shop": null, "short_name": null, "sidewalk": null, "smoothness": null, "socket:type2": null, "socket:type2:output": null, "source": null, "source:reg_ref": null, "sport": null, "surface": null, "tactile_paving": null, "takeaway": null, "tracktype": null, "trade": null, "traffic_signals": null, "turn:lanes": null, "website": null, "label": "building:house" }, "geometry": { "type": "Polygon", "coordinates": [ [ [ 23.8747159, 37.895507 ], [ 23.8748753, 37.8954321 ], [ 23.8748166, 37.8953542 ], [ 23.8746571, 37.8954291 ], [ 23.8747159, 37.895507 ] ] ] } },
{ "type": "Feature", "properties": { "@type": "way", "@id": 661203129, "access": null, "addr:city": null, "addr:country": null, "addr:full": null, "addr:housename": null, "addr:housenumber": "8", "addr:postcode": null, "addr:street": "Τιμ. Πρίψτη", "addr:unit": null, "aeroway": null, "amenity": null, "atm": null, "authentication:app": null, "authentication:membership_card": null, "barrier": null, "bench": null, "brand": null, "brand:el": null, "brand:en": null, "brand:wikidata": null, "brand:wikipedia": null, "building": "house", "building:levels": null, "bus": null, "capacity": null, "check_date:shelter": null, "contact:email": null, "contact:fax": null, "contact:phone": null, "contact:website": null, "covered": null, "crossing": null, "crossing:island": null, "crossing:markings": null, "crossing_ref": null, "cuisine": null, "description": null, "direction": null, "dual_carriageway": null, "ele": null, "entrance": null, "fee": null, "fixme": null, "foot": null, "footway": null, "fuel:diesel": null, "fuel:lpg": null, "fuel:octane_100": null, "fuel:octane_95": null, "fuel:octane_98": null, "highway": null, "hoops": null, "int_name": null, "junction": null, "landuse": null, "lanes": null, "layer": null, "leisure": null, "lit": null, "man_made": null, "maxspeed": null, "motorcar": null, "name": null, "name:el": null, "name:en": null, "natural": null, "network": null, "network:el": null, "network:en": null, "network:wikidata": null, "noexit": null, "old_ref": null, "oneway": null, "opening_hours": null, "operator": null, "operator:type": null, "park_ride": null, "parking": null, "parking:fee": null, "payment:app": null, "payment:website": null, "phone": null, "public_transport": null, "ref": null, "ref:EU:EVSE": null, "ref:GR:IDRO": null, "reg_ref": null, "religion": null, "route_ref": null, "service": null, "shelter": null, "shop": null, "short_name": null, "sidewalk": null, "smoothness": null, "socket:type2": null, "socket:type2:output": null, "source": null, "source:reg_ref": null, "sport": null, "surface": null, "tactile_paving": null, "takeaway": null, "tracktype": null, "trade": null, "traffic_signals": null, "turn:lanes": null, "website": null, "label": "building:house" }, "geometry": { "type": "Polygon", "coordinates": [ [ [ 23.8741504, 37.8955379 ], [ 23.8742229, 37.8955031 ], [ 23.8741758, 37.8954419 ], [ 23.8741032, 37.8954766 ], [ 23.8741504, 37.8955379 ] ] ] } },
{ "type": "Feature", "properties": { "@type": "way", "@id": 661203130, "access": null, "addr:city": null, "addr:country": null, "addr:full": null, "addr:housename": null, "addr:housenumber": "16", "addr:postcode": null, "addr:street": "Τιμ. Πρίψτη", "addr:unit": null, "aeroway": null, "amenity": null, "atm": null, "authentication:app": null, "authentication:membership_card": null, "barrier": null, "bench": null, "brand": null, "brand:el": null, "brand:en": null, "brand:wikidata": null, "brand:wikipedia": null, "building": "yes", "building:levels": null, "bus": null, "capacity": null, "check_date:shelter": null, "contact:email": null, "contact:fax": null, "contact:phone": null, "contact:website": null, "covered": null, "crossing": null, "crossing:island": null, "crossing:markings": null, "crossing_ref": null, "cuisine": null, "description": null, "direction": null, "dual_carriageway": null, "ele": null, "entrance": null, "fee": null, "fixme": null, "foot": null, "footway": null, "fuel:diesel": null, "fuel:lpg": null, "fuel:octane_100": null, "fuel:octane_95": null, "fuel:octane_98": null, "highway": null, "hoops": null, "int_name": null, "junction": null, "landuse": null, "lanes": null, "layer": null, "leisure": null, "lit": null, "man_made": null, "maxspeed": null, "motorcar": null, "name": null, "name:el": null, "name:en": null, "natural": null, "network": null, "network:el": null, "network:en": null, "network:wikidata": null, "noexit": null, "old_ref": null, "oneway": null, "opening_hours": null, "operator": null, "operator:type": null, "park_ride": null, "parking": null, "parking:fee": null, "payment:app": null, "payment:website": null, "phone": null, "public_transport": null, "ref": null, "ref:EU:EVSE": null, "ref:GR:IDRO": null, "reg_ref": null, "religion": null, "route_ref": null, "service": null, "shelter": null, "shop": null, "short_name": null, "sidewalk": null, "smoothness": null, "socket:type2": null, "socket:type2:output": null, "source": null, "source:reg_ref": null, "sport": null, "surface": null, "tactile_paving": null, "takeaway": null, "tracktype": null, "trade": null, "traffic_signals": null, "turn:lanes": null, "website": null, "label": "building:yes" }, "geometry": { "type": "Polygon", "coordinates": [ [ [ 23.8756212, 37.8950817 ], [ 23.8756799, 37.89505 ], [ 23.8756198, 37.8949807 ], [ 23.8755611, 37.8950124 ], [ 23.8756212, 37.8950817 ] ] ] } },
{ "type": "Feature", "properties": { "@type": "way", "@id": 795685550, "access": null, "addr:city": null, "addr:country": null, "addr:full": null, "addr:housename": null, "addr:housenumber": null, "addr:postcode": null, "addr:street": null, "addr:unit": null, "aeroway": null, "amenity": "parking", "atm": null, "authentication:app": null, "authentication:membership_card": null, "barrier": null, "bench": null, "brand": null, "brand:el": null, "brand:en": null, "brand:wikidata": null, "brand:wikipedia": null, "building": null, "building:levels": null, "bus": null, "capacity": "10", "check_date:shelter": null, "contact:email": null, "contact:fax": null, "contact:phone": null, "contact:website": null, "covered": null, "crossing": null, "crossing:island": null, "crossing:markings": null, "crossing_ref": null, "cuisine": null, "description": null, "direction": null, "dual_carriageway": null, "ele": null, "entrance": null, "fee": null, "fixme": null, "foot": null, "footway": null, "fuel:diesel": null, "fuel:lpg": null, "fuel:octane_100": null, "fuel:octane_95": null, "fuel:octane_98": null, "highway": null, "hoops": null, "int_name": null, "junction": null, "landuse": null, "lanes": null, "layer": null, "leisure": null, "lit": null, "man_made": null, "maxspeed": null, "motorcar": null, "name": null, "name:el": null, "name:en": null, "natural": null, "network": null, "network:el": null, "network:en": null, "network:wikidata": null, "noexit": null, "old_ref": null, "oneway": null, "opening_hours": null, "operator": "ΕΠΑΛ ΚΟΡΩΠΙΟΥ", "operator:type": null, "park_ride": "no", "parking": "surface", "parking:fee": null, "payment:app": null, "payment:website": null, "phone": null, "public_transport": null, "ref": null, "ref:EU:EVSE": null, "ref:GR:IDRO": null, "reg_ref": null, "religion": null, "route_ref": null, "service": null, "shelter": null, "shop": null, "short_name": null, "sidewalk": null, "smoothness": null, "socket:type2": null, "socket:type2:output": null, "source": null, "source:reg_ref": null, "sport": null, "surface": null, "tactile_paving": null, "takeaway": null, "tracktype": null, "trade": null, "traffic_signals": null, "turn:lanes": null, "website": null, "label": "amenity:parking" }, "geometry": { "type": "Polygon", "coordinates": [ [ [ 23.8701913, 37.8956416 ], [ 23.870165533112189, 37.895646740701856 ], [ 23.870193259828451, 37.895646740701856 ], [ 23.8701913, 37.8956416 ] ] ] } },
{ "type": "Feature", "properties": { "@type": "way", "@id": 796976823, "access": "yes", "addr:city": null, "addr:country": null, "addr:full": null, "addr:housename": null, "addr:housenumber": null, "addr:postcode": null, "addr:street": null, "addr:unit": null, "aeroway": null, "amenity": null, "atm": null, "authentication:app": null, "authentication:membership_card": null, "barrier": null, "bench": null, "brand": null, "brand:el": null, "brand:en": null, "brand:wikidata": null, "brand:wikipedia": null, "building": null, "building:levels": null, "bus": null, "capacity": null, "check_date:shelter": null, "contact:email": null, "contact:fax": null, "contact:phone": null, "contact:website": null, "covered": null, "crossing": null, "crossing:island": null, "crossing:markings": null, "crossing_ref": null, "cuisine": null, "description": "ΓΗΠΕΔΟ ΜΠΑΣΚΕΤ 2ΕΚ ΚΟΡΩΠΙΟΥ", "direction": null, "dual_carriageway": null, "ele": null, "entrance": null, "fee": null, "fixme": null, "foot": null, "footway": null, "fuel:diesel": null, "fuel:lpg": null, "fuel:octane_100": null, "fuel:octane_95": null, "fuel:octane_98": null, "highway": null, "hoops": "2", "int_name": null, "junction": null, "landuse": null, "lanes": null, "layer": null, "leisure": "pitch", "lit": null, "man_made": null, "maxspeed": null, "motorcar": null, "name": null, "name:el": null, "name:en": null, "natural": null, "network": null, "network:el": null, "network:en": null, "network:wikidata": null, "noexit": null, "old_ref": null, "oneway": null, "opening_hours": null, "operator": null, "operator:type": null, "park_ride": null, "parking": null, "parking:fee": null, "payment:app": null, "payment:website": null, "phone": null, "public_transport": null, "ref": null, "ref:EU:EVSE": null, "ref:GR:IDRO": null, "reg_ref": null, "religion": null, "route_ref": null, "service": null, "shelter": null, "shop": null, "short_name": null, "sidewalk": null, "smoothness": null, "socket:type2": null, "socket:type2:output": null, "source": null, "source:reg_ref": null, "sport": "basketball", "surface": "asphalt", "tactile_paving": null, "takeaway": null, "tracktype": null, "trade": null, "traffic_signals": null, "turn:lanes": null, "website": null, "label": "sport:basketball;leisure:pitch" }, "geometry": { "type": "Polygon", "coordinates": [ [ [ 23.8696883, 37.8956049 ], [ 23.869470121963364, 37.895646740701856 ], [ 23.869699609881593, 37.895646740701856 ], [ 23.8696883, 37.8956049 ] ] ] } },
{ "type": "Feature", "properties": { "@type": "way", "@id": 797530778, "access": "yes", "addr:city": null, "addr:country": null, "addr:full": null, "addr:housename": null, "addr:housenumber": null, "addr:postcode": null, "addr:street": null, "addr:unit": null, "aeroway": null, "amenity": "parking", "atm": null, "authentication:app": null, "authentication:membership_card": null, "barrier": null, "bench": null, "brand": null, "brand:el": null, "brand:en": null, "brand:wikidata": null, "brand:wikipedia": null, "building": null, "building:levels": null, "bus": null, "capacity": "10", "check_date:shelter": null, "contact:email": null, "contact:fax": null, "contact:phone": null, "contact:website": null, "covered": null, "crossing": null, "crossing:island": null, "crossing:markings": null, "crossing_ref": null, "cuisine": null, "description": null, "direction": null, "dual_carriageway": null, "ele": null, "entrance": null, "fee": null, "fixme": null, "foot": null, "footway": null, "fuel:diesel": null, "fuel:lpg": null, "fuel:octane_100": null, "fuel:octane_95": null, "fuel:octane_98": null, "highway": null, "hoops": null, "int_name": null, "junction": null, "landuse": null, "lanes": null, "layer": null, "leisure": null, "lit": null, "man_made": null, "maxspeed": null, "motorcar": null, "name": null, "name:el": null, "name:en": null, "natural": null, "network": null, "network:el": null, "network:en": null, "network:wikidata": null, "noexit": null, "old_ref": null, "oneway": null, "opening_hours": null, "operator": "ΕΠΑΛ ΚΟΡΩΠΙΟΥ", "operator:type": "public", "park_ride": null, "parking": "surface", "parking:fee": null, "payment:app": null, "payment:website": null, "phone": null, "public_transport": null, "ref": null, "ref:EU:EVSE": null, "ref:GR:IDRO": null, "reg_ref": null, "religion": null, "route_ref": null, "service": null, "shelter": null, "shop": null, "short_name": null, "sidewalk": null, "smoothness": null, "socket:type2": null, "socket:type2:output": null, "source": null, "source:reg_ref": null, "sport": null, "surface": "asphalt", "tactile_paving": null, "takeaway": null, "tracktype": null, "trade": null, "traffic_signals": null, "turn:lanes": null, "website": null, "label": "amenity:parking" }, "geometry": { "type": "Polygon", "coordinates": [ [ [ 23.8704924, 37.895636 ], [ 23.8704809, 37.8955906 ], [ 23.8702588, 37.8956415 ], [ 23.870260582642828, 37.895646740701856 ], [ 23.87043934671259, 37.895646740701856 ], [ 23.8704924, 37.895636 ] ] ] } },
{ "type": "Feature", "properties": { "@type": "way", "@id": 797535780, "access": null, "addr:city": null, "addr:country": null, "addr:full": null, "addr:housename": null, "addr:housenumber": null, "addr:postcode": null, "addr:street": null, "addr:unit": null, "aeroway": null, "amenity": "cafe", "atm": null, "authentication:app": null, "authentication:membership_card": null, "barrier": null, "bench": null, "brand": null, "brand:el": null, "brand:en": null, "brand:wikidata": null, "brand:wikipedia": null, "building": "yes", "building:levels": null, "bus": null, "capacity": null, "check_date:shelter": null, "contact:email": null, "contact:fax": null, "contact:phone": null, "contact:website": null, "covered": null, "crossing": null, "crossing:island": null, "crossing:markings": null, "crossing_ref": null, "cuisine": null, "description": null, "direction": null, "dual_carriageway": null, "ele": null, "entrance": null, "fee": null, "fixme": null, "foot": null, "footway": null, "fuel:diesel": null, "fuel:lpg": null, "fuel:octane_100": null, "fuel:octane_95": null, "fuel:octane_98": null, "highway": null, "hoops": null, "int_name": null, "junction": null, "landuse": null, "lanes": null, "layer": null, "leisure": null, "lit": null, "man_made": null, "maxspeed": null, "motorcar": null, "name": null, "name:el": null, "name:en": null, "natural": null, "network": null, "network:el": null, "network:en": null, "network:wikidata": null, "noexit": null, "old_ref": null, "oneway": null, "opening_hours": null, "operator": null, "operator:type": null, "park_ride": null, "parking": null, "parking:fee": null, "payment:app": null, "payment:website": null, "phone": null, "public_transport": null, "ref": null, "ref:EU:EVSE": null, "ref:GR:IDRO": null, "reg_ref": null, "religion": null, "route_ref": null, "service": null, "shelter": null, "shop": null, "short_name": null, "sidewalk": null, "smoothness": null, "socket:type2": null, "socket:type2:output": null, "source": null, "source:reg_ref": null, "sport": null, "surface": null, "tactile_paving": null, "takeaway": null, "tracktype": null, "trade": null, "traffic_signals": null, "turn:lanes": null, "website": null, "label": "building:yes;amenity:cafe" }, "geometry": { "type": "Polygon", "coordinates": [ [ [ 23.8706932, 37.8955892 ], [ 23.8708242, 37.8955703 ], [ 23.8707888, 37.8954027 ], [ 23.8706632, 37.8954377 ], [ 23.8706932, 37.8955892 ] ] ] } },
{ "type": "Feature", "properties": { "@type": "way", "@id": 800160330, "access": null, "addr:city": null, "addr:country": null, "addr:full": null, "addr:housename": null, "addr:housenumber": null, "addr:postcode": null, "addr:street": null, "addr:unit": null, "aeroway": null, "amenity": null, "atm": null, "authentication:app": null, "authentication:membership_card": null, "barrier": null, "bench": null, "brand": null, "brand:el": null, "brand:en": null, "brand:wikidata": null, "brand:wikipedia": null, "building": null, "building:levels": null, "bus": null, "capacity": null, "check_date:shelter": null, "contact:email": null, "contact:fax": null, "contact:phone": null, "contact:website": null, "covered": null, "crossing": null, "crossing:island": null, "crossing:markings": null, "crossing_ref": null, "cuisine": null, "description": null, "direction": null, "dual_carriageway": null, "ele": null, "entrance": null, "fee": null, "fixme": null, "foot": null, "footway": null, "fuel:diesel": null, "fuel:lpg": null, "fuel:octane_100": null, "fuel:octane_95": null, "fuel:octane_98": null, "highway": null, "hoops": null, "int_name": null, "junction": null, "landuse": "residential", "lanes": null, "layer": null, "leisure": null, "lit": null, "man_made": null, "maxspeed": null, "motorcar": null, "name": null, "name:el": null, "name:en": null, "natural": null, "network": null, "network:el": null, "network:en": null, "network:wikidata": null, "noexit": null, "old_ref": null, "oneway": null, "opening_hours": null, "operator": null, "operator:type": null, "park_ride": null, "parking": null, "parking:fee": null, "payment:app": null, "payment:website": null, "phone": null, "public_transport": null, "ref": null, "ref:EU:EVSE": null, "ref:GR:IDRO": null, "reg_ref": null, "religion": null, "route_ref": null, "service": null, "shelter": null, "shop": null, "short_name": null, "sidewalk": null, "smoothness": null, "socket:type2": null, "socket:type2:output": null, "source": null, "source:reg_ref": null, "sport": null, "surface": null, "tactile_paving": null, "takeaway": null, "tracktype": null, "trade": null, "traffic_signals": null, "turn:lanes": null, "website": null, "label": "landuse:residential" }, "geometry": { "type": "Polygon", "coordinates": [ [ [ 23.8582006, 37.8955752 ], [ 23.857421, 37.8950914 ], [ 23.8561872, 37.8954622 ], [ 23.856273300484602, 37.895646740701856 ], [ 23.857944884750157, 37.895646740701856 ], [ 23.8582006, 37.8955752 ] ] ] } },
{ "type": "Feature", "properties": { "@type": "way", "@id": 800160331, "access": null, "addr:city": null, "addr:country": null, "addr:full": null, "addr:housename": null, "addr:housenumber": null, "addr:postcode": null, "addr:street": null, "addr:unit": null, "aeroway": null, "amenity": null, "atm": null, "authentication:app": null, "authentication:membership_card": null, "barrier": null, "bench": null, "brand": null, "brand:el": null, "brand:en": null, "brand:wikidata": null, "brand:wikipedia": null, "building": null, "building:levels": null, "bus": null, "capacity": null, "check_date:shelter": null, "contact:email": null, "contact:fax": null, "contact:phone": null, "contact:website": null, "covered": null, "crossing": null, "crossing:island": null, "crossing:markings": null, "crossing_ref": null, "cuisine": null, "description": null, "direction": null, "dual_carriageway": null, "ele": null, "entrance": null, "fee": null, "fixme": null, "foot": null, "footway": null, "fuel:diesel": null, "fuel:lpg": null, "fuel:octane_100": null, "fuel:octane_95": null, "fuel:octane_98": null, "highway": null, "hoops": null, "int_name": null, "junction": null, "landuse": "residential", "lanes": null, "layer": null, "leisure": null, "lit": null, "man_made": null, "maxspeed": null, "motorcar": null, "name": null, "name:el": null, "name:en": null, "natural": null, "network": null, "network:el": null, "network:en": null, "network:wikidata": null, "noexit": null, "old_ref": null, "oneway": null, "opening_hours": null, "operator": null, "operator:type": null, "park_ride": null, "parking": null, "parking:fee": null, "payment:app": null, "payment:website": null, "phone": null, "public_transport": null, "ref": null, "ref:EU:EVSE": null, "ref:GR:IDRO": null, "reg_ref": null, "religion": null, "route_ref": null, "service": null, "shelter": null, "shop": null, "short_name": null, "sidewalk": null, "smoothness": null, "socket:type2": null, "socket:type2:output": null, "source": null, "source:reg_ref": null, "sport": null, "surface": null, "tactile_paving": null, "takeaway": null, "tracktype": null, "trade": null, "traffic_signals": null, "turn:lanes": null, "website": null, "label": "landuse:residential" }, "geometry": { "type": "Polygon", "coordinates": [ [ [ 23.8555625, 37.8952097 ], [ 23.8560232, 37.8951107 ], [ 23.8561872, 37.8954622 ], [ 23.857421, 37.8950914 ], [ 23.85733, 37.8950316 ], [ 23.8571372, 37.8949142 ], [ 23.8568522, 37.8947203 ], [ 23.8566698, 37.8944499 ], [ 23.8566137, 37.8943678 ], [ 23.8564043, 37.8943943 ], [ 23.8561454, 37.8944476 ], [ 23.8559065, 37.8945179 ], [ 23.8554173, 37.8946814 ], [ 23.8555625, 37.8952097 ] ] ] } },
{ "type": "Feature", "properties": { "@type": "way", "@id": 800160332, "access": null, "addr:city": null, "addr:country": null, "addr:full": null, "addr:housename": null, "addr:housenumber": null, "addr:postcode": null, "addr:street": null, "addr:unit": null, "aeroway": null, "amenity": null, "atm": null, "authentication:app": null, "authentication:membership_card": null, "barrier": null, "bench": null, "brand": null, "brand:el": null, "brand:en": null, "brand:wikidata": null, "brand:wikipedia": null, "building": "yes", "building:levels": null, "bus": null, "capacity": null, "check_date:shelter": null, "contact:email": null, "contact:fax": null, "contact:phone": null, "contact:website": null, "covered": null, "crossing": null, "crossing:island": null, "crossing:markings": null, "crossing_ref": null, "cuisine": null, "description": null, "direction": null, "dual_carriageway": null, "ele": null, "entrance": null, "fee": null, "fixme": null, "foot": null, "footway": null, "fuel:diesel": null, "fuel:lpg": null, "fuel:octane_100": null, "fuel:octane_95": null, "fuel:octane_98": null, "highway": null, "hoops": null, "int_name": null, "junction": null, "landuse": null, "lanes": null, "layer": null, "leisure": null, "lit": null, "man_made": null, "maxspeed": null, "motorcar": null, "name": null, "name:el": null, "name:en": null, "natural": null, "network": null, "network:el": null, "network:en": null, "network:wikidata": null, "noexit": null, "old_ref": null, "oneway": null, "opening_hours": null, "operator": null, "operator:type": null, "park_ride": null, "parking": null, "parking:fee": null, "payment:app": null, "payment:website": null, "phone": null, "public_transport": null, "ref": null, "ref:EU:EVSE": null, "ref:GR:IDRO": null, "reg_ref": null, "religion": null, "route_ref": null, "service": null, "shelter": null, "shop": null, "short_name": null, "sidewalk": null, "smoothness": null, "socket:type2": null, "socket:type2:output": null, "source": null, "source:reg_ref": null, "sport": null, "surface": null, "tactile_paving": null, "takeaway": null, "tracktype": null, "trade": null, "traffic_signals": null, "turn:lanes": null, "website": null, "label": "building:yes" }, "geometry": { "type": "Polygon", "coordinates": [ [ [ 23.8566345, 37.8955233 ], [ 23.8564109, 37.8955024 ], [ 23.856392068918716, 37.895646740701856 ], [ 23.856623234845973, 37.895646740701856 ], [ 23.8566345, 37.8955233 ] ] ] } },
{ "type": "Feature", "properties": { "@type": "way", "@id": 800160333, "access": null, "addr:city": null, "addr:country": null, "addr:full": null, "addr:housename": null, "addr:housenumber": null, "addr:postcode": null, "addr:street": null, "addr:unit": null, "aeroway": null, "amenity": null, "atm": null, "authentication:app": null, "authentication:membership_card": null, "barrier": null, "bench": null, "brand": null, "brand:el": null, "brand:en": null, "brand:wikidata": null, "brand:wikipedia": null, "building": "yes", "building:levels": null, "bus": null, "capacity": null, "check_date:shelter": null, "contact:email": null, "contact:fax": null, "contact:phone": null, "contact:website": null, "covered": null, "crossing": null, "crossing:island": null, "crossing:markings": null, "crossing_ref": null, "cuisine": null, "description": null, "direction": null, "dual_carriageway": null, "ele": null, "entrance": null, "fee": null, "fixme": null, "foot": null, "footway": null, "fuel:diesel": null, "fuel:lpg": null, "fuel:octane_100": null, "fuel:octane_95": null, "fuel:octane_98": null, "highway": null, "hoops": null, "int_name": null, "junction": null, "landuse": null, "lanes": null, "layer": null, "leisure": null, "lit": null, "man_made": null, "maxspeed": null, "motorcar": null, "name": null, "name:el": null, "name:en": null, "natural": null, "network": null, "network:el": null, "network:en": null, "network:wikidata": null, "noexit": null, "old_ref": null, "oneway": null, "opening_hours": null, "operator": null, "operator:type": null, "park_ride": null, "parking": null, "parking:fee": null, "payment:app": null, "payment:website": null, "phone": null, "public_transport": null, "ref": null, "ref:EU:EVSE": null, "ref:GR:IDRO": null, "reg_ref": null, "religion": null, "route_ref": null, "service": null, "shelter": null, "shop": null, "short_name": null, "sidewalk": null, "smoothness": null, "socket:type2": null, "socket:type2:output": null, "source": null, "source:reg_ref": null, "sport": null, "surface": null, "tactile_paving": null, "takeaway": null, "tracktype": null, "trade": null, "traffic_signals": null, "turn:lanes": null, "website": null, "label": "building:yes" }, "geometry": { "type": "Polygon", "coordinates": [ [ [ 23.8569659, 37.8956051 ], [ 23.8568195, 37.8956452 ], [ 23.856820186733163, 37.895646740701856 ], [ 23.856987219639919, 37.895646740701856 ], [ 23.8569659, 37.8956051 ] ] ] } },
{ "type": "Feature", "properties": { "@type": "way", "@id": 800160335, "access": null, "addr:city": null, "addr:country": null, "addr:full": null, "addr:housename": null, "addr:housenumber": null, "addr:postcode": null, "addr:street": null, "addr:unit": null, "aeroway": null, "amenity": null, "atm": null, "authentication:app": null, "authentication:membership_card": null, "barrier": null, "bench": null, "brand": null, "brand:el": null, "brand:en": null, "brand:wikidata": null, "brand:wikipedia": null, "building": "yes", "building:levels": null, "bus": null, "capacity": null, "check_date:shelter": null, "contact:email": null, "contact:fax": null, "contact:phone": null, "contact:website": null, "covered": null, "crossing": null, "crossing:island": null, "crossing:markings": null, "crossing_ref": null, "cuisine": null, "description": null, "direction": null, "dual_carriageway": null, "ele": null, "entrance": null, "fee": null, "fixme": null, "foot": null, "footway": null, "fuel:diesel": null, "fuel:lpg": null, "fuel:octane_100": null, "fuel:octane_95": null, "fuel:octane_98": null, "highway": null, "hoops": null, "int_name": null, "junction": null, "landuse": null, "lanes": null, "layer": null, "leisure": null, "lit": null, "man_made": null, "maxspeed": null, "motorcar": null, "name": null, "name:el": null, "name:en": null, "natural": null, "network": null, "network:el": null, "network:en": null, "network:wikidata": null, "noexit": null, "old_ref": null, "oneway": null, "opening_hours": null, "operator": null, "operator:type": null, "park_ride": null, "parking": null, "parking:fee": null, "payment:app": null, "payment:website": null, "phone": null, "public_transport": null, "ref": null, "ref:EU:EVSE": null, "ref:GR:IDRO": null, "reg_ref": null, "religion": null, "route_ref": null, "service": null, "shelter": null, "shop": null, "short_name": null, "sidewalk": null, "smoothness": null, "socket:type2": null, "socket:type2:output": null, "source": null, "source:reg_ref": null, "sport": null, "surface": null, "tactile_paving": null, "takeaway": null, "tracktype": null, "trade": null, "traffic_signals": null, "turn:lanes": null, "website": null, "label": "building:yes" }, "geometry": { "type": "Polygon", "coordinates": [ [ [ 23.8576773, 37.8956259 ], [ 23.8576428, 37.8955618 ], [ 23.8574192, 37.8955874 ], [ 23.857441904268534, 37.895646740701856 ], [ 23.857518978996058, 37.895646740701856 ], [ 23.8576773, 37.8956259 ] ] ] } },
{ "type": "Feature", "properties": { "@type": "way", "@id": 800160336, "access": null, "addr:city": null, "addr:country": null, "addr:full": null, "addr:housename": null, "addr:housenumber": null, "addr:postcode": null, "addr:street": null, "addr:unit": null, "aeroway": null, "amenity": null, "atm": null, "authentication:app": null, "authentication:membership_card": null, "barrier": null, "bench": null, "brand": null, "brand:el": null, "brand:en": null, "brand:wikidata": null, "brand:wikipedia": null, "building": "yes", "building:levels": null, "bus": null, "capacity": null, "check_date:shelter": null, "contact:email": null, "contact:fax": null, "contact:phone": null, "contact:website": null, "covered": null, "crossing": null, "crossing:island": null, "crossing:markings": null, "crossing_ref": null, "cuisine": null, "description": null, "direction": null, "dual_carriageway": null, "ele": null, "entrance": null, "fee": null, "fixme": null, "foot": null, "footway": null, "fuel:diesel": null, "fuel:lpg": null, "fuel:octane_100": null, "fuel:octane_95": null, "fuel:octane_98": null, "highway": null, "hoops": null, "int_name": null, "junction": null, "landuse": null, "lanes": null, "layer": null, "leisure": null, "lit": null, "man_made": null, "maxspeed": null, "motorcar": null, "name": null, "name:el": null, "name:en": null, "natural": null, "network": null, "network:el": null, "network:en": null, "network:wikidata": null, "noexit": null, "old_ref": null, "oneway": null, "opening_hours": null, "operator": null, "operator:type": null, "park_ride": null, "parking": null, "parking:fee": null, "payment:app": null, "payment:website": null, "phone": null, "public_transport": null, "ref": null, "ref:EU:EVSE": null, "ref:GR:IDRO": null, "reg_ref": null, "religion": null, "route_ref": null, "service": null, "shelter": null, "shop": null, "short_name": null, "sidewalk": null, "smoothness": null, "socket:type2": null, "socket:type2:output": null, "source": null, "source:reg_ref": null, "sport": null, "surface": null, "tactile_paving": null, "takeaway": null, "tracktype": null, "trade": null, "traffic_signals": null, "turn:lanes": null, "website": null, "label": "building:yes" }, "geometry": { "type": "Polygon", "coordinates": [ [ [ 23.8570899, 37.8954864 ], [ 23.8574883, 37.8953917 ], [ 23.8574212, 37.895249 ], [ 23.8570391, 37.895342 ], [ 23.8570899, 37.8954864 ] ] ] } },
{ "type": "Feature", "properties": { "@type": "way", "@id": 800160337, "access": null, "addr:city": null, "addr:country": null, "addr:full": null, "addr:housename": null, "addr:housenumber": null, "addr:postcode": null, "addr:street": null, "addr:unit": null, "aeroway": null, "amenity": null, "atm": null, "authentication:app": null, "authentication:membership_card": null, "barrier": null, "bench": null, "brand": null, "brand:el": null, "brand:en": null, "brand:wikidata": null, "brand:wikipedia": null, "building": "yes", "building:levels": null, "bus": null, "capacity": null, "check_date:shelter": null, "contact:email": null, "contact:fax": null, "contact:phone": null, "contact:website": null, "covered": null, "crossing": null, "crossing:island": null, "crossing:markings": null, "crossing_ref": null, "cuisine": null, "description": null, "direction": null, "dual_carriageway": null, "ele": null, "entrance": null, "fee": null, "fixme": null, "foot": null, "footway": null, "fuel:diesel": null, "fuel:lpg": null, "fuel:octane_100": null, "fuel:octane_95": null, "fuel:octane_98": null, "highway": null, "hoops": null, "int_name": null, "junction": null, "landuse": null, "lanes": null, "layer": null, "leisure": null, "lit": null, "man_made": null, "maxspeed": null, "motorcar": null, "name": null, "name:el": null, "name:en": null, "natural": null, "network": null, "network:el": null, "network:en": null, "network:wikidata": null, "noexit": null, "old_ref": null, "oneway": null, "opening_hours": null, "operator": null, "operator:type": null, "park_ride": null, "parking": null, "parking:fee": null, "payment:app": null, "payment:website": null, "phone": null, "public_transport": null, "ref": null, "ref:EU:EVSE": null, "ref:GR:IDRO": null, "reg_ref": null, "religion": null, "route_ref": null, "service": null, "shelter": null, "shop": null, "short_name": null, "sidewalk": null, "smoothness": null, "socket:type2": null, "socket:type2:output": null, "source": null, "source:reg_ref": null, "sport": null, "surface": null, "tactile_paving": null, "takeaway": null, "tracktype": null, "trade": null, "traffic_signals": null, "turn:lanes": null, "website": null, "label": "building:yes" }, "geometry": { "type": "Polygon", "coordinates": [ [ [ 23.8568399, 37.895026 ], [ 23.8569496, 37.8950019 ], [ 23.8569273, 37.8949426 ], [ 23.8570187, 37.8949073 ], [ 23.8569842, 37.89488 ], [ 23.8568846, 37.8949169 ], [ 23.8569008, 37.894957 ], [ 23.8568297, 37.8949714 ], [ 23.8568399, 37.895026 ] ] ] } },
{ "type": "Feature", "properties": { "@type": "way", "@id": 800160338, "access": null, "addr:city": null, "addr:country": null, "addr:full": null, "addr:housename": null, "addr:housenumber": null, "addr:postcode": null, "addr:street": null, "addr:unit": null, "aeroway": null, "amenity": null, "atm": null, "authentication:app": null, "authentication:membership_card": null, "barrier": null, "bench": null, "brand": null, "brand:el": null, "brand:en": null, "brand:wikidata": null, "brand:wikipedia": null, "building": "yes", "building:levels": null, "bus": null, "capacity": null, "check_date:shelter": null, "contact:email": null, "contact:fax": null, "contact:phone": null, "contact:website": null, "covered": null, "crossing": null, "crossing:island": null, "crossing:markings": null, "crossing_ref": null, "cuisine": null, "description": null, "direction": null, "dual_carriageway": null, "ele": null, "entrance": null, "fee": null, "fixme": null, "foot": null, "footway": null, "fuel:diesel": null, "fuel:lpg": null, "fuel:octane_100": null, "fuel:octane_95": null, "fuel:octane_98": null, "highway": null, "hoops": null, "int_name": null, "junction": null, "landuse": null, "lanes": null, "layer": null, "leisure": null, "lit": null, "man_made": null, "maxspeed": null, "motorcar": null, "name": null, "name:el": null, "name:en": null, "natural": null, "network": null, "network:el": null, "network:en": null, "network:wikidata": null, "noexit": null, "old_ref": null, "oneway": null, "opening_hours": null, "operator": null, "operator:type": null, "park_ride": null, "parking": null, "parking:fee": null, "payment:app": null, "payment:website": null, "phone": null, "public_transport": null, "ref": null, "ref:EU:EVSE": null, "ref:GR:IDRO": null, "reg_ref": null, "religion": null, "route_ref": null, "service": null, "shelter": null, "shop": null, "short_name": null, "sidewalk": null, "smoothness": null, "socket:type2": null, "socket:type2:output": null, "source": null, "source:reg_ref": null, "sport": null, "surface": null, "tactile_paving": null, "takeaway": null, "tracktype": null, "trade": null, "traffic_signals": null, "turn:lanes": null, "website": null, "label": "building:yes" }, "geometry": { "type": "Polygon", "coordinates": [ [ [ 23.8557686, 37.8950645 ], [ 23.8560268, 37.8949843 ], [ 23.8559576, 37.8948527 ], [ 23.8557015, 37.8948928 ], [ 23.8557686, 37.8950645 ] ] ] } },
{ "type": "Feature", "properties": { "@type": "way", "@id": 800160339, "access": null, "addr:city": null, "addr:country": null, "addr:full": null, "addr:housename": null, "addr:housenumber": null, "addr:postcode": null, "addr:street": null, "addr:unit": null, "aeroway": null, "amenity": null, "atm": null, "authentication:app": null, "authentication:membership_card": null, "barrier": null, "bench": null, "brand": null, "brand:el": null, "brand:en": null, "brand:wikidata": null, "brand:wikipedia": null, "building": "yes", "building:levels": null, "bus": null, "capacity": null, "check_date:shelter": null, "contact:email": null, "contact:fax": null, "contact:phone": null, "contact:website": null, "covered": null, "crossing": null, "crossing:island": null, "crossing:markings": null, "crossing_ref": null, "cuisine": null, "description": null, "direction": null, "dual_carriageway": null, "ele": null, "entrance": null, "fee": null, "fixme": null, "foot": null, "footway": null, "fuel:diesel": null, "fuel:lpg": null, "fuel:octane_100": null, "fuel:octane_95": null, "fuel:octane_98": null, "highway": null, "hoops": null, "int_name": null, "junction": null, "landuse": null, "lanes": null, "layer": null, "leisure": null, "lit": null, "man_made": null, "maxspeed": null, "motorcar": null, "name": null, "name:el": null, "name:en": null, "natural": null, "network": null, "network:el": null, "network:en": null, "network:wikidata": null, "noexit": null, "old_ref": null, "oneway": null, "opening_hours": null, "operator": null, "operator:type": null, "park_ride": null, "parking": null, "parking:fee": null, "payment:app": null, "payment:website": null, "phone": null, "public_transport": null, "ref": null, "ref:EU:EVSE": null, "ref:GR:IDRO": null, "reg_ref": null, "religion": null, "route_ref": null, "service": null, "shelter": null, "shop": null, "short_name": null, "sidewalk": null, "smoothness": null, "socket:type2": null, "socket:type2:output": null, "source": null, "source:reg_ref": null, "sport": null, "surface": null, "tactile_paving": null, "takeaway": null, "tracktype": null, "trade": null, "traffic_signals": null, "turn:lanes": null, "website": null, "label": "building:yes" }, "geometry": { "type": "Polygon", "coordinates": [ [ [ 23.8559394, 37.8947725 ], [ 23.8561243, 37.8947244 ], [ 23.8560735, 37.8946137 ], [ 23.8559129, 37.8946635 ], [ 23.8559394, 37.8947725 ] ] ] } },
{ "type": "Feature", "properties": { "@type": "way", "@id": 800160340, "access": null, "addr:city": null, "addr:country": null, "addr:full": null, "addr:housename": null, "addr:housenumber": null, "addr:postcode": null, "addr:street": null, "addr:unit": null, "aeroway": null, "amenity": null, "atm": null, "authentication:app": null, "authentication:membership_card": null, "barrier": null, "bench": null, "brand": null, "brand:el": null, "brand:en": null, "brand:wikidata": null, "brand:wikipedia": null, "building": "yes", "building:levels": null, "bus": null, "capacity": null, "check_date:shelter": null, "contact:email": null, "contact:fax": null, "contact:phone": null, "contact:website": null, "covered": null, "crossing": null, "crossing:island": null, "crossing:markings": null, "crossing_ref": null, "cuisine": null, "description": null, "direction": null, "dual_carriageway": null, "ele": null, "entrance": null, "fee": null, "fixme": null, "foot": null, "footway": null, "fuel:diesel": null, "fuel:lpg": null, "fuel:octane_100": null, "fuel:octane_95": null, "fuel:octane_98": null, "highway": null, "hoops": null, "int_name": null, "junction": null, "landuse": null, "lanes": null, "layer": null, "leisure": null, "lit": null, "man_made": null, "maxspeed": null, "motorcar": null, "name": null, "name:el": null, "name:en": null, "natural": null, "network": null, "network:el": null, "network:en": null, "network:wikidata": null, "noexit": null, "old_ref": null, "oneway": null, "opening_hours": null, "operator": null, "operator:type": null, "park_ride": null, "parking": null, "parking:fee": null, "payment:app": null, "payment:website": null, "phone": null, "public_transport": null, "ref": null, "ref:EU:EVSE": null, "ref:GR:IDRO": null, "reg_ref": null, "religion": null, "route_ref": null, "service": null, "shelter": null, "shop": null, "short_name": null, "sidewalk": null, "smoothness": null, "socket:type2": null, "socket:type2:output": null, "source": null, "source:reg_ref": null, "sport": null, "surface": null, "tactile_paving": null, "takeaway": null, "tracktype": null, "trade": null, "traffic_signals": null, "turn:lanes": null, "website": null, "label": "building:yes" }, "geometry": { "type": "Polygon", "coordinates": [ [ [ 23.8556365, 37.894856 ], [ 23.8557259, 37.8948511 ], [ 23.8556731, 37.8947437 ], [ 23.8556161, 37.8947501 ], [ 23.8556365, 37.894856 ] ] ] } },
{ "type": "Feature", "properties": { "@type": "way", "@id": 800160341, "access": null, "addr:city": null, "addr:country": null, "addr:full": null, "addr:housename": null, "addr:housenumber": null, "addr:postcode": null, "addr:street": null, "addr:unit": null, "aeroway": null, "amenity": null, "atm": null, "authentication:app": null, "authentication:membership_card": null, "barrier": null, "bench": null, "brand": null, "brand:el": null, "brand:en": null, "brand:wikidata": null, "brand:wikipedia": null, "building": "yes", "building:levels": null, "bus": null, "capacity": null, "check_date:shelter": null, "contact:email": null, "contact:fax": null, "contact:phone": null, "contact:website": null, "covered": null, "crossing": null, "crossing:island": null, "crossing:markings": null, "crossing_ref": null, "cuisine": null, "description": null, "direction": null, "dual_carriageway": null, "ele": null, "entrance": null, "fee": null, "fixme": null, "foot": null, "footway": null, "fuel:diesel": null, "fuel:lpg": null, "fuel:octane_100": null, "fuel:octane_95": null, "fuel:octane_98": null, "highway": null, "hoops": null, "int_name": null, "junction": null, "landuse": null, "lanes": null, "layer": null, "leisure": null, "lit": null, "man_made": null, "maxspeed": null, "motorcar": null, "name": null, "name:el": null, "name:en": null, "natural": null, "network": null, "network:el": null, "network:en": null, "network:wikidata": null, "noexit": null, "old_ref": null, "oneway": null, "opening_hours": null, "operator": null, "operator:type": null, "park_ride": null, "parking": null, "parking:fee": null, "payment:app": null, "payment:website": null, "phone": null, "public_transport": null, "ref": null, "ref:EU:EVSE": null, "ref:GR:IDRO": null, "reg_ref": null, "religion": null, "route_ref": null, "service": null, "shelter": null, "shop": null, "short_name": null, "sidewalk": null, "smoothness": null, "socket:type2": null, "socket:type2:output": null, "source": null, "source:reg_ref": null, "sport": null, "surface": null, "tactile_paving": null, "takeaway": null, "tracktype": null, "trade": null, "traffic_signals": null, "turn:lanes": null, "website": null, "label": "building:yes" }, "geometry": { "type": "Polygon", "coordinates": [ [ [ 23.8571204, 37.8948271 ], [ 23.8576143, 37.8946939 ], [ 23.8575981, 37.8945961 ], [ 23.8570838, 37.8947276 ], [ 23.8571204, 37.8948271 ] ] ] } },
{ "type": "Feature", "properties": { "@type": "way", "@id": 800160342, "access": null, "addr:city": null, "addr:country": null, "addr:full": null, "addr:housename": null, "addr:housenumber": null, "addr:postcode": null, "addr:street": null, "addr:unit": null, "aeroway": null, "amenity": null, "atm": null, "authentication:app": null, "authentication:membership_card": null, "barrier": null, "bench": null, "brand": null, "brand:el": null, "brand:en": null, "brand:wikidata": null, "brand:wikipedia": null, "building": "yes", "building:levels": null, "bus": null, "capacity": null, "check_date:shelter": null, "contact:email": null, "contact:fax": null, "contact:phone": null, "contact:website": null, "covered": null, "crossing": null, "crossing:island": null, "crossing:markings": null, "crossing_ref": null, "cuisine": null, "description": null, "direction": null, "dual_carriageway": null, "ele": null, "entrance": null, "fee": null, "fixme": null, "foot": null, "footway": null, "fuel:diesel": null, "fuel:lpg": null, "fuel:octane_100": null, "fuel:octane_95": null, "fuel:octane_98": null, "highway": null, "hoops": null, "int_name": null, "junction": null, "landuse": null, "lanes": null, "layer": null, "leisure": null, "lit": null, "man_made": null, "maxspeed": null, "motorcar": null, "name": null, "name:el": null, "name:en": null, "natural": null, "network": null, "network:el": null, "network:en": null, "network:wikidata": null, "noexit": null, "old_ref": null, "oneway": null, "opening_hours": null, "operator": null, "operator:type": null, "park_ride": null, "parking": null, "parking:fee": null, "payment:app": null, "payment:website": null, "phone": null, "public_transport": null, "ref": null, "ref:EU:EVSE": null, "ref:GR:IDRO": null, "reg_ref": null, "religion": null, "route_ref": null, "service": null, "shelter": null, "shop": null, "short_name": null, "sidewalk": null, "smoothness": null, "socket:type2": null, "socket:type2:output": null, "source": null, "source:reg_ref": null, "sport": null, "surface": null, "tactile_paving": null, "takeaway": null, "tracktype": null, "trade": null, "traffic_signals": null, "turn:lanes": null, "website": null, "label": "building:yes" }, "geometry": { "type": "Polygon", "coordinates": [ [ [ 23.8573013, 37.8945399 ], [ 23.857535, 37.8944806 ], [ 23.8575127, 37.8944116 ], [ 23.8572871, 37.8944613 ], [ 23.8573013, 37.8945399 ] ] ] } },
{ "type": "Feature", "properties": { "@type": "way", "@id": 800160343, "access": null, "addr:city": null, "addr:country": null, "addr:full": null, "addr:housename": null, "addr:housenumber": null, "addr:postcode": null, "addr:street": null, "addr:unit": null, "aeroway": null, "amenity": null, "atm": null, "authentication:app": null, "authentication:membership_card": null, "barrier": null, "bench": null, "brand": null, "brand:el": null, "brand:en": null, "brand:wikidata": null, "brand:wikipedia": null, "building": null, "building:levels": null, "bus": null, "capacity": null, "check_date:shelter": null, "contact:email": null, "contact:fax": null, "contact:phone": null, "contact:website": null, "covered": null, "crossing": null, "crossing:island": null, "crossing:markings": null, "crossing_ref": null, "cuisine": null, "description": null, "direction": null, "dual_carriageway": null, "ele": null, "entrance": null, "fee": null, "fixme": null, "foot": null, "footway": null, "fuel:diesel": null, "fuel:lpg": null, "fuel:octane_100": null, "fuel:octane_95": null, "fuel:octane_98": null, "highway": null, "hoops": null, "int_name": null, "junction": null, "landuse": "residential", "lanes": null, "layer": null, "leisure": null, "lit": null, "man_made": null, "maxspeed": null, "motorcar": null, "name": null, "name:el": null, "name:en": null, "natural": null, "network": null, "network:el": null, "network:en": null, "network:wikidata": null, "noexit": null, "old_ref": null, "oneway": null, "opening_hours": null, "operator": null, "operator:type": null, "park_ride": null, "parking": null, "parking:fee": null, "payment:app": null, "payment:website": null, "phone": null, "public_transport": null, "ref": null, "ref:EU:EVSE": null, "ref:GR:IDRO": null, "reg_ref": null, "religion": null, "route_ref": null, "service": null, "shelter": null, "shop": null, "short_name": null, "sidewalk": null, "smoothness": null, "socket:type2": null, "socket:type2:output": null, "source": null, "source:reg_ref": null, "sport": null, "surface": null, "tactile_paving": null, "takeaway": null, "tracktype": null, "trade": null, "traffic_signals": null, "turn:lanes": null, "website": null, "label": "landuse:residential" }, "geometry": { "type": "Polygon", "coordinates": [ [ [ 23.8558968, 37.8944898 ], [ 23.8559065, 37.8945179 ], [ 23.8561825, 37.8944318 ], [ 23.8564043, 37.8943943 ], [ 23.8566137, 37.8943678 ], [ 23.8568522, 37.8947203 ], [ 23.8571372, 37.8949142 ], [ 23.8571628, 37.8949124 ], [ 23.8578572, 37.8948625 ], [ 23.8573932, 37.8938677 ], [ 23.8569639, 37.8933363 ], [ 23.8563676, 37.8928863 ], [ 23.8561274, 37.8929033 ], [ 23.8562739, 37.8936104 ], [ 23.856001, 37.8937261 ], [ 23.8556524, 37.8937784 ], [ 23.8558968, 37.8944898 ] ] ] } },
{ "type": "Feature", "properties": { "@type": "way", "@id": 800160344, "access": null, "addr:city": null, "addr:country": null, "addr:full": null, "addr:housename": null, "addr:housenumber": null, "addr:postcode": null, "addr:street": null, "addr:unit": null, "aeroway": null, "amenity": null, "atm": null, "authentication:app": null, "authentication:membership_card": null, "barrier": null, "bench": null, "brand": null, "brand:el": null, "brand:en": null, "brand:wikidata": null, "brand:wikipedia": null, "building": "yes", "building:levels": null, "bus": null, "capacity": null, "check_date:shelter": null, "contact:email": null, "contact:fax": null, "contact:phone": null, "contact:website": null, "covered": null, "crossing": null, "crossing:island": null, "crossing:markings": null, "crossing_ref": null, "cuisine": null, "description": null, "direction": null, "dual_carriageway": null, "ele": null, "entrance": null, "fee": null, "fixme": null, "foot": null, "footway": null, "fuel:diesel": null, "fuel:lpg": null, "fuel:octane_100": null, "fuel:octane_95": null, "fuel:octane_98": null, "highway": null, "hoops": null, "int_name": null, "junction": null, "landuse": null, "lanes": null, "layer": null, "leisure": null, "lit": null, "man_made": null, "maxspeed": null, "motorcar": null, "name": null, "name:el": null, "name:en": null, "natural": null, "network": null, "network:el": null, "network:en": null, "network:wikidata": null, "noexit": null, "old_ref": null, "oneway": null, "opening_hours": null, "operator": null, "operator:type": null, "park_ride": null, "parking": null, "parking:fee": null, "payment:app": null, "payment:website": null, "phone": null, "public_transport": null, "ref": null, "ref:EU:EVSE": null, "ref:GR:IDRO": null, "reg_ref": null, "religion": null, "route_ref": null, "service": null, "shelter": null, "shop": null, "short_name": null, "sidewalk": null, "smoothness": null, "socket:type2": null, "socket:type2:output": null, "source": null, "source:reg_ref": null, "sport": null, "surface": null, "tactile_paving": null, "takeaway": null, "tracktype": null, "trade": null, "traffic_signals": null, "turn:lanes": null, "website": null, "label": "building:yes" }, "geometry": { "type": "Polygon", "coordinates": [ [ [ 23.855911, 37.8944861 ], [ 23.856041, 37.8944385 ], [ 23.8560182, 37.8943348 ], [ 23.8558734, 37.8943729 ], [ 23.855911, 37.8944861 ] ] ] } },
{ "type": "Feature", "properties": { "@type": "way", "@id": 800160345, "access": null, "addr:city": null, "addr:country": null, "addr:full": null, "addr:housename": null, "addr:housenumber": null, "addr:postcode": null, "addr:street": null, "addr:unit": null, "aeroway": null, "amenity": null, "atm": null, "authentication:app": null, "authentication:membership_card": null, "barrier": null, "bench": null, "brand": null, "brand:el": null, "brand:en": null, "brand:wikidata": null, "brand:wikipedia": null, "building": "yes", "building:levels": null, "bus": null, "capacity": null, "check_date:shelter": null, "contact:email": null, "contact:fax": null, "contact:phone": null, "contact:website": null, "covered": null, "crossing": null, "crossing:island": null, "crossing:markings": null, "crossing_ref": null, "cuisine": null, "description": null, "direction": null, "dual_carriageway": null, "ele": null, "entrance": null, "fee": null, "fixme": null, "foot": null, "footway": null, "fuel:diesel": null, "fuel:lpg": null, "fuel:octane_100": null, "fuel:octane_95": null, "fuel:octane_98": null, "highway": null, "hoops": null, "int_name": null, "junction": null, "landuse": null, "lanes": null, "layer": null, "leisure": null, "lit": null, "man_made": null, "maxspeed": null, "motorcar": null, "name": null, "name:el": null, "name:en": null, "natural": null, "network": null, "network:el": null, "network:en": null, "network:wikidata": null, "noexit": null, "old_ref": null, "oneway": null, "opening_hours": null, "operator": null, "operator:type": null, "park_ride": null, "parking": null, "parking:fee": null, "payment:app": null, "payment:website": null, "phone": null, "public_transport": null, "ref": null, "ref:EU:EVSE": null, "ref:GR:IDRO": null, "reg_ref": null, "religion": null, "route_ref": null, "service": null, "shelter": null, "shop": null, "short_name": null, "sidewalk": null, "smoothness": null, "socket:type2": null, "socket:type2:output": null, "source": null, "source:reg_ref": null, "sport": null, "surface": null, "tactile_paving": null, "takeaway": null, "tracktype": null, "trade": null, "traffic_signals": null, "turn:lanes": null, "website": null, "label": "building:yes" }, "geometry": { "type": "Polygon", "coordinates": [ [ [ 23.8557836, 37.8941412 ], [ 23.8558895, 37.8941327 ], [ 23.8558359, 37.8939836 ], [ 23.8557447, 37.8939952 ], [ 23.8557836, 37.8941412 ] ] ] } },
{ "type": "Feature", "properties": { "@type": "way", "@id": 800160346, "access": null, "addr:city": null, "addr:country": null, "addr:full": null, "addr:housename": null, "addr:housenumber": null, "addr:postcode": null, "addr:street": null, "addr:unit": null, "aeroway": null, "amenity": null, "atm": null, "authentication:app": null, "authentication:membership_card": null, "barrier": null, "bench": null, "brand": null, "brand:el": null, "brand:en": null, "brand:wikidata": null, "brand:wikipedia": null, "building": "yes", "building:levels": null, "bus": null, "capacity": null, "check_date:shelter": null, "contact:email": null, "contact:fax": null, "contact:phone": null, "contact:website": null, "covered": null, "crossing": null, "crossing:island": null, "crossing:markings": null, "crossing_ref": null, "cuisine": null, "description": null, "direction": null, "dual_carriageway": null, "ele": null, "entrance": null, "fee": null, "fixme": null, "foot": null, "footway": null, "fuel:diesel": null, "fuel:lpg": null, "fuel:octane_100": null, "fuel:octane_95": null, "fuel:octane_98": null, "highway": null, "hoops": null, "int_name": null, "junction": null, "landuse": null, "lanes": null, "layer": null, "leisure": null, "lit": null, "man_made": null, "maxspeed": null, "motorcar": null, "name": null, "name:el": null, "name:en": null, "natural": null, "network": null, "network:el": null, "network:en": null, "network:wikidata": null, "noexit": null, "old_ref": null, "oneway": null, "opening_hours": null, "operator": null, "operator:type": null, "park_ride": null, "parking": null, "parking:fee": null, "payment:app": null, "payment:website": null, "phone": null, "public_transport": null, "ref": null, "ref:EU:EVSE": null, "ref:GR:IDRO": null, "reg_ref": null, "religion": null, "route_ref": null, "service": null, "shelter": null, "shop": null, "short_name": null, "sidewalk": null, "smoothness": null, "socket:type2": null, "socket:type2:output": null, "source": null, "source:reg_ref": null, "sport": null, "surface": null, "tactile_paving": null, "takeaway": null, "tracktype": null, "trade": null, "traffic_signals": null, "turn:lanes": null, "website": null, "label": "building:yes" }, "geometry": { "type": "Polygon", "coordinates": [ [ [ 23.8565921, 37.8940661 ], [ 23.8566779, 37.8940555 ], [ 23.8566712, 37.8939984 ], [ 23.856584, 37.8940068 ], [ 23.8565921, 37.8940661 ] ] ] } },
{ "type": "Feature", "properties": { "@type": "way", "@id": 800160347, "access": null, "addr:city": null, "addr:country": null, "addr:full": null, "addr:housename": null, "addr:housenumber": null, "addr:postcode": null, "addr:street": null, "addr:unit": null, "aeroway": null, "amenity": null, "atm": null, "authentication:app": null, "authentication:membership_card": null, "barrier": null, "bench": null, "brand": null, "brand:el": null, "brand:en": null, "brand:wikidata": null, "brand:wikipedia": null, "building": "yes", "building:levels": null, "bus": null, "capacity": null, "check_date:shelter": null, "contact:email": null, "contact:fax": null, "contact:phone": null, "contact:website": null, "covered": null, "crossing": null, "crossing:island": null, "crossing:markings": null, "crossing_ref": null, "cuisine": null, "description": null, "direction": null, "dual_carriageway": null, "ele": null, "entrance": null, "fee": null, "fixme": null, "foot": null, "footway": null, "fuel:diesel": null, "fuel:lpg": null, "fuel:octane_100": null, "fuel:octane_95": null, "fuel:octane_98": null, "highway": null, "hoops": null, "int_name": null, "junction": null, "landuse": null, "lanes": null, "layer": null, "leisure": null, "lit": null, "man_made": null, "maxspeed": null, "motorcar": null, "name": null, "name:el": null, "name:en": null, "natural": null, "network": null, "network:el": null, "network:en": null, "network:wikidata": null, "noexit": null, "old_ref": null, "oneway": null, "opening_hours": null, "operator": null, "operator:type": null, "park_ride": null, "parking": null, "parking:fee": null, "payment:app": null, "payment:website": null, "phone": null, "public_transport": null, "ref": null, "ref:EU:EVSE": null, "ref:GR:IDRO": null, "reg_ref": null, "religion": null, "route_ref": null, "service": null, "shelter": null, "shop": null, "short_name": null, "sidewalk": null, "smoothness": null, "socket:type2": null, "socket:type2:output": null, "source": null, "source:reg_ref": null, "sport": null, "surface": null, "tactile_paving": null, "takeaway": null, "tracktype": null, "trade": null, "traffic_signals": null, "turn:lanes": null, "website": null, "label": "building:yes" }, "geometry": { "type": "Polygon", "coordinates": [ [ [ 23.8566766, 37.8943507 ], [ 23.8568173, 37.8943211 ], [ 23.8567865, 37.8942216 ], [ 23.856643, 37.894246 ], [ 23.8566766, 37.8943507 ] ] ] } },
{ "type": "Feature", "properties": { "@type": "way", "@id": 800160348, "access": null, "addr:city": null, "addr:country": null, "addr:full": null, "addr:housename": null, "addr:housenumber": null, "addr:postcode": null, "addr:street": null, "addr:unit": null, "aeroway": null, "amenity": null, "atm": null, "authentication:app": null, "authentication:membership_card": null, "barrier": null, "bench": null, "brand": null, "brand:el": null, "brand:en": null, "brand:wikidata": null, "brand:wikipedia": null, "building": "yes", "building:levels": null, "bus": null, "capacity": null, "check_date:shelter": null, "contact:email": null, "contact:fax": null, "contact:phone": null, "contact:website": null, "covered": null, "crossing": null, "crossing:island": null, "crossing:markings": null, "crossing_ref": null, "cuisine": null, "description": null, "direction": null, "dual_carriageway": null, "ele": null, "entrance": null, "fee": null, "fixme": null, "foot": null, "footway": null, "fuel:diesel": null, "fuel:lpg": null, "fuel:octane_100": null, "fuel:octane_95": null, "fuel:octane_98": null, "highway": null, "hoops": null, "int_name": null, "junction": null, "landuse": null, "lanes": null, "layer": null, "leisure": null, "lit": null, "man_made": null, "maxspeed": null, "motorcar": null, "name": null, "name:el": null, "name:en": null, "natural": null, "network": null, "network:el": null, "network:en": null, "network:wikidata": null, "noexit": null, "old_ref": null, "oneway": null, "opening_hours": null, "operator": null, "operator:type": null, "park_ride": null, "parking": null, "parking:fee": null, "payment:app": null, "payment:website": null, "phone": null, "public_transport": null, "ref": null, "ref:EU:EVSE": null, "ref:GR:IDRO": null, "reg_ref": null, "religion": null, "route_ref": null, "service": null, "shelter": null, "shop": null, "short_name": null, "sidewalk": null, "smoothness": null, "socket:type2": null, "socket:type2:output": null, "source": null, "source:reg_ref": null, "sport": null, "surface": null, "tactile_paving": null, "takeaway": null, "tracktype": null, "trade": null, "traffic_signals": null, "turn:lanes": null, "website": null, "label": "building:yes" }, "geometry": { "type": "Polygon", "coordinates": [ [ [ 23.856513, 37.8938852 ], [ 23.856698, 37.893828 ], [ 23.8566444, 37.8937116 ], [ 23.8564526, 37.8937307 ], [ 23.856513, 37.8938852 ] ] ] } },
{ "type": "Feature", "properties": { "@type": "way", "@id": 800160349, "access": null, "addr:city": null, "addr:country": null, "addr:full": null, "addr:housename": null, "addr:housenumber": null, "addr:postcode": null, "addr:street": null, "addr:unit": null, "aeroway": null, "amenity": null, "atm": null, "authentication:app": null, "authentication:membership_card": null, "barrier": null, "bench": null, "brand": null, "brand:el": null, "brand:en": null, "brand:wikidata": null, "brand:wikipedia": null, "building": "yes", "building:levels": null, "bus": null, "capacity": null, "check_date:shelter": null, "contact:email": null, "contact:fax": null, "contact:phone": null, "contact:website": null, "covered": null, "crossing": null, "crossing:island": null, "crossing:markings": null, "crossing_ref": null, "cuisine": null, "description": null, "direction": null, "dual_carriageway": null, "ele": null, "entrance": null, "fee": null, "fixme": null, "foot": null, "footway": null, "fuel:diesel": null, "fuel:lpg": null, "fuel:octane_100": null, "fuel:octane_95": null, "fuel:octane_98": null, "highway": null, "hoops": null, "int_name": null, "junction": null, "landuse": null, "lanes": null, "layer": null, "leisure": null, "lit": null, "man_made": null, "maxspeed": null, "motorcar": null, "name": null, "name:el": null, "name:en": null, "natural": null, "network": null, "network:el": null, "network:en": null, "network:wikidata": null, "noexit": null, "old_ref": null, "oneway": null, "opening_hours": null, "operator": null, "operator:type": null, "park_ride": null, "parking": null, "parking:fee": null, "payment:app": null, "payment:website": null, "phone": null, "public_transport": null, "ref": null, "ref:EU:EVSE": null, "ref:GR:IDRO": null, "reg_ref": null, "religion": null, "route_ref": null, "service": null, "shelter": null, "shop": null, "short_name": null, "sidewalk": null, "smoothness": null, "socket:type2": null, "socket:type2:output": null, "source": null, "source:reg_ref": null, "sport": null, "surface": null, "tactile_paving": null, "takeaway": null, "tracktype": null, "trade": null, "traffic_signals": null, "turn:lanes": null, "website": null, "label": "building:yes" }, "geometry": { "type": "Polygon", "coordinates": [ [ [ 23.8576438, 37.8951586 ], [ 23.8577162, 37.8951354 ], [ 23.8576934, 37.895093 ], [ 23.857625, 37.895111 ], [ 23.8576438, 37.8951586 ] ] ] } },
{ "type": "Feature", "properties": { "@type": "way", "@id": 866054313, "access": null, "addr:city": null, "addr:country": null, "addr:full": null, "addr:housename": null, "addr:housenumber": null, "addr:postcode": null, "addr:street": null, "addr:unit": null, "aeroway": null, "amenity": null, "atm": null, "authentication:app": null, "authentication:membership_card": null, "barrier": null, "bench": null, "brand": null, "brand:el": null, "brand:en": null, "brand:wikidata": null, "brand:wikipedia": null, "building": null, "building:levels": null, "bus": null, "capacity": null, "check_date:shelter": null, "contact:email": null, "contact:fax": null, "contact:phone": null, "contact:website": null, "covered": null, "crossing": null, "crossing:island": null, "crossing:markings": null, "crossing_ref": null, "cuisine": null, "description": null, "direction": null, "dual_carriageway": null, "ele": null, "entrance": null, "fee": null, "fixme": null, "foot": null, "footway": null, "fuel:diesel": null, "fuel:lpg": null, "fuel:octane_100": null, "fuel:octane_95": null, "fuel:octane_98": null, "highway": null, "hoops": null, "int_name": null, "junction": null, "landuse": "industrial", "lanes": null, "layer": null, "leisure": null, "lit": null, "man_made": null, "maxspeed": null, "motorcar": null, "name": null, "name:el": null, "name:en": null, "natural": null, "network": null, "network:el": null, "network:en": null, "network:wikidata": null, "noexit": null, "old_ref": null, "oneway": null, "opening_hours": null, "operator": null, "operator:type": null, "park_ride": null, "parking": null, "parking:fee": null, "payment:app": null, "payment:website": null, "phone": null, "public_transport": null, "ref": null, "ref:EU:EVSE": null, "ref:GR:IDRO": null, "reg_ref": null, "religion": null, "route_ref": null, "service": null, "shelter": null, "shop": null, "short_name": null, "sidewalk": null, "smoothness": null, "socket:type2": null, "socket:type2:output": null, "source": null, "source:reg_ref": null, "sport": null, "surface": null, "tactile_paving": null, "takeaway": null, "tracktype": null, "trade": null, "traffic_signals": null, "turn:lanes": null, "website": null, "label": "landuse:industrial" }, "geometry": { "type": "Polygon", "coordinates": [ [ [ 23.869949, 37.874756 ], [ 23.8707375, 37.8745803 ], [ 23.8704452, 37.8735386 ], [ 23.8702145, 37.8736021 ], [ 23.8699704, 37.8736339 ], [ 23.8696244, 37.8735767 ], [ 23.869949, 37.874756 ] ] ] } },
{ "type": "Feature", "properties": { "@type": "way", "@id": 866054315, "access": null, "addr:city": null, "addr:country": null, "addr:full": null, "addr:housename": null, "addr:housenumber": null, "addr:postcode": null, "addr:street": null, "addr:unit": null, "aeroway": null, "amenity": null, "atm": null, "authentication:app": null, "authentication:membership_card": null, "barrier": null, "bench": null, "brand": null, "brand:el": null, "brand:en": null, "brand:wikidata": null, "brand:wikipedia": null, "building": null, "building:levels": null, "bus": null, "capacity": null, "check_date:shelter": null, "contact:email": null, "contact:fax": null, "contact:phone": null, "contact:website": null, "covered": null, "crossing": null, "crossing:island": null, "crossing:markings": null, "crossing_ref": null, "cuisine": null, "description": null, "direction": null, "dual_carriageway": null, "ele": null, "entrance": null, "fee": null, "fixme": null, "foot": null, "footway": null, "fuel:diesel": null, "fuel:lpg": null, "fuel:octane_100": null, "fuel:octane_95": null, "fuel:octane_98": null, "highway": null, "hoops": null, "int_name": null, "junction": null, "landuse": "industrial", "lanes": null, "layer": null, "leisure": null, "lit": null, "man_made": null, "maxspeed": null, "motorcar": null, "name": null, "name:el": null, "name:en": null, "natural": null, "network": null, "network:el": null, "network:en": null, "network:wikidata": null, "noexit": null, "old_ref": null, "oneway": null, "opening_hours": null, "operator": null, "operator:type": null, "park_ride": null, "parking": null, "parking:fee": null, "payment:app": null, "payment:website": null, "phone": null, "public_transport": null, "ref": null, "ref:EU:EVSE": null, "ref:GR:IDRO": null, "reg_ref": null, "religion": null, "route_ref": null, "service": null, "shelter": null, "shop": null, "short_name": null, "sidewalk": null, "smoothness": null, "socket:type2": null, "socket:type2:output": null, "source": null, "source:reg_ref": null, "sport": null, "surface": null, "tactile_paving": null, "takeaway": null, "tracktype": null, "trade": null, "traffic_signals": null, "turn:lanes": null, "website": null, "label": "landuse:industrial" }, "geometry": { "type": "Polygon", "coordinates": [ [ [ 23.8744122, 37.8783996 ], [ 23.8746804, 37.8788061 ], [ 23.8749513, 37.8794031 ], [ 23.87572305575911, 37.878954766647979 ], [ 23.87572305575911, 37.877774083238592 ], [ 23.8744122, 37.8783996 ] ] ] } },
{ "type": "Feature", "properties": { "@type": "way", "@id": 866059248, "access": null, "addr:city": null, "addr:country": null, "addr:full": null, "addr:housename": null, "addr:housenumber": null, "addr:postcode": null, "addr:street": null, "addr:unit": null, "aeroway": null, "amenity": null, "atm": null, "authentication:app": null, "authentication:membership_card": null, "barrier": null, "bench": null, "brand": null, "brand:el": null, "brand:en": null, "brand:wikidata": null, "brand:wikipedia": null, "building": null, "building:levels": null, "bus": null, "capacity": null, "check_date:shelter": null, "contact:email": null, "contact:fax": null, "contact:phone": null, "contact:website": null, "covered": null, "crossing": null, "crossing:island": null, "crossing:markings": null, "crossing_ref": null, "cuisine": null, "description": null, "direction": null, "dual_carriageway": null, "ele": null, "entrance": null, "fee": null, "fixme": null, "foot": null, "footway": null, "fuel:diesel": null, "fuel:lpg": null, "fuel:octane_100": null, "fuel:octane_95": null, "fuel:octane_98": null, "highway": null, "hoops": null, "int_name": null, "junction": null, "landuse": "industrial", "lanes": null, "layer": null, "leisure": null, "lit": null, "man_made": null, "maxspeed": null, "motorcar": null, "name": null, "name:el": null, "name:en": null, "natural": null, "network": null, "network:el": null, "network:en": null, "network:wikidata": null, "noexit": null, "old_ref": null, "oneway": null, "opening_hours": null, "operator": null, "operator:type": null, "park_ride": null, "parking": null, "parking:fee": null, "payment:app": null, "payment:website": null, "phone": null, "public_transport": null, "ref": null, "ref:EU:EVSE": null, "ref:GR:IDRO": null, "reg_ref": null, "religion": null, "route_ref": null, "service": null, "shelter": null, "shop": null, "short_name": null, "sidewalk": null, "smoothness": null, "socket:type2": null, "socket:type2:output": null, "source": null, "source:reg_ref": null, "sport": null, "surface": null, "tactile_paving": null, "takeaway": null, "tracktype": null, "trade": null, "traffic_signals": null, "turn:lanes": null, "website": null, "label": "landuse:industrial" }, "geometry": { "type": "Polygon", "coordinates": [ [ [ 23.8700509, 37.881101 ], [ 23.8701153, 37.8810566 ], [ 23.8701716, 37.8811709 ], [ 23.8702494, 37.8812789 ], [ 23.8703245, 37.8813043 ], [ 23.8715905, 37.8804828 ], [ 23.871274, 37.8802881 ], [ 23.8709334, 37.8800256 ], [ 23.8698122, 37.8807136 ], [ 23.8700509, 37.881101 ] ] ] } },
{ "type": "Feature", "properties": { "@type": "way", "@id": 1185283612, "access": null, "addr:city": null, "addr:country": null, "addr:full": null, "addr:housename": null, "addr:housenumber": null, "addr:postcode": null, "addr:street": null, "addr:unit": null, "aeroway": null, "amenity": null, "atm": null, "authentication:app": null, "authentication:membership_card": null, "barrier": null, "bench": null, "brand": null, "brand:el": null, "brand:en": null, "brand:wikidata": null, "brand:wikipedia": null, "building": "yes", "building:levels": null, "bus": null, "capacity": null, "check_date:shelter": null, "contact:email": null, "contact:fax": null, "contact:phone": null, "contact:website": null, "covered": null, "crossing": null, "crossing:island": null, "crossing:markings": null, "crossing_ref": null, "cuisine": null, "description": null, "direction": null, "dual_carriageway": null, "ele": null, "entrance": null, "fee": null, "fixme": null, "foot": null, "footway": null, "fuel:diesel": null, "fuel:lpg": null, "fuel:octane_100": null, "fuel:octane_95": null, "fuel:octane_98": null, "highway": null, "hoops": null, "int_name": null, "junction": null, "landuse": null, "lanes": null, "layer": null, "leisure": null, "lit": null, "man_made": null, "maxspeed": null, "motorcar": null, "name": null, "name:el": null, "name:en": null, "natural": null, "network": null, "network:el": null, "network:en": null, "network:wikidata": null, "noexit": null, "old_ref": null, "oneway": null, "opening_hours": null, "operator": null, "operator:type": null, "park_ride": null, "parking": null, "parking:fee": null, "payment:app": null, "payment:website": null, "phone": null, "public_transport": null, "ref": null, "ref:EU:EVSE": null, "ref:GR:IDRO": null, "reg_ref": null, "religion": null, "route_ref": null, "service": null, "shelter": null, "shop": null, "short_name": null, "sidewalk": null, "smoothness": null, "socket:type2": null, "socket:type2:output": null, "source": null, "source:reg_ref": null, "sport": null, "surface": null, "tactile_paving": null, "takeaway": null, "tracktype": null, "trade": null, "traffic_signals": null, "turn:lanes": null, "website": null, "label": "building:yes" }, "geometry": { "type": "Polygon", "coordinates": [ [ [ 23.8602669, 37.8733538 ], [ 23.860308024782057, 37.873309236916491 ], [ 23.860189409749236, 37.873309236916491 ], [ 23.8602669, 37.8733538 ] ] ] } },
{ "type": "Feature", "properties": { "@type": "way", "@id": 1185283614, "access": null, "addr:city": null, "addr:country": null, "addr:full": null, "addr:housename": null, "addr:housenumber": null, "addr:postcode": null, "addr:street": null, "addr:unit": null, "aeroway": null, "amenity": null, "atm": null, "authentication:app": null, "authentication:membership_card": null, "barrier": null, "bench": null, "brand": null, "brand:el": null, "brand:en": null, "brand:wikidata": null, "brand:wikipedia": null, "building": "yes", "building:levels": null, "bus": null, "capacity": null, "check_date:shelter": null, "contact:email": null, "contact:fax": null, "contact:phone": null, "contact:website": null, "covered": null, "crossing": null, "crossing:island": null, "crossing:markings": null, "crossing_ref": null, "cuisine": null, "description": null, "direction": null, "dual_carriageway": null, "ele": null, "entrance": null, "fee": null, "fixme": null, "foot": null, "footway": null, "fuel:diesel": null, "fuel:lpg": null, "fuel:octane_100": null, "fuel:octane_95": null, "fuel:octane_98": null, "highway": null, "hoops": null, "int_name": null, "junction": null, "landuse": null, "lanes": null, "layer": null, "leisure": null, "lit": null, "man_made": null, "maxspeed": null, "motorcar": null, "name": null, "name:el": null, "name:en": null, "natural": null, "network": null, "network:el": null, "network:en": null, "network:wikidata": null, "noexit": null, "old_ref": null, "oneway": null, "opening_hours": null, "operator": null, "operator:type": null, "park_ride": null, "parking": null, "parking:fee": null, "payment:app": null, "payment:website": null, "phone": null, "public_transport": null, "ref": null, "ref:EU:EVSE": null, "ref:GR:IDRO": null, "reg_ref": null, "religion": null, "route_ref": null, "service": null, "shelter": null, "shop": null, "short_name": null, "sidewalk": null, "smoothness": null, "socket:type2": null, "socket:type2:output": null, "source": null, "source:reg_ref": null, "sport": null, "surface": null, "tactile_paving": null, "takeaway": null, "tracktype": null, "trade": null, "traffic_signals": null, "turn:lanes": null, "website": null, "label": "building:yes" }, "geometry": { "type": "Polygon", "coordinates": [ [ [ 23.8609637, 37.8735641 ], [ 23.8610199, 37.8734893 ], [ 23.860826, 37.8733986 ], [ 23.8607698, 37.8734734 ], [ 23.8609637, 37.8735641 ] ] ] } },
{ "type": "Feature", "properties": { "@type": "way", "@id": 1185283615, "access": null, "addr:city": null, "addr:country": null, "addr:full": null, "addr:housename": null, "addr:housenumber": null, "addr:postcode": null, "addr:street": null, "addr:unit": null, "aeroway": null, "amenity": null, "atm": null, "authentication:app": null, "authentication:membership_card": null, "barrier": null, "bench": null, "brand": null, "brand:el": null, "brand:en": null, "brand:wikidata": null, "brand:wikipedia": null, "building": "yes", "building:levels": null, "bus": null, "capacity": null, "check_date:shelter": null, "contact:email": null, "contact:fax": null, "contact:phone": null, "contact:website": null, "covered": null, "crossing": null, "crossing:island": null, "crossing:markings": null, "crossing_ref": null, "cuisine": null, "description": null, "direction": null, "dual_carriageway": null, "ele": null, "entrance": null, "fee": null, "fixme": null, "foot": null, "footway": null, "fuel:diesel": null, "fuel:lpg": null, "fuel:octane_100": null, "fuel:octane_95": null, "fuel:octane_98": null, "highway": null, "hoops": null, "int_name": null, "junction": null, "landuse": null, "lanes": null, "layer": null, "leisure": null, "lit": null, "man_made": null, "maxspeed": null, "motorcar": null, "name": null, "name:el": null, "name:en": null, "natural": null, "network": null, "network:el": null, "network:en": null, "network:wikidata": null, "noexit": null, "old_ref": null, "oneway": null, "opening_hours": null, "operator": null, "operator:type": null, "park_ride": null, "parking": null, "parking:fee": null, "payment:app": null, "payment:website": null, "phone": null, "public_transport": null, "ref": null, "ref:EU:EVSE": null, "ref:GR:IDRO": null, "reg_ref": null, "religion": null, "route_ref": null, "service": null, "shelter": null, "shop": null, "short_name": null, "sidewalk": null, "smoothness": null, "socket:type2": null, "socket:type2:output": null, "source": null, "source:reg_ref": null, "sport": null, "surface": null, "tactile_paving": null, "takeaway": null, "tracktype": null, "trade": null, "traffic_signals": null, "turn:lanes": null, "website": null, "label": "building:yes" }, "geometry": { "type": "Polygon", "coordinates": [ [ [ 23.8623101, 37.8744613 ], [ 23.8623476, 37.8744151 ], [ 23.8621907, 37.8743357 ], [ 23.8621532, 37.8743819 ], [ 23.8623101, 37.8744613 ] ] ] } },
{ "type": "Feature", "properties": { "@type": "way", "@id": 1185283616, "access": null, "addr:city": null, "addr:country": null, "addr:full": null, "addr:housename": null, "addr:housenumber": null, "addr:postcode": null, "addr:street": null, "addr:unit": null, "aeroway": null, "amenity": null, "atm": null, "authentication:app": null, "authentication:membership_card": null, "barrier": null, "bench": null, "brand": null, "brand:el": null, "brand:en": null, "brand:wikidata": null, "brand:wikipedia": null, "building": "yes", "building:levels": null, "bus": null, "capacity": null, "check_date:shelter": null, "contact:email": null, "contact:fax": null, "contact:phone": null, "contact:website": null, "covered": null, "crossing": null, "crossing:island": null, "crossing:markings": null, "crossing_ref": null, "cuisine": null, "description": null, "direction": null, "dual_carriageway": null, "ele": null, "entrance": null, "fee": null, "fixme": null, "foot": null, "footway": null, "fuel:diesel": null, "fuel:lpg": null, "fuel:octane_100": null, "fuel:octane_95": null, "fuel:octane_98": null, "highway": null, "hoops": null, "int_name": null, "junction": null, "landuse": null, "lanes": null, "layer": null, "leisure": null, "lit": null, "man_made": null, "maxspeed": null, "motorcar": null, "name": null, "name:el": null, "name:en": null, "natural": null, "network": null, "network:el": null, "network:en": null, "network:wikidata": null, "noexit": null, "old_ref": null, "oneway": null, "opening_hours": null, "operator": null, "operator:type": null, "park_ride": null, "parking": null, "parking:fee": null, "payment:app": null, "payment:website": null, "phone": null, "public_transport": null, "ref": null, "ref:EU:EVSE": null, "ref:GR:IDRO": null, "reg_ref": null, "religion": null, "route_ref": null, "service": null, "shelter": null, "shop": null, "short_name": null, "sidewalk": null, "smoothness": null, "socket:type2": null, "socket:type2:output": null, "source": null, "source:reg_ref": null, "sport": null, "surface": null, "tactile_paving": null, "takeaway": null, "tracktype": null, "trade": null, "traffic_signals": null, "turn:lanes": null, "website": null, "label": "building:yes" }, "geometry": { "type": "Polygon", "coordinates": [ [ [ 23.8625702, 37.8747391 ], [ 23.8628103, 37.8745665 ], [ 23.8627491, 37.8745135 ], [ 23.8625091, 37.8746861 ], [ 23.8625702, 37.8747391 ] ] ] } },
{ "type": "Feature", "properties": { "@type": "way", "@id": 1185283617, "access": null, "addr:city": null, "addr:country": null, "addr:full": null, "addr:housename": null, "addr:housenumber": null, "addr:postcode": null, "addr:street": null, "addr:unit": null, "aeroway": null, "amenity": null, "atm": null, "authentication:app": null, "authentication:membership_card": null, "barrier": null, "bench": null, "brand": null, "brand:el": null, "brand:en": null, "brand:wikidata": null, "brand:wikipedia": null, "building": "yes", "building:levels": null, "bus": null, "capacity": null, "check_date:shelter": null, "contact:email": null, "contact:fax": null, "contact:phone": null, "contact:website": null, "covered": null, "crossing": null, "crossing:island": null, "crossing:markings": null, "crossing_ref": null, "cuisine": null, "description": null, "direction": null, "dual_carriageway": null, "ele": null, "entrance": null, "fee": null, "fixme": null, "foot": null, "footway": null, "fuel:diesel": null, "fuel:lpg": null, "fuel:octane_100": null, "fuel:octane_95": null, "fuel:octane_98": null, "highway": null, "hoops": null, "int_name": null, "junction": null, "landuse": null, "lanes": null, "layer": null, "leisure": null, "lit": null, "man_made": null, "maxspeed": null, "motorcar": null, "name": null, "name:el": null, "name:en": null, "natural": null, "network": null, "network:el": null, "network:en": null, "network:wikidata": null, "noexit": null, "old_ref": null, "oneway": null, "opening_hours": null, "operator": null, "operator:type": null, "park_ride": null, "parking": null, "parking:fee": null, "payment:app": null, "payment:website": null, "phone": null, "public_transport": null, "ref": null, "ref:EU:EVSE": null, "ref:GR:IDRO": null, "reg_ref": null, "religion": null, "route_ref": null, "service": null, "shelter": null, "shop": null, "short_name": null, "sidewalk": null, "smoothness": null, "socket:type2": null, "socket:type2:output": null, "source": null, "source:reg_ref": null, "sport": null, "surface": null, "tactile_paving": null, "takeaway": null, "tracktype": null, "trade": null, "traffic_signals": null, "turn:lanes": null, "website": null, "label": "building:yes" }, "geometry": { "type": "Polygon", "coordinates": [ [ [ 23.8638201, 37.8751498 ], [ 23.8639183, 37.8750366 ], [ 23.8637185, 37.8749286 ], [ 23.8636203, 37.8750418 ], [ 23.8638201, 37.8751498 ] ] ] } },
{ "type": "Feature", "properties": { "@type": "way", "@id": 1185283618, "access": null, "addr:city": null, "addr:country": null, "addr:full": null, "addr:housename": null, "addr:housenumber": null, "addr:postcode": null, "addr:street": null, "addr:unit": null, "aeroway": null, "amenity": null, "atm": null, "authentication:app": null, "authentication:membership_card": null, "barrier": null, "bench": null, "brand": null, "brand:el": null, "brand:en": null, "brand:wikidata": null, "brand:wikipedia": null, "building": "yes", "building:levels": null, "bus": null, "capacity": null, "check_date:shelter": null, "contact:email": null, "contact:fax": null, "contact:phone": null, "contact:website": null, "covered": null, "crossing": null, "crossing:island": null, "crossing:markings": null, "crossing_ref": null, "cuisine": null, "description": null, "direction": null, "dual_carriageway": null, "ele": null, "entrance": null, "fee": null, "fixme": null, "foot": null, "footway": null, "fuel:diesel": null, "fuel:lpg": null, "fuel:octane_100": null, "fuel:octane_95": null, "fuel:octane_98": null, "highway": null, "hoops": null, "int_name": null, "junction": null, "landuse": null, "lanes": null, "layer": null, "leisure": null, "lit": null, "man_made": null, "maxspeed": null, "motorcar": null, "name": null, "name:el": null, "name:en": null, "natural": null, "network": null, "network:el": null, "network:en": null, "network:wikidata": null, "noexit": null, "old_ref": null, "oneway": null, "opening_hours": null, "operator": null, "operator:type": null, "park_ride": null, "parking": null, "parking:fee": null, "payment:app": null, "payment:website": null, "phone": null, "public_transport": null, "ref": null, "ref:EU:EVSE": null, "ref:GR:IDRO": null, "reg_ref": null, "religion": null, "route_ref": null, "service": null, "shelter": null, "shop": null, "short_name": null, "sidewalk": null, "smoothness": null, "socket:type2": null, "socket:type2:output": null, "source": null, "source:reg_ref": null, "sport": null, "surface": null, "tactile_paving": null, "takeaway": null, "tracktype": null, "trade": null, "traffic_signals": null, "turn:lanes": null, "website": null, "label": "building:yes" }, "geometry": { "type": "Polygon", "coordinates": [ [ [ 23.8640749, 37.8751106 ], [ 23.8640984, 37.8750869 ], [ 23.8639763, 37.8750118 ], [ 23.8639529, 37.8750355 ], [ 23.8640749, 37.8751106 ] ] ] } },
{ "type": "Feature", "properties": { "@type": "way", "@id": 1185283619, "access": null, "addr:city": null, "addr:country": null, "addr:full": null, "addr:housename": null, "addr:housenumber": null, "addr:postcode": null, "addr:street": null, "addr:unit": null, "aeroway": null, "amenity": null, "atm": null, "authentication:app": null, "authentication:membership_card": null, "barrier": null, "bench": null, "brand": null, "brand:el": null, "brand:en": null, "brand:wikidata": null, "brand:wikipedia": null, "building": "yes", "building:levels": null, "bus": null, "capacity": null, "check_date:shelter": null, "contact:email": null, "contact:fax": null, "contact:phone": null, "contact:website": null, "covered": null, "crossing": null, "crossing:island": null, "crossing:markings": null, "crossing_ref": null, "cuisine": null, "description": null, "direction": null, "dual_carriageway": null, "ele": null, "entrance": null, "fee": null, "fixme": null, "foot": null, "footway": null, "fuel:diesel": null, "fuel:lpg": null, "fuel:octane_100": null, "fuel:octane_95": null, "fuel:octane_98": null, "highway": null, "hoops": null, "int_name": null, "junction": null, "landuse": null, "lanes": null, "layer": null, "leisure": null, "lit": null, "man_made": null, "maxspeed": null, "motorcar": null, "name": null, "name:el": null, "name:en": null, "natural": null, "network": null, "network:el": null, "network:en": null, "network:wikidata": null, "noexit": null, "old_ref": null, "oneway": null, "opening_hours": null, "operator": null, "operator:type": null, "park_ride": null, "parking": null, "parking:fee": null, "payment:app": null, "payment:website": null, "phone": null, "public_transport": null, "ref": null, "ref:EU:EVSE": null, "ref:GR:IDRO": null, "reg_ref": null, "religion": null, "route_ref": null, "service": null, "shelter": null, "shop": null, "short_name": null, "sidewalk": null, "smoothness": null, "socket:type2": null, "socket:type2:output": null, "source": null, "source:reg_ref": null, "sport": null, "surface": null, "tactile_paving": null, "takeaway": null, "tracktype": null, "trade": null, "traffic_signals": null, "turn:lanes": null, "website": null, "label": "building:yes" }, "geometry": { "type": "Polygon", "coordinates": [ [ [ 23.8634094, 37.8750861 ], [ 23.86351, 37.8750279 ], [ 23.8634728, 37.8749878 ], [ 23.8633722, 37.8750461 ], [ 23.8634094, 37.8750861 ] ] ] } },
{ "type": "Feature", "properties": { "@type": "way", "@id": 1185283620, "access": null, "addr:city": null, "addr:country": null, "addr:full": null, "addr:housename": null, "addr:housenumber": null, "addr:postcode": null, "addr:street": null, "addr:unit": null, "aeroway": null, "amenity": null, "atm": null, "authentication:app": null, "authentication:membership_card": null, "barrier": null, "bench": null, "brand": null, "brand:el": null, "brand:en": null, "brand:wikidata": null, "brand:wikipedia": null, "building": "yes", "building:levels": null, "bus": null, "capacity": null, "check_date:shelter": null, "contact:email": null, "contact:fax": null, "contact:phone": null, "contact:website": null, "covered": null, "crossing": null, "crossing:island": null, "crossing:markings": null, "crossing_ref": null, "cuisine": null, "description": null, "direction": null, "dual_carriageway": null, "ele": null, "entrance": null, "fee": null, "fixme": null, "foot": null, "footway": null, "fuel:diesel": null, "fuel:lpg": null, "fuel:octane_100": null, "fuel:octane_95": null, "fuel:octane_98": null, "highway": null, "hoops": null, "int_name": null, "junction": null, "landuse": null, "lanes": null, "layer": null, "leisure": null, "lit": null, "man_made": null, "maxspeed": null, "motorcar": null, "name": null, "name:el": null, "name:en": null, "natural": null, "network": null, "network:el": null, "network:en": null, "network:wikidata": null, "noexit": null, "old_ref": null, "oneway": null, "opening_hours": null, "operator": null, "operator:type": null, "park_ride": null, "parking": null, "parking:fee": null, "payment:app": null, "payment:website": null, "phone": null, "public_transport": null, "ref": null, "ref:EU:EVSE": null, "ref:GR:IDRO": null, "reg_ref": null, "religion": null, "route_ref": null, "service": null, "shelter": null, "shop": null, "short_name": null, "sidewalk": null, "smoothness": null, "socket:type2": null, "socket:type2:output": null, "source": null, "source:reg_ref": null, "sport": null, "surface": null, "tactile_paving": null, "takeaway": null, "tracktype": null, "trade": null, "traffic_signals": null, "turn:lanes": null, "website": null, "label": "building:yes" }, "geometry": { "type": "Polygon", "coordinates": [ [ [ 23.8633044, 37.8749377 ], [ 23.8634505, 37.8748371 ], [ 23.8633668, 37.8747613 ], [ 23.8632207, 37.8748619 ], [ 23.8633044, 37.8749377 ] ] ] } },
{ "type": "Feature", "properties": { "@type": "way", "@id": 1185283621, "access": null, "addr:city": null, "addr:country": null, "addr:full": null, "addr:housename": null, "addr:housenumber": null, "addr:postcode": null, "addr:street": null, "addr:unit": null, "aeroway": null, "amenity": null, "atm": null, "authentication:app": null, "authentication:membership_card": null, "barrier": null, "bench": null, "brand": null, "brand:el": null, "brand:en": null, "brand:wikidata": null, "brand:wikipedia": null, "building": "yes", "building:levels": null, "bus": null, "capacity": null, "check_date:shelter": null, "contact:email": null, "contact:fax": null, "contact:phone": null, "contact:website": null, "covered": null, "crossing": null, "crossing:island": null, "crossing:markings": null, "crossing_ref": null, "cuisine": null, "description": null, "direction": null, "dual_carriageway": null, "ele": null, "entrance": null, "fee": null, "fixme": null, "foot": null, "footway": null, "fuel:diesel": null, "fuel:lpg": null, "fuel:octane_100": null, "fuel:octane_95": null, "fuel:octane_98": null, "highway": null, "hoops": null, "int_name": null, "junction": null, "landuse": null, "lanes": null, "layer": null, "leisure": null, "lit": null, "man_made": null, "maxspeed": null, "motorcar": null, "name": null, "name:el": null, "name:en": null, "natural": null, "network": null, "network:el": null, "network:en": null, "network:wikidata": null, "noexit": null, "old_ref": null, "oneway": null, "opening_hours": null, "operator": null, "operator:type": null, "park_ride": null, "parking": null, "parking:fee": null, "payment:app": null, "payment:website": null, "phone": null, "public_transport": null, "ref": null, "ref:EU:EVSE": null, "ref:GR:IDRO": null, "reg_ref": null, "religion": null, "route_ref": null, "service": null, "shelter": null, "shop": null, "short_name": null, "sidewalk": null, "smoothness": null, "socket:type2": null, "socket:type2:output": null, "source": null, "source:reg_ref": null, "sport": null, "surface": null, "tactile_paving": null, "takeaway": null, "tracktype": null, "trade": null, "traffic_signals": null, "turn:lanes": null, "website": null, "label": "building:yes" }, "geometry": { "type": "Polygon", "coordinates": [ [ [ 23.8630852, 37.8748153 ], [ 23.8632212, 37.8747128 ], [ 23.863079, 37.8745953 ], [ 23.8629431, 37.8746978 ], [ 23.8630852, 37.8748153 ] ] ] } },
{ "type": "Feature", "properties": { "@type": "way", "@id": 1185283622, "access": null, "addr:city": null, "addr:country": null, "addr:full": null, "addr:housename": null, "addr:housenumber": null, "addr:postcode": null, "addr:street": null, "addr:unit": null, "aeroway": null, "amenity": null, "atm": null, "authentication:app": null, "authentication:membership_card": null, "barrier": null, "bench": null, "brand": null, "brand:el": null, "brand:en": null, "brand:wikidata": null, "brand:wikipedia": null, "building": "yes", "building:levels": null, "bus": null, "capacity": null, "check_date:shelter": null, "contact:email": null, "contact:fax": null, "contact:phone": null, "contact:website": null, "covered": null, "crossing": null, "crossing:island": null, "crossing:markings": null, "crossing_ref": null, "cuisine": null, "description": null, "direction": null, "dual_carriageway": null, "ele": null, "entrance": null, "fee": null, "fixme": null, "foot": null, "footway": null, "fuel:diesel": null, "fuel:lpg": null, "fuel:octane_100": null, "fuel:octane_95": null, "fuel:octane_98": null, "highway": null, "hoops": null, "int_name": null, "junction": null, "landuse": null, "lanes": null, "layer": null, "leisure": null, "lit": null, "man_made": null, "maxspeed": null, "motorcar": null, "name": null, "name:el": null, "name:en": null, "natural": null, "network": null, "network:el": null, "network:en": null, "network:wikidata": null, "noexit": null, "old_ref": null, "oneway": null, "opening_hours": null, "operator": null, "operator:type": null, "park_ride": null, "parking": null, "parking:fee": null, "payment:app": null, "payment:website": null, "phone": null, "public_transport": null, "ref": null, "ref:EU:EVSE": null, "ref:GR:IDRO": null, "reg_ref": null, "religion": null, "route_ref": null, "service": null, "shelter": null, "shop": null, "short_name": null, "sidewalk": null, "smoothness": null, "socket:type2": null, "socket:type2:output": null, "source": null, "source:reg_ref": null, "sport": null, "surface": null, "tactile_paving": null, "takeaway": null, "tracktype": null, "trade": null, "traffic_signals": null, "turn:lanes": null, "website": null, "label": "building:yes" }, "geometry": { "type": "Polygon", "coordinates": [ [ [ 23.861171, 37.8743388 ], [ 23.8613172, 37.8742594 ], [ 23.861213, 37.8741399 ], [ 23.8610668, 37.8742193 ], [ 23.861171, 37.8743388 ] ] ] } },
{ "type": "Feature", "properties": { "@type": "way", "@id": 1185283623, "access": null, "addr:city": null, "addr:country": null, "addr:full": null, "addr:housename": null, "addr:housenumber": null, "addr:postcode": null, "addr:street": null, "addr:unit": null, "aeroway": null, "amenity": null, "atm": null, "authentication:app": null, "authentication:membership_card": null, "barrier": null, "bench": null, "brand": null, "brand:el": null, "brand:en": null, "brand:wikidata": null, "brand:wikipedia": null, "building": "yes", "building:levels": null, "bus": null, "capacity": null, "check_date:shelter": null, "contact:email": null, "contact:fax": null, "contact:phone": null, "contact:website": null, "covered": null, "crossing": null, "crossing:island": null, "crossing:markings": null, "crossing_ref": null, "cuisine": null, "description": null, "direction": null, "dual_carriageway": null, "ele": null, "entrance": null, "fee": null, "fixme": null, "foot": null, "footway": null, "fuel:diesel": null, "fuel:lpg": null, "fuel:octane_100": null, "fuel:octane_95": null, "fuel:octane_98": null, "highway": null, "hoops": null, "int_name": null, "junction": null, "landuse": null, "lanes": null, "layer": null, "leisure": null, "lit": null, "man_made": null, "maxspeed": null, "motorcar": null, "name": null, "name:el": null, "name:en": null, "natural": null, "network": null, "network:el": null, "network:en": null, "network:wikidata": null, "noexit": null, "old_ref": null, "oneway": null, "opening_hours": null, "operator": null, "operator:type": null, "park_ride": null, "parking": null, "parking:fee": null, "payment:app": null, "payment:website": null, "phone": null, "public_transport": null, "ref": null, "ref:EU:EVSE": null, "ref:GR:IDRO": null, "reg_ref": null, "religion": null, "route_ref": null, "service": null, "shelter": null, "shop": null, "short_name": null, "sidewalk": null, "smoothness": null, "socket:type2": null, "socket:type2:output": null, "source": null, "source:reg_ref": null, "sport": null, "surface": null, "tactile_paving": null, "takeaway": null, "tracktype": null, "trade": null, "traffic_signals": null, "turn:lanes": null, "website": null, "label": "building:yes" }, "geometry": { "type": "Polygon", "coordinates": [ [ [ 23.8607745, 37.8739345 ], [ 23.8609203, 37.873854 ], [ 23.8607325, 37.8736422 ], [ 23.8605867, 37.8737228 ], [ 23.8607745, 37.8739345 ] ] ] } },
{ "type": "Feature", "properties": { "@type": "way", "@id": 1185283624, "access": null, "addr:city": null, "addr:country": null, "addr:full": null, "addr:housename": null, "addr:housenumber": null, "addr:postcode": null, "addr:street": null, "addr:unit": null, "aeroway": null, "amenity": null, "atm": null, "authentication:app": null, "authentication:membership_card": null, "barrier": null, "bench": null, "brand": null, "brand:el": null, "brand:en": null, "brand:wikidata": null, "brand:wikipedia": null, "building": "yes", "building:levels": null, "bus": null, "capacity": null, "check_date:shelter": null, "contact:email": null, "contact:fax": null, "contact:phone": null, "contact:website": null, "covered": null, "crossing": null, "crossing:island": null, "crossing:markings": null, "crossing_ref": null, "cuisine": null, "description": null, "direction": null, "dual_carriageway": null, "ele": null, "entrance": null, "fee": null, "fixme": null, "foot": null, "footway": null, "fuel:diesel": null, "fuel:lpg": null, "fuel:octane_100": null, "fuel:octane_95": null, "fuel:octane_98": null, "highway": null, "hoops": null, "int_name": null, "junction": null, "landuse": null, "lanes": null, "layer": null, "leisure": null, "lit": null, "man_made": null, "maxspeed": null, "motorcar": null, "name": null, "name:el": null, "name:en": null, "natural": null, "network": null, "network:el": null, "network:en": null, "network:wikidata": null, "noexit": null, "old_ref": null, "oneway": null, "opening_hours": null, "operator": null, "operator:type": null, "park_ride": null, "parking": null, "parking:fee": null, "payment:app": null, "payment:website": null, "phone": null, "public_transport": null, "ref": null, "ref:EU:EVSE": null, "ref:GR:IDRO": null, "reg_ref": null, "religion": null, "route_ref": null, "service": null, "shelter": null, "shop": null, "short_name": null, "sidewalk": null, "smoothness": null, "socket:type2": null, "socket:type2:output": null, "source": null, "source:reg_ref": null, "sport": null, "surface": null, "tactile_paving": null, "takeaway": null, "tracktype": null, "trade": null, "traffic_signals": null, "turn:lanes": null, "website": null, "label": "building:yes" }, "geometry": { "type": "Polygon", "coordinates": [ [ [ 23.8610862, 37.8738049 ], [ 23.8612377, 37.8736302 ], [ 23.8610977, 37.8735545 ], [ 23.8609461, 37.8737291 ], [ 23.8610862, 37.8738049 ] ] ] } },
{ "type": "Feature", "properties": { "@type": "way", "@id": 1185283625, "access": null, "addr:city": null, "addr:country": null, "addr:full": null, "addr:housename": null, "addr:housenumber": null, "addr:postcode": null, "addr:street": null, "addr:unit": null, "aeroway": null, "amenity": null, "atm": null, "authentication:app": null, "authentication:membership_card": null, "barrier": null, "bench": null, "brand": null, "brand:el": null, "brand:en": null, "brand:wikidata": null, "brand:wikipedia": null, "building": "yes", "building:levels": "1", "bus": null, "capacity": null, "check_date:shelter": null, "contact:email": null, "contact:fax": null, "contact:phone": null, "contact:website": null, "covered": null, "crossing": null, "crossing:island": null, "crossing:markings": null, "crossing_ref": null, "cuisine": null, "description": null, "direction": null, "dual_carriageway": null, "ele": null, "entrance": null, "fee": null, "fixme": null, "foot": null, "footway": null, "fuel:diesel": null, "fuel:lpg": null, "fuel:octane_100": null, "fuel:octane_95": null, "fuel:octane_98": null, "highway": null, "hoops": null, "int_name": null, "junction": null, "landuse": null, "lanes": null, "layer": null, "leisure": null, "lit": null, "man_made": null, "maxspeed": null, "motorcar": null, "name": null, "name:el": null, "name:en": null, "natural": null, "network": null, "network:el": null, "network:en": null, "network:wikidata": null, "noexit": null, "old_ref": null, "oneway": null, "opening_hours": null, "operator": null, "operator:type": null, "park_ride": null, "parking": null, "parking:fee": null, "payment:app": null, "payment:website": null, "phone": null, "public_transport": null, "ref": null, "ref:EU:EVSE": null, "ref:GR:IDRO": null, "reg_ref": null, "religion": null, "route_ref": null, "service": null, "shelter": null, "shop": null, "short_name": null, "sidewalk": null, "smoothness": null, "socket:type2": null, "socket:type2:output": null, "source": null, "source:reg_ref": null, "sport": null, "surface": null, "tactile_paving": null, "takeaway": null, "tracktype": null, "trade": null, "traffic_signals": null, "turn:lanes": null, "website": null, "label": "building:yes" }, "geometry": { "type": "Polygon", "coordinates": [ [ [ 23.8618983, 37.8741422 ], [ 23.8619949, 37.8740266 ], [ 23.8617977, 37.8739239 ], [ 23.8617011, 37.8740395 ], [ 23.8618983, 37.8741422 ] ] ] } },
{ "type": "Feature", "properties": { "@type": "way", "@id": 1185283626, "access": null, "addr:city": null, "addr:country": null, "addr:full": null, "addr:housename": null, "addr:housenumber": null, "addr:postcode": null, "addr:street": null, "addr:unit": null, "aeroway": null, "amenity": null, "atm": null, "authentication:app": null, "authentication:membership_card": null, "barrier": null, "bench": null, "brand": null, "brand:el": null, "brand:en": null, "brand:wikidata": null, "brand:wikipedia": null, "building": "yes", "building:levels": "1", "bus": null, "capacity": null, "check_date:shelter": null, "contact:email": null, "contact:fax": null, "contact:phone": null, "contact:website": null, "covered": null, "crossing": null, "crossing:island": null, "crossing:markings": null, "crossing_ref": null, "cuisine": null, "description": null, "direction": null, "dual_carriageway": null, "ele": null, "entrance": null, "fee": null, "fixme": null, "foot": null, "footway": null, "fuel:diesel": null, "fuel:lpg": null, "fuel:octane_100": null, "fuel:octane_95": null, "fuel:octane_98": null, "highway": null, "hoops": null, "int_name": null, "junction": null, "landuse": null, "lanes": null, "layer": null, "leisure": null, "lit": null, "man_made": null, "maxspeed": null, "motorcar": null, "name": "Kapopoulos", "name:el": null, "name:en": null, "natural": null, "network": null, "network:el": null, "network:en": null, "network:wikidata": null, "noexit": null, "old_ref": null, "oneway": null, "opening_hours": null, "operator": null, "operator:type": null, "park_ride": null, "parking": null, "parking:fee": null, "payment:app": null, "payment:website": null, "phone": null, "public_transport": null, "ref": null, "ref:EU:EVSE": null, "ref:GR:IDRO": null, "reg_ref": null, "religion": null, "route_ref": null, "service": null, "shelter": null, "shop": null, "short_name": null, "sidewalk": null, "smoothness": null, "socket:type2": null, "socket:type2:output": null, "source": null, "source:reg_ref": null, "sport": null, "surface": null, "tactile_paving": null, "takeaway": null, "tracktype": null, "trade": null, "traffic_signals": null, "turn:lanes": null, "website": null, "label": "building:yes" }, "geometry": { "type": "Polygon", "coordinates": [ [ [ 23.8615827, 37.8739765 ], [ 23.8616918, 37.8738509 ], [ 23.8615081, 37.8737514 ], [ 23.8613989, 37.8738769 ], [ 23.8615827, 37.8739765 ] ] ] } },
{ "type": "Feature", "properties": { "@type": "way", "@id": 1185283629, "access": null, "addr:city": null, "addr:country": null, "addr:full": null, "addr:housename": null, "addr:housenumber": null, "addr:postcode": null, "addr:street": null, "addr:unit": null, "aeroway": null, "amenity": null, "atm": null, "authentication:app": null, "authentication:membership_card": null, "barrier": null, "bench": null, "brand": null, "brand:el": null, "brand:en": null, "brand:wikidata": null, "brand:wikipedia": null, "building": null, "building:levels": null, "bus": null, "capacity": null, "check_date:shelter": null, "contact:email": null, "contact:fax": null, "contact:phone": null, "contact:website": null, "covered": null, "crossing": null, "crossing:island": null, "crossing:markings": null, "crossing_ref": null, "cuisine": null, "description": null, "direction": null, "dual_carriageway": null, "ele": null, "entrance": null, "fee": null, "fixme": null, "foot": null, "footway": null, "fuel:diesel": null, "fuel:lpg": null, "fuel:octane_100": null, "fuel:octane_95": null, "fuel:octane_98": null, "highway": null, "hoops": null, "int_name": null, "junction": null, "landuse": "commercial", "lanes": null, "layer": null, "leisure": null, "lit": null, "man_made": null, "maxspeed": null, "motorcar": null, "name": null, "name:el": null, "name:en": null, "natural": null, "network": null, "network:el": null, "network:en": null, "network:wikidata": null, "noexit": null, "old_ref": null, "oneway": null, "opening_hours": null, "operator": null, "operator:type": null, "park_ride": null, "parking": null, "parking:fee": null, "payment:app": null, "payment:website": null, "phone": null, "public_transport": null, "ref": null, "ref:EU:EVSE": null, "ref:GR:IDRO": null, "reg_ref": null, "religion": null, "route_ref": null, "service": null, "shelter": null, "shop": null, "short_name": null, "sidewalk": null, "smoothness": null, "socket:type2": null, "socket:type2:output": null, "source": null, "source:reg_ref": null, "sport": null, "surface": null, "tactile_paving": null, "takeaway": null, "tracktype": null, "trade": null, "traffic_signals": null, "turn:lanes": null, "website": null, "label": "landuse:commercial" }, "geometry": { "type": "Polygon", "coordinates": [ [ [ 23.8616382, 37.8734491 ], [ 23.8618527, 37.8735661 ], [ 23.862159454367546, 37.873309236916491 ], [ 23.861813979217807, 37.873309236916491 ], [ 23.8616382, 37.8734491 ] ] ] } },
{ "type": "Feature", "properties": { "@type": "way", "@id": 1185283630, "access": null, "addr:city": null, "addr:country": null, "addr:full": null, "addr:housename": null, "addr:housenumber": null, "addr:postcode": null, "addr:street": null, "addr:unit": null, "aeroway": null, "amenity": null, "atm": null, "authentication:app": null, "authentication:membership_card": null, "barrier": null, "bench": null, "brand": null, "brand:el": null, "brand:en": null, "brand:wikidata": null, "brand:wikipedia": null, "building": null, "building:levels": null, "bus": null, "capacity": null, "check_date:shelter": null, "contact:email": null, "contact:fax": null, "contact:phone": null, "contact:website": null, "covered": null, "crossing": null, "crossing:island": null, "crossing:markings": null, "crossing_ref": null, "cuisine": null, "description": null, "direction": null, "dual_carriageway": null, "ele": null, "entrance": null, "fee": null, "fixme": null, "foot": null, "footway": null, "fuel:diesel": null, "fuel:lpg": null, "fuel:octane_100": null, "fuel:octane_95": null, "fuel:octane_98": null, "highway": null, "hoops": null, "int_name": null, "junction": null, "landuse": "commercial", "lanes": null, "layer": null, "leisure": null, "lit": null, "man_made": null, "maxspeed": null, "motorcar": null, "name": null, "name:el": null, "name:en": null, "natural": null, "network": null, "network:el": null, "network:en": null, "network:wikidata": null, "noexit": null, "old_ref": null, "oneway": null, "opening_hours": null, "operator": null, "operator:type": null, "park_ride": null, "parking": null, "parking:fee": null, "payment:app": null, "payment:website": null, "phone": null, "public_transport": null, "ref": null, "ref:EU:EVSE": null, "ref:GR:IDRO": null, "reg_ref": null, "religion": null, "route_ref": null, "service": null, "shelter": null, "shop": null, "short_name": null, "sidewalk": null, "smoothness": null, "socket:type2": null, "socket:type2:output": null, "source": null, "source:reg_ref": null, "sport": null, "surface": null, "tactile_paving": null, "takeaway": null, "tracktype": null, "trade": null, "traffic_signals": null, "turn:lanes": null, "website": null, "label": "landuse:commercial" }, "geometry": { "type": "Polygon", "coordinates": [ [ [ 23.8620365, 37.8736709 ], [ 23.8624549, 37.8739006 ], [ 23.8627298, 37.8736677 ], [ 23.8625742, 37.8735555 ], [ 23.8627043, 37.8734465 ], [ 23.8625997, 37.8733621 ], [ 23.862534041564324, 37.873309236916491 ], [ 23.862485755585762, 37.873309236916491 ], [ 23.8620365, 37.8736709 ] ] ] } },
{ "type": "Feature", "properties": { "@type": "way", "@id": 1185283631, "access": null, "addr:city": null, "addr:country": null, "addr:full": null, "addr:housename": null, "addr:housenumber": null, "addr:postcode": null, "addr:street": null, "addr:unit": null, "aeroway": null, "amenity": null, "atm": null, "authentication:app": null, "authentication:membership_card": null, "barrier": null, "bench": null, "brand": null, "brand:el": null, "brand:en": null, "brand:wikidata": null, "brand:wikipedia": null, "building": "yes", "building:levels": null, "bus": null, "capacity": null, "check_date:shelter": null, "contact:email": null, "contact:fax": null, "contact:phone": null, "contact:website": null, "covered": null, "crossing": null, "crossing:island": null, "crossing:markings": null, "crossing_ref": null, "cuisine": null, "description": null, "direction": null, "dual_carriageway": null, "ele": null, "entrance": null, "fee": null, "fixme": null, "foot": null, "footway": null, "fuel:diesel": null, "fuel:lpg": null, "fuel:octane_100": null, "fuel:octane_95": null, "fuel:octane_98": null, "highway": null, "hoops": null, "int_name": null, "junction": null, "landuse": null, "lanes": null, "layer": null, "leisure": null, "lit": null, "man_made": null, "maxspeed": null, "motorcar": null, "name": null, "name:el": null, "name:en": null, "natural": null, "network": null, "network:el": null, "network:en": null, "network:wikidata": null, "noexit": null, "old_ref": null, "oneway": null, "opening_hours": null, "operator": null, "operator:type": null, "park_ride": null, "parking": null, "parking:fee": null, "payment:app": null, "payment:website": null, "phone": null, "public_transport": null, "ref": null, "ref:EU:EVSE": null, "ref:GR:IDRO": null, "reg_ref": null, "religion": null, "route_ref": null, "service": null, "shelter": null, "shop": null, "short_name": null, "sidewalk": null, "smoothness": null, "socket:type2": null, "socket:type2:output": null, "source": null, "source:reg_ref": null, "sport": null, "surface": null, "tactile_paving": null, "takeaway": null, "tracktype": null, "trade": null, "traffic_signals": null, "turn:lanes": null, "website": "https://www.hellenicinstruments.com/", "label": "building:yes" }, "geometry": { "type": "Polygon", "coordinates": [ [ [ 23.8624852, 37.8738232 ], [ 23.8625686, 37.8737511 ], [ 23.8624896, 37.8736942 ], [ 23.8624063, 37.8737663 ], [ 23.8624852, 37.8738232 ] ] ] } },
{ "type": "Feature", "properties": { "@type": "way", "@id": 1185283632, "access": null, "addr:city": null, "addr:country": null, "addr:full": null, "addr:housename": null, "addr:housenumber": null, "addr:postcode": null, "addr:street": null, "addr:unit": null, "aeroway": null, "amenity": "bank", "atm": "yes", "authentication:app": null, "authentication:membership_card": null, "barrier": null, "bench": null, "brand": null, "brand:el": null, "brand:en": null, "brand:wikidata": null, "brand:wikipedia": null, "building": "yes", "building:levels": null, "bus": null, "capacity": null, "check_date:shelter": null, "contact:email": null, "contact:fax": null, "contact:phone": null, "contact:website": null, "covered": null, "crossing": null, "crossing:island": null, "crossing:markings": null, "crossing_ref": null, "cuisine": null, "description": null, "direction": null, "dual_carriageway": null, "ele": null, "entrance": null, "fee": null, "fixme": null, "foot": null, "footway": null, "fuel:diesel": null, "fuel:lpg": null, "fuel:octane_100": null, "fuel:octane_95": null, "fuel:octane_98": null, "highway": null, "hoops": null, "int_name": null, "junction": null, "landuse": null, "lanes": null, "layer": null, "leisure": null, "lit": null, "man_made": null, "maxspeed": null, "motorcar": null, "name": "Alpha", "name:el": null, "name:en": null, "natural": null, "network": null, "network:el": null, "network:en": null, "network:wikidata": null, "noexit": null, "old_ref": null, "oneway": null, "opening_hours": null, "operator": null, "operator:type": null, "park_ride": null, "parking": null, "parking:fee": null, "payment:app": null, "payment:website": null, "phone": null, "public_transport": null, "ref": null, "ref:EU:EVSE": null, "ref:GR:IDRO": null, "reg_ref": null, "religion": null, "route_ref": null, "service": null, "shelter": null, "shop": null, "short_name": null, "sidewalk": null, "smoothness": null, "socket:type2": null, "socket:type2:output": null, "source": null, "source:reg_ref": null, "sport": null, "surface": null, "tactile_paving": null, "takeaway": null, "tracktype": null, "trade": null, "traffic_signals": null, "turn:lanes": null, "website": null, "label": "building:yes;amenity:bank" }, "geometry": { "type": "Polygon", "coordinates": [ [ [ 23.8624252, 37.873671 ], [ 23.8625227, 37.8735871 ], [ 23.862378, 37.8734823 ], [ 23.8622805, 37.8735661 ], [ 23.8624252, 37.873671 ] ] ] } },
{ "type": "Feature", "properties": { "@type": "way", "@id": 1253518512, "access": null, "addr:city": null, "addr:country": null, "addr:full": null, "addr:housename": null, "addr:housenumber": null, "addr:postcode": null, "addr:street": null, "addr:unit": null, "aeroway": null, "amenity": null, "atm": null, "authentication:app": null, "authentication:membership_card": null, "barrier": null, "bench": null, "brand": null, "brand:el": null, "brand:en": null, "brand:wikidata": null, "brand:wikipedia": null, "building": "industrial", "building:levels": null, "bus": null, "capacity": null, "check_date:shelter": null, "contact:email": null, "contact:fax": null, "contact:phone": null, "contact:website": null, "covered": null, "crossing": null, "crossing:island": null, "crossing:markings": null, "crossing_ref": null, "cuisine": null, "description": null, "direction": null, "dual_carriageway": null, "ele": null, "entrance": null, "fee": null, "fixme": null, "foot": null, "footway": null, "fuel:diesel": null, "fuel:lpg": null, "fuel:octane_100": null, "fuel:octane_95": null, "fuel:octane_98": null, "highway": null, "hoops": null, "int_name": null, "junction": null, "landuse": null, "lanes": null, "layer": null, "leisure": null, "lit": null, "man_made": null, "maxspeed": null, "motorcar": null, "name": null, "name:el": null, "name:en": null, "natural": null, "network": null, "network:el": null, "network:en": null, "network:wikidata": null, "noexit": null, "old_ref": null, "oneway": null, "opening_hours": null, "operator": null, "operator:type": null, "park_ride": null, "parking": null, "parking:fee": null, "payment:app": null, "payment:website": null, "phone": null, "public_transport": null, "ref": null, "ref:EU:EVSE": null, "ref:GR:IDRO": null, "reg_ref": null, "religion": null, "route_ref": null, "service": null, "shelter": null, "shop": null, "short_name": null, "sidewalk": null, "smoothness": null, "socket:type2": null, "socket:type2:output": null, "source": null, "source:reg_ref": null, "sport": null, "surface": null, "tactile_paving": null, "takeaway": null, "tracktype": null, "trade": null, "traffic_signals": null, "turn:lanes": null, "website": null, "label": "building:industrial" }, "geometry": { "type": "Polygon", "coordinates": [ [ [ 23.8717511, 37.8750596 ], [ 23.8724494, 37.8750064 ], [ 23.8724542, 37.8750456 ], [ 23.8726631, 37.8750297 ], [ 23.8726362, 37.8748097 ], [ 23.871729, 37.8748787 ], [ 23.8717511, 37.8750596 ] ] ] } },
{ "type": "Feature", "properties": { "@type": "way", "@id": 1253518513, "access": null, "addr:city": null, "addr:country": null, "addr:full": null, "addr:housename": null, "addr:housenumber": null, "addr:postcode": null, "addr:street": null, "addr:unit": null, "aeroway": null, "amenity": null, "atm": null, "authentication:app": null, "authentication:membership_card": null, "barrier": null, "bench": null, "brand": null, "brand:el": null, "brand:en": null, "brand:wikidata": null, "brand:wikipedia": null, "building": "industrial", "building:levels": null, "bus": null, "capacity": null, "check_date:shelter": null, "contact:email": null, "contact:fax": null, "contact:phone": null, "contact:website": null, "covered": null, "crossing": null, "crossing:island": null, "crossing:markings": null, "crossing_ref": null, "cuisine": null, "description": null, "direction": null, "dual_carriageway": null, "ele": null, "entrance": null, "fee": null, "fixme": null, "foot": null, "footway": null, "fuel:diesel": null, "fuel:lpg": null, "fuel:octane_100": null, "fuel:octane_95": null, "fuel:octane_98": null, "highway": null, "hoops": null, "int_name": null, "junction": null, "landuse": null, "lanes": null, "layer": null, "leisure": null, "lit": null, "man_made": null, "maxspeed": null, "motorcar": null, "name": null, "name:el": null, "name:en": null, "natural": null, "network": null, "network:el": null, "network:en": null, "network:wikidata": null, "noexit": null, "old_ref": null, "oneway": null, "opening_hours": null, "operator": null, "operator:type": null, "park_ride": null, "parking": null, "parking:fee": null, "payment:app": null, "payment:website": null, "phone": null, "public_transport": null, "ref": null, "ref:EU:EVSE": null, "ref:GR:IDRO": null, "reg_ref": null, "religion": null, "route_ref": null, "service": null, "shelter": null, "shop": null, "short_name": null, "sidewalk": null, "smoothness": null, "socket:type2": null, "socket:type2:output": null, "source": null, "source:reg_ref": null, "sport": null, "surface": null, "tactile_paving": null, "takeaway": null, "tracktype": null, "trade": null, "traffic_signals": null, "turn:lanes": null, "website": null, "label": "building:industrial" }, "geometry": { "type": "Polygon", "coordinates": [ [ [ 23.8718942, 37.87426 ], [ 23.8723567, 37.8741739 ], [ 23.8722768, 37.8739067 ], [ 23.8718143, 37.8739929 ], [ 23.8718942, 37.87426 ] ] ] } },
{ "type": "Feature", "properties": { "@type": "way", "@id": 1253518514, "access": null, "addr:city": null, "addr:country": null, "addr:full": null, "addr:housename": null, "addr:housenumber": null, "addr:postcode": null, "addr:street": null, "addr:unit": null, "aeroway": null, "amenity": null, "atm": null, "authentication:app": null, "authentication:membership_card": null, "barrier": null, "bench": null, "brand": null, "brand:el": null, "brand:en": null, "brand:wikidata": null, "brand:wikipedia": null, "building": "industrial", "building:levels": null, "bus": null, "capacity": null, "check_date:shelter": null, "contact:email": null, "contact:fax": null, "contact:phone": null, "contact:website": null, "covered": null, "crossing": null, "crossing:island": null, "crossing:markings": null, "crossing_ref": null, "cuisine": null, "description": null, "direction": null, "dual_carriageway": null, "ele": null, "entrance": null, "fee": null, "fixme": null, "foot": null, "footway": null, "fuel:diesel": null, "fuel:lpg": null, "fuel:octane_100": null, "fuel:octane_95": null, "fuel:octane_98": null, "highway": null, "hoops": null, "int_name": null, "junction": null, "landuse": null, "lanes": null, "layer": null, "leisure": null, "lit": null, "man_made": null, "maxspeed": null, "motorcar": null, "name": null, "name:el": null, "name:en": null, "natural": null, "network": null, "network:el": null, "network:en": null, "network:wikidata": null, "noexit": null, "old_ref": null, "oneway": null, "opening_hours": null, "operator": null, "operator:type": null, "park_ride": null, "parking": null, "parking:fee": null, "payment:app": null, "payment:website": null, "phone": null, "public_transport": null, "ref": null, "ref:EU:EVSE": null, "ref:GR:IDRO": null, "reg_ref": null, "religion": null, "route_ref": null, "service": null, "shelter": null, "shop": null, "short_name": null, "sidewalk": null, "smoothness": null, "socket:type2": null, "socket:type2:output": null, "source": null, "source:reg_ref": null, "sport": null, "surface": null, "tactile_paving": null, "takeaway": null, "tracktype": null, "trade": null, "traffic_signals": null, "turn:lanes": null, "website": null, "label": "building:industrial" }, "geometry": { "type": "Polygon", "coordinates": [ [ [ 23.8728613, 37.8744978 ], [ 23.8734319, 37.8744513 ], [ 23.8734214, 37.8743715 ], [ 23.8735317, 37.8743626 ], [ 23.8735113, 37.8742061 ], [ 23.8728304, 37.8742615 ], [ 23.8728613, 37.8744978 ] ] ] } },
{ "type": "Feature", "properties": { "@type": "way", "@id": 1253518515, "access": null, "addr:city": null, "addr:country": null, "addr:full": null, "addr:housename": null, "addr:housenumber": null, "addr:postcode": null, "addr:street": null, "addr:unit": null, "aeroway": null, "amenity": null, "atm": null, "authentication:app": null, "authentication:membership_card": null, "barrier": null, "bench": null, "brand": null, "brand:el": null, "brand:en": null, "brand:wikidata": null, "brand:wikipedia": null, "building": "industrial", "building:levels": null, "bus": null, "capacity": null, "check_date:shelter": null, "contact:email": null, "contact:fax": null, "contact:phone": null, "contact:website": null, "covered": null, "crossing": null, "crossing:island": null, "crossing:markings": null, "crossing_ref": null, "cuisine": null, "description": null, "direction": null, "dual_carriageway": null, "ele": null, "entrance": null, "fee": null, "fixme": null, "foot": null, "footway": null, "fuel:diesel": null, "fuel:lpg": null, "fuel:octane_100": null, "fuel:octane_95": null, "fuel:octane_98": null, "highway": null, "hoops": null, "int_name": null, "junction": null, "landuse": null, "lanes": null, "layer": null, "leisure": null, "lit": null, "man_made": null, "maxspeed": null, "motorcar": null, "name": null, "name:el": null, "name:en": null, "natural": null, "network": null, "network:el": null, "network:en": null, "network:wikidata": null, "noexit": null, "old_ref": null, "oneway": null, "opening_hours": null, "operator": null, "operator:type": null, "park_ride": null, "parking": null, "parking:fee": null, "payment:app": null, "payment:website": null, "phone": null, "public_transport": null, "ref": null, "ref:EU:EVSE": null, "ref:GR:IDRO": null, "reg_ref": null, "religion": null, "route_ref": null, "service": null, "shelter": null, "shop": null, "short_name": null, "sidewalk": null, "smoothness": null, "socket:type2": null, "socket:type2:output": null, "source": null, "source:reg_ref": null, "sport": null, "surface": null, "tactile_paving": null, "takeaway": null, "tracktype": null, "trade": null, "traffic_signals": null, "turn:lanes": null, "website": null, "label": "building:industrial" }, "geometry": { "type": "Polygon", "coordinates": [ [ [ 23.8733412, 37.874993 ], [ 23.8737956, 37.874911 ], [ 23.8737876, 37.8748832 ], [ 23.8744126, 37.8747703 ], [ 23.8743253, 37.8744692 ], [ 23.873246, 37.8746639 ], [ 23.8733412, 37.874993 ] ] ] } },
{ "type": "Feature", "properties": { "@type": "way", "@id": 1253518516, "access": null, "addr:city": null, "addr:country": null, "addr:full": null, "addr:housename": null, "addr:housenumber": null, "addr:postcode": null, "addr:street": null, "addr:unit": null, "aeroway": null, "amenity": null, "atm": null, "authentication:app": null, "authentication:membership_card": null, "barrier": null, "bench": null, "brand": null, "brand:el": null, "brand:en": null, "brand:wikidata": null, "brand:wikipedia": null, "building": "industrial", "building:levels": null, "bus": null, "capacity": null, "check_date:shelter": null, "contact:email": null, "contact:fax": null, "contact:phone": null, "contact:website": null, "covered": null, "crossing": null, "crossing:island": null, "crossing:markings": null, "crossing_ref": null, "cuisine": null, "description": null, "direction": null, "dual_carriageway": null, "ele": null, "entrance": null, "fee": null, "fixme": null, "foot": null, "footway": null, "fuel:diesel": null, "fuel:lpg": null, "fuel:octane_100": null, "fuel:octane_95": null, "fuel:octane_98": null, "highway": null, "hoops": null, "int_name": null, "junction": null, "landuse": null, "lanes": null, "layer": null, "leisure": null, "lit": null, "man_made": null, "maxspeed": null, "motorcar": null, "name": null, "name:el": null, "name:en": null, "natural": null, "network": null, "network:el": null, "network:en": null, "network:wikidata": null, "noexit": null, "old_ref": null, "oneway": null, "opening_hours": null, "operator": null, "operator:type": null, "park_ride": null, "parking": null, "parking:fee": null, "payment:app": null, "payment:website": null, "phone": null, "public_transport": null, "ref": null, "ref:EU:EVSE": null, "ref:GR:IDRO": null, "reg_ref": null, "religion": null, "route_ref": null, "service": null, "shelter": null, "shop": null, "short_name": null, "sidewalk": null, "smoothness": null, "socket:type2": null, "socket:type2:output": null, "source": null, "source:reg_ref": null, "sport": null, "surface": null, "tactile_paving": null, "takeaway": null, "tracktype": null, "trade": null, "traffic_signals": null, "turn:lanes": null, "website": null, "label": "building:industrial" }, "geometry": { "type": "Polygon", "coordinates": [ [ [ 23.8734648, 37.8785008 ], [ 23.8739546, 37.878282 ], [ 23.8732461, 37.8772936 ], [ 23.8727561, 37.8775125 ], [ 23.8734648, 37.8785008 ] ] ] } },
{ "type": "Feature", "properties": { "@type": "way", "@id": 1253518517, "access": null, "addr:city": null, "addr:country": null, "addr:full": null, "addr:housename": null, "addr:housenumber": null, "addr:postcode": null, "addr:street": null, "addr:unit": null, "aeroway": null, "amenity": null, "atm": null, "authentication:app": null, "authentication:membership_card": null, "barrier": null, "bench": null, "brand": null, "brand:el": null, "brand:en": null, "brand:wikidata": null, "brand:wikipedia": null, "building": "industrial", "building:levels": null, "bus": null, "capacity": null, "check_date:shelter": null, "contact:email": null, "contact:fax": null, "contact:phone": null, "contact:website": null, "covered": null, "crossing": null, "crossing:island": null, "crossing:markings": null, "crossing_ref": null, "cuisine": null, "description": null, "direction": null, "dual_carriageway": null, "ele": null, "entrance": null, "fee": null, "fixme": null, "foot": null, "footway": null, "fuel:diesel": null, "fuel:lpg": null, "fuel:octane_100": null, "fuel:octane_95": null, "fuel:octane_98": null, "highway": null, "hoops": null, "int_name": null, "junction": null, "landuse": null, "lanes": null, "layer": null, "leisure": null, "lit": null, "man_made": null, "maxspeed": null, "motorcar": null, "name": null, "name:el": null, "name:en": null, "natural": null, "network": null, "network:el": null, "network:en": null, "network:wikidata": null, "noexit": null, "old_ref": null, "oneway": null, "opening_hours": null, "operator": null, "operator:type": null, "park_ride": null, "parking": null, "parking:fee": null, "payment:app": null, "payment:website": null, "phone": null, "public_transport": null, "ref": null, "ref:EU:EVSE": null, "ref:GR:IDRO": null, "reg_ref": null, "religion": null, "route_ref": null, "service": null, "shelter": null, "shop": null, "short_name": null, "sidewalk": null, "smoothness": null, "socket:type2": null, "socket:type2:output": null, "source": null, "source:reg_ref": null, "sport": null, "surface": null, "tactile_paving": null, "takeaway": null, "tracktype": null, "trade": null, "traffic_signals": null, "turn:lanes": null, "website": null, "label": "building:industrial" }, "geometry": { "type": "Polygon", "coordinates": [ [ [ 23.8725479, 37.8785331 ], [ 23.8724904, 37.8785595 ], [ 23.8726353, 37.8787564 ], [ 23.8729777, 37.8785994 ], [ 23.8723972, 37.8778106 ], [ 23.8721123, 37.8779412 ], [ 23.8725479, 37.8785331 ] ] ] } },
{ "type": "Feature", "properties": { "@type": "way", "@id": 1352446153, "access": null, "addr:city": null, "addr:country": null, "addr:full": null, "addr:housename": null, "addr:housenumber": null, "addr:postcode": null, "addr:street": null, "addr:unit": null, "aeroway": null, "amenity": null, "atm": null, "authentication:app": null, "authentication:membership_card": null, "barrier": null, "bench": null, "brand": null, "brand:el": null, "brand:en": null, "brand:wikidata": null, "brand:wikipedia": null, "building": null, "building:levels": null, "bus": null, "capacity": null, "check_date:shelter": null, "contact:email": null, "contact:fax": null, "contact:phone": null, "contact:website": null, "covered": null, "crossing": null, "crossing:island": null, "crossing:markings": null, "crossing_ref": null, "cuisine": null, "description": null, "direction": null, "dual_carriageway": null, "ele": null, "entrance": null, "fee": null, "fixme": null, "foot": null, "footway": null, "fuel:diesel": null, "fuel:lpg": null, "fuel:octane_100": null, "fuel:octane_95": null, "fuel:octane_98": null, "highway": null, "hoops": null, "int_name": null, "junction": null, "landuse": "forest", "lanes": null, "layer": null, "leisure": null, "lit": null, "man_made": null, "maxspeed": null, "motorcar": null, "name": null, "name:el": null, "name:en": null, "natural": null, "network": null, "network:el": null, "network:en": null, "network:wikidata": null, "noexit": null, "old_ref": null, "oneway": null, "opening_hours": null, "operator": null, "operator:type": null, "park_ride": null, "parking": null, "parking:fee": null, "payment:app": null, "payment:website": null, "phone": null, "public_transport": null, "ref": null, "ref:EU:EVSE": null, "ref:GR:IDRO": null, "reg_ref": null, "religion": null, "route_ref": null, "service": null, "shelter": null, "shop": null, "short_name": null, "sidewalk": null, "smoothness": null, "socket:type2": null, "socket:type2:output": null, "source": null, "source:reg_ref": null, "sport": null, "surface": null, "tactile_paving": null, "takeaway": null, "tracktype": null, "trade": null, "traffic_signals": null, "turn:lanes": null, "website": null, "label": "landuse:forest" }, "geometry": { "type": "Polygon", "coordinates": [ [ [ 23.8754214, 37.890453 ], [ 23.8749557, 37.890483 ], [ 23.87478, 37.8905087 ], [ 23.8746629, 37.8905934 ], [ 23.8741718, 37.8908501 ], [ 23.8733457, 37.8912222 ], [ 23.8729554, 37.8915046 ], [ 23.8727115, 37.8917022 ], [ 23.8724969, 37.8919152 ], [ 23.8725587, 37.8919589 ], [ 23.8727538, 37.8919897 ], [ 23.8727896, 37.8920436 ], [ 23.8726757, 37.8921231 ], [ 23.8724806, 37.8921745 ], [ 23.8722692, 37.8922181 ], [ 23.8722562, 37.8922823 ], [ 23.8721066, 37.8923541 ], [ 23.8719277, 37.8922746 ], [ 23.8717521, 37.8923978 ], [ 23.8712154, 37.8926159 ], [ 23.8710496, 37.8924722 ], [ 23.8709455, 37.8924414 ], [ 23.8708186, 37.892367 ], [ 23.8704544, 37.8925107 ], [ 23.8701324, 37.8927237 ], [ 23.869999, 37.8929932 ], [ 23.869947, 37.8932961 ], [ 23.8699405, 37.8934398 ], [ 23.8700186, 37.8936092 ], [ 23.8700186, 37.8937504 ], [ 23.8700251, 37.8938223 ], [ 23.8701031, 37.893889 ], [ 23.8701389, 37.8940122 ], [ 23.8700673, 37.8941174 ], [ 23.8699047, 37.8942201 ], [ 23.8697649, 37.894351 ], [ 23.8696445, 37.8945845 ], [ 23.8694559, 37.894813 ], [ 23.869199, 37.8950106 ], [ 23.8688965, 37.8950902 ], [ 23.8681484, 37.8951209 ], [ 23.8680053, 37.8951261 ], [ 23.8678915, 37.8951646 ], [ 23.8676216, 37.8950363 ], [ 23.8673321, 37.8949824 ], [ 23.867202, 37.8951235 ], [ 23.867215, 37.8953519 ], [ 23.8672866, 37.8955239 ], [ 23.867385679018614, 37.895646740701856 ], [ 23.867753362871802, 37.895646740701856 ], [ 23.8679928, 37.895612 ], [ 23.868096418639698, 37.895646740701856 ], [ 23.868828960784544, 37.895646740701856 ], [ 23.8687454, 37.895352 ], [ 23.8704148, 37.8950032 ], [ 23.8705114, 37.8952992 ], [ 23.8721677, 37.8948924 ], [ 23.8726796, 37.8947326 ], [ 23.8728268, 37.8947096 ], [ 23.872909, 37.8947077 ], [ 23.8730296, 37.894883 ], [ 23.8735107, 37.8947598 ], [ 23.8735458, 37.8948097 ], [ 23.8740529, 37.8946929 ], [ 23.8739865, 37.8945772 ], [ 23.8743482, 37.8944922 ], [ 23.8744779, 37.8947713 ], [ 23.8753434, 37.8944966 ], [ 23.8752724, 37.8943402 ], [ 23.87572305575911, 37.89415198728269 ], [ 23.87572305575911, 37.893454687607893 ], [ 23.8754295, 37.8933636 ], [ 23.8748072, 37.8932044 ], [ 23.8744339, 37.8931536 ], [ 23.8742279, 37.8930825 ], [ 23.8741721, 37.8929538 ], [ 23.8742493, 37.8927811 ], [ 23.8744038, 37.8925677 ], [ 23.8745969, 37.8925169 ], [ 23.8753222, 37.8927946 ], [ 23.87572305575911, 37.892903149475849 ], [ 23.87572305575911, 37.891909883998871 ], [ 23.8753434, 37.8913744 ], [ 23.8755385, 37.8910485 ], [ 23.8756979, 37.8907995 ], [ 23.87572305575911, 37.890771183307805 ], [ 23.87572305575911, 37.890536644713258 ], [ 23.8754214, 37.890453 ] ] ] } },
{ "type": "Feature", "properties": { "@type": "way", "@id": 1352446154, "access": null, "addr:city": null, "addr:country": null, "addr:full": null, "addr:housename": null, "addr:housenumber": null, "addr:postcode": null, "addr:street": null, "addr:unit": null, "aeroway": null, "amenity": null, "atm": null, "authentication:app": null, "authentication:membership_card": null, "barrier": null, "bench": null, "brand": null, "brand:el": null, "brand:en": null, "brand:wikidata": null, "brand:wikipedia": null, "building": null, "building:levels": null, "bus": null, "capacity": null, "check_date:shelter": null, "contact:email": null, "contact:fax": null, "contact:phone": null, "contact:website": null, "covered": null, "crossing": null, "crossing:island": null, "crossing:markings": null, "crossing_ref": null, "cuisine": null, "description": null, "direction": null, "dual_carriageway": null, "ele": null, "entrance": null, "fee": null, "fixme": null, "foot": null, "footway": null, "fuel:diesel": null, "fuel:lpg": null, "fuel:octane_100": null, "fuel:octane_95": null, "fuel:octane_98": null, "highway": null, "hoops": null, "int_name": null, "junction": null, "landuse": "forest", "lanes": null, "layer": null, "leisure": null, "lit": null, "man_made": null, "maxspeed": null, "motorcar": null, "name": null, "name:el": null, "name:en": null, "natural": null, "network": null, "network:el": null, "network:en": null, "network:wikidata": null, "noexit": null, "old_ref": null, "oneway": null, "opening_hours": null, "operator": null, "operator:type": null, "park_ride": null, "parking": null, "parking:fee": null, "payment:app": null, "payment:website": null, "phone": null, "public_transport": null, "ref": null, "ref:EU:EVSE": null, "ref:GR:IDRO": null, "reg_ref": null, "religion": null, "route_ref": null, "service": null, "shelter": null, "shop": null, "short_name": null, "sidewalk": null, "smoothness": null, "socket:type2": null, "socket:type2:output": null, "source": null, "source:reg_ref": null, "sport": null, "surface": null, "tactile_paving": null, "takeaway": null, "tracktype": null, "trade": null, "traffic_signals": null, "turn:lanes": null, "website": null, "label": "landuse:forest" }, "geometry": { "type": "Polygon", "coordinates": [ [ [ 23.8594149, 37.891481 ], [ 23.8596166, 37.8917316 ], [ 23.8599716, 37.8920766 ], [ 23.8602704, 37.892342 ], [ 23.8605768, 37.8922358 ], [ 23.8606553, 37.8923744 ], [ 23.8609616, 37.8923007 ], [ 23.8610139, 37.8924422 ], [ 23.8612792, 37.8925277 ], [ 23.8619218, 37.8923655 ], [ 23.8621235, 37.8923832 ], [ 23.8623178, 37.892454 ], [ 23.8624448, 37.8925424 ], [ 23.8625942, 37.8925572 ], [ 23.8626914, 37.8925041 ], [ 23.8628445, 37.8924098 ], [ 23.8631696, 37.8924628 ], [ 23.8633228, 37.892566 ], [ 23.8637636, 37.8923832 ], [ 23.864182, 37.8922476 ], [ 23.8643427, 37.8921768 ], [ 23.8646191, 37.8919734 ], [ 23.8647424, 37.8918938 ], [ 23.8647238, 37.8918614 ], [ 23.8642754, 37.8920648 ], [ 23.8641634, 37.8918909 ], [ 23.8650861, 37.8915135 ], [ 23.8647462, 37.8911302 ], [ 23.8648172, 37.891083 ], [ 23.8650114, 37.8911597 ], [ 23.8651945, 37.8912747 ], [ 23.8653738, 37.8912894 ], [ 23.8655531, 37.8912481 ], [ 23.8657506, 37.8912111 ], [ 23.8662205, 37.8911959 ], [ 23.8663235, 37.8911874 ], [ 23.8663728, 37.8911637 ], [ 23.8663879, 37.8911231 ], [ 23.8663943, 37.8910841 ], [ 23.8663771, 37.8910248 ], [ 23.8663149, 37.8909707 ], [ 23.8661668, 37.8909249 ], [ 23.8660016, 37.8908657 ], [ 23.8658149, 37.8908182 ], [ 23.8656905, 37.8908166 ], [ 23.8654394, 37.8908453 ], [ 23.8652957, 37.8908555 ], [ 23.8651283, 37.8908555 ], [ 23.8648451, 37.8907793 ], [ 23.8646348, 37.890698 ], [ 23.8645382, 37.8906709 ], [ 23.864461, 37.8906811 ], [ 23.8643365, 37.8907725 ], [ 23.8642421, 37.8909402 ], [ 23.8641069, 37.8911129 ], [ 23.8639631, 37.8912077 ], [ 23.8637936, 37.8912636 ], [ 23.8636434, 37.8912805 ], [ 23.8635297, 37.8913161 ], [ 23.8630555, 37.8914736 ], [ 23.8628066, 37.8914973 ], [ 23.8621285, 37.8915244 ], [ 23.8618775, 37.8915108 ], [ 23.8614955, 37.8914194 ], [ 23.860899, 37.8912873 ], [ 23.860857, 37.8912953 ], [ 23.8606104, 37.8914368 ], [ 23.86039, 37.8914604 ], [ 23.8599753, 37.891369 ], [ 23.8598259, 37.8912393 ], [ 23.8596428, 37.8910919 ], [ 23.8594859, 37.8910565 ], [ 23.8594186, 37.8912068 ], [ 23.8593962, 37.8913602 ], [ 23.8594149, 37.891481 ] ] ] } },
{ "type": "Feature", "properties": { "@type": "way", "@id": 1352446155, "access": null, "addr:city": null, "addr:country": null, "addr:full": null, "addr:housename": null, "addr:housenumber": null, "addr:postcode": null, "addr:street": null, "addr:unit": null, "aeroway": null, "amenity": null, "atm": null, "authentication:app": null, "authentication:membership_card": null, "barrier": null, "bench": null, "brand": null, "brand:el": null, "brand:en": null, "brand:wikidata": null, "brand:wikipedia": null, "building": null, "building:levels": null, "bus": null, "capacity": null, "check_date:shelter": null, "contact:email": null, "contact:fax": null, "contact:phone": null, "contact:website": null, "covered": null, "crossing": null, "crossing:island": null, "crossing:markings": null, "crossing_ref": null, "cuisine": null, "description": null, "direction": null, "dual_carriageway": null, "ele": null, "entrance": null, "fee": null, "fixme": null, "foot": null, "footway": null, "fuel:diesel": null, "fuel:lpg": null, "fuel:octane_100": null, "fuel:octane_95": null, "fuel:octane_98": null, "highway": null, "hoops": null, "int_name": null, "junction": null, "landuse": "forest", "lanes": null, "layer": null, "leisure": null, "lit": null, "man_made": null, "maxspeed": null, "motorcar": null, "name": null, "name:el": null, "name:en": null, "natural": null, "network": null, "network:el": null, "network:en": null, "network:wikidata": null, "noexit": null, "old_ref": null, "oneway": null, "opening_hours": null, "operator": null, "operator:type": null, "park_ride": null, "parking": null, "parking:fee": null, "payment:app": null, "payment:website": null, "phone": null, "public_transport": null, "ref": null, "ref:EU:EVSE": null, "ref:GR:IDRO": null, "reg_ref": null, "religion": null, "route_ref": null, "service": null, "shelter": null, "shop": null, "short_name": null, "sidewalk": null, "smoothness": null, "socket:type2": null, "socket:type2:output": null, "source": null, "source:reg_ref": null, "sport": null, "surface": null, "tactile_paving": null, "takeaway": null, "tracktype": null, "trade": null, "traffic_signals": null, "turn:lanes": null, "website": null, "label": "landuse:forest" }, "geometry": { "type": "Polygon", "coordinates": [ [ [ 23.8638481, 37.8903546 ], [ 23.8641585, 37.8907748 ], [ 23.8642698, 37.8906078 ], [ 23.8644283, 37.8905453 ], [ 23.8645388, 37.8905453 ], [ 23.8647398, 37.8906145 ], [ 23.8650512, 37.8907508 ], [ 23.8652551, 37.8907732 ], [ 23.865442, 37.8907441 ], [ 23.8656458, 37.8907084 ], [ 23.865844, 37.8907084 ], [ 23.866045, 37.8907352 ], [ 23.8661923, 37.8907732 ], [ 23.8663961, 37.8908045 ], [ 23.8665915, 37.8908089 ], [ 23.8669001, 37.8908737 ], [ 23.8672823, 37.890972 ], [ 23.8679675, 37.8910458 ], [ 23.8681799, 37.8910391 ], [ 23.8683752, 37.8909877 ], [ 23.8685395, 37.8909296 ], [ 23.8686556, 37.8909296 ], [ 23.8687547, 37.8909586 ], [ 23.8690123, 37.891267 ], [ 23.8693436, 37.8914949 ], [ 23.8693898, 37.8915969 ], [ 23.870088, 37.8913198 ], [ 23.8709678, 37.8910116 ], [ 23.8712167, 37.8907779 ], [ 23.8713197, 37.8905544 ], [ 23.8712381, 37.8902462 ], [ 23.8710879, 37.8900836 ], [ 23.8708304, 37.8899211 ], [ 23.8702639, 37.8896095 ], [ 23.8697962, 37.8894232 ], [ 23.869131, 37.8890777 ], [ 23.8687104, 37.889071 ], [ 23.8682212, 37.8891455 ], [ 23.8675903, 37.8893487 ], [ 23.8670539, 37.8895045 ], [ 23.8664788, 37.8894977 ], [ 23.8661183, 37.8896129 ], [ 23.865745, 37.8896433 ], [ 23.8654317, 37.8895722 ], [ 23.865054, 37.889579 ], [ 23.8646377, 37.8896806 ], [ 23.8641828, 37.8897924 ], [ 23.8638138, 37.8899109 ], [ 23.8637794, 37.8900633 ], [ 23.8638481, 37.8903546 ] ] ] } },
{ "type": "Feature", "properties": { "@type": "way", "@id": 1352446156, "access": null, "addr:city": null, "addr:country": null, "addr:full": null, "addr:housename": null, "addr:housenumber": null, "addr:postcode": null, "addr:street": null, "addr:unit": null, "aeroway": null, "amenity": null, "atm": null, "authentication:app": null, "authentication:membership_card": null, "barrier": null, "bench": null, "brand": null, "brand:el": null, "brand:en": null, "brand:wikidata": null, "brand:wikipedia": null, "building": null, "building:levels": null, "bus": null, "capacity": null, "check_date:shelter": null, "contact:email": null, "contact:fax": null, "contact:phone": null, "contact:website": null, "covered": null, "crossing": null, "crossing:island": null, "crossing:markings": null, "crossing_ref": null, "cuisine": null, "description": null, "direction": null, "dual_carriageway": null, "ele": null, "entrance": null, "fee": null, "fixme": null, "foot": null, "footway": null, "fuel:diesel": null, "fuel:lpg": null, "fuel:octane_100": null, "fuel:octane_95": null, "fuel:octane_98": null, "highway": null, "hoops": null, "int_name": null, "junction": null, "landuse": "forest", "lanes": null, "layer": null, "leisure": null, "lit": null, "man_made": null, "maxspeed": null, "motorcar": null, "name": null, "name:el": null, "name:en": null, "natural": null, "network": null, "network:el": null, "network:en": null, "network:wikidata": null, "noexit": null, "old_ref": null, "oneway": null, "opening_hours": null, "operator": null, "operator:type": null, "park_ride": null, "parking": null, "parking:fee": null, "payment:app": null, "payment:website": null, "phone": null, "public_transport": null, "ref": null, "ref:EU:EVSE": null, "ref:GR:IDRO": null, "reg_ref": null, "religion": null, "route_ref": null, "service": null, "shelter": null, "shop": null, "short_name": null, "sidewalk": null, "smoothness": null, "socket:type2": null, "socket:type2:output": null, "source": null, "source:reg_ref": null, "sport": null, "surface": null, "tactile_paving": null, "takeaway": null, "tracktype": null, "trade": null, "traffic_signals": null, "turn:lanes": null, "website": null, "label": "landuse:forest" }, "geometry": { "type": "Polygon", "coordinates": [ [ [ 23.8656225, 37.8914571 ], [ 23.8660811, 37.8915085 ], [ 23.8663738, 37.891588 ], [ 23.8666405, 37.8917395 ], [ 23.8668552, 37.8919397 ], [ 23.8671934, 37.8918293 ], [ 23.8674341, 37.8918883 ], [ 23.8676802, 37.8917967 ], [ 23.8678406, 37.8917369 ], [ 23.8684911, 37.8915008 ], [ 23.8685464, 37.8913545 ], [ 23.8687871, 37.8912492 ], [ 23.868683, 37.8911286 ], [ 23.8685757, 37.8910696 ], [ 23.8684651, 37.891085 ], [ 23.8678601, 37.8911568 ], [ 23.8672487, 37.891085 ], [ 23.8667673, 37.8909977 ], [ 23.8666307, 37.8910208 ], [ 23.8665787, 37.8910721 ], [ 23.8665332, 37.8911953 ], [ 23.8664616, 37.8912467 ], [ 23.8661949, 37.8912877 ], [ 23.865925, 37.8913134 ], [ 23.8657201, 37.8913596 ], [ 23.8656095, 37.8914007 ], [ 23.8656225, 37.8914571 ] ] ] } },
{ "type": "Feature", "properties": { "@type": "way", "@id": 1352446157, "access": null, "addr:city": null, "addr:country": null, "addr:full": null, "addr:housename": null, "addr:housenumber": null, "addr:postcode": null, "addr:street": null, "addr:unit": null, "aeroway": null, "amenity": null, "atm": null, "authentication:app": null, "authentication:membership_card": null, "barrier": null, "bench": null, "brand": null, "brand:el": null, "brand:en": null, "brand:wikidata": null, "brand:wikipedia": null, "building": null, "building:levels": null, "bus": null, "capacity": null, "check_date:shelter": null, "contact:email": null, "contact:fax": null, "contact:phone": null, "contact:website": null, "covered": null, "crossing": null, "crossing:island": null, "crossing:markings": null, "crossing_ref": null, "cuisine": null, "description": null, "direction": null, "dual_carriageway": null, "ele": null, "entrance": null, "fee": null, "fixme": null, "foot": null, "footway": null, "fuel:diesel": null, "fuel:lpg": null, "fuel:octane_100": null, "fuel:octane_95": null, "fuel:octane_98": null, "highway": null, "hoops": null, "int_name": null, "junction": null, "landuse": "orchard", "lanes": null, "layer": null, "leisure": null, "lit": null, "man_made": null, "maxspeed": null, "motorcar": null, "name": null, "name:el": null, "name:en": null, "natural": null, "network": null, "network:el": null, "network:en": null, "network:wikidata": null, "noexit": null, "old_ref": null, "oneway": null, "opening_hours": null, "operator": null, "operator:type": null, "park_ride": null, "parking": null, "parking:fee": null, "payment:app": null, "payment:website": null, "phone": null, "public_transport": null, "ref": null, "ref:EU:EVSE": null, "ref:GR:IDRO": null, "reg_ref": null, "religion": null, "route_ref": null, "service": null, "shelter": null, "shop": null, "short_name": null, "sidewalk": null, "smoothness": null, "socket:type2": null, "socket:type2:output": null, "source": null, "source:reg_ref": null, "sport": null, "surface": null, "tactile_paving": null, "takeaway": null, "tracktype": null, "trade": null, "traffic_signals": null, "turn:lanes": null, "website": null, "label": "landuse:orchard" }, "geometry": { "type": "Polygon", "coordinates": [ [ [ 23.8678406, 37.8920757 ], [ 23.8684943, 37.8918113 ], [ 23.8685724, 37.8918986 ], [ 23.8691351, 37.8916214 ], [ 23.8691611, 37.8915726 ], [ 23.8691578, 37.8915239 ], [ 23.869096, 37.8914802 ], [ 23.8689985, 37.8914238 ], [ 23.8689041, 37.8913442 ], [ 23.8687871, 37.8912492 ], [ 23.8685464, 37.8913545 ], [ 23.8684911, 37.8915008 ], [ 23.8676802, 37.8917967 ], [ 23.8678406, 37.8920757 ] ] ] } },
{ "type": "Feature", "properties": { "@type": "way", "@id": 1352446158, "access": null, "addr:city": null, "addr:country": null, "addr:full": null, "addr:housename": null, "addr:housenumber": null, "addr:postcode": null, "addr:street": null, "addr:unit": null, "aeroway": null, "amenity": null, "atm": null, "authentication:app": null, "authentication:membership_card": null, "barrier": null, "bench": null, "brand": null, "brand:el": null, "brand:en": null, "brand:wikidata": null, "brand:wikipedia": null, "building": null, "building:levels": null, "bus": null, "capacity": null, "check_date:shelter": null, "contact:email": null, "contact:fax": null, "contact:phone": null, "contact:website": null, "covered": null, "crossing": null, "crossing:island": null, "crossing:markings": null, "crossing_ref": null, "cuisine": null, "description": null, "direction": null, "dual_carriageway": null, "ele": null, "entrance": null, "fee": null, "fixme": null, "foot": null, "footway": null, "fuel:diesel": null, "fuel:lpg": null, "fuel:octane_100": null, "fuel:octane_95": null, "fuel:octane_98": null, "highway": null, "hoops": null, "int_name": null, "junction": null, "landuse": "orchard", "lanes": null, "layer": null, "leisure": null, "lit": null, "man_made": null, "maxspeed": null, "motorcar": null, "name": null, "name:el": null, "name:en": null, "natural": null, "network": null, "network:el": null, "network:en": null, "network:wikidata": null, "noexit": null, "old_ref": null, "oneway": null, "opening_hours": null, "operator": null, "operator:type": null, "park_ride": null, "parking": null, "parking:fee": null, "payment:app": null, "payment:website": null, "phone": null, "public_transport": null, "ref": null, "ref:EU:EVSE": null, "ref:GR:IDRO": null, "reg_ref": null, "religion": null, "route_ref": null, "service": null, "shelter": null, "shop": null, "short_name": null, "sidewalk": null, "smoothness": null, "socket:type2": null, "socket:type2:output": null, "source": null, "source:reg_ref": null, "sport": null, "surface": null, "tactile_paving": null, "takeaway": null, "tracktype": null, "trade": null, "traffic_signals": null, "turn:lanes": null, "website": null, "label": "landuse:orchard" }, "geometry": { "type": "Polygon", "coordinates": [ [ [ 23.8682383, 37.8925424 ], [ 23.8689293, 37.8921563 ], [ 23.8691739, 37.8917194 ], [ 23.8691708, 37.891683 ], [ 23.8680293, 37.8922862 ], [ 23.8682383, 37.8925424 ] ] ] } },
{ "type": "Feature", "properties": { "@type": "way", "@id": 1352446159, "access": null, "addr:city": null, "addr:country": null, "addr:full": null, "addr:housename": null, "addr:housenumber": null, "addr:postcode": null, "addr:street": null, "addr:unit": null, "aeroway": null, "amenity": null, "atm": null, "authentication:app": null, "authentication:membership_card": null, "barrier": null, "bench": null, "brand": null, "brand:el": null, "brand:en": null, "brand:wikidata": null, "brand:wikipedia": null, "building": null, "building:levels": null, "bus": null, "capacity": null, "check_date:shelter": null, "contact:email": null, "contact:fax": null, "contact:phone": null, "contact:website": null, "covered": null, "crossing": null, "crossing:island": null, "crossing:markings": null, "crossing_ref": null, "cuisine": null, "description": null, "direction": null, "dual_carriageway": null, "ele": null, "entrance": null, "fee": null, "fixme": null, "foot": null, "footway": null, "fuel:diesel": null, "fuel:lpg": null, "fuel:octane_100": null, "fuel:octane_95": null, "fuel:octane_98": null, "highway": null, "hoops": null, "int_name": null, "junction": null, "landuse": null, "lanes": null, "layer": null, "leisure": null, "lit": null, "man_made": null, "maxspeed": null, "motorcar": null, "name": null, "name:el": null, "name:en": null, "natural": "scrub", "network": null, "network:el": null, "network:en": null, "network:wikidata": null, "noexit": null, "old_ref": null, "oneway": null, "opening_hours": null, "operator": null, "operator:type": null, "park_ride": null, "parking": null, "parking:fee": null, "payment:app": null, "payment:website": null, "phone": null, "public_transport": null, "ref": null, "ref:EU:EVSE": null, "ref:GR:IDRO": null, "reg_ref": null, "religion": null, "route_ref": null, "service": null, "shelter": null, "shop": null, "short_name": null, "sidewalk": null, "smoothness": null, "socket:type2": null, "socket:type2:output": null, "source": null, "source:reg_ref": null, "sport": null, "surface": null, "tactile_paving": null, "takeaway": null, "tracktype": null, "trade": null, "traffic_signals": null, "turn:lanes": null, "website": null, "label": "natural:scrub" }, "geometry": { "type": "Polygon", "coordinates": [ [ [ 23.8672866, 37.8955239 ], [ 23.867215, 37.8953519 ], [ 23.867202, 37.8951235 ], [ 23.8673321, 37.8949824 ], [ 23.8676216, 37.8950363 ], [ 23.8678915, 37.8951646 ], [ 23.8680053, 37.8951261 ], [ 23.8677474, 37.8950218 ], [ 23.867614, 37.8949191 ], [ 23.8675327, 37.8948165 ], [ 23.8674449, 37.8945726 ], [ 23.8673506, 37.8944084 ], [ 23.8673148, 37.894357 ], [ 23.867253, 37.8943545 ], [ 23.8671782, 37.8944186 ], [ 23.8669506, 37.8945726 ], [ 23.8667229, 37.8947266 ], [ 23.866643, 37.8947986 ], [ 23.8667268, 37.8949135 ], [ 23.8669315, 37.8954552 ], [ 23.867024332226585, 37.895646740701856 ], [ 23.867385679018614, 37.895646740701856 ], [ 23.8672866, 37.8955239 ] ] ] } },
{ "type": "Feature", "properties": { "@type": "way", "@id": 1352446160, "access": null, "addr:city": null, "addr:country": null, "addr:full": null, "addr:housename": null, "addr:housenumber": null, "addr:postcode": null, "addr:street": null, "addr:unit": null, "aeroway": null, "amenity": null, "atm": null, "authentication:app": null, "authentication:membership_card": null, "barrier": null, "bench": null, "brand": null, "brand:el": null, "brand:en": null, "brand:wikidata": null, "brand:wikipedia": null, "building": null, "building:levels": null, "bus": null, "capacity": null, "check_date:shelter": null, "contact:email": null, "contact:fax": null, "contact:phone": null, "contact:website": null, "covered": null, "crossing": null, "crossing:island": null, "crossing:markings": null, "crossing_ref": null, "cuisine": null, "description": null, "direction": null, "dual_carriageway": null, "ele": null, "entrance": null, "fee": null, "fixme": null, "foot": null, "footway": null, "fuel:diesel": null, "fuel:lpg": null, "fuel:octane_100": null, "fuel:octane_95": null, "fuel:octane_98": null, "highway": null, "hoops": null, "int_name": null, "junction": null, "landuse": null, "lanes": null, "layer": null, "leisure": null, "lit": null, "man_made": null, "maxspeed": null, "motorcar": null, "name": null, "name:el": null, "name:en": null, "natural": "scrub", "network": null, "network:el": null, "network:en": null, "network:wikidata": null, "noexit": null, "old_ref": null, "oneway": null, "opening_hours": null, "operator": null, "operator:type": null, "park_ride": null, "parking": null, "parking:fee": null, "payment:app": null, "payment:website": null, "phone": null, "public_transport": null, "ref": null, "ref:EU:EVSE": null, "ref:GR:IDRO": null, "reg_ref": null, "religion": null, "route_ref": null, "service": null, "shelter": null, "shop": null, "short_name": null, "sidewalk": null, "smoothness": null, "socket:type2": null, "socket:type2:output": null, "source": null, "source:reg_ref": null, "sport": null, "surface": null, "tactile_paving": null, "takeaway": null, "tracktype": null, "trade": null, "traffic_signals": null, "turn:lanes": null, "website": null, "label": "natural:scrub" }, "geometry": { "type": "Polygon", "coordinates": [ [ [ 23.8596428, 37.8910919 ], [ 23.8598259, 37.8912393 ], [ 23.8599753, 37.891369 ], [ 23.86039, 37.8914604 ], [ 23.8606104, 37.8914368 ], [ 23.860857, 37.8912953 ], [ 23.860899, 37.8912873 ], [ 23.8607834, 37.8912572 ], [ 23.8607162, 37.8911392 ], [ 23.8607461, 37.8910449 ], [ 23.8608283, 37.8908945 ], [ 23.8610076, 37.8904935 ], [ 23.8610935, 37.8901928 ], [ 23.8611271, 37.8899068 ], [ 23.8611234, 37.8895235 ], [ 23.861157, 37.8893436 ], [ 23.8610711, 37.8892051 ], [ 23.8608619, 37.8890901 ], [ 23.8606975, 37.8890105 ], [ 23.8606004, 37.8890989 ], [ 23.860492, 37.8892169 ], [ 23.8605369, 37.8893083 ], [ 23.8605929, 37.8893879 ], [ 23.8606527, 37.8894645 ], [ 23.86069, 37.8895913 ], [ 23.8606714, 37.8897564 ], [ 23.8606153, 37.8899952 ], [ 23.8605667, 37.8903638 ], [ 23.8605817, 37.8904758 ], [ 23.8606564, 37.8906115 ], [ 23.8605705, 37.8910272 ], [ 23.8604024, 37.8910744 ], [ 23.8601558, 37.8910272 ], [ 23.8599951, 37.8909181 ], [ 23.8596215, 37.8909181 ], [ 23.8594859, 37.8910565 ], [ 23.8596428, 37.8910919 ] ] ] } },
{ "type": "Feature", "properties": { "@type": "way", "@id": 1352446161, "access": null, "addr:city": null, "addr:country": null, "addr:full": null, "addr:housename": null, "addr:housenumber": null, "addr:postcode": null, "addr:street": null, "addr:unit": null, "aeroway": null, "amenity": null, "atm": null, "authentication:app": null, "authentication:membership_card": null, "barrier": null, "bench": null, "brand": null, "brand:el": null, "brand:en": null, "brand:wikidata": null, "brand:wikipedia": null, "building": null, "building:levels": null, "bus": null, "capacity": null, "check_date:shelter": null, "contact:email": null, "contact:fax": null, "contact:phone": null, "contact:website": null, "covered": null, "crossing": null, "crossing:island": null, "crossing:markings": null, "crossing_ref": null, "cuisine": null, "description": null, "direction": null, "dual_carriageway": null, "ele": null, "entrance": null, "fee": null, "fixme": null, "foot": null, "footway": null, "fuel:diesel": null, "fuel:lpg": null, "fuel:octane_100": null, "fuel:octane_95": null, "fuel:octane_98": null, "highway": null, "hoops": null, "int_name": null, "junction": null, "landuse": "forest", "lanes": null, "layer": null, "leisure": null, "lit": null, "man_made": null, "maxspeed": null, "motorcar": null, "name": null, "name:el": null, "name:en": null, "natural": null, "network": null, "network:el": null, "network:en": null, "network:wikidata": null, "noexit": null, "old_ref": null, "oneway": null, "opening_hours": null, "operator": null, "operator:type": null, "park_ride": null, "parking": null, "parking:fee": null, "payment:app": null, "payment:website": null, "phone": null, "public_transport": null, "ref": null, "ref:EU:EVSE": null, "ref:GR:IDRO": null, "reg_ref": null, "religion": null, "route_ref": null, "service": null, "shelter": null, "shop": null, "short_name": null, "sidewalk": null, "smoothness": null, "socket:type2": null, "socket:type2:output": null, "source": null, "source:reg_ref": null, "sport": null, "surface": null, "tactile_paving": null, "takeaway": null, "tracktype": null, "trade": null, "traffic_signals": null, "turn:lanes": null, "website": null, "label": "landuse:forest" }, "geometry": { "type": "Polygon", "coordinates": [ [ [ 23.8550201, 37.8894177 ], [ 23.855147, 37.889623 ], [ 23.8554007, 37.8896821 ], [ 23.8554885, 37.8899567 ], [ 23.8555665, 37.8901929 ], [ 23.8559763, 37.8903238 ], [ 23.8560381, 37.8904983 ], [ 23.8559861, 37.8907781 ], [ 23.8559666, 37.8910018 ], [ 23.856126, 37.8910296 ], [ 23.8564089, 37.8909321 ], [ 23.8567211, 37.8907498 ], [ 23.857196, 37.8906651 ], [ 23.8576448, 37.8906369 ], [ 23.857892, 37.8907036 ], [ 23.85824, 37.8909269 ], [ 23.8583571, 37.8910989 ], [ 23.8584579, 37.8912837 ], [ 23.8585392, 37.8913992 ], [ 23.858601, 37.8913042 ], [ 23.858588, 37.891104 ], [ 23.8585002, 37.8909398 ], [ 23.8585295, 37.8907806 ], [ 23.8586303, 37.8906703 ], [ 23.8587571, 37.8906369 ], [ 23.8588352, 37.8906574 ], [ 23.858884, 37.8906959 ], [ 23.859619, 37.8903802 ], [ 23.860019, 37.8901646 ], [ 23.8601101, 37.8901261 ], [ 23.8602174, 37.890216 ], [ 23.8603443, 37.8903186 ], [ 23.8604386, 37.8903597 ], [ 23.8605004, 37.8899285 ], [ 23.8605915, 37.8896769 ], [ 23.8605622, 37.889505 ], [ 23.8605524, 37.889469 ], [ 23.8604386, 37.8893561 ], [ 23.8603963, 37.8892945 ], [ 23.860492, 37.8892169 ], [ 23.8606004, 37.8890989 ], [ 23.8606975, 37.8890105 ], [ 23.8608619, 37.8890901 ], [ 23.8610711, 37.8892051 ], [ 23.861157, 37.8893436 ], [ 23.8613223, 37.8890792 ], [ 23.8613704, 37.8889608 ], [ 23.861345, 37.888829 ], [ 23.8612742, 37.8887396 ], [ 23.8612232, 37.8886882 ], [ 23.8610024, 37.8885742 ], [ 23.8606286, 37.8884647 ], [ 23.8604248, 37.8884491 ], [ 23.860136, 37.8884603 ], [ 23.8599916, 37.8884938 ], [ 23.8597594, 37.8887038 ], [ 23.8597311, 37.8888357 ], [ 23.8597849, 37.8890368 ], [ 23.8597056, 37.8891619 ], [ 23.8594508, 37.8892848 ], [ 23.8593347, 37.8893474 ], [ 23.8593857, 37.8894859 ], [ 23.8594536, 37.8896379 ], [ 23.8592186, 37.8897809 ], [ 23.8588958, 37.8897876 ], [ 23.8588677, 37.8895845 ], [ 23.8588319, 37.8893664 ], [ 23.8587409, 37.8893279 ], [ 23.8583083, 37.8893972 ], [ 23.8579213, 37.8895512 ], [ 23.8574562, 37.889659 ], [ 23.8570041, 37.8897077 ], [ 23.8568447, 37.8896898 ], [ 23.8567146, 37.8895845 ], [ 23.856539, 37.8895717 ], [ 23.8563243, 37.8895743 ], [ 23.8561845, 37.8894742 ], [ 23.8559698, 37.8894023 ], [ 23.8556999, 37.8894305 ], [ 23.8555828, 37.8893741 ], [ 23.8555828, 37.8893202 ], [ 23.8550397, 37.889102 ], [ 23.8549388, 37.8891995 ], [ 23.8550201, 37.8894177 ] ] ] } },
{ "type": "Feature", "properties": { "@type": "way", "@id": 1352446162, "access": null, "addr:city": null, "addr:country": null, "addr:full": null, "addr:housename": null, "addr:housenumber": null, "addr:postcode": null, "addr:street": null, "addr:unit": null, "aeroway": null, "amenity": null, "atm": null, "authentication:app": null, "authentication:membership_card": null, "barrier": null, "bench": null, "brand": null, "brand:el": null, "brand:en": null, "brand:wikidata": null, "brand:wikipedia": null, "building": null, "building:levels": null, "bus": null, "capacity": null, "check_date:shelter": null, "contact:email": null, "contact:fax": null, "contact:phone": null, "contact:website": null, "covered": null, "crossing": null, "crossing:island": null, "crossing:markings": null, "crossing_ref": null, "cuisine": null, "description": null, "direction": null, "dual_carriageway": null, "ele": null, "entrance": null, "fee": null, "fixme": null, "foot": null, "footway": null, "fuel:diesel": null, "fuel:lpg": null, "fuel:octane_100": null, "fuel:octane_95": null, "fuel:octane_98": null, "highway": null, "hoops": null, "int_name": null, "junction": null, "landuse": null, "lanes": null, "layer": null, "leisure": null, "lit": null, "man_made": null, "maxspeed": null, "motorcar": null, "name": null, "name:el": null, "name:en": null, "natural": "scrub", "network": null, "network:el": null, "network:en": null, "network:wikidata": null, "noexit": null, "old_ref": null, "oneway": null, "opening_hours": null, "operator": null, "operator:type": null, "park_ride": null, "parking": null, "parking:fee": null, "payment:app": null, "payment:website": null, "phone": null, "public_transport": null, "ref": null, "ref:EU:EVSE": null, "ref:GR:IDRO": null, "reg_ref": null, "religion": null, "route_ref": null, "service": null, "shelter": null, "shop": null, "short_name": null, "sidewalk": null, "smoothness": null, "socket:type2": null, "socket:type2:output": null, "source": null, "source:reg_ref": null, "sport": null, "surface": null, "tactile_paving": null, "takeaway": null, "tracktype": null, "trade": null, "traffic_signals": null, "turn:lanes": null, "website": null, "label": "natural:scrub" }, "geometry": { "type": "Polygon", "coordinates": [ [ [ 23.8577717, 37.8888094 ], [ 23.8579408, 37.8890121 ], [ 23.8580416, 37.8891738 ], [ 23.858201, 37.8893048 ], [ 23.8585782, 37.8891584 ], [ 23.8586888, 37.8892021 ], [ 23.8587409, 37.8893279 ], [ 23.8588319, 37.8893664 ], [ 23.8588677, 37.8895845 ], [ 23.8588958, 37.8897876 ], [ 23.8592186, 37.8897809 ], [ 23.8594536, 37.8896379 ], [ 23.8593857, 37.8894859 ], [ 23.8593347, 37.8893474 ], [ 23.8594508, 37.8892848 ], [ 23.8597056, 37.8891619 ], [ 23.8597849, 37.8890368 ], [ 23.8597311, 37.8888357 ], [ 23.8597594, 37.8887038 ], [ 23.8599916, 37.8884938 ], [ 23.8599768, 37.888373 ], [ 23.859928, 37.8882832 ], [ 23.8597686, 37.8883422 ], [ 23.8592417, 37.8884243 ], [ 23.8585099, 37.8883602 ], [ 23.8584384, 37.8884269 ], [ 23.8582563, 37.8885168 ], [ 23.8580839, 37.8883679 ], [ 23.8579733, 37.8882832 ], [ 23.8577977, 37.8883217 ], [ 23.8577359, 37.8883935 ], [ 23.8576318, 37.8885373 ], [ 23.8577717, 37.8888094 ] ] ] } },
{ "type": "Feature", "properties": { "@type": "way", "@id": 1352446163, "access": null, "addr:city": null, "addr:country": null, "addr:full": null, "addr:housename": null, "addr:housenumber": null, "addr:postcode": null, "addr:street": null, "addr:unit": null, "aeroway": null, "amenity": null, "atm": null, "authentication:app": null, "authentication:membership_card": null, "barrier": null, "bench": null, "brand": null, "brand:el": null, "brand:en": null, "brand:wikidata": null, "brand:wikipedia": null, "building": null, "building:levels": null, "bus": null, "capacity": null, "check_date:shelter": null, "contact:email": null, "contact:fax": null, "contact:phone": null, "contact:website": null, "covered": null, "crossing": null, "crossing:island": null, "crossing:markings": null, "crossing_ref": null, "cuisine": null, "description": null, "direction": null, "dual_carriageway": null, "ele": null, "entrance": null, "fee": null, "fixme": null, "foot": null, "footway": null, "fuel:diesel": null, "fuel:lpg": null, "fuel:octane_100": null, "fuel:octane_95": null, "fuel:octane_98": null, "highway": null, "hoops": null, "int_name": null, "junction": null, "landuse": "orchard", "lanes": null, "layer": null, "leisure": null, "lit": null, "man_made": null, "maxspeed": null, "motorcar": null, "name": null, "name:el": null, "name:en": null, "natural": null, "network": null, "network:el": null, "network:en": null, "network:wikidata": null, "noexit": null, "old_ref": null, "oneway": null, "opening_hours": null, "operator": null, "operator:type": null, "park_ride": null, "parking": null, "parking:fee": null, "payment:app": null, "payment:website": null, "phone": null, "public_transport": null, "ref": null, "ref:EU:EVSE": null, "ref:GR:IDRO": null, "reg_ref": null, "religion": null, "route_ref": null, "service": null, "shelter": null, "shop": null, "short_name": null, "sidewalk": null, "smoothness": null, "socket:type2": null, "socket:type2:output": null, "source": null, "source:reg_ref": null, "sport": null, "surface": null, "tactile_paving": null, "takeaway": null, "tracktype": null, "trade": null, "traffic_signals": null, "turn:lanes": null, "website": null, "label": "landuse:orchard" }, "geometry": { "type": "Polygon", "coordinates": [ [ [ 23.8585099, 37.8883602 ], [ 23.8592417, 37.8884243 ], [ 23.8597686, 37.8883422 ], [ 23.859928, 37.8882832 ], [ 23.8598011, 37.8882139 ], [ 23.8589035, 37.8880881 ], [ 23.8586953, 37.8880778 ], [ 23.8584807, 37.8880881 ], [ 23.8585099, 37.8883602 ] ] ] } },
{ "type": "Feature", "properties": { "@type": "way", "@id": 1352446164, "access": null, "addr:city": null, "addr:country": null, "addr:full": null, "addr:housename": null, "addr:housenumber": null, "addr:postcode": null, "addr:street": null, "addr:unit": null, "aeroway": null, "amenity": null, "atm": null, "authentication:app": null, "authentication:membership_card": null, "barrier": null, "bench": null, "brand": null, "brand:el": null, "brand:en": null, "brand:wikidata": null, "brand:wikipedia": null, "building": null, "building:levels": null, "bus": null, "capacity": null, "check_date:shelter": null, "contact:email": null, "contact:fax": null, "contact:phone": null, "contact:website": null, "covered": null, "crossing": null, "crossing:island": null, "crossing:markings": null, "crossing_ref": null, "cuisine": null, "description": null, "direction": null, "dual_carriageway": null, "ele": null, "entrance": null, "fee": null, "fixme": null, "foot": null, "footway": null, "fuel:diesel": null, "fuel:lpg": null, "fuel:octane_100": null, "fuel:octane_95": null, "fuel:octane_98": null, "highway": null, "hoops": null, "int_name": null, "junction": null, "landuse": null, "lanes": null, "layer": null, "leisure": null, "lit": null, "man_made": null, "maxspeed": null, "motorcar": null, "name": null, "name:el": null, "name:en": null, "natural": "wood", "network": null, "network:el": null, "network:en": null, "network:wikidata": null, "noexit": null, "old_ref": null, "oneway": null, "opening_hours": null, "operator": null, "operator:type": null, "park_ride": null, "parking": null, "parking:fee": null, "payment:app": null, "payment:website": null, "phone": null, "public_transport": null, "ref": null, "ref:EU:EVSE": null, "ref:GR:IDRO": null, "reg_ref": null, "religion": null, "route_ref": null, "service": null, "shelter": null, "shop": null, "short_name": null, "sidewalk": null, "smoothness": null, "socket:type2": null, "socket:type2:output": null, "source": null, "source:reg_ref": null, "sport": null, "surface": null, "tactile_paving": null, "takeaway": null, "tracktype": null, "trade": null, "traffic_signals": null, "turn:lanes": null, "website": null, "label": "natural:wood" }, "geometry": { "type": "Polygon", "coordinates": [ [ [ 23.8512136, 37.8879489 ], [ 23.8513593, 37.8878841 ], [ 23.8515461, 37.8880344 ], [ 23.8515909, 37.8882497 ], [ 23.8514938, 37.8883941 ], [ 23.851449, 37.8887185 ], [ 23.8515237, 37.8888659 ], [ 23.8516395, 37.8891106 ], [ 23.8515947, 37.8893878 ], [ 23.8514826, 37.8895706 ], [ 23.8513705, 37.8898153 ], [ 23.8515386, 37.8899804 ], [ 23.8519004, 37.8901836 ], [ 23.8522115, 37.8902132 ], [ 23.8527104, 37.8902429 ], [ 23.8527603, 37.8899627 ], [ 23.8528612, 37.8897003 ], [ 23.8530965, 37.8895205 ], [ 23.8533917, 37.8894202 ], [ 23.8536906, 37.8893937 ], [ 23.8537167, 37.8890281 ], [ 23.8537018, 37.8887185 ], [ 23.8538363, 37.8884561 ], [ 23.8536345, 37.8884148 ], [ 23.8535075, 37.8882615 ], [ 23.8532011, 37.8881612 ], [ 23.8529396, 37.8882851 ], [ 23.8527453, 37.8883175 ], [ 23.8525548, 37.8882851 ], [ 23.8523792, 37.888117 ], [ 23.8524689, 37.8879224 ], [ 23.8526781, 37.8877455 ], [ 23.8527341, 37.8875479 ], [ 23.8526557, 37.887374 ], [ 23.8525735, 37.8873179 ], [ 23.8523493, 37.8870467 ], [ 23.8521513, 37.8865867 ], [ 23.852312, 37.8865277 ], [ 23.8524427, 37.8865749 ], [ 23.852581, 37.8867725 ], [ 23.8527229, 37.8870791 ], [ 23.8529434, 37.8873179 ], [ 23.8532497, 37.8871882 ], [ 23.853713, 37.8871617 ], [ 23.8539147, 37.8872826 ], [ 23.8539595, 37.8875096 ], [ 23.8542024, 37.8877602 ], [ 23.8546246, 37.8879961 ], [ 23.8550318, 37.88789 ], [ 23.8551812, 37.8875745 ], [ 23.8549571, 37.887312 ], [ 23.8548674, 37.8872826 ], [ 23.8547628, 37.8871941 ], [ 23.8545722, 37.8868757 ], [ 23.8546656, 37.8866781 ], [ 23.8540529, 37.886454 ], [ 23.8535934, 37.886112 ], [ 23.8530181, 37.885537 ], [ 23.8525772, 37.8849738 ], [ 23.8521625, 37.884794 ], [ 23.8515461, 37.8849473 ], [ 23.8513145, 37.8851743 ], [ 23.8514041, 37.8855223 ], [ 23.8514826, 37.8860884 ], [ 23.8516171, 37.8863007 ], [ 23.8517852, 37.8864835 ], [ 23.851845, 37.8869877 ], [ 23.8517142, 37.8872088 ], [ 23.8513742, 37.8874152 ], [ 23.8511762, 37.8875804 ], [ 23.8511164, 37.8878015 ], [ 23.8512136, 37.8879489 ] ] ] } },
{ "type": "Feature", "properties": { "@type": "way", "@id": 1352448265, "access": null, "addr:city": null, "addr:country": null, "addr:full": null, "addr:housename": null, "addr:housenumber": null, "addr:postcode": null, "addr:street": null, "addr:unit": null, "aeroway": null, "amenity": null, "atm": null, "authentication:app": null, "authentication:membership_card": null, "barrier": null, "bench": null, "brand": null, "brand:el": null, "brand:en": null, "brand:wikidata": null, "brand:wikipedia": null, "building": null, "building:levels": null, "bus": null, "capacity": null, "check_date:shelter": null, "contact:email": null, "contact:fax": null, "contact:phone": null, "contact:website": null, "covered": null, "crossing": null, "crossing:island": null, "crossing:markings": null, "crossing_ref": null, "cuisine": null, "description": null, "direction": null, "dual_carriageway": null, "ele": null, "entrance": null, "fee": null, "fixme": null, "foot": null, "footway": null, "fuel:diesel": null, "fuel:lpg": null, "fuel:octane_100": null, "fuel:octane_95": null, "fuel:octane_98": null, "highway": null, "hoops": null, "int_name": null, "junction": null, "landuse": "orchard", "lanes": null, "layer": null, "leisure": null, "lit": null, "man_made": null, "maxspeed": null, "motorcar": null, "name": null, "name:el": null, "name:en": null, "natural": null, "network": null, "network:el": null, "network:en": null, "network:wikidata": null, "noexit": null, "old_ref": null, "oneway": null, "opening_hours": null, "operator": null, "operator:type": null, "park_ride": null, "parking": null, "parking:fee": null, "payment:app": null, "payment:website": null, "phone": null, "public_transport": null, "ref": null, "ref:EU:EVSE": null, "ref:GR:IDRO": null, "reg_ref": null, "religion": null, "route_ref": null, "service": null, "shelter": null, "shop": null, "short_name": null, "sidewalk": null, "smoothness": null, "socket:type2": null, "socket:type2:output": null, "source": null, "source:reg_ref": null, "sport": null, "surface": null, "tactile_paving": null, "takeaway": null, "tracktype": null, "trade": null, "traffic_signals": null, "turn:lanes": null, "website": null, "label": "landuse:orchard" }, "geometry": { "type": "Polygon", "coordinates": [ [ [ 23.8578429, 37.8873554 ], [ 23.8578987, 37.8878076 ], [ 23.8582806, 37.8877974 ], [ 23.8586561, 37.8877246 ], [ 23.8585832, 37.8879532 ], [ 23.8589436, 37.8880244 ], [ 23.859656, 37.8881294 ], [ 23.8599522, 37.8882039 ], [ 23.8600959, 37.888319 ], [ 23.8601646, 37.8883715 ], [ 23.860495, 37.8883597 ], [ 23.8605143, 37.8878093 ], [ 23.86045, 37.8877416 ], [ 23.8603041, 37.8877365 ], [ 23.8602204, 37.8877991 ], [ 23.8597547, 37.8877687 ], [ 23.859611, 37.8874401 ], [ 23.8592655, 37.8872657 ], [ 23.8592698, 37.8871014 ], [ 23.8591883, 37.8870049 ], [ 23.8581583, 37.8868237 ], [ 23.8579909, 37.8869117 ], [ 23.8577828, 37.8869456 ], [ 23.8578429, 37.8873554 ] ] ] } },
{ "type": "Feature", "properties": { "@type": "way", "@id": 1352448266, "access": null, "addr:city": null, "addr:country": null, "addr:full": null, "addr:housename": null, "addr:housenumber": null, "addr:postcode": null, "addr:street": null, "addr:unit": null, "aeroway": null, "amenity": null, "atm": null, "authentication:app": null, "authentication:membership_card": null, "barrier": null, "bench": null, "brand": null, "brand:el": null, "brand:en": null, "brand:wikidata": null, "brand:wikipedia": null, "building": null, "building:levels": null, "bus": null, "capacity": null, "check_date:shelter": null, "contact:email": null, "contact:fax": null, "contact:phone": null, "contact:website": null, "covered": null, "crossing": null, "crossing:island": null, "crossing:markings": null, "crossing_ref": null, "cuisine": null, "description": null, "direction": null, "dual_carriageway": null, "ele": null, "entrance": null, "fee": null, "fixme": null, "foot": null, "footway": null, "fuel:diesel": null, "fuel:lpg": null, "fuel:octane_100": null, "fuel:octane_95": null, "fuel:octane_98": null, "highway": null, "hoops": null, "int_name": null, "junction": null, "landuse": "orchard", "lanes": null, "layer": null, "leisure": null, "lit": null, "man_made": null, "maxspeed": null, "motorcar": null, "name": null, "name:el": null, "name:en": null, "natural": null, "network": null, "network:el": null, "network:en": null, "network:wikidata": null, "noexit": null, "old_ref": null, "oneway": null, "opening_hours": null, "operator": null, "operator:type": null, "park_ride": null, "parking": null, "parking:fee": null, "payment:app": null, "payment:website": null, "phone": null, "public_transport": null, "ref": null, "ref:EU:EVSE": null, "ref:GR:IDRO": null, "reg_ref": null, "religion": null, "route_ref": null, "service": null, "shelter": null, "shop": null, "short_name": null, "sidewalk": null, "smoothness": null, "socket:type2": null, "socket:type2:output": null, "source": null, "source:reg_ref": null, "sport": null, "surface": null, "tactile_paving": null, "takeaway": null, "tracktype": null, "trade": null, "traffic_signals": null, "turn:lanes": null, "website": null, "label": "landuse:orchard" }, "geometry": { "type": "Polygon", "coordinates": [ [ [ 23.853422, 37.885014 ], [ 23.8535058, 37.885123 ], [ 23.8535526, 37.8853934 ], [ 23.853666, 37.8854965 ], [ 23.8539938, 37.885444 ], [ 23.8539741, 37.8851988 ], [ 23.8540185, 37.8850101 ], [ 23.8541565, 37.884946 ], [ 23.8542477, 37.8850743 ], [ 23.8544893, 37.8849712 ], [ 23.854822, 37.8848214 ], [ 23.8550291, 37.884551 ], [ 23.8550685, 37.8843682 ], [ 23.8550833, 37.8842495 ], [ 23.8549699, 37.8841581 ], [ 23.8547579, 37.8840005 ], [ 23.854541, 37.8839849 ], [ 23.8543512, 37.8840705 ], [ 23.8539889, 37.8843409 ], [ 23.8539347, 37.8841386 ], [ 23.8536537, 37.8843468 ], [ 23.8535231, 37.8843507 ], [ 23.8533875, 37.8842845 ], [ 23.853422, 37.885014 ] ] ] } },
{ "type": "Feature", "properties": { "@type": "way", "@id": 1352448267, "access": null, "addr:city": null, "addr:country": null, "addr:full": null, "addr:housename": null, "addr:housenumber": null, "addr:postcode": null, "addr:street": null, "addr:unit": null, "aeroway": null, "amenity": null, "atm": null, "authentication:app": null, "authentication:membership_card": null, "barrier": null, "bench": null, "brand": null, "brand:el": null, "brand:en": null, "brand:wikidata": null, "brand:wikipedia": null, "building": null, "building:levels": null, "bus": null, "capacity": null, "check_date:shelter": null, "contact:email": null, "contact:fax": null, "contact:phone": null, "contact:website": null, "covered": null, "crossing": null, "crossing:island": null, "crossing:markings": null, "crossing_ref": null, "cuisine": null, "description": null, "direction": null, "dual_carriageway": null, "ele": null, "entrance": null, "fee": null, "fixme": null, "foot": null, "footway": null, "fuel:diesel": null, "fuel:lpg": null, "fuel:octane_100": null, "fuel:octane_95": null, "fuel:octane_98": null, "highway": null, "hoops": null, "int_name": null, "junction": null, "landuse": "orchard", "lanes": null, "layer": null, "leisure": null, "lit": null, "man_made": null, "maxspeed": null, "motorcar": null, "name": null, "name:el": null, "name:en": null, "natural": null, "network": null, "network:el": null, "network:en": null, "network:wikidata": null, "noexit": null, "old_ref": null, "oneway": null, "opening_hours": null, "operator": null, "operator:type": null, "park_ride": null, "parking": null, "parking:fee": null, "payment:app": null, "payment:website": null, "phone": null, "public_transport": null, "ref": null, "ref:EU:EVSE": null, "ref:GR:IDRO": null, "reg_ref": null, "religion": null, "route_ref": null, "service": null, "shelter": null, "shop": null, "short_name": null, "sidewalk": null, "smoothness": null, "socket:type2": null, "socket:type2:output": null, "source": null, "source:reg_ref": null, "sport": null, "surface": null, "tactile_paving": null, "takeaway": null, "tracktype": null, "trade": null, "traffic_signals": null, "turn:lanes": null, "website": null, "label": "landuse:orchard" }, "geometry": { "type": "Polygon", "coordinates": [ [ [ 23.8603812, 37.8839535 ], [ 23.8607357, 37.8840408 ], [ 23.861139, 37.8840151 ], [ 23.8611464, 37.8832001 ], [ 23.8609143, 37.8822075 ], [ 23.8607359, 37.8821906 ], [ 23.8607573, 37.8824616 ], [ 23.8606348, 37.8829207 ], [ 23.8603844, 37.8834449 ], [ 23.8601783, 37.8838862 ], [ 23.8603812, 37.8839535 ] ] ] } },
{ "type": "Feature", "properties": { "@type": "way", "@id": 1352448268, "access": null, "addr:city": null, "addr:country": null, "addr:full": null, "addr:housename": null, "addr:housenumber": null, "addr:postcode": null, "addr:street": null, "addr:unit": null, "aeroway": null, "amenity": null, "atm": null, "authentication:app": null, "authentication:membership_card": null, "barrier": null, "bench": null, "brand": null, "brand:el": null, "brand:en": null, "brand:wikidata": null, "brand:wikipedia": null, "building": null, "building:levels": null, "bus": null, "capacity": null, "check_date:shelter": null, "contact:email": null, "contact:fax": null, "contact:phone": null, "contact:website": null, "covered": null, "crossing": null, "crossing:island": null, "crossing:markings": null, "crossing_ref": null, "cuisine": null, "description": null, "direction": null, "dual_carriageway": null, "ele": null, "entrance": null, "fee": null, "fixme": null, "foot": null, "footway": null, "fuel:diesel": null, "fuel:lpg": null, "fuel:octane_100": null, "fuel:octane_95": null, "fuel:octane_98": null, "highway": null, "hoops": null, "int_name": null, "junction": null, "landuse": null, "lanes": null, "layer": null, "leisure": null, "lit": null, "man_made": null, "maxspeed": null, "motorcar": null, "name": null, "name:el": null, "name:en": null, "natural": "scrub", "network": null, "network:el": null, "network:en": null, "network:wikidata": null, "noexit": null, "old_ref": null, "oneway": null, "opening_hours": null, "operator": null, "operator:type": null, "park_ride": null, "parking": null, "parking:fee": null, "payment:app": null, "payment:website": null, "phone": null, "public_transport": null, "ref": null, "ref:EU:EVSE": null, "ref:GR:IDRO": null, "reg_ref": null, "religion": null, "route_ref": null, "service": null, "shelter": null, "shop": null, "short_name": null, "sidewalk": null, "smoothness": null, "socket:type2": null, "socket:type2:output": null, "source": null, "source:reg_ref": null, "sport": null, "surface": null, "tactile_paving": null, "takeaway": null, "tracktype": null, "trade": null, "traffic_signals": null, "turn:lanes": null, "website": null, "label": "natural:scrub" }, "geometry": { "type": "Polygon", "coordinates": [ [ [ 23.8546975, 37.886113 ], [ 23.855309, 37.8859436 ], [ 23.855774, 37.8859539 ], [ 23.8561253, 37.8860309 ], [ 23.8576149, 37.886344 ], [ 23.8582426, 37.8866983 ], [ 23.8581583, 37.8868237 ], [ 23.8591883, 37.8870049 ], [ 23.8592698, 37.8871014 ], [ 23.8594135, 37.8870807 ], [ 23.8594336, 37.8872007 ], [ 23.8596517, 37.8873236 ], [ 23.8599037, 37.8875158 ], [ 23.8602462, 37.887623 ], [ 23.8604501, 37.8876253 ], [ 23.8605294, 37.8876878 ], [ 23.8605803, 37.887813 ], [ 23.8605605, 37.8883493 ], [ 23.8606143, 37.8883493 ], [ 23.8606653, 37.8883135 ], [ 23.8610702, 37.8878443 ], [ 23.8613472, 37.8875157 ], [ 23.861639, 37.8871262 ], [ 23.8618021, 37.8869704 ], [ 23.8621798, 37.8867638 ], [ 23.8616691, 37.8862456 ], [ 23.8624973, 37.8857308 ], [ 23.863081, 37.8854327 ], [ 23.8635745, 37.8856156 ], [ 23.8636389, 37.8856596 ], [ 23.8641024, 37.8853819 ], [ 23.864171, 37.8853006 ], [ 23.8641753, 37.8852295 ], [ 23.8640638, 37.8851245 ], [ 23.8637591, 37.8848264 ], [ 23.8636732, 37.8846672 ], [ 23.8637119, 37.8845284 ], [ 23.8637762, 37.8843963 ], [ 23.863523, 37.8843285 ], [ 23.8633213, 37.8842879 ], [ 23.8630037, 37.8843793 ], [ 23.8628879, 37.8842879 ], [ 23.8629782, 37.8839604 ], [ 23.8627207, 37.8838588 ], [ 23.8625169, 37.8839011 ], [ 23.8622272, 37.8839943 ], [ 23.8618731, 37.8840451 ], [ 23.8617015, 37.8840451 ], [ 23.861139, 37.8840151 ], [ 23.8607357, 37.8840408 ], [ 23.8603812, 37.8839535 ], [ 23.8601783, 37.8838862 ], [ 23.859942, 37.8842483 ], [ 23.8598668, 37.8846971 ], [ 23.859899, 37.885256 ], [ 23.8597166, 37.8855354 ], [ 23.8592553, 37.8856624 ], [ 23.8587618, 37.8856455 ], [ 23.8587403, 37.8854592 ], [ 23.8591373, 37.8853322 ], [ 23.8594162, 37.8851882 ], [ 23.8593626, 37.8847818 ], [ 23.8591802, 37.8845023 ], [ 23.8588154, 37.8843499 ], [ 23.8583648, 37.8842568 ], [ 23.8580751, 37.8842398 ], [ 23.8581288, 37.8843923 ], [ 23.858, 37.8845277 ], [ 23.8578176, 37.8845616 ], [ 23.8577855, 37.8846802 ], [ 23.8575387, 37.8847733 ], [ 23.8572061, 37.8846802 ], [ 23.856852, 37.8845447 ], [ 23.8566375, 37.8845277 ], [ 23.8562292, 37.8845754 ], [ 23.8559462, 37.8845061 ], [ 23.8550833, 37.8842495 ], [ 23.8550291, 37.884551 ], [ 23.854822, 37.8848214 ], [ 23.8544893, 37.8849712 ], [ 23.8542477, 37.8850743 ], [ 23.8541565, 37.884946 ], [ 23.8540185, 37.8850101 ], [ 23.8539741, 37.8851988 ], [ 23.8539938, 37.885444 ], [ 23.853666, 37.8854965 ], [ 23.8546975, 37.886113 ] ] ] } },
{ "type": "Feature", "properties": { "@type": "way", "@id": 1352448269, "access": null, "addr:city": null, "addr:country": null, "addr:full": null, "addr:housename": null, "addr:housenumber": null, "addr:postcode": null, "addr:street": null, "addr:unit": null, "aeroway": null, "amenity": null, "atm": null, "authentication:app": null, "authentication:membership_card": null, "barrier": null, "bench": null, "brand": null, "brand:el": null, "brand:en": null, "brand:wikidata": null, "brand:wikipedia": null, "building": null, "building:levels": null, "bus": null, "capacity": null, "check_date:shelter": null, "contact:email": null, "contact:fax": null, "contact:phone": null, "contact:website": null, "covered": null, "crossing": null, "crossing:island": null, "crossing:markings": null, "crossing_ref": null, "cuisine": null, "description": null, "direction": null, "dual_carriageway": null, "ele": null, "entrance": null, "fee": null, "fixme": null, "foot": null, "footway": null, "fuel:diesel": null, "fuel:lpg": null, "fuel:octane_100": null, "fuel:octane_95": null, "fuel:octane_98": null, "highway": null, "hoops": null, "int_name": null, "junction": null, "landuse": null, "lanes": null, "layer": null, "leisure": null, "lit": null, "man_made": null, "maxspeed": null, "motorcar": null, "name": null, "name:el": null, "name:en": null, "natural": "scrub", "network": null, "network:el": null, "network:en": null, "network:wikidata": null, "noexit": null, "old_ref": null, "oneway": null, "opening_hours": null, "operator": null, "operator:type": null, "park_ride": null, "parking": null, "parking:fee": null, "payment:app": null, "payment:website": null, "phone": null, "public_transport": null, "ref": null, "ref:EU:EVSE": null, "ref:GR:IDRO": null, "reg_ref": null, "religion": null, "route_ref": null, "service": null, "shelter": null, "shop": null, "short_name": null, "sidewalk": null, "smoothness": null, "socket:type2": null, "socket:type2:output": null, "source": null, "source:reg_ref": null, "sport": null, "surface": null, "tactile_paving": null, "takeaway": null, "tracktype": null, "trade": null, "traffic_signals": null, "turn:lanes": null, "website": null, "label": "natural:scrub" }, "geometry": { "type": "Polygon", "coordinates": [ [ [ 23.8630166, 37.8814522 ], [ 23.8630837, 37.8815185 ], [ 23.8635915, 37.8812643 ], [ 23.8639041, 37.8813747 ], [ 23.8642216, 37.8816594 ], [ 23.864212, 37.8820382 ], [ 23.8641673, 37.8826356 ], [ 23.8641044, 37.8829886 ], [ 23.8639513, 37.8834737 ], [ 23.8638258, 37.883681 ], [ 23.8636589, 37.8839894 ], [ 23.863595, 37.8841197 ], [ 23.863595, 37.884168 ], [ 23.8636322, 37.8842373 ], [ 23.8637706, 37.8843045 ], [ 23.8638478, 37.884315 ], [ 23.8640075, 37.8841554 ], [ 23.8641671, 37.8839537 ], [ 23.8649469, 37.8837122 ], [ 23.8650693, 37.8836177 ], [ 23.8654392, 37.8835211 ], [ 23.8657878, 37.8835505 ], [ 23.86603, 37.8835631 ], [ 23.8663786, 37.883479 ], [ 23.866509, 37.8833698 ], [ 23.8667033, 37.883248 ], [ 23.8669534, 37.8832249 ], [ 23.8670838, 37.8832459 ], [ 23.8672967, 37.8833194 ], [ 23.8675549, 37.8834496 ], [ 23.8679088, 37.8834601 ], [ 23.868284, 37.8833761 ], [ 23.8685821, 37.8832585 ], [ 23.868944, 37.8829539 ], [ 23.8685768, 37.8825507 ], [ 23.8683373, 37.8827586 ], [ 23.8682015, 37.8828342 ], [ 23.8679301, 37.8828552 ], [ 23.8677891, 37.882788 ], [ 23.8675495, 37.8823469 ], [ 23.8674351, 37.8821663 ], [ 23.867161, 37.8822251 ], [ 23.8668496, 37.8821579 ], [ 23.866658, 37.8819667 ], [ 23.8666474, 37.8817882 ], [ 23.8666501, 37.8815971 ], [ 23.8666075, 37.8813744 ], [ 23.8664292, 37.881051 ], [ 23.8662402, 37.8809144 ], [ 23.8661311, 37.8809564 ], [ 23.8659848, 37.8811413 ], [ 23.8659023, 37.8812862 ], [ 23.8658066, 37.8813211 ], [ 23.8661231, 37.8817406 ], [ 23.8659944, 37.8818828 ], [ 23.8657027, 37.8820361 ], [ 23.8653521, 37.8820657 ], [ 23.865064, 37.8819432 ], [ 23.8645929, 37.8809423 ], [ 23.8642694, 37.88094 ], [ 23.8629746, 37.881236 ], [ 23.8630166, 37.8814522 ] ] ] } },
{ "type": "Feature", "properties": { "@type": "way", "@id": 1352448270, "access": null, "addr:city": null, "addr:country": null, "addr:full": null, "addr:housename": null, "addr:housenumber": null, "addr:postcode": null, "addr:street": null, "addr:unit": null, "aeroway": null, "amenity": null, "atm": null, "authentication:app": null, "authentication:membership_card": null, "barrier": null, "bench": null, "brand": null, "brand:el": null, "brand:en": null, "brand:wikidata": null, "brand:wikipedia": null, "building": null, "building:levels": null, "bus": null, "capacity": null, "check_date:shelter": null, "contact:email": null, "contact:fax": null, "contact:phone": null, "contact:website": null, "covered": null, "crossing": null, "crossing:island": null, "crossing:markings": null, "crossing_ref": null, "cuisine": null, "description": null, "direction": null, "dual_carriageway": null, "ele": null, "entrance": null, "fee": null, "fixme": null, "foot": null, "footway": null, "fuel:diesel": null, "fuel:lpg": null, "fuel:octane_100": null, "fuel:octane_95": null, "fuel:octane_98": null, "highway": null, "hoops": null, "int_name": null, "junction": null, "landuse": null, "lanes": null, "layer": null, "leisure": null, "lit": null, "man_made": null, "maxspeed": null, "motorcar": null, "name": null, "name:el": null, "name:en": null, "natural": "wood", "network": null, "network:el": null, "network:en": null, "network:wikidata": null, "noexit": null, "old_ref": null, "oneway": null, "opening_hours": null, "operator": null, "operator:type": null, "park_ride": null, "parking": null, "parking:fee": null, "payment:app": null, "payment:website": null, "phone": null, "public_transport": null, "ref": null, "ref:EU:EVSE": null, "ref:GR:IDRO": null, "reg_ref": null, "religion": null, "route_ref": null, "service": null, "shelter": null, "shop": null, "short_name": null, "sidewalk": null, "smoothness": null, "socket:type2": null, "socket:type2:output": null, "source": null, "source:reg_ref": null, "sport": null, "surface": null, "tactile_paving": null, "takeaway": null, "tracktype": null, "trade": null, "traffic_signals": null, "turn:lanes": null, "website": null, "label": "natural:wood" }, "geometry": { "type": "Polygon", "coordinates": [ [ [ 23.864404, 37.8839831 ], [ 23.8650986, 37.8838025 ], [ 23.8651332, 37.8836786 ], [ 23.8650693, 37.8836177 ], [ 23.8649469, 37.8837122 ], [ 23.8641671, 37.8839537 ], [ 23.8640075, 37.8841554 ], [ 23.864404, 37.8839831 ] ] ] } },
{ "type": "Feature", "properties": { "@type": "way", "@id": 1352448271, "access": null, "addr:city": null, "addr:country": null, "addr:full": null, "addr:housename": null, "addr:housenumber": null, "addr:postcode": null, "addr:street": null, "addr:unit": null, "aeroway": null, "amenity": null, "atm": null, "authentication:app": null, "authentication:membership_card": null, "barrier": null, "bench": null, "brand": null, "brand:el": null, "brand:en": null, "brand:wikidata": null, "brand:wikipedia": null, "building": null, "building:levels": null, "bus": null, "capacity": null, "check_date:shelter": null, "contact:email": null, "contact:fax": null, "contact:phone": null, "contact:website": null, "covered": null, "crossing": null, "crossing:island": null, "crossing:markings": null, "crossing_ref": null, "cuisine": null, "description": null, "direction": null, "dual_carriageway": null, "ele": null, "entrance": null, "fee": null, "fixme": null, "foot": null, "footway": null, "fuel:diesel": null, "fuel:lpg": null, "fuel:octane_100": null, "fuel:octane_95": null, "fuel:octane_98": null, "highway": null, "hoops": null, "int_name": null, "junction": null, "landuse": null, "lanes": null, "layer": null, "leisure": null, "lit": null, "man_made": null, "maxspeed": null, "motorcar": null, "name": null, "name:el": null, "name:en": null, "natural": "scrub", "network": null, "network:el": null, "network:en": null, "network:wikidata": null, "noexit": null, "old_ref": null, "oneway": null, "opening_hours": null, "operator": null, "operator:type": null, "park_ride": null, "parking": null, "parking:fee": null, "payment:app": null, "payment:website": null, "phone": null, "public_transport": null, "ref": null, "ref:EU:EVSE": null, "ref:GR:IDRO": null, "reg_ref": null, "religion": null, "route_ref": null, "service": null, "shelter": null, "shop": null, "short_name": null, "sidewalk": null, "smoothness": null, "socket:type2": null, "socket:type2:output": null, "source": null, "source:reg_ref": null, "sport": null, "surface": null, "tactile_paving": null, "takeaway": null, "tracktype": null, "trade": null, "traffic_signals": null, "turn:lanes": null, "website": null, "label": "natural:scrub" }, "geometry": { "type": "Polygon", "coordinates": [ [ [ 23.8585472, 37.8770927 ], [ 23.8589871, 37.8769318 ], [ 23.8594377, 37.8770334 ], [ 23.8602102, 37.8772621 ], [ 23.8609505, 37.877423 ], [ 23.8617122, 37.8774907 ], [ 23.8621199, 37.8775669 ], [ 23.8621199, 37.8779396 ], [ 23.8621092, 37.8780666 ], [ 23.8623667, 37.8779141 ], [ 23.8628066, 37.8778295 ], [ 23.8633859, 37.8778464 ], [ 23.8637507, 37.8778125 ], [ 23.864705, 37.8777918 ], [ 23.8648704, 37.8777441 ], [ 23.8650479, 37.8776199 ], [ 23.8657054, 37.8770659 ], [ 23.8652818, 37.8768844 ], [ 23.8652778, 37.8767921 ], [ 23.8655391, 37.8765532 ], [ 23.8650699, 37.8762132 ], [ 23.8651384, 37.876136 ], [ 23.8644784, 37.8757347 ], [ 23.8647277, 37.8754067 ], [ 23.8644267, 37.8752479 ], [ 23.8642291, 37.8752256 ], [ 23.8640193, 37.8752829 ], [ 23.8635675, 37.8752988 ], [ 23.8632045, 37.8752925 ], [ 23.8629383, 37.8753116 ], [ 23.8625551, 37.8753466 ], [ 23.8622727, 37.8754294 ], [ 23.8619823, 37.8756172 ], [ 23.861942, 37.8757446 ], [ 23.8619783, 37.876028 ], [ 23.8619097, 37.8763559 ], [ 23.8617403, 37.8764387 ], [ 23.8614378, 37.8764387 ], [ 23.8608085, 37.8765692 ], [ 23.8605181, 37.8765151 ], [ 23.8602721, 37.8762986 ], [ 23.8601551, 37.8761298 ], [ 23.8601551, 37.8759579 ], [ 23.8599897, 37.8758274 ], [ 23.8597235, 37.8757541 ], [ 23.8594936, 37.8757796 ], [ 23.8590781, 37.8760025 ], [ 23.8588079, 37.8761267 ], [ 23.8585981, 37.8761999 ], [ 23.8583157, 37.8763241 ], [ 23.8581988, 37.8766361 ], [ 23.8581504, 37.8769959 ], [ 23.8581395, 37.8772621 ], [ 23.8585472, 37.8770927 ] ] ] } },
{ "type": "Feature", "properties": { "@type": "way", "@id": 1352448280, "access": null, "addr:city": null, "addr:country": null, "addr:full": null, "addr:housename": null, "addr:housenumber": null, "addr:postcode": null, "addr:street": null, "addr:unit": null, "aeroway": null, "amenity": null, "atm": null, "authentication:app": null, "authentication:membership_card": null, "barrier": null, "bench": null, "brand": null, "brand:el": null, "brand:en": null, "brand:wikidata": null, "brand:wikipedia": null, "building": null, "building:levels": null, "bus": null, "capacity": null, "check_date:shelter": null, "contact:email": null, "contact:fax": null, "contact:phone": null, "contact:website": null, "covered": null, "crossing": null, "crossing:island": null, "crossing:markings": null, "crossing_ref": null, "cuisine": null, "description": null, "direction": null, "dual_carriageway": null, "ele": null, "entrance": null, "fee": null, "fixme": null, "foot": null, "footway": null, "fuel:diesel": null, "fuel:lpg": null, "fuel:octane_100": null, "fuel:octane_95": null, "fuel:octane_98": null, "highway": null, "hoops": null, "int_name": null, "junction": null, "landuse": "orchard", "lanes": null, "layer": null, "leisure": null, "lit": null, "man_made": null, "maxspeed": null, "motorcar": null, "name": null, "name:el": null, "name:en": null, "natural": null, "network": null, "network:el": null, "network:en": null, "network:wikidata": null, "noexit": null, "old_ref": null, "oneway": null, "opening_hours": null, "operator": null, "operator:type": null, "park_ride": null, "parking": null, "parking:fee": null, "payment:app": null, "payment:website": null, "phone": null, "public_transport": null, "ref": null, "ref:EU:EVSE": null, "ref:GR:IDRO": null, "reg_ref": null, "religion": null, "route_ref": null, "service": null, "shelter": null, "shop": null, "short_name": null, "sidewalk": null, "smoothness": null, "socket:type2": null, "socket:type2:output": null, "source": null, "source:reg_ref": null, "sport": null, "surface": null, "tactile_paving": null, "takeaway": null, "tracktype": null, "trade": null, "traffic_signals": null, "turn:lanes": null, "website": null, "label": "landuse:orchard" }, "geometry": { "type": "Polygon", "coordinates": [ [ [ 23.8507244, 37.8838331 ], [ 23.8513958, 37.8837341 ], [ 23.8513582, 37.883581 ], [ 23.851107, 37.8831701 ], [ 23.8509614, 37.8829603 ], [ 23.8503097, 37.8828597 ], [ 23.8507244, 37.8838331 ] ] ] } },
{ "type": "Feature", "properties": { "@type": "way", "@id": 1352448281, "access": null, "addr:city": null, "addr:country": null, "addr:full": null, "addr:housename": null, "addr:housenumber": null, "addr:postcode": null, "addr:street": null, "addr:unit": null, "aeroway": null, "amenity": null, "atm": null, "authentication:app": null, "authentication:membership_card": null, "barrier": null, "bench": null, "brand": null, "brand:el": null, "brand:en": null, "brand:wikidata": null, "brand:wikipedia": null, "building": null, "building:levels": null, "bus": null, "capacity": null, "check_date:shelter": null, "contact:email": null, "contact:fax": null, "contact:phone": null, "contact:website": null, "covered": null, "crossing": null, "crossing:island": null, "crossing:markings": null, "crossing_ref": null, "cuisine": null, "description": null, "direction": null, "dual_carriageway": null, "ele": null, "entrance": null, "fee": null, "fixme": null, "foot": null, "footway": null, "fuel:diesel": null, "fuel:lpg": null, "fuel:octane_100": null, "fuel:octane_95": null, "fuel:octane_98": null, "highway": null, "hoops": null, "int_name": null, "junction": null, "landuse": "orchard", "lanes": null, "layer": null, "leisure": null, "lit": null, "man_made": null, "maxspeed": null, "motorcar": null, "name": null, "name:el": null, "name:en": null, "natural": null, "network": null, "network:el": null, "network:en": null, "network:wikidata": null, "noexit": null, "old_ref": null, "oneway": null, "opening_hours": null, "operator": null, "operator:type": null, "park_ride": null, "parking": null, "parking:fee": null, "payment:app": null, "payment:website": null, "phone": null, "public_transport": null, "ref": null, "ref:EU:EVSE": null, "ref:GR:IDRO": null, "reg_ref": null, "religion": null, "route_ref": null, "service": null, "shelter": null, "shop": null, "short_name": null, "sidewalk": null, "smoothness": null, "socket:type2": null, "socket:type2:output": null, "source": null, "source:reg_ref": null, "sport": null, "surface": null, "tactile_paving": null, "takeaway": null, "tracktype": null, "trade": null, "traffic_signals": null, "turn:lanes": null, "website": null, "label": "landuse:orchard" }, "geometry": { "type": "Polygon", "coordinates": [ [ [ 23.8501565, 37.8837179 ], [ 23.8504343, 37.8837743 ], [ 23.8500585, 37.8828396 ], [ 23.8497727, 37.8827691 ], [ 23.8501565, 37.8837179 ] ] ] } },
{ "type": "Feature", "properties": { "@type": "way", "@id": 1352448282, "access": null, "addr:city": null, "addr:country": null, "addr:full": null, "addr:housename": null, "addr:housenumber": null, "addr:postcode": null, "addr:street": null, "addr:unit": null, "aeroway": null, "amenity": null, "atm": null, "authentication:app": null, "authentication:membership_card": null, "barrier": null, "bench": null, "brand": null, "brand:el": null, "brand:en": null, "brand:wikidata": null, "brand:wikipedia": null, "building": null, "building:levels": null, "bus": null, "capacity": null, "check_date:shelter": null, "contact:email": null, "contact:fax": null, "contact:phone": null, "contact:website": null, "covered": null, "crossing": null, "crossing:island": null, "crossing:markings": null, "crossing_ref": null, "cuisine": null, "description": null, "direction": null, "dual_carriageway": null, "ele": null, "entrance": null, "fee": null, "fixme": null, "foot": null, "footway": null, "fuel:diesel": null, "fuel:lpg": null, "fuel:octane_100": null, "fuel:octane_95": null, "fuel:octane_98": null, "highway": null, "hoops": null, "int_name": null, "junction": null, "landuse": "orchard", "lanes": null, "layer": null, "leisure": null, "lit": null, "man_made": null, "maxspeed": null, "motorcar": null, "name": null, "name:el": null, "name:en": null, "natural": null, "network": null, "network:el": null, "network:en": null, "network:wikidata": null, "noexit": null, "old_ref": null, "oneway": null, "opening_hours": null, "operator": null, "operator:type": null, "park_ride": null, "parking": null, "parking:fee": null, "payment:app": null, "payment:website": null, "phone": null, "public_transport": null, "ref": null, "ref:EU:EVSE": null, "ref:GR:IDRO": null, "reg_ref": null, "religion": null, "route_ref": null, "service": null, "shelter": null, "shop": null, "short_name": null, "sidewalk": null, "smoothness": null, "socket:type2": null, "socket:type2:output": null, "source": null, "source:reg_ref": null, "sport": null, "surface": null, "tactile_paving": null, "takeaway": null, "tracktype": null, "trade": null, "traffic_signals": null, "turn:lanes": null, "website": null, "label": "landuse:orchard" }, "geometry": { "type": "Polygon", "coordinates": [ [ [ 23.8513333, 37.8872802 ], [ 23.8515772, 37.8870675 ], [ 23.8515736, 37.8868779 ], [ 23.851275, 37.8861021 ], [ 23.8514134, 37.8860762 ], [ 23.8512476, 37.8855878 ], [ 23.850702, 37.8858161 ], [ 23.8513333, 37.8872802 ] ] ] } },
{ "type": "Feature", "properties": { "@type": "way", "@id": 1352448283, "access": null, "addr:city": null, "addr:country": null, "addr:full": null, "addr:housename": null, "addr:housenumber": null, "addr:postcode": null, "addr:street": null, "addr:unit": null, "aeroway": null, "amenity": null, "atm": null, "authentication:app": null, "authentication:membership_card": null, "barrier": null, "bench": null, "brand": null, "brand:el": null, "brand:en": null, "brand:wikidata": null, "brand:wikipedia": null, "building": null, "building:levels": null, "bus": null, "capacity": null, "check_date:shelter": null, "contact:email": null, "contact:fax": null, "contact:phone": null, "contact:website": null, "covered": null, "crossing": null, "crossing:island": null, "crossing:markings": null, "crossing_ref": null, "cuisine": null, "description": null, "direction": null, "dual_carriageway": null, "ele": null, "entrance": null, "fee": null, "fixme": null, "foot": null, "footway": null, "fuel:diesel": null, "fuel:lpg": null, "fuel:octane_100": null, "fuel:octane_95": null, "fuel:octane_98": null, "highway": null, "hoops": null, "int_name": null, "junction": null, "landuse": "orchard", "lanes": null, "layer": null, "leisure": null, "lit": null, "man_made": null, "maxspeed": null, "motorcar": null, "name": null, "name:el": null, "name:en": null, "natural": null, "network": null, "network:el": null, "network:en": null, "network:wikidata": null, "noexit": null, "old_ref": null, "oneway": null, "opening_hours": null, "operator": null, "operator:type": null, "park_ride": null, "parking": null, "parking:fee": null, "payment:app": null, "payment:website": null, "phone": null, "public_transport": null, "ref": null, "ref:EU:EVSE": null, "ref:GR:IDRO": null, "reg_ref": null, "religion": null, "route_ref": null, "service": null, "shelter": null, "shop": null, "short_name": null, "sidewalk": null, "smoothness": null, "socket:type2": null, "socket:type2:output": null, "source": null, "source:reg_ref": null, "sport": null, "surface": null, "tactile_paving": null, "takeaway": null, "tracktype": null, "trade": null, "traffic_signals": null, "turn:lanes": null, "website": null, "label": "landuse:orchard" }, "geometry": { "type": "Polygon", "coordinates": [ [ [ 23.8563539, 37.8876337 ], [ 23.8565244, 37.8877777 ], [ 23.8566614, 37.8878062 ], [ 23.8568751, 37.887846 ], [ 23.8568367, 37.8871275 ], [ 23.8563323, 37.8871199 ], [ 23.8563539, 37.8876337 ] ] ] } },
{ "type": "Feature", "properties": { "@type": "way", "@id": 1352448284, "access": null, "addr:city": null, "addr:country": null, "addr:full": null, "addr:housename": null, "addr:housenumber": null, "addr:postcode": null, "addr:street": null, "addr:unit": null, "aeroway": null, "amenity": null, "atm": null, "authentication:app": null, "authentication:membership_card": null, "barrier": null, "bench": null, "brand": null, "brand:el": null, "brand:en": null, "brand:wikidata": null, "brand:wikipedia": null, "building": null, "building:levels": null, "bus": null, "capacity": null, "check_date:shelter": null, "contact:email": null, "contact:fax": null, "contact:phone": null, "contact:website": null, "covered": null, "crossing": null, "crossing:island": null, "crossing:markings": null, "crossing_ref": null, "cuisine": null, "description": null, "direction": null, "dual_carriageway": null, "ele": null, "entrance": null, "fee": null, "fixme": null, "foot": null, "footway": null, "fuel:diesel": null, "fuel:lpg": null, "fuel:octane_100": null, "fuel:octane_95": null, "fuel:octane_98": null, "highway": null, "hoops": null, "int_name": null, "junction": null, "landuse": null, "lanes": null, "layer": null, "leisure": null, "lit": null, "man_made": null, "maxspeed": null, "motorcar": null, "name": null, "name:el": null, "name:en": null, "natural": "scrub", "network": null, "network:el": null, "network:en": null, "network:wikidata": null, "noexit": null, "old_ref": null, "oneway": null, "opening_hours": null, "operator": null, "operator:type": null, "park_ride": null, "parking": null, "parking:fee": null, "payment:app": null, "payment:website": null, "phone": null, "public_transport": null, "ref": null, "ref:EU:EVSE": null, "ref:GR:IDRO": null, "reg_ref": null, "religion": null, "route_ref": null, "service": null, "shelter": null, "shop": null, "short_name": null, "sidewalk": null, "smoothness": null, "socket:type2": null, "socket:type2:output": null, "source": null, "source:reg_ref": null, "sport": null, "surface": null, "tactile_paving": null, "takeaway": null, "tracktype": null, "trade": null, "traffic_signals": null, "turn:lanes": null, "website": null, "label": "natural:scrub" }, "geometry": { "type": "Polygon", "coordinates": [ [ [ 23.8561523, 37.8926167 ], [ 23.8564861, 37.8927735 ], [ 23.8563676, 37.8928863 ], [ 23.8569639, 37.8933363 ], [ 23.8568071, 37.8929023 ], [ 23.856969, 37.8928845 ], [ 23.857416, 37.8929716 ], [ 23.8577167, 37.8929825 ], [ 23.8577829, 37.8929172 ], [ 23.8579071, 37.892939 ], [ 23.858319, 37.8928092 ], [ 23.8593584, 37.8924817 ], [ 23.8592205, 37.892412 ], [ 23.8590577, 37.8922901 ], [ 23.8589445, 37.8922095 ], [ 23.8587818, 37.8922161 ], [ 23.85871, 37.8921573 ], [ 23.8586852, 37.8919308 ], [ 23.8586695, 37.8918204 ], [ 23.858641, 37.8916194 ], [ 23.8585392, 37.8913992 ], [ 23.8584579, 37.8912837 ], [ 23.8583571, 37.8910989 ], [ 23.85824, 37.8909269 ], [ 23.857892, 37.8907036 ], [ 23.8576448, 37.8906369 ], [ 23.857196, 37.8906651 ], [ 23.8567211, 37.8907498 ], [ 23.8564089, 37.8909321 ], [ 23.856126, 37.8910296 ], [ 23.8559666, 37.8910018 ], [ 23.8560033, 37.8911665 ], [ 23.856144, 37.8913538 ], [ 23.8562158, 37.8915106 ], [ 23.8560612, 37.8918176 ], [ 23.8562102, 37.8919635 ], [ 23.8562792, 37.8921268 ], [ 23.8561495, 37.8923271 ], [ 23.8559398, 37.8924077 ], [ 23.8561523, 37.8926167 ] ] ] } },
{ "type": "Feature", "properties": { "@type": "way", "@id": 1352448285, "access": null, "addr:city": null, "addr:country": null, "addr:full": null, "addr:housename": null, "addr:housenumber": null, "addr:postcode": null, "addr:street": null, "addr:unit": null, "aeroway": null, "amenity": null, "atm": null, "authentication:app": null, "authentication:membership_card": null, "barrier": null, "bench": null, "brand": null, "brand:el": null, "brand:en": null, "brand:wikidata": null, "brand:wikipedia": null, "building": null, "building:levels": null, "bus": null, "capacity": null, "check_date:shelter": null, "contact:email": null, "contact:fax": null, "contact:phone": null, "contact:website": null, "covered": null, "crossing": null, "crossing:island": null, "crossing:markings": null, "crossing_ref": null, "cuisine": null, "description": null, "direction": null, "dual_carriageway": null, "ele": null, "entrance": null, "fee": null, "fixme": null, "foot": null, "footway": null, "fuel:diesel": null, "fuel:lpg": null, "fuel:octane_100": null, "fuel:octane_95": null, "fuel:octane_98": null, "highway": null, "hoops": null, "int_name": null, "junction": null, "landuse": "farmland", "lanes": null, "layer": null, "leisure": null, "lit": null, "man_made": null, "maxspeed": null, "motorcar": null, "name": null, "name:el": null, "name:en": null, "natural": null, "network": null, "network:el": null, "network:en": null, "network:wikidata": null, "noexit": null, "old_ref": null, "oneway": null, "opening_hours": null, "operator": null, "operator:type": null, "park_ride": null, "parking": null, "parking:fee": null, "payment:app": null, "payment:website": null, "phone": null, "public_transport": null, "ref": null, "ref:EU:EVSE": null, "ref:GR:IDRO": null, "reg_ref": null, "religion": null, "route_ref": null, "service": null, "shelter": null, "shop": null, "short_name": null, "sidewalk": null, "smoothness": null, "socket:type2": null, "socket:type2:output": null, "source": null, "source:reg_ref": null, "sport": null, "surface": null, "tactile_paving": null, "takeaway": null, "tracktype": null, "trade": null, "traffic_signals": null, "turn:lanes": null, "website": null, "label": "landuse:farmland" }, "geometry": { "type": "Polygon", "coordinates": [ [ [ 23.8632991, 37.8929697 ], [ 23.8634935, 37.8933492 ], [ 23.8635312, 37.8933618 ], [ 23.8638723, 37.8932481 ], [ 23.8645837, 37.8939674 ], [ 23.8649249, 37.893876 ], [ 23.8650778, 37.8941541 ], [ 23.8658995, 37.8937788 ], [ 23.8660317, 37.8939601 ], [ 23.8660676, 37.8939367 ], [ 23.8661575, 37.8937749 ], [ 23.8665862, 37.8931594 ], [ 23.8661889, 37.8927865 ], [ 23.8665945, 37.8925258 ], [ 23.8668183, 37.8927585 ], [ 23.8670859, 37.8925505 ], [ 23.8660811, 37.8915085 ], [ 23.8656225, 37.8914571 ], [ 23.8656095, 37.8914007 ], [ 23.8655135, 37.8914202 ], [ 23.8654006, 37.8914895 ], [ 23.8652563, 37.8916165 ], [ 23.865848, 37.8923014 ], [ 23.8656076, 37.89244 ], [ 23.8650723, 37.8917881 ], [ 23.8648234, 37.8919878 ], [ 23.8645621, 37.8921726 ], [ 23.8642003, 37.8923558 ], [ 23.8635019, 37.8925852 ], [ 23.8633953, 37.8926561 ], [ 23.86332, 37.8927733 ], [ 23.8632865, 37.8928872 ], [ 23.8632991, 37.8929697 ] ] ] } },
{ "type": "Feature", "properties": { "@type": "way", "@id": 1352448286, "access": null, "addr:city": null, "addr:country": null, "addr:full": null, "addr:housename": null, "addr:housenumber": null, "addr:postcode": null, "addr:street": null, "addr:unit": null, "aeroway": null, "amenity": null, "atm": null, "authentication:app": null, "authentication:membership_card": null, "barrier": null, "bench": null, "brand": null, "brand:el": null, "brand:en": null, "brand:wikidata": null, "brand:wikipedia": null, "building": null, "building:levels": null, "bus": null, "capacity": null, "check_date:shelter": null, "contact:email": null, "contact:fax": null, "contact:phone": null, "contact:website": null, "covered": null, "crossing": null, "crossing:island": null, "crossing:markings": null, "crossing_ref": null, "cuisine": null, "description": null, "direction": null, "dual_carriageway": null, "ele": null, "entrance": null, "fee": null, "fixme": null, "foot": null, "footway": null, "fuel:diesel": null, "fuel:lpg": null, "fuel:octane_100": null, "fuel:octane_95": null, "fuel:octane_98": null, "highway": null, "hoops": null, "int_name": null, "junction": null, "landuse": "orchard", "lanes": null, "layer": null, "leisure": null, "lit": null, "man_made": null, "maxspeed": null, "motorcar": null, "name": null, "name:el": null, "name:en": null, "natural": null, "network": null, "network:el": null, "network:en": null, "network:wikidata": null, "noexit": null, "old_ref": null, "oneway": null, "opening_hours": null, "operator": null, "operator:type": null, "park_ride": null, "parking": null, "parking:fee": null, "payment:app": null, "payment:website": null, "phone": null, "public_transport": null, "ref": null, "ref:EU:EVSE": null, "ref:GR:IDRO": null, "reg_ref": null, "religion": null, "route_ref": null, "service": null, "shelter": null, "shop": null, "short_name": null, "sidewalk": null, "smoothness": null, "socket:type2": null, "socket:type2:output": null, "source": null, "source:reg_ref": null, "sport": null, "surface": null, "tactile_paving": null, "takeaway": null, "tracktype": null, "trade": null, "traffic_signals": null, "turn:lanes": null, "website": null, "label": "landuse:orchard" }, "geometry": { "type": "Polygon", "coordinates": [ [ [ 23.8656076, 37.89244 ], [ 23.865848, 37.8923014 ], [ 23.8652563, 37.8916165 ], [ 23.8650723, 37.8917881 ], [ 23.8656076, 37.89244 ] ] ] } },
{ "type": "Feature", "properties": { "@type": "way", "@id": 1352448287, "access": null, "addr:city": null, "addr:country": null, "addr:full": null, "addr:housename": null, "addr:housenumber": null, "addr:postcode": null, "addr:street": null, "addr:unit": null, "aeroway": null, "amenity": null, "atm": null, "authentication:app": null, "authentication:membership_card": null, "barrier": null, "bench": null, "brand": null, "brand:el": null, "brand:en": null, "brand:wikidata": null, "brand:wikipedia": null, "building": null, "building:levels": null, "bus": null, "capacity": null, "check_date:shelter": null, "contact:email": null, "contact:fax": null, "contact:phone": null, "contact:website": null, "covered": null, "crossing": null, "crossing:island": null, "crossing:markings": null, "crossing_ref": null, "cuisine": null, "description": null, "direction": null, "dual_carriageway": null, "ele": null, "entrance": null, "fee": null, "fixme": null, "foot": null, "footway": null, "fuel:diesel": null, "fuel:lpg": null, "fuel:octane_100": null, "fuel:octane_95": null, "fuel:octane_98": null, "highway": null, "hoops": null, "int_name": null, "junction": null, "landuse": "orchard", "lanes": null, "layer": null, "leisure": null, "lit": null, "man_made": null, "maxspeed": null, "motorcar": null, "name": null, "name:el": null, "name:en": null, "natural": null, "network": null, "network:el": null, "network:en": null, "network:wikidata": null, "noexit": null, "old_ref": null, "oneway": null, "opening_hours": null, "operator": null, "operator:type": null, "park_ride": null, "parking": null, "parking:fee": null, "payment:app": null, "payment:website": null, "phone": null, "public_transport": null, "ref": null, "ref:EU:EVSE": null, "ref:GR:IDRO": null, "reg_ref": null, "religion": null, "route_ref": null, "service": null, "shelter": null, "shop": null, "short_name": null, "sidewalk": null, "smoothness": null, "socket:type2": null, "socket:type2:output": null, "source": null, "source:reg_ref": null, "sport": null, "surface": null, "tactile_paving": null, "takeaway": null, "tracktype": null, "trade": null, "traffic_signals": null, "turn:lanes": null, "website": null, "label": "landuse:orchard" }, "geometry": { "type": "Polygon", "coordinates": [ [ [ 23.8668888, 37.8937365 ], [ 23.8671054, 37.8936431 ], [ 23.8669926, 37.8933458 ], [ 23.8667268, 37.8931059 ], [ 23.8666467, 37.8932007 ], [ 23.8665375, 37.8933774 ], [ 23.8668888, 37.8937365 ] ] ] } },
{ "type": "Feature", "properties": { "@type": "way", "@id": 1352448288, "access": null, "addr:city": null, "addr:country": null, "addr:full": null, "addr:housename": null, "addr:housenumber": null, "addr:postcode": null, "addr:street": null, "addr:unit": null, "aeroway": null, "amenity": null, "atm": null, "authentication:app": null, "authentication:membership_card": null, "barrier": null, "bench": null, "brand": null, "brand:el": null, "brand:en": null, "brand:wikidata": null, "brand:wikipedia": null, "building": null, "building:levels": null, "bus": null, "capacity": null, "check_date:shelter": null, "contact:email": null, "contact:fax": null, "contact:phone": null, "contact:website": null, "covered": null, "crossing": null, "crossing:island": null, "crossing:markings": null, "crossing_ref": null, "cuisine": null, "description": null, "direction": null, "dual_carriageway": null, "ele": null, "entrance": null, "fee": null, "fixme": null, "foot": null, "footway": null, "fuel:diesel": null, "fuel:lpg": null, "fuel:octane_100": null, "fuel:octane_95": null, "fuel:octane_98": null, "highway": null, "hoops": null, "int_name": null, "junction": null, "landuse": "farmland", "lanes": null, "layer": null, "leisure": null, "lit": null, "man_made": null, "maxspeed": null, "motorcar": null, "name": null, "name:el": null, "name:en": null, "natural": null, "network": null, "network:el": null, "network:en": null, "network:wikidata": null, "noexit": null, "old_ref": null, "oneway": null, "opening_hours": null, "operator": null, "operator:type": null, "park_ride": null, "parking": null, "parking:fee": null, "payment:app": null, "payment:website": null, "phone": null, "public_transport": null, "ref": null, "ref:EU:EVSE": null, "ref:GR:IDRO": null, "reg_ref": null, "religion": null, "route_ref": null, "service": null, "shelter": null, "shop": null, "short_name": null, "sidewalk": null, "smoothness": null, "socket:type2": null, "socket:type2:output": null, "source": null, "source:reg_ref": null, "sport": null, "surface": null, "tactile_paving": null, "takeaway": null, "tracktype": null, "trade": null, "traffic_signals": null, "turn:lanes": null, "website": null, "label": "landuse:farmland" }, "geometry": { "type": "Polygon", "coordinates": [ [ [ 23.8620192, 37.8925212 ], [ 23.8621339, 37.8924795 ], [ 23.8626909, 37.8934162 ], [ 23.862558, 37.8934693 ], [ 23.8628274, 37.8938859 ], [ 23.8632461, 37.8940971 ], [ 23.8628329, 37.8934147 ], [ 23.8630368, 37.8933458 ], [ 23.8635993, 37.8942695 ], [ 23.863825, 37.8943959 ], [ 23.8632916, 37.8935009 ], [ 23.8634209, 37.8934621 ], [ 23.8632316, 37.8930858 ], [ 23.8631751, 37.8929622 ], [ 23.8631624, 37.8928502 ], [ 23.8632006, 37.8927338 ], [ 23.863257, 37.8926175 ], [ 23.8633228, 37.892566 ], [ 23.8631696, 37.8924628 ], [ 23.8628445, 37.8924098 ], [ 23.8626914, 37.8925041 ], [ 23.8625942, 37.8925572 ], [ 23.8624448, 37.8925424 ], [ 23.8623178, 37.892454 ], [ 23.8621235, 37.8923832 ], [ 23.8619218, 37.8923655 ], [ 23.8620192, 37.8925212 ] ] ] } },
{ "type": "Feature", "properties": { "@type": "way", "@id": 1352448289, "access": null, "addr:city": null, "addr:country": null, "addr:full": null, "addr:housename": null, "addr:housenumber": null, "addr:postcode": null, "addr:street": null, "addr:unit": null, "aeroway": null, "amenity": null, "atm": null, "authentication:app": null, "authentication:membership_card": null, "barrier": null, "bench": null, "brand": null, "brand:el": null, "brand:en": null, "brand:wikidata": null, "brand:wikipedia": null, "building": null, "building:levels": null, "bus": null, "capacity": null, "check_date:shelter": null, "contact:email": null, "contact:fax": null, "contact:phone": null, "contact:website": null, "covered": null, "crossing": null, "crossing:island": null, "crossing:markings": null, "crossing_ref": null, "cuisine": null, "description": null, "direction": null, "dual_carriageway": null, "ele": null, "entrance": null, "fee": null, "fixme": null, "foot": null, "footway": null, "fuel:diesel": null, "fuel:lpg": null, "fuel:octane_100": null, "fuel:octane_95": null, "fuel:octane_98": null, "highway": null, "hoops": null, "int_name": null, "junction": null, "landuse": "farmland", "lanes": null, "layer": null, "leisure": null, "lit": null, "man_made": null, "maxspeed": null, "motorcar": null, "name": null, "name:el": null, "name:en": null, "natural": null, "network": null, "network:el": null, "network:en": null, "network:wikidata": null, "noexit": null, "old_ref": null, "oneway": null, "opening_hours": null, "operator": null, "operator:type": null, "park_ride": null, "parking": null, "parking:fee": null, "payment:app": null, "payment:website": null, "phone": null, "public_transport": null, "ref": null, "ref:EU:EVSE": null, "ref:GR:IDRO": null, "reg_ref": null, "religion": null, "route_ref": null, "service": null, "shelter": null, "shop": null, "short_name": null, "sidewalk": null, "smoothness": null, "socket:type2": null, "socket:type2:output": null, "source": null, "source:reg_ref": null, "sport": null, "surface": null, "tactile_paving": null, "takeaway": null, "tracktype": null, "trade": null, "traffic_signals": null, "turn:lanes": null, "website": null, "label": "landuse:farmland" }, "geometry": { "type": "Polygon", "coordinates": [ [ [ 23.858588, 37.891104 ], [ 23.858601, 37.8913042 ], [ 23.8585392, 37.8913992 ], [ 23.858641, 37.8916194 ], [ 23.8586695, 37.8918204 ], [ 23.8588288, 37.8916799 ], [ 23.8593171, 37.8915645 ], [ 23.859262, 37.8913794 ], [ 23.8592785, 37.8912357 ], [ 23.858884, 37.8906959 ], [ 23.8588352, 37.8906574 ], [ 23.8587571, 37.8906369 ], [ 23.8586303, 37.8906703 ], [ 23.8585295, 37.8907806 ], [ 23.8585002, 37.8909398 ], [ 23.858588, 37.891104 ] ] ] } },
{ "type": "Feature", "properties": { "@type": "way", "@id": 1352448290, "access": null, "addr:city": null, "addr:country": null, "addr:full": null, "addr:housename": null, "addr:housenumber": null, "addr:postcode": null, "addr:street": null, "addr:unit": null, "aeroway": null, "amenity": null, "atm": null, "authentication:app": null, "authentication:membership_card": null, "barrier": null, "bench": null, "brand": null, "brand:el": null, "brand:en": null, "brand:wikidata": null, "brand:wikipedia": null, "building": null, "building:levels": null, "bus": null, "capacity": null, "check_date:shelter": null, "contact:email": null, "contact:fax": null, "contact:phone": null, "contact:website": null, "covered": null, "crossing": null, "crossing:island": null, "crossing:markings": null, "crossing_ref": null, "cuisine": null, "description": null, "direction": null, "dual_carriageway": null, "ele": null, "entrance": null, "fee": null, "fixme": null, "foot": null, "footway": null, "fuel:diesel": null, "fuel:lpg": null, "fuel:octane_100": null, "fuel:octane_95": null, "fuel:octane_98": null, "highway": null, "hoops": null, "int_name": null, "junction": null, "landuse": "orchard", "lanes": null, "layer": null, "leisure": null, "lit": null, "man_made": null, "maxspeed": null, "motorcar": null, "name": null, "name:el": null, "name:en": null, "natural": null, "network": null, "network:el": null, "network:en": null, "network:wikidata": null, "noexit": null, "old_ref": null, "oneway": null, "opening_hours": null, "operator": null, "operator:type": null, "park_ride": null, "parking": null, "parking:fee": null, "payment:app": null, "payment:website": null, "phone": null, "public_transport": null, "ref": null, "ref:EU:EVSE": null, "ref:GR:IDRO": null, "reg_ref": null, "religion": null, "route_ref": null, "service": null, "shelter": null, "shop": null, "short_name": null, "sidewalk": null, "smoothness": null, "socket:type2": null, "socket:type2:output": null, "source": null, "source:reg_ref": null, "sport": null, "surface": null, "tactile_paving": null, "takeaway": null, "tracktype": null, "trade": null, "traffic_signals": null, "turn:lanes": null, "website": null, "label": "landuse:orchard" }, "geometry": { "type": "Polygon", "coordinates": [ [ [ 23.8586217, 37.8934557 ], [ 23.8586724, 37.8934495 ], [ 23.8588895, 37.893452 ], [ 23.8592287, 37.893422 ], [ 23.8594996, 37.8933519 ], [ 23.8595836, 37.8933107 ], [ 23.8596261, 37.8932949 ], [ 23.8600189, 37.8931489 ], [ 23.8599113, 37.8929181 ], [ 23.8597927, 37.8927896 ], [ 23.8596023, 37.8926481 ], [ 23.859445, 37.8924609 ], [ 23.8593584, 37.8924817 ], [ 23.858319, 37.8928092 ], [ 23.8586217, 37.8934557 ] ] ] } },
{ "type": "Feature", "properties": { "@type": "way", "@id": 1352448291, "access": null, "addr:city": null, "addr:country": null, "addr:full": null, "addr:housename": null, "addr:housenumber": null, "addr:postcode": null, "addr:street": null, "addr:unit": null, "aeroway": null, "amenity": null, "atm": null, "authentication:app": null, "authentication:membership_card": null, "barrier": null, "bench": null, "brand": null, "brand:el": null, "brand:en": null, "brand:wikidata": null, "brand:wikipedia": null, "building": null, "building:levels": null, "bus": null, "capacity": null, "check_date:shelter": null, "contact:email": null, "contact:fax": null, "contact:phone": null, "contact:website": null, "covered": null, "crossing": null, "crossing:island": null, "crossing:markings": null, "crossing_ref": null, "cuisine": null, "description": null, "direction": null, "dual_carriageway": null, "ele": null, "entrance": null, "fee": null, "fixme": null, "foot": null, "footway": null, "fuel:diesel": null, "fuel:lpg": null, "fuel:octane_100": null, "fuel:octane_95": null, "fuel:octane_98": null, "highway": null, "hoops": null, "int_name": null, "junction": null, "landuse": "farmland", "lanes": null, "layer": null, "leisure": null, "lit": null, "man_made": null, "maxspeed": null, "motorcar": null, "name": null, "name:el": null, "name:en": null, "natural": null, "network": null, "network:el": null, "network:en": null, "network:wikidata": null, "noexit": null, "old_ref": null, "oneway": null, "opening_hours": null, "operator": null, "operator:type": null, "park_ride": null, "parking": null, "parking:fee": null, "payment:app": null, "payment:website": null, "phone": null, "public_transport": null, "ref": null, "ref:EU:EVSE": null, "ref:GR:IDRO": null, "reg_ref": null, "religion": null, "route_ref": null, "service": null, "shelter": null, "shop": null, "short_name": null, "sidewalk": null, "smoothness": null, "socket:type2": null, "socket:type2:output": null, "source": null, "source:reg_ref": null, "sport": null, "surface": null, "tactile_paving": null, "takeaway": null, "tracktype": null, "trade": null, "traffic_signals": null, "turn:lanes": null, "website": null, "label": "landuse:farmland" }, "geometry": { "type": "Polygon", "coordinates": [ [ [ 23.8587034, 37.8936162 ], [ 23.8589459, 37.894202 ], [ 23.8595084, 37.8944577 ], [ 23.8594248, 37.8942729 ], [ 23.8597928, 37.8941591 ], [ 23.8599643, 37.8946178 ], [ 23.8601776, 37.8946987 ], [ 23.8601148, 37.8945832 ], [ 23.8604139, 37.8945106 ], [ 23.8605372, 37.8948026 ], [ 23.8607359, 37.8948571 ], [ 23.8610391, 37.8949643 ], [ 23.8613695, 37.895164 ], [ 23.8618629, 37.8953472 ], [ 23.8620341, 37.895378 ], [ 23.8614763, 37.8942292 ], [ 23.8619659, 37.8941367 ], [ 23.8622812, 37.8946094 ], [ 23.8624503, 37.8945509 ], [ 23.862421, 37.8945047 ], [ 23.8626678, 37.8944172 ], [ 23.8623708, 37.8939849 ], [ 23.8621868, 37.8940691 ], [ 23.8620091, 37.8937935 ], [ 23.8618251, 37.8938628 ], [ 23.8615616, 37.893409 ], [ 23.8612187, 37.893178 ], [ 23.8606729, 37.8933678 ], [ 23.8605684, 37.8933793 ], [ 23.8604032, 37.8932753 ], [ 23.8601585, 37.893112 ], [ 23.8600189, 37.8931489 ], [ 23.8596261, 37.8932949 ], [ 23.8596402, 37.8933241 ], [ 23.8595586, 37.893372 ], [ 23.8594436, 37.8934215 ], [ 23.859038, 37.8934908 ], [ 23.8587828, 37.8935205 ], [ 23.8587013, 37.8935502 ], [ 23.8587034, 37.8936162 ] ] ] } },
{ "type": "Feature", "properties": { "@type": "way", "@id": 1352448292, "access": null, "addr:city": null, "addr:country": null, "addr:full": null, "addr:housename": null, "addr:housenumber": null, "addr:postcode": null, "addr:street": null, "addr:unit": null, "aeroway": null, "amenity": null, "atm": null, "authentication:app": null, "authentication:membership_card": null, "barrier": null, "bench": null, "brand": null, "brand:el": null, "brand:en": null, "brand:wikidata": null, "brand:wikipedia": null, "building": null, "building:levels": null, "bus": null, "capacity": null, "check_date:shelter": null, "contact:email": null, "contact:fax": null, "contact:phone": null, "contact:website": null, "covered": null, "crossing": null, "crossing:island": null, "crossing:markings": null, "crossing_ref": null, "cuisine": null, "description": null, "direction": null, "dual_carriageway": null, "ele": null, "entrance": null, "fee": null, "fixme": null, "foot": null, "footway": null, "fuel:diesel": null, "fuel:lpg": null, "fuel:octane_100": null, "fuel:octane_95": null, "fuel:octane_98": null, "highway": null, "hoops": null, "int_name": null, "junction": null, "landuse": "orchard", "lanes": null, "layer": null, "leisure": null, "lit": null, "man_made": null, "maxspeed": null, "motorcar": null, "name": null, "name:el": null, "name:en": null, "natural": null, "network": null, "network:el": null, "network:en": null, "network:wikidata": null, "noexit": null, "old_ref": null, "oneway": null, "opening_hours": null, "operator": null, "operator:type": null, "park_ride": null, "parking": null, "parking:fee": null, "payment:app": null, "payment:website": null, "phone": null, "public_transport": null, "ref": null, "ref:EU:EVSE": null, "ref:GR:IDRO": null, "reg_ref": null, "religion": null, "route_ref": null, "service": null, "shelter": null, "shop": null, "short_name": null, "sidewalk": null, "smoothness": null, "socket:type2": null, "socket:type2:output": null, "source": null, "source:reg_ref": null, "sport": null, "surface": null, "tactile_paving": null, "takeaway": null, "tracktype": null, "trade": null, "traffic_signals": null, "turn:lanes": null, "website": null, "label": "landuse:orchard" }, "geometry": { "type": "Polygon", "coordinates": [ [ [ 23.8569639, 37.8933363 ], [ 23.8575348, 37.8937554 ], [ 23.8577397, 37.8938065 ], [ 23.8576979, 37.8936976 ], [ 23.857416, 37.8929716 ], [ 23.856969, 37.8928845 ], [ 23.8568071, 37.8929023 ], [ 23.8569639, 37.8933363 ] ] ] } },
{ "type": "Feature", "properties": { "@type": "way", "@id": 1352448293, "access": null, "addr:city": null, "addr:country": null, "addr:full": null, "addr:housename": null, "addr:housenumber": null, "addr:postcode": null, "addr:street": null, "addr:unit": null, "aeroway": null, "amenity": null, "atm": null, "authentication:app": null, "authentication:membership_card": null, "barrier": null, "bench": null, "brand": null, "brand:el": null, "brand:en": null, "brand:wikidata": null, "brand:wikipedia": null, "building": null, "building:levels": null, "bus": null, "capacity": null, "check_date:shelter": null, "contact:email": null, "contact:fax": null, "contact:phone": null, "contact:website": null, "covered": null, "crossing": null, "crossing:island": null, "crossing:markings": null, "crossing_ref": null, "cuisine": null, "description": null, "direction": null, "dual_carriageway": null, "ele": null, "entrance": null, "fee": null, "fixme": null, "foot": null, "footway": null, "fuel:diesel": null, "fuel:lpg": null, "fuel:octane_100": null, "fuel:octane_95": null, "fuel:octane_98": null, "highway": null, "hoops": null, "int_name": null, "junction": null, "landuse": "orchard", "lanes": null, "layer": null, "leisure": null, "lit": null, "man_made": null, "maxspeed": null, "motorcar": null, "name": null, "name:el": null, "name:en": null, "natural": null, "network": null, "network:el": null, "network:en": null, "network:wikidata": null, "noexit": null, "old_ref": null, "oneway": null, "opening_hours": null, "operator": null, "operator:type": null, "park_ride": null, "parking": null, "parking:fee": null, "payment:app": null, "payment:website": null, "phone": null, "public_transport": null, "ref": null, "ref:EU:EVSE": null, "ref:GR:IDRO": null, "reg_ref": null, "religion": null, "route_ref": null, "service": null, "shelter": null, "shop": null, "short_name": null, "sidewalk": null, "smoothness": null, "socket:type2": null, "socket:type2:output": null, "source": null, "source:reg_ref": null, "sport": null, "surface": null, "tactile_paving": null, "takeaway": null, "tracktype": null, "trade": null, "traffic_signals": null, "turn:lanes": null, "website": null, "label": "landuse:orchard" }, "geometry": { "type": "Polygon", "coordinates": [ [ [ 23.8587999, 37.8953758 ], [ 23.8586681, 37.8954039 ], [ 23.858528, 37.8951283 ], [ 23.8583754, 37.8951596 ], [ 23.858482, 37.894823 ], [ 23.8587957, 37.8947818 ], [ 23.8585991, 37.8942884 ], [ 23.8584193, 37.8942488 ], [ 23.8581224, 37.8940937 ], [ 23.8578296, 37.8940013 ], [ 23.8573932, 37.8938677 ], [ 23.8578572, 37.8948625 ], [ 23.8571628, 37.8949124 ], [ 23.858114, 37.8954996 ], [ 23.8583649, 37.8956316 ], [ 23.858386255913899, 37.895646740701856 ], [ 23.858922268769604, 37.895646740701856 ], [ 23.8587999, 37.8953758 ] ] ] } },
{ "type": "Feature", "properties": { "@type": "way", "@id": 1352449728, "access": null, "addr:city": null, "addr:country": null, "addr:full": null, "addr:housename": null, "addr:housenumber": null, "addr:postcode": null, "addr:street": null, "addr:unit": null, "aeroway": null, "amenity": null, "atm": null, "authentication:app": null, "authentication:membership_card": null, "barrier": null, "bench": null, "brand": null, "brand:el": null, "brand:en": null, "brand:wikidata": null, "brand:wikipedia": null, "building": null, "building:levels": null, "bus": null, "capacity": null, "check_date:shelter": null, "contact:email": null, "contact:fax": null, "contact:phone": null, "contact:website": null, "covered": null, "crossing": null, "crossing:island": null, "crossing:markings": null, "crossing_ref": null, "cuisine": null, "description": null, "direction": null, "dual_carriageway": null, "ele": null, "entrance": null, "fee": null, "fixme": null, "foot": null, "footway": null, "fuel:diesel": null, "fuel:lpg": null, "fuel:octane_100": null, "fuel:octane_95": null, "fuel:octane_98": null, "highway": null, "hoops": null, "int_name": null, "junction": null, "landuse": "farmland", "lanes": null, "layer": null, "leisure": null, "lit": null, "man_made": null, "maxspeed": null, "motorcar": null, "name": null, "name:el": null, "name:en": null, "natural": null, "network": null, "network:el": null, "network:en": null, "network:wikidata": null, "noexit": null, "old_ref": null, "oneway": null, "opening_hours": null, "operator": null, "operator:type": null, "park_ride": null, "parking": null, "parking:fee": null, "payment:app": null, "payment:website": null, "phone": null, "public_transport": null, "ref": null, "ref:EU:EVSE": null, "ref:GR:IDRO": null, "reg_ref": null, "religion": null, "route_ref": null, "service": null, "shelter": null, "shop": null, "short_name": null, "sidewalk": null, "smoothness": null, "socket:type2": null, "socket:type2:output": null, "source": null, "source:reg_ref": null, "sport": null, "surface": null, "tactile_paving": null, "takeaway": null, "tracktype": null, "trade": null, "traffic_signals": null, "turn:lanes": null, "website": null, "label": "landuse:farmland" }, "geometry": { "type": "Polygon", "coordinates": [ [ [ 23.8590219, 37.8947471 ], [ 23.8587957, 37.8947818 ], [ 23.858482, 37.894823 ], [ 23.8583754, 37.8951596 ], [ 23.858528, 37.8951283 ], [ 23.8586681, 37.8954039 ], [ 23.8587999, 37.8953758 ], [ 23.858922268769604, 37.895646740701856 ], [ 23.859392580140856, 37.895646740701856 ], [ 23.8590219, 37.8947471 ] ] ] } },
{ "type": "Feature", "properties": { "@type": "way", "@id": 1352449729, "access": null, "addr:city": null, "addr:country": null, "addr:full": null, "addr:housename": null, "addr:housenumber": null, "addr:postcode": null, "addr:street": null, "addr:unit": null, "aeroway": null, "amenity": null, "atm": null, "authentication:app": null, "authentication:membership_card": null, "barrier": null, "bench": null, "brand": null, "brand:el": null, "brand:en": null, "brand:wikidata": null, "brand:wikipedia": null, "building": null, "building:levels": null, "bus": null, "capacity": null, "check_date:shelter": null, "contact:email": null, "contact:fax": null, "contact:phone": null, "contact:website": null, "covered": null, "crossing": null, "crossing:island": null, "crossing:markings": null, "crossing_ref": null, "cuisine": null, "description": null, "direction": null, "dual_carriageway": null, "ele": null, "entrance": null, "fee": null, "fixme": null, "foot": null, "footway": null, "fuel:diesel": null, "fuel:lpg": null, "fuel:octane_100": null, "fuel:octane_95": null, "fuel:octane_98": null, "highway": null, "hoops": null, "int_name": null, "junction": null, "landuse": "farmland", "lanes": null, "layer": null, "leisure": null, "lit": null, "man_made": null, "maxspeed": null, "motorcar": null, "name": null, "name:el": null, "name:en": null, "natural": null, "network": null, "network:el": null, "network:en": null, "network:wikidata": null, "noexit": null, "old_ref": null, "oneway": null, "opening_hours": null, "operator": null, "operator:type": null, "park_ride": null, "parking": null, "parking:fee": null, "payment:app": null, "payment:website": null, "phone": null, "public_transport": null, "ref": null, "ref:EU:EVSE": null, "ref:GR:IDRO": null, "reg_ref": null, "religion": null, "route_ref": null, "service": null, "shelter": null, "shop": null, "short_name": null, "sidewalk": null, "smoothness": null, "socket:type2": null, "socket:type2:output": null, "source": null, "source:reg_ref": null, "sport": null, "surface": null, "tactile_paving": null, "takeaway": null, "tracktype": null, "trade": null, "traffic_signals": null, "turn:lanes": null, "website": null, "label": "landuse:farmland" }, "geometry": { "type": "Polygon", "coordinates": [ [ [ 23.8592413, 37.8950655 ], [ 23.8595544, 37.8949923 ], [ 23.859376, 37.8945024 ], [ 23.8590265, 37.8943602 ], [ 23.8589974, 37.8943588 ], [ 23.8592413, 37.8950655 ] ] ] } },
{ "type": "Feature", "properties": { "@type": "way", "@id": 1352449730, "access": null, "addr:city": null, "addr:country": null, "addr:full": null, "addr:housename": null, "addr:housenumber": null, "addr:postcode": null, "addr:street": null, "addr:unit": null, "aeroway": null, "amenity": null, "atm": null, "authentication:app": null, "authentication:membership_card": null, "barrier": null, "bench": null, "brand": null, "brand:el": null, "brand:en": null, "brand:wikidata": null, "brand:wikipedia": null, "building": null, "building:levels": null, "bus": null, "capacity": null, "check_date:shelter": null, "contact:email": null, "contact:fax": null, "contact:phone": null, "contact:website": null, "covered": null, "crossing": null, "crossing:island": null, "crossing:markings": null, "crossing_ref": null, "cuisine": null, "description": null, "direction": null, "dual_carriageway": null, "ele": null, "entrance": null, "fee": null, "fixme": null, "foot": null, "footway": null, "fuel:diesel": null, "fuel:lpg": null, "fuel:octane_100": null, "fuel:octane_95": null, "fuel:octane_98": null, "highway": null, "hoops": null, "int_name": null, "junction": null, "landuse": "orchard", "lanes": null, "layer": null, "leisure": null, "lit": null, "man_made": null, "maxspeed": null, "motorcar": null, "name": null, "name:el": null, "name:en": null, "natural": null, "network": null, "network:el": null, "network:en": null, "network:wikidata": null, "noexit": null, "old_ref": null, "oneway": null, "opening_hours": null, "operator": null, "operator:type": null, "park_ride": null, "parking": null, "parking:fee": null, "payment:app": null, "payment:website": null, "phone": null, "public_transport": null, "ref": null, "ref:EU:EVSE": null, "ref:GR:IDRO": null, "reg_ref": null, "religion": null, "route_ref": null, "service": null, "shelter": null, "shop": null, "short_name": null, "sidewalk": null, "smoothness": null, "socket:type2": null, "socket:type2:output": null, "source": null, "source:reg_ref": null, "sport": null, "surface": null, "tactile_paving": null, "takeaway": null, "tracktype": null, "trade": null, "traffic_signals": null, "turn:lanes": null, "website": null, "label": "landuse:orchard" }, "geometry": { "type": "Polygon", "coordinates": [ [ [ 23.8601096, 37.8947642 ], [ 23.8596454, 37.8946062 ], [ 23.8597947, 37.894961 ], [ 23.8596545, 37.8949969 ], [ 23.8595544, 37.8949923 ], [ 23.8592413, 37.8950655 ], [ 23.859480865860249, 37.895646740701856 ], [ 23.859924752650894, 37.895646740701856 ], [ 23.8598784, 37.8955471 ], [ 23.8601642, 37.895471 ], [ 23.860233872051381, 37.895646740701856 ], [ 23.860446366989862, 37.895646740701856 ], [ 23.8601096, 37.8947642 ] ] ] } },
{ "type": "Feature", "properties": { "@type": "way", "@id": 1352449735, "access": null, "addr:city": null, "addr:country": null, "addr:full": null, "addr:housename": null, "addr:housenumber": null, "addr:postcode": null, "addr:street": null, "addr:unit": null, "aeroway": null, "amenity": null, "atm": null, "authentication:app": null, "authentication:membership_card": null, "barrier": null, "bench": null, "brand": null, "brand:el": null, "brand:en": null, "brand:wikidata": null, "brand:wikipedia": null, "building": null, "building:levels": null, "bus": null, "capacity": null, "check_date:shelter": null, "contact:email": null, "contact:fax": null, "contact:phone": null, "contact:website": null, "covered": null, "crossing": null, "crossing:island": null, "crossing:markings": null, "crossing_ref": null, "cuisine": null, "description": null, "direction": null, "dual_carriageway": null, "ele": null, "entrance": null, "fee": null, "fixme": null, "foot": null, "footway": null, "fuel:diesel": null, "fuel:lpg": null, "fuel:octane_100": null, "fuel:octane_95": null, "fuel:octane_98": null, "highway": null, "hoops": null, "int_name": null, "junction": null, "landuse": null, "lanes": null, "layer": null, "leisure": null, "lit": null, "man_made": null, "maxspeed": null, "motorcar": null, "name": null, "name:el": null, "name:en": null, "natural": "scrub", "network": null, "network:el": null, "network:en": null, "network:wikidata": null, "noexit": null, "old_ref": null, "oneway": null, "opening_hours": null, "operator": null, "operator:type": null, "park_ride": null, "parking": null, "parking:fee": null, "payment:app": null, "payment:website": null, "phone": null, "public_transport": null, "ref": null, "ref:EU:EVSE": null, "ref:GR:IDRO": null, "reg_ref": null, "religion": null, "route_ref": null, "service": null, "shelter": null, "shop": null, "short_name": null, "sidewalk": null, "smoothness": null, "socket:type2": null, "socket:type2:output": null, "source": null, "source:reg_ref": null, "sport": null, "surface": null, "tactile_paving": null, "takeaway": null, "tracktype": null, "trade": null, "traffic_signals": null, "turn:lanes": null, "website": null, "label": "natural:scrub" }, "geometry": { "type": "Polygon", "coordinates": [ [ [ 23.8510353, 37.8915082 ], [ 23.8516012, 37.8916618 ], [ 23.8517518, 37.8915396 ], [ 23.8522034, 37.8912789 ], [ 23.8526655, 37.8910545 ], [ 23.8528642, 37.8909109 ], [ 23.8532636, 37.8905825 ], [ 23.8535333, 37.8903086 ], [ 23.8536086, 37.8901337 ], [ 23.8536609, 37.8898696 ], [ 23.8536818, 37.8896303 ], [ 23.8536906, 37.8893937 ], [ 23.8533917, 37.8894202 ], [ 23.8530965, 37.8895205 ], [ 23.8528612, 37.8897003 ], [ 23.8527603, 37.8899627 ], [ 23.8527104, 37.8902429 ], [ 23.8527104, 37.8904376 ], [ 23.8524422, 37.8906704 ], [ 23.852115, 37.890899 ], [ 23.8516751, 37.8908948 ], [ 23.851321, 37.8907974 ], [ 23.8508892, 37.8906408 ], [ 23.8504444, 37.8914555 ], [ 23.8510353, 37.8915082 ] ] ] } },
{ "type": "Feature", "properties": { "@type": "way", "@id": 1352449737, "access": null, "addr:city": null, "addr:country": null, "addr:full": null, "addr:housename": null, "addr:housenumber": null, "addr:postcode": null, "addr:street": null, "addr:unit": null, "aeroway": null, "amenity": null, "atm": null, "authentication:app": null, "authentication:membership_card": null, "barrier": null, "bench": null, "brand": null, "brand:el": null, "brand:en": null, "brand:wikidata": null, "brand:wikipedia": null, "building": null, "building:levels": null, "bus": null, "capacity": null, "check_date:shelter": null, "contact:email": null, "contact:fax": null, "contact:phone": null, "contact:website": null, "covered": null, "crossing": null, "crossing:island": null, "crossing:markings": null, "crossing_ref": null, "cuisine": null, "description": null, "direction": null, "dual_carriageway": null, "ele": null, "entrance": null, "fee": null, "fixme": null, "foot": null, "footway": null, "fuel:diesel": null, "fuel:lpg": null, "fuel:octane_100": null, "fuel:octane_95": null, "fuel:octane_98": null, "highway": null, "hoops": null, "int_name": null, "junction": null, "landuse": null, "lanes": null, "layer": null, "leisure": null, "lit": null, "man_made": null, "maxspeed": null, "motorcar": null, "name": null, "name:el": null, "name:en": null, "natural": "scrub", "network": null, "network:el": null, "network:en": null, "network:wikidata": null, "noexit": null, "old_ref": null, "oneway": null, "opening_hours": null, "operator": null, "operator:type": null, "park_ride": null, "parking": null, "parking:fee": null, "payment:app": null, "payment:website": null, "phone": null, "public_transport": null, "ref": null, "ref:EU:EVSE": null, "ref:GR:IDRO": null, "reg_ref": null, "religion": null, "route_ref": null, "service": null, "shelter": null, "shop": null, "short_name": null, "sidewalk": null, "smoothness": null, "socket:type2": null, "socket:type2:output": null, "source": null, "source:reg_ref": null, "sport": null, "surface": null, "tactile_paving": null, "takeaway": null, "tracktype": null, "trade": null, "traffic_signals": null, "turn:lanes": null, "website": null, "label": "natural:scrub" }, "geometry": { "type": "Polygon", "coordinates": [ [ [ 23.8534012, 37.8915868 ], [ 23.853253, 37.8912572 ], [ 23.8532625, 37.8911246 ], [ 23.8534305, 37.8910071 ], [ 23.8536365, 37.8909545 ], [ 23.8538489, 37.8908395 ], [ 23.8539883, 37.8906819 ], [ 23.8539915, 37.8905443 ], [ 23.8541024, 37.8904593 ], [ 23.8545461, 37.8904293 ], [ 23.8549075, 37.8903867 ], [ 23.8552624, 37.8903292 ], [ 23.8554463, 37.8902542 ], [ 23.8555665, 37.8901929 ], [ 23.8554885, 37.8899567 ], [ 23.8554007, 37.8896821 ], [ 23.855147, 37.889623 ], [ 23.8550201, 37.8894177 ], [ 23.8549388, 37.8891995 ], [ 23.8550397, 37.889102 ], [ 23.8548758, 37.8891336 ], [ 23.8546888, 37.8891186 ], [ 23.8548207, 37.8884297 ], [ 23.854458, 37.8883312 ], [ 23.8542226, 37.8883691 ], [ 23.8540689, 37.888424 ], [ 23.8539897, 37.8884961 ], [ 23.8539032, 37.8886648 ], [ 23.8538551, 37.888898 ], [ 23.8538335, 37.8892543 ], [ 23.8537663, 37.8897965 ], [ 23.8537062, 37.8902325 ], [ 23.8535909, 37.8905017 ], [ 23.8534324, 37.8906249 ], [ 23.8532138, 37.8907689 ], [ 23.8529088, 37.8910571 ], [ 23.852728, 37.8911811 ], [ 23.8534012, 37.8915868 ] ] ] } },
{ "type": "Feature", "properties": { "@type": "way", "@id": 1352449738, "access": null, "addr:city": null, "addr:country": null, "addr:full": null, "addr:housename": null, "addr:housenumber": null, "addr:postcode": null, "addr:street": null, "addr:unit": null, "aeroway": null, "amenity": null, "atm": null, "authentication:app": null, "authentication:membership_card": null, "barrier": null, "bench": null, "brand": null, "brand:el": null, "brand:en": null, "brand:wikidata": null, "brand:wikipedia": null, "building": null, "building:levels": null, "bus": null, "capacity": null, "check_date:shelter": null, "contact:email": null, "contact:fax": null, "contact:phone": null, "contact:website": null, "covered": null, "crossing": null, "crossing:island": null, "crossing:markings": null, "crossing_ref": null, "cuisine": null, "description": null, "direction": null, "dual_carriageway": null, "ele": null, "entrance": null, "fee": null, "fixme": null, "foot": null, "footway": null, "fuel:diesel": null, "fuel:lpg": null, "fuel:octane_100": null, "fuel:octane_95": null, "fuel:octane_98": null, "highway": null, "hoops": null, "int_name": null, "junction": null, "landuse": "orchard", "lanes": null, "layer": null, "leisure": null, "lit": null, "man_made": null, "maxspeed": null, "motorcar": null, "name": null, "name:el": null, "name:en": null, "natural": null, "network": null, "network:el": null, "network:en": null, "network:wikidata": null, "noexit": null, "old_ref": null, "oneway": null, "opening_hours": null, "operator": null, "operator:type": null, "park_ride": null, "parking": null, "parking:fee": null, "payment:app": null, "payment:website": null, "phone": null, "public_transport": null, "ref": null, "ref:EU:EVSE": null, "ref:GR:IDRO": null, "reg_ref": null, "religion": null, "route_ref": null, "service": null, "shelter": null, "shop": null, "short_name": null, "sidewalk": null, "smoothness": null, "socket:type2": null, "socket:type2:output": null, "source": null, "source:reg_ref": null, "sport": null, "surface": null, "tactile_paving": null, "takeaway": null, "tracktype": null, "trade": null, "traffic_signals": null, "turn:lanes": null, "website": null, "label": "landuse:orchard" }, "geometry": { "type": "Polygon", "coordinates": [ [ [ 23.8554582, 37.8918409 ], [ 23.8557505, 37.8929596 ], [ 23.856001, 37.8937261 ], [ 23.8562739, 37.8936104 ], [ 23.8561274, 37.8929033 ], [ 23.8563676, 37.8928863 ], [ 23.8564861, 37.8927735 ], [ 23.8561523, 37.8926167 ], [ 23.8559398, 37.8924077 ], [ 23.8561495, 37.8923271 ], [ 23.8562792, 37.8921268 ], [ 23.8562102, 37.8919635 ], [ 23.8560612, 37.8918176 ], [ 23.8562158, 37.8915106 ], [ 23.856144, 37.8913538 ], [ 23.8560033, 37.8911665 ], [ 23.8559666, 37.8910018 ], [ 23.8559861, 37.8907781 ], [ 23.8560381, 37.8904983 ], [ 23.8559763, 37.8903238 ], [ 23.8555665, 37.8901929 ], [ 23.8555883, 37.8903646 ], [ 23.8556134, 37.8905623 ], [ 23.8555605, 37.8908372 ], [ 23.8554933, 37.8912637 ], [ 23.855438, 37.8916219 ], [ 23.8554582, 37.8918409 ] ] ] } },
{ "type": "Feature", "properties": { "@type": "way", "@id": 1352505382, "access": null, "addr:city": null, "addr:country": null, "addr:full": null, "addr:housename": null, "addr:housenumber": null, "addr:postcode": null, "addr:street": null, "addr:unit": null, "aeroway": null, "amenity": null, "atm": null, "authentication:app": null, "authentication:membership_card": null, "barrier": null, "bench": null, "brand": null, "brand:el": null, "brand:en": null, "brand:wikidata": null, "brand:wikipedia": null, "building": null, "building:levels": null, "bus": null, "capacity": null, "check_date:shelter": null, "contact:email": null, "contact:fax": null, "contact:phone": null, "contact:website": null, "covered": null, "crossing": null, "crossing:island": null, "crossing:markings": null, "crossing_ref": null, "cuisine": null, "description": null, "direction": null, "dual_carriageway": null, "ele": null, "entrance": null, "fee": null, "fixme": null, "foot": null, "footway": null, "fuel:diesel": null, "fuel:lpg": null, "fuel:octane_100": null, "fuel:octane_95": null, "fuel:octane_98": null, "highway": null, "hoops": null, "int_name": null, "junction": null, "landuse": null, "lanes": null, "layer": null, "leisure": null, "lit": null, "man_made": null, "maxspeed": null, "motorcar": null, "name": null, "name:el": null, "name:en": null, "natural": "wood", "network": null, "network:el": null, "network:en": null, "network:wikidata": null, "noexit": null, "old_ref": null, "oneway": null, "opening_hours": null, "operator": null, "operator:type": null, "park_ride": null, "parking": null, "parking:fee": null, "payment:app": null, "payment:website": null, "phone": null, "public_transport": null, "ref": null, "ref:EU:EVSE": null, "ref:GR:IDRO": null, "reg_ref": null, "religion": null, "route_ref": null, "service": null, "shelter": null, "shop": null, "short_name": null, "sidewalk": null, "smoothness": null, "socket:type2": null, "socket:type2:output": null, "source": null, "source:reg_ref": null, "sport": null, "surface": null, "tactile_paving": null, "takeaway": null, "tracktype": null, "trade": null, "traffic_signals": null, "turn:lanes": null, "website": null, "label": "natural:wood" }, "geometry": { "type": "Polygon", "coordinates": [ [ [ 23.8534012, 37.8915868 ], [ 23.8539793, 37.8916809 ], [ 23.8550058, 37.8916299 ], [ 23.8554582, 37.8918409 ], [ 23.855438, 37.8916219 ], [ 23.855147, 37.89156 ], [ 23.8549027, 37.8915132 ], [ 23.8544472, 37.8915469 ], [ 23.8541578, 37.8915637 ], [ 23.8539846, 37.8915675 ], [ 23.8538969, 37.8915057 ], [ 23.8539206, 37.8914158 ], [ 23.8540629, 37.8913204 ], [ 23.8542337, 37.8912679 ], [ 23.8545919, 37.8912211 ], [ 23.8548576, 37.8911275 ], [ 23.8551091, 37.8909572 ], [ 23.8552562, 37.8907606 ], [ 23.8553036, 37.8905771 ], [ 23.8553653, 37.8904947 ], [ 23.8554578, 37.8904086 ], [ 23.8555883, 37.8903646 ], [ 23.8555665, 37.8901929 ], [ 23.8554463, 37.8902542 ], [ 23.8552624, 37.8903292 ], [ 23.8549075, 37.8903867 ], [ 23.8545461, 37.8904293 ], [ 23.8541024, 37.8904593 ], [ 23.8539915, 37.8905443 ], [ 23.8539883, 37.8906819 ], [ 23.8538489, 37.8908395 ], [ 23.8536365, 37.8909545 ], [ 23.8534305, 37.8910071 ], [ 23.8532625, 37.8911246 ], [ 23.853253, 37.8912572 ], [ 23.8534012, 37.8915868 ] ] ] } },
{ "type": "Feature", "properties": { "@type": "way", "@id": 1354431233, "access": null, "addr:city": null, "addr:country": null, "addr:full": null, "addr:housename": null, "addr:housenumber": null, "addr:postcode": null, "addr:street": null, "addr:unit": null, "aeroway": null, "amenity": null, "atm": null, "authentication:app": null, "authentication:membership_card": null, "barrier": null, "bench": null, "brand": null, "brand:el": null, "brand:en": null, "brand:wikidata": null, "brand:wikipedia": null, "building": null, "building:levels": null, "bus": null, "capacity": null, "check_date:shelter": null, "contact:email": null, "contact:fax": null, "contact:phone": null, "contact:website": null, "covered": null, "crossing": null, "crossing:island": null, "crossing:markings": null, "crossing_ref": null, "cuisine": null, "description": null, "direction": null, "dual_carriageway": null, "ele": null, "entrance": null, "fee": null, "fixme": null, "foot": null, "footway": null, "fuel:diesel": null, "fuel:lpg": null, "fuel:octane_100": null, "fuel:octane_95": null, "fuel:octane_98": null, "highway": null, "hoops": null, "int_name": null, "junction": null, "landuse": "farmland", "lanes": null, "layer": null, "leisure": null, "lit": null, "man_made": null, "maxspeed": null, "motorcar": null, "name": null, "name:el": null, "name:en": null, "natural": null, "network": null, "network:el": null, "network:en": null, "network:wikidata": null, "noexit": null, "old_ref": null, "oneway": null, "opening_hours": null, "operator": null, "operator:type": null, "park_ride": null, "parking": null, "parking:fee": null, "payment:app": null, "payment:website": null, "phone": null, "public_transport": null, "ref": null, "ref:EU:EVSE": null, "ref:GR:IDRO": null, "reg_ref": null, "religion": null, "route_ref": null, "service": null, "shelter": null, "shop": null, "short_name": null, "sidewalk": null, "smoothness": null, "socket:type2": null, "socket:type2:output": null, "source": null, "source:reg_ref": null, "sport": null, "surface": null, "tactile_paving": null, "takeaway": null, "tracktype": null, "trade": null, "traffic_signals": null, "turn:lanes": null, "website": null, "label": "landuse:farmland" }, "geometry": { "type": "Polygon", "coordinates": [ [ [ 23.8460918, 37.8744746 ], [ 23.8458994, 37.8752796 ], [ 23.846068, 37.8753426 ], [ 23.8469802, 37.8750436 ], [ 23.8473956, 37.8757096 ], [ 23.8493023, 37.8759288 ], [ 23.8502316, 37.8762253 ], [ 23.8501793, 37.8764635 ], [ 23.8501465, 37.8768048 ], [ 23.8505047, 37.8765667 ], [ 23.8505571, 37.8758896 ], [ 23.8507095, 37.8758214 ], [ 23.8511783, 37.8758237 ], [ 23.8512732, 37.8750201 ], [ 23.8520698, 37.8750655 ], [ 23.8522797, 37.8740258 ], [ 23.852422364143322, 37.873309236916491 ], [ 23.845754751940998, 37.873309236916491 ], [ 23.845754751940998, 37.874368063930518 ], [ 23.8460918, 37.8744746 ] ] ] } },
{ "type": "Feature", "properties": { "@type": "way", "@id": 1354611525, "access": null, "addr:city": null, "addr:country": null, "addr:full": null, "addr:housename": null, "addr:housenumber": null, "addr:postcode": null, "addr:street": null, "addr:unit": null, "aeroway": null, "amenity": null, "atm": null, "authentication:app": null, "authentication:membership_card": null, "barrier": null, "bench": null, "brand": null, "brand:el": null, "brand:en": null, "brand:wikidata": null, "brand:wikipedia": null, "building": null, "building:levels": null, "bus": null, "capacity": null, "check_date:shelter": null, "contact:email": null, "contact:fax": null, "contact:phone": null, "contact:website": null, "covered": null, "crossing": null, "crossing:island": null, "crossing:markings": null, "crossing_ref": null, "cuisine": null, "description": null, "direction": null, "dual_carriageway": null, "ele": null, "entrance": null, "fee": null, "fixme": null, "foot": null, "footway": null, "fuel:diesel": null, "fuel:lpg": null, "fuel:octane_100": null, "fuel:octane_95": null, "fuel:octane_98": null, "highway": null, "hoops": null, "int_name": null, "junction": null, "landuse": "industrial", "lanes": null, "layer": null, "leisure": null, "lit": null, "man_made": null, "maxspeed": null, "motorcar": null, "name": null, "name:el": null, "name:en": null, "natural": null, "network": null, "network:el": null, "network:en": null, "network:wikidata": null, "noexit": null, "old_ref": null, "oneway": null, "opening_hours": null, "operator": null, "operator:type": null, "park_ride": null, "parking": null, "parking:fee": null, "payment:app": null, "payment:website": null, "phone": null, "public_transport": null, "ref": null, "ref:EU:EVSE": null, "ref:GR:IDRO": null, "reg_ref": null, "religion": null, "route_ref": null, "service": null, "shelter": null, "shop": null, "short_name": null, "sidewalk": null, "smoothness": null, "socket:type2": null, "socket:type2:output": null, "source": null, "source:reg_ref": null, "sport": null, "surface": null, "tactile_paving": null, "takeaway": null, "tracktype": null, "trade": null, "traffic_signals": null, "turn:lanes": null, "website": null, "label": "landuse:industrial" }, "geometry": { "type": "Polygon", "coordinates": [ [ [ 23.8695346, 37.8735215 ], [ 23.8699463, 37.8735604 ], [ 23.8701508, 37.8735575 ], [ 23.8704762, 37.8734943 ], [ 23.8707966, 37.8733844 ], [ 23.870958200629541, 37.873309236916491 ], [ 23.869486293571018, 37.873309236916491 ], [ 23.8695346, 37.8735215 ] ] ] } },
{ "type": "Feature", "properties": { "@type": "way", "@id": 1354611534, "access": null, "addr:city": null, "addr:country": null, "addr:full": null, "addr:housename": null, "addr:housenumber": null, "addr:postcode": null, "addr:street": null, "addr:unit": null, "aeroway": null, "amenity": null, "atm": null, "authentication:app": null, "authentication:membership_card": null, "barrier": null, "bench": null, "brand": null, "brand:el": null, "brand:en": null, "brand:wikidata": null, "brand:wikipedia": null, "building": null, "building:levels": null, "bus": null, "capacity": null, "check_date:shelter": null, "contact:email": null, "contact:fax": null, "contact:phone": null, "contact:website": null, "covered": null, "crossing": null, "crossing:island": null, "crossing:markings": null, "crossing_ref": null, "cuisine": null, "description": null, "direction": null, "dual_carriageway": null, "ele": null, "entrance": null, "fee": null, "fixme": null, "foot": null, "footway": null, "fuel:diesel": null, "fuel:lpg": null, "fuel:octane_100": null, "fuel:octane_95": null, "fuel:octane_98": null, "highway": null, "hoops": null, "int_name": null, "junction": null, "landuse": "industrial", "lanes": null, "layer": null, "leisure": null, "lit": null, "man_made": null, "maxspeed": null, "motorcar": null, "name": null, "name:el": null, "name:en": null, "natural": null, "network": null, "network:el": null, "network:en": null, "network:wikidata": null, "noexit": null, "old_ref": null, "oneway": null, "opening_hours": null, "operator": null, "operator:type": null, "park_ride": null, "parking": null, "parking:fee": null, "payment:app": null, "payment:website": null, "phone": null, "public_transport": null, "ref": null, "ref:EU:EVSE": null, "ref:GR:IDRO": null, "reg_ref": null, "religion": null, "route_ref": null, "service": null, "shelter": null, "shop": null, "short_name": null, "sidewalk": null, "smoothness": null, "socket:type2": null, "socket:type2:output": null, "source": null, "source:reg_ref": null, "sport": null, "surface": null, "tactile_paving": null, "takeaway": null, "tracktype": null, "trade": null, "traffic_signals": null, "turn:lanes": null, "website": null, "label": "landuse:industrial" }, "geometry": { "type": "Polygon", "coordinates": [ [ [ 23.8729614, 37.8751538 ], [ 23.8731076, 37.8756845 ], [ 23.8731569, 37.8757997 ], [ 23.8732835, 37.8760538 ], [ 23.8733776, 37.8761894 ], [ 23.8744944, 37.8757808 ], [ 23.8744015, 37.8756219 ], [ 23.87488, 37.8754627 ], [ 23.8748178, 37.8753441 ], [ 23.8753328, 37.8751713 ], [ 23.8752898, 37.8750917 ], [ 23.8743178, 37.8754406 ], [ 23.8741976, 37.8753373 ], [ 23.8740839, 37.8753848 ], [ 23.8739487, 37.8749766 ], [ 23.8743049, 37.8748817 ], [ 23.8744702, 37.8748326 ], [ 23.8750445, 37.8746215 ], [ 23.8755666, 37.8744295 ], [ 23.8754679, 37.8739671 ], [ 23.8753907, 37.8738231 ], [ 23.8752941, 37.873818 ], [ 23.8736891, 37.8741178 ], [ 23.872539, 37.8742194 ], [ 23.8729614, 37.8751538 ] ] ] } },
{ "type": "Feature", "properties": { "@type": "way", "@id": 1354611535, "access": null, "addr:city": null, "addr:country": null, "addr:full": null, "addr:housename": null, "addr:housenumber": null, "addr:postcode": null, "addr:street": null, "addr:unit": null, "aeroway": null, "amenity": null, "atm": null, "authentication:app": null, "authentication:membership_card": null, "barrier": null, "bench": null, "brand": null, "brand:el": null, "brand:en": null, "brand:wikidata": null, "brand:wikipedia": null, "building": null, "building:levels": null, "bus": null, "capacity": null, "check_date:shelter": null, "contact:email": null, "contact:fax": null, "contact:phone": null, "contact:website": null, "covered": null, "crossing": null, "crossing:island": null, "crossing:markings": null, "crossing_ref": null, "cuisine": null, "description": null, "direction": null, "dual_carriageway": null, "ele": null, "entrance": null, "fee": null, "fixme": null, "foot": null, "footway": null, "fuel:diesel": null, "fuel:lpg": null, "fuel:octane_100": null, "fuel:octane_95": null, "fuel:octane_98": null, "highway": null, "hoops": null, "int_name": null, "junction": null, "landuse": "industrial", "lanes": null, "layer": null, "leisure": null, "lit": null, "man_made": null, "maxspeed": null, "motorcar": null, "name": null, "name:el": null, "name:en": null, "natural": null, "network": null, "network:el": null, "network:en": null, "network:wikidata": null, "noexit": null, "old_ref": null, "oneway": null, "opening_hours": null, "operator": null, "operator:type": null, "park_ride": null, "parking": null, "parking:fee": null, "payment:app": null, "payment:website": null, "phone": null, "public_transport": null, "ref": null, "ref:EU:EVSE": null, "ref:GR:IDRO": null, "reg_ref": null, "religion": null, "route_ref": null, "service": null, "shelter": null, "shop": null, "short_name": null, "sidewalk": null, "smoothness": null, "socket:type2": null, "socket:type2:output": null, "source": null, "source:reg_ref": null, "sport": null, "surface": null, "tactile_paving": null, "takeaway": null, "tracktype": null, "trade": null, "traffic_signals": null, "turn:lanes": null, "website": null, "label": "landuse:industrial" }, "geometry": { "type": "Polygon", "coordinates": [ [ [ 23.8710011, 37.8749758 ], [ 23.8713345, 37.8749592 ], [ 23.871367, 37.875144 ], [ 23.8712157, 37.875153 ], [ 23.8713003, 37.8755265 ], [ 23.8714288, 37.8756356 ], [ 23.8715166, 37.8758821 ], [ 23.8716828, 37.876069 ], [ 23.8717641, 37.8760207 ], [ 23.8729237, 37.8755201 ], [ 23.8728501, 37.8752107 ], [ 23.8727704, 37.8750131 ], [ 23.8725671, 37.8745522 ], [ 23.8716906, 37.8746331 ], [ 23.8717117, 37.8748115 ], [ 23.8709783, 37.8748693 ], [ 23.8710011, 37.8749758 ] ] ] } },
{ "type": "Feature", "properties": { "@type": "way", "@id": 1354611536, "access": null, "addr:city": null, "addr:country": null, "addr:full": null, "addr:housename": null, "addr:housenumber": null, "addr:postcode": null, "addr:street": null, "addr:unit": null, "aeroway": null, "amenity": null, "atm": null, "authentication:app": null, "authentication:membership_card": null, "barrier": null, "bench": null, "brand": null, "brand:el": null, "brand:en": null, "brand:wikidata": null, "brand:wikipedia": null, "building": null, "building:levels": null, "bus": null, "capacity": null, "check_date:shelter": null, "contact:email": null, "contact:fax": null, "contact:phone": null, "contact:website": null, "covered": null, "crossing": null, "crossing:island": null, "crossing:markings": null, "crossing_ref": null, "cuisine": null, "description": null, "direction": null, "dual_carriageway": null, "ele": null, "entrance": null, "fee": null, "fixme": null, "foot": null, "footway": null, "fuel:diesel": null, "fuel:lpg": null, "fuel:octane_100": null, "fuel:octane_95": null, "fuel:octane_98": null, "highway": null, "hoops": null, "int_name": null, "junction": null, "landuse": "orchard", "lanes": null, "layer": null, "leisure": null, "lit": null, "man_made": null, "maxspeed": null, "motorcar": null, "name": null, "name:el": null, "name:en": null, "natural": null, "network": null, "network:el": null, "network:en": null, "network:wikidata": null, "noexit": null, "old_ref": null, "oneway": null, "opening_hours": null, "operator": null, "operator:type": null, "park_ride": null, "parking": null, "parking:fee": null, "payment:app": null, "payment:website": null, "phone": null, "public_transport": null, "ref": null, "ref:EU:EVSE": null, "ref:GR:IDRO": null, "reg_ref": null, "religion": null, "route_ref": null, "service": null, "shelter": null, "shop": null, "short_name": null, "sidewalk": null, "smoothness": null, "socket:type2": null, "socket:type2:output": null, "source": null, "source:reg_ref": null, "sport": null, "surface": null, "tactile_paving": null, "takeaway": null, "tracktype": null, "trade": null, "traffic_signals": null, "turn:lanes": null, "website": null, "label": "landuse:orchard" }, "geometry": { "type": "Polygon", "coordinates": [ [ [ 23.8752666, 37.8735448 ], [ 23.8752802, 37.8735684 ], [ 23.8752094, 37.8735835 ], [ 23.8724614, 37.8739081 ], [ 23.872539, 37.8742194 ], [ 23.8736891, 37.8741178 ], [ 23.8752941, 37.873818 ], [ 23.8753907, 37.8738231 ], [ 23.8754679, 37.8739671 ], [ 23.8755666, 37.8744295 ], [ 23.8750445, 37.8746215 ], [ 23.8752547, 37.8749847 ], [ 23.8755835, 37.8750039 ], [ 23.87572305575911, 37.874968950802987 ], [ 23.87572305575911, 37.873452386475719 ], [ 23.8752666, 37.8735448 ] ] ] } },
{ "type": "Feature", "properties": { "@type": "way", "@id": 1354611538, "access": null, "addr:city": null, "addr:country": null, "addr:full": null, "addr:housename": null, "addr:housenumber": null, "addr:postcode": null, "addr:street": null, "addr:unit": null, "aeroway": null, "amenity": null, "atm": null, "authentication:app": null, "authentication:membership_card": null, "barrier": null, "bench": null, "brand": null, "brand:el": null, "brand:en": null, "brand:wikidata": null, "brand:wikipedia": null, "building": null, "building:levels": null, "bus": null, "capacity": null, "check_date:shelter": null, "contact:email": null, "contact:fax": null, "contact:phone": null, "contact:website": null, "covered": null, "crossing": null, "crossing:island": null, "crossing:markings": null, "crossing_ref": null, "cuisine": null, "description": null, "direction": null, "dual_carriageway": null, "ele": null, "entrance": null, "fee": null, "fixme": null, "foot": null, "footway": null, "fuel:diesel": null, "fuel:lpg": null, "fuel:octane_100": null, "fuel:octane_95": null, "fuel:octane_98": null, "highway": null, "hoops": null, "int_name": null, "junction": null, "landuse": "farmland", "lanes": null, "layer": null, "leisure": null, "lit": null, "man_made": null, "maxspeed": null, "motorcar": null, "name": null, "name:el": null, "name:en": null, "natural": null, "network": null, "network:el": null, "network:en": null, "network:wikidata": null, "noexit": null, "old_ref": null, "oneway": null, "opening_hours": null, "operator": null, "operator:type": null, "park_ride": null, "parking": null, "parking:fee": null, "payment:app": null, "payment:website": null, "phone": null, "public_transport": null, "ref": null, "ref:EU:EVSE": null, "ref:GR:IDRO": null, "reg_ref": null, "religion": null, "route_ref": null, "service": null, "shelter": null, "shop": null, "short_name": null, "sidewalk": null, "smoothness": null, "socket:type2": null, "socket:type2:output": null, "source": null, "source:reg_ref": null, "sport": null, "surface": null, "tactile_paving": null, "takeaway": null, "tracktype": null, "trade": null, "traffic_signals": null, "turn:lanes": null, "website": null, "label": "landuse:farmland" }, "geometry": { "type": "Polygon", "coordinates": [ [ [ 23.8740839, 37.8753848 ], [ 23.8741976, 37.8753373 ], [ 23.8743178, 37.8754406 ], [ 23.8752898, 37.8750917 ], [ 23.8752547, 37.8749847 ], [ 23.8750445, 37.8746215 ], [ 23.8744702, 37.8748326 ], [ 23.8743049, 37.8748817 ], [ 23.8739487, 37.8749766 ], [ 23.8740839, 37.8753848 ] ] ] } },
{ "type": "Feature", "properties": { "@type": "way", "@id": 1354611542, "access": null, "addr:city": null, "addr:country": null, "addr:full": null, "addr:housename": null, "addr:housenumber": null, "addr:postcode": null, "addr:street": null, "addr:unit": null, "aeroway": null, "amenity": null, "atm": null, "authentication:app": null, "authentication:membership_card": null, "barrier": null, "bench": null, "brand": null, "brand:el": null, "brand:en": null, "brand:wikidata": null, "brand:wikipedia": null, "building": null, "building:levels": null, "bus": null, "capacity": null, "check_date:shelter": null, "contact:email": null, "contact:fax": null, "contact:phone": null, "contact:website": null, "covered": null, "crossing": null, "crossing:island": null, "crossing:markings": null, "crossing_ref": null, "cuisine": null, "description": null, "direction": null, "dual_carriageway": null, "ele": null, "entrance": null, "fee": null, "fixme": null, "foot": null, "footway": null, "fuel:diesel": null, "fuel:lpg": null, "fuel:octane_100": null, "fuel:octane_95": null, "fuel:octane_98": null, "highway": null, "hoops": null, "int_name": null, "junction": null, "landuse": "industrial", "lanes": null, "layer": null, "leisure": null, "lit": null, "man_made": null, "maxspeed": null, "motorcar": null, "name": null, "name:el": null, "name:en": null, "natural": null, "network": null, "network:el": null, "network:en": null, "network:wikidata": null, "noexit": null, "old_ref": null, "oneway": null, "opening_hours": null, "operator": null, "operator:type": null, "park_ride": null, "parking": null, "parking:fee": null, "payment:app": null, "payment:website": null, "phone": null, "public_transport": null, "ref": null, "ref:EU:EVSE": null, "ref:GR:IDRO": null, "reg_ref": null, "religion": null, "route_ref": null, "service": null, "shelter": null, "shop": null, "short_name": null, "sidewalk": null, "smoothness": null, "socket:type2": null, "socket:type2:output": null, "source": null, "source:reg_ref": null, "sport": null, "surface": null, "tactile_paving": null, "takeaway": null, "tracktype": null, "trade": null, "traffic_signals": null, "turn:lanes": null, "website": null, "label": "landuse:industrial" }, "geometry": { "type": "Polygon", "coordinates": [ [ [ 23.8749513, 37.8794031 ], [ 23.8754338, 37.880494 ], [ 23.8755832, 37.8805176 ], [ 23.87572305575911, 37.880417273626172 ], [ 23.87572305575911, 37.878954766647979 ], [ 23.8749513, 37.8794031 ] ] ] } },
{ "type": "Feature", "properties": { "@type": "way", "@id": 1354611551, "access": null, "addr:city": null, "addr:country": null, "addr:full": null, "addr:housename": null, "addr:housenumber": null, "addr:postcode": null, "addr:street": null, "addr:unit": null, "aeroway": null, "amenity": null, "atm": null, "authentication:app": null, "authentication:membership_card": null, "barrier": null, "bench": null, "brand": null, "brand:el": null, "brand:en": null, "brand:wikidata": null, "brand:wikipedia": null, "building": null, "building:levels": null, "bus": null, "capacity": null, "check_date:shelter": null, "contact:email": null, "contact:fax": null, "contact:phone": null, "contact:website": null, "covered": null, "crossing": null, "crossing:island": null, "crossing:markings": null, "crossing_ref": null, "cuisine": null, "description": null, "direction": null, "dual_carriageway": null, "ele": null, "entrance": null, "fee": null, "fixme": null, "foot": null, "footway": null, "fuel:diesel": null, "fuel:lpg": null, "fuel:octane_100": null, "fuel:octane_95": null, "fuel:octane_98": null, "highway": null, "hoops": null, "int_name": null, "junction": null, "landuse": "industrial", "lanes": null, "layer": null, "leisure": null, "lit": null, "man_made": null, "maxspeed": null, "motorcar": null, "name": null, "name:el": null, "name:en": null, "natural": null, "network": null, "network:el": null, "network:en": null, "network:wikidata": null, "noexit": null, "old_ref": null, "oneway": null, "opening_hours": null, "operator": null, "operator:type": null, "park_ride": null, "parking": null, "parking:fee": null, "payment:app": null, "payment:website": null, "phone": null, "public_transport": null, "ref": null, "ref:EU:EVSE": null, "ref:GR:IDRO": null, "reg_ref": null, "religion": null, "route_ref": null, "service": null, "shelter": null, "shop": null, "short_name": null, "sidewalk": null, "smoothness": null, "socket:type2": null, "socket:type2:output": null, "source": null, "source:reg_ref": null, "sport": null, "surface": null, "tactile_paving": null, "takeaway": null, "tracktype": null, "trade": null, "traffic_signals": null, "turn:lanes": null, "website": null, "label": "landuse:industrial" }, "geometry": { "type": "Polygon", "coordinates": [ [ [ 23.8755417, 37.8841977 ], [ 23.87572305575911, 37.884350964400944 ], [ 23.87572305575911, 37.884126943294405 ], [ 23.8755417, 37.8841977 ] ] ] } },
{ "type": "Feature", "properties": { "@type": "way", "@id": 1354611552, "access": null, "addr:city": null, "addr:country": null, "addr:full": null, "addr:housename": null, "addr:housenumber": null, "addr:postcode": null, "addr:street": null, "addr:unit": null, "aeroway": null, "amenity": null, "atm": null, "authentication:app": null, "authentication:membership_card": null, "barrier": null, "bench": null, "brand": null, "brand:el": null, "brand:en": null, "brand:wikidata": null, "brand:wikipedia": null, "building": null, "building:levels": null, "bus": null, "capacity": null, "check_date:shelter": null, "contact:email": null, "contact:fax": null, "contact:phone": null, "contact:website": null, "covered": null, "crossing": null, "crossing:island": null, "crossing:markings": null, "crossing_ref": null, "cuisine": null, "description": null, "direction": null, "dual_carriageway": null, "ele": null, "entrance": null, "fee": null, "fixme": null, "foot": null, "footway": null, "fuel:diesel": null, "fuel:lpg": null, "fuel:octane_100": null, "fuel:octane_95": null, "fuel:octane_98": null, "highway": null, "hoops": null, "int_name": null, "junction": null, "landuse": "industrial", "lanes": null, "layer": null, "leisure": null, "lit": null, "man_made": null, "maxspeed": null, "motorcar": null, "name": null, "name:el": null, "name:en": null, "natural": null, "network": null, "network:el": null, "network:en": null, "network:wikidata": null, "noexit": null, "old_ref": null, "oneway": null, "opening_hours": null, "operator": null, "operator:type": null, "park_ride": null, "parking": null, "parking:fee": null, "payment:app": null, "payment:website": null, "phone": null, "public_transport": null, "ref": null, "ref:EU:EVSE": null, "ref:GR:IDRO": null, "reg_ref": null, "religion": null, "route_ref": null, "service": null, "shelter": null, "shop": null, "short_name": null, "sidewalk": null, "smoothness": null, "socket:type2": null, "socket:type2:output": null, "source": null, "source:reg_ref": null, "sport": null, "surface": null, "tactile_paving": null, "takeaway": null, "tracktype": null, "trade": null, "traffic_signals": null, "turn:lanes": null, "website": null, "label": "landuse:industrial" }, "geometry": { "type": "Polygon", "coordinates": [ [ [ 23.8755417, 37.8841977 ], [ 23.8744664, 37.8845956 ], [ 23.873652, 37.8848905 ], [ 23.873921, 37.8853402 ], [ 23.8743786, 37.8854552 ], [ 23.8745692, 37.8855112 ], [ 23.8748512, 37.8856218 ], [ 23.875152, 37.8857589 ], [ 23.8754864, 37.8859034 ], [ 23.8757143, 37.8859977 ], [ 23.87572305575911, 37.886000378702555 ], [ 23.87572305575911, 37.884350964400944 ], [ 23.8755417, 37.8841977 ] ] ] } },
{ "type": "Feature", "properties": { "@type": "way", "@id": 1354615488, "access": null, "addr:city": null, "addr:country": null, "addr:full": null, "addr:housename": null, "addr:housenumber": null, "addr:postcode": null, "addr:street": null, "addr:unit": null, "aeroway": null, "amenity": null, "atm": null, "authentication:app": null, "authentication:membership_card": null, "barrier": null, "bench": null, "brand": null, "brand:el": null, "brand:en": null, "brand:wikidata": null, "brand:wikipedia": null, "building": null, "building:levels": null, "bus": null, "capacity": null, "check_date:shelter": null, "contact:email": null, "contact:fax": null, "contact:phone": null, "contact:website": null, "covered": null, "crossing": null, "crossing:island": null, "crossing:markings": null, "crossing_ref": null, "cuisine": null, "description": null, "direction": null, "dual_carriageway": null, "ele": null, "entrance": null, "fee": null, "fixme": null, "foot": null, "footway": null, "fuel:diesel": null, "fuel:lpg": null, "fuel:octane_100": null, "fuel:octane_95": null, "fuel:octane_98": null, "highway": null, "hoops": null, "int_name": null, "junction": null, "landuse": "farmland", "lanes": null, "layer": null, "leisure": null, "lit": null, "man_made": null, "maxspeed": null, "motorcar": null, "name": null, "name:el": null, "name:en": null, "natural": null, "network": null, "network:el": null, "network:en": null, "network:wikidata": null, "noexit": null, "old_ref": null, "oneway": null, "opening_hours": null, "operator": null, "operator:type": null, "park_ride": null, "parking": null, "parking:fee": null, "payment:app": null, "payment:website": null, "phone": null, "public_transport": null, "ref": null, "ref:EU:EVSE": null, "ref:GR:IDRO": null, "reg_ref": null, "religion": null, "route_ref": null, "service": null, "shelter": null, "shop": null, "short_name": null, "sidewalk": null, "smoothness": null, "socket:type2": null, "socket:type2:output": null, "source": null, "source:reg_ref": null, "sport": null, "surface": null, "tactile_paving": null, "takeaway": null, "tracktype": null, "trade": null, "traffic_signals": null, "turn:lanes": null, "website": null, "label": "landuse:farmland" }, "geometry": { "type": "Polygon", "coordinates": [ [ [ 23.8525009, 37.8734084 ], [ 23.852321, 37.874317 ], [ 23.8521583, 37.875249 ], [ 23.8520877, 37.8757782 ], [ 23.8535476, 37.8761019 ], [ 23.8541269, 37.8761273 ], [ 23.8540518, 37.8764999 ], [ 23.8544999, 37.8765525 ], [ 23.8546798, 37.8766109 ], [ 23.8558161, 37.8768171 ], [ 23.8559394, 37.8768035 ], [ 23.8563091, 37.8750486 ], [ 23.8564693, 37.8750116 ], [ 23.8566714, 37.8742781 ], [ 23.8568292, 37.8742995 ], [ 23.8566542, 37.875033 ], [ 23.8573419, 37.8751381 ], [ 23.8573887, 37.8751128 ], [ 23.8574355, 37.8750505 ], [ 23.8576031, 37.8743462 ], [ 23.85765, 37.8740563 ], [ 23.8574109, 37.8740408 ], [ 23.8575218, 37.8735524 ], [ 23.857607759040132, 37.873309236916491 ], [ 23.852520329660699, 37.873309236916491 ], [ 23.8525009, 37.8734084 ] ] ] } },
{ "type": "Feature", "properties": { "@type": "way", "@id": 1354615489, "access": null, "addr:city": null, "addr:country": null, "addr:full": null, "addr:housename": null, "addr:housenumber": null, "addr:postcode": null, "addr:street": null, "addr:unit": null, "aeroway": null, "amenity": null, "atm": null, "authentication:app": null, "authentication:membership_card": null, "barrier": null, "bench": null, "brand": null, "brand:el": null, "brand:en": null, "brand:wikidata": null, "brand:wikipedia": null, "building": null, "building:levels": null, "bus": null, "capacity": null, "check_date:shelter": null, "contact:email": null, "contact:fax": null, "contact:phone": null, "contact:website": null, "covered": null, "crossing": null, "crossing:island": null, "crossing:markings": null, "crossing_ref": null, "cuisine": null, "description": null, "direction": null, "dual_carriageway": null, "ele": null, "entrance": null, "fee": null, "fixme": null, "foot": null, "footway": null, "fuel:diesel": null, "fuel:lpg": null, "fuel:octane_100": null, "fuel:octane_95": null, "fuel:octane_98": null, "highway": null, "hoops": null, "int_name": null, "junction": null, "landuse": "orchard", "lanes": null, "layer": null, "leisure": null, "lit": null, "man_made": null, "maxspeed": null, "motorcar": null, "name": null, "name:el": null, "name:en": null, "natural": null, "network": null, "network:el": null, "network:en": null, "network:wikidata": null, "noexit": null, "old_ref": null, "oneway": null, "opening_hours": null, "operator": null, "operator:type": null, "park_ride": null, "parking": null, "parking:fee": null, "payment:app": null, "payment:website": null, "phone": null, "public_transport": null, "ref": null, "ref:EU:EVSE": null, "ref:GR:IDRO": null, "reg_ref": null, "religion": null, "route_ref": null, "service": null, "shelter": null, "shop": null, "short_name": null, "sidewalk": null, "smoothness": null, "socket:type2": null, "socket:type2:output": null, "source": null, "source:reg_ref": null, "sport": null, "surface": null, "tactile_paving": null, "takeaway": null, "tracktype": null, "trade": null, "traffic_signals": null, "turn:lanes": null, "website": null, "label": "landuse:orchard" }, "geometry": { "type": "Polygon", "coordinates": [ [ [ 23.8575218, 37.8735524 ], [ 23.8574109, 37.8740408 ], [ 23.85765, 37.8740563 ], [ 23.8577105, 37.8738233 ], [ 23.8577684, 37.8736674 ], [ 23.857885945239641, 37.873309236916491 ], [ 23.857607759040132, 37.873309236916491 ], [ 23.8575218, 37.8735524 ] ] ] } },
{ "type": "Feature", "properties": { "@type": "way", "@id": 1354615494, "access": null, "addr:city": null, "addr:country": null, "addr:full": null, "addr:housename": null, "addr:housenumber": null, "addr:postcode": null, "addr:street": null, "addr:unit": null, "aeroway": null, "amenity": null, "atm": null, "authentication:app": null, "authentication:membership_card": null, "barrier": null, "bench": null, "brand": null, "brand:el": null, "brand:en": null, "brand:wikidata": null, "brand:wikipedia": null, "building": null, "building:levels": null, "bus": null, "capacity": null, "check_date:shelter": null, "contact:email": null, "contact:fax": null, "contact:phone": null, "contact:website": null, "covered": null, "crossing": null, "crossing:island": null, "crossing:markings": null, "crossing_ref": null, "cuisine": null, "description": null, "direction": null, "dual_carriageway": null, "ele": null, "entrance": null, "fee": null, "fixme": null, "foot": null, "footway": null, "fuel:diesel": null, "fuel:lpg": null, "fuel:octane_100": null, "fuel:octane_95": null, "fuel:octane_98": null, "highway": null, "hoops": null, "int_name": null, "junction": null, "landuse": "orchard", "lanes": null, "layer": null, "leisure": null, "lit": null, "man_made": null, "maxspeed": null, "motorcar": null, "name": null, "name:el": null, "name:en": null, "natural": null, "network": null, "network:el": null, "network:en": null, "network:wikidata": null, "noexit": null, "old_ref": null, "oneway": null, "opening_hours": null, "operator": null, "operator:type": null, "park_ride": null, "parking": null, "parking:fee": null, "payment:app": null, "payment:website": null, "phone": null, "public_transport": null, "ref": null, "ref:EU:EVSE": null, "ref:GR:IDRO": null, "reg_ref": null, "religion": null, "route_ref": null, "service": null, "shelter": null, "shop": null, "short_name": null, "sidewalk": null, "smoothness": null, "socket:type2": null, "socket:type2:output": null, "source": null, "source:reg_ref": null, "sport": null, "surface": null, "tactile_paving": null, "takeaway": null, "tracktype": null, "trade": null, "traffic_signals": null, "turn:lanes": null, "website": null, "label": "landuse:orchard" }, "geometry": { "type": "Polygon", "coordinates": [ [ [ 23.8625997, 37.8733621 ], [ 23.862689037832588, 37.873309236916491 ], [ 23.862534041564324, 37.873309236916491 ], [ 23.8625997, 37.8733621 ] ] ] } },
{ "type": "Feature", "properties": { "@type": "way", "@id": 1354615495, "access": null, "addr:city": null, "addr:country": null, "addr:full": null, "addr:housename": null, "addr:housenumber": null, "addr:postcode": null, "addr:street": null, "addr:unit": null, "aeroway": null, "amenity": null, "atm": null, "authentication:app": null, "authentication:membership_card": null, "barrier": null, "bench": null, "brand": null, "brand:el": null, "brand:en": null, "brand:wikidata": null, "brand:wikipedia": null, "building": null, "building:levels": null, "bus": null, "capacity": null, "check_date:shelter": null, "contact:email": null, "contact:fax": null, "contact:phone": null, "contact:website": null, "covered": null, "crossing": null, "crossing:island": null, "crossing:markings": null, "crossing_ref": null, "cuisine": null, "description": null, "direction": null, "dual_carriageway": null, "ele": null, "entrance": null, "fee": null, "fixme": null, "foot": null, "footway": null, "fuel:diesel": null, "fuel:lpg": null, "fuel:octane_100": null, "fuel:octane_95": null, "fuel:octane_98": null, "highway": null, "hoops": null, "int_name": null, "junction": null, "landuse": "farmland", "lanes": null, "layer": null, "leisure": null, "lit": null, "man_made": null, "maxspeed": null, "motorcar": null, "name": null, "name:el": null, "name:en": null, "natural": null, "network": null, "network:el": null, "network:en": null, "network:wikidata": null, "noexit": null, "old_ref": null, "oneway": null, "opening_hours": null, "operator": null, "operator:type": null, "park_ride": null, "parking": null, "parking:fee": null, "payment:app": null, "payment:website": null, "phone": null, "public_transport": null, "ref": null, "ref:EU:EVSE": null, "ref:GR:IDRO": null, "reg_ref": null, "religion": null, "route_ref": null, "service": null, "shelter": null, "shop": null, "short_name": null, "sidewalk": null, "smoothness": null, "socket:type2": null, "socket:type2:output": null, "source": null, "source:reg_ref": null, "sport": null, "surface": null, "tactile_paving": null, "takeaway": null, "tracktype": null, "trade": null, "traffic_signals": null, "turn:lanes": null, "website": null, "label": "landuse:farmland" }, "geometry": { "type": "Polygon", "coordinates": [ [ [ 23.8615024, 37.8734055 ], [ 23.8616173, 37.8734556 ], [ 23.8616382, 37.8734491 ], [ 23.861813979217807, 37.873309236916491 ], [ 23.861315764447696, 37.873309236916491 ], [ 23.8615024, 37.8734055 ] ] ] } },
{ "type": "Feature", "properties": { "@type": "way", "@id": 1354615496, "access": null, "addr:city": null, "addr:country": null, "addr:full": null, "addr:housename": null, "addr:housenumber": null, "addr:postcode": null, "addr:street": null, "addr:unit": null, "aeroway": null, "amenity": null, "atm": null, "authentication:app": null, "authentication:membership_card": null, "barrier": null, "bench": null, "brand": null, "brand:el": null, "brand:en": null, "brand:wikidata": null, "brand:wikipedia": null, "building": null, "building:levels": null, "bus": null, "capacity": null, "check_date:shelter": null, "contact:email": null, "contact:fax": null, "contact:phone": null, "contact:website": null, "covered": null, "crossing": null, "crossing:island": null, "crossing:markings": null, "crossing_ref": null, "cuisine": null, "description": null, "direction": null, "dual_carriageway": null, "ele": null, "entrance": null, "fee": null, "fixme": null, "foot": null, "footway": null, "fuel:diesel": null, "fuel:lpg": null, "fuel:octane_100": null, "fuel:octane_95": null, "fuel:octane_98": null, "highway": null, "hoops": null, "int_name": null, "junction": null, "landuse": "farmland", "lanes": null, "layer": null, "leisure": null, "lit": null, "man_made": null, "maxspeed": null, "motorcar": null, "name": null, "name:el": null, "name:en": null, "natural": null, "network": null, "network:el": null, "network:en": null, "network:wikidata": null, "noexit": null, "old_ref": null, "oneway": null, "opening_hours": null, "operator": null, "operator:type": null, "park_ride": null, "parking": null, "parking:fee": null, "payment:app": null, "payment:website": null, "phone": null, "public_transport": null, "ref": null, "ref:EU:EVSE": null, "ref:GR:IDRO": null, "reg_ref": null, "religion": null, "route_ref": null, "service": null, "shelter": null, "shop": null, "short_name": null, "sidewalk": null, "smoothness": null, "socket:type2": null, "socket:type2:output": null, "source": null, "source:reg_ref": null, "sport": null, "surface": null, "tactile_paving": null, "takeaway": null, "tracktype": null, "trade": null, "traffic_signals": null, "turn:lanes": null, "website": null, "label": "landuse:farmland" }, "geometry": { "type": "Polygon", "coordinates": [ [ [ 23.8625997, 37.8733621 ], [ 23.8627043, 37.8734465 ], [ 23.8625742, 37.8735555 ], [ 23.8627298, 37.8736677 ], [ 23.8624549, 37.8739006 ], [ 23.8627549, 37.8740544 ], [ 23.8629524, 37.873889 ], [ 23.8632542, 37.8741102 ], [ 23.8633581, 37.8740275 ], [ 23.8635665, 37.8739241 ], [ 23.8637207, 37.8738847 ], [ 23.8639282, 37.8741177 ], [ 23.8645088, 37.8738046 ], [ 23.8643336, 37.8736681 ], [ 23.8641805, 37.8734815 ], [ 23.864452530338326, 37.873309236916491 ], [ 23.862689037832588, 37.873309236916491 ], [ 23.8625997, 37.8733621 ] ] ] } },
{ "type": "Feature", "properties": { "@type": "way", "@id": 1381680225, "access": "yes", "addr:city": null, "addr:country": null, "addr:full": null, "addr:housename": null, "addr:housenumber": null, "addr:postcode": null, "addr:street": null, "addr:unit": null, "aeroway": null, "amenity": "parking", "atm": null, "authentication:app": null, "authentication:membership_card": null, "barrier": null, "bench": null, "brand": null, "brand:el": null, "brand:en": null, "brand:wikidata": null, "brand:wikipedia": null, "building": null, "building:levels": null, "bus": null, "capacity": null, "check_date:shelter": null, "contact:email": null, "contact:fax": null, "contact:phone": null, "contact:website": null, "covered": null, "crossing": null, "crossing:island": null, "crossing:markings": null, "crossing_ref": null, "cuisine": null, "description": null, "direction": null, "dual_carriageway": null, "ele": null, "entrance": null, "fee": null, "fixme": null, "foot": null, "footway": null, "fuel:diesel": null, "fuel:lpg": null, "fuel:octane_100": null, "fuel:octane_95": null, "fuel:octane_98": null, "highway": null, "hoops": null, "int_name": null, "junction": null, "landuse": null, "lanes": null, "layer": null, "leisure": null, "lit": null, "man_made": null, "maxspeed": null, "motorcar": null, "name": null, "name:el": null, "name:en": null, "natural": null, "network": null, "network:el": null, "network:en": null, "network:wikidata": null, "noexit": null, "old_ref": null, "oneway": null, "opening_hours": null, "operator": null, "operator:type": null, "park_ride": null, "parking": null, "parking:fee": null, "payment:app": null, "payment:website": null, "phone": null, "public_transport": null, "ref": null, "ref:EU:EVSE": null, "ref:GR:IDRO": null, "reg_ref": null, "religion": null, "route_ref": null, "service": null, "shelter": null, "shop": null, "short_name": null, "sidewalk": null, "smoothness": null, "socket:type2": null, "socket:type2:output": null, "source": null, "source:reg_ref": null, "sport": null, "surface": null, "tactile_paving": null, "takeaway": null, "tracktype": null, "trade": null, "traffic_signals": null, "turn:lanes": null, "website": null, "label": "amenity:parking" }, "geometry": { "type": "Polygon", "coordinates": [ [ [ 23.8738109, 37.8772215 ], [ 23.8740223, 37.8774766 ], [ 23.8740995, 37.8779066 ], [ 23.8741646, 37.8781954 ], [ 23.8742174, 37.8781922 ], [ 23.8740751, 37.8774782 ], [ 23.8737844, 37.8770418 ], [ 23.8736991, 37.8770787 ], [ 23.8738109, 37.8772215 ] ] ] } }
]
}
