{
"type": "FeatureCollection",
"name": "patch_34831_polygon",
"crs": { "type": "name", "properties": { "name": "urn:ogc:def:crs:OGC:1.3:CRS84" } },
"features": [
{ "type": "Feature", "properties": { "osm_id": 1069879149, "name": null, "label": "building:yes", "building": "yes", "natural": null, "landuse": null, "amenity": null, "sport": null, "leisure": null }, "geometry": { "type": "Polygon", "coordinates": [ [ [ 20.934548, 38.682957000079917 ], [ 20.934611, 38.682933000079899 ], [ 20.934585, 38.682891000079891 ], [ 20.934522, 38.682914000079911 ], [ 20.934548, 38.682957000079917 ] ] ] } },
{ "type": "Feature", "properties": { "osm_id": 1069878895, "name": null, "label": "building:yes", "building": "yes", "natural": null, "landuse": null, "amenity": null, "sport": null, "leisure": null }, "geometry": { "type": "Polygon", "coordinates": [ [ [ 20.932856, 38.682829000079899 ], [ 20.932915, 38.682808000079895 ], [ 20.932875, 38.682739000079899 ], [ 20.932816, 38.682760000079881 ], [ 20.932856, 38.682829000079899 ] ] ] } },
{ "type": "Feature", "properties": { "osm_id": 1069880456, "name": null, "label": "building:yes", "building": "yes", "natural": null, "landuse": null, "amenity": null, "sport": null, "leisure": null }, "geometry": { "type": "Polygon", "coordinates": [ [ [ 20.934025, 38.687045000080502 ], [ 20.934151, 38.687003000080487 ], [ 20.934067, 38.686849000080485 ], [ 20.933941, 38.686890000080474 ], [ 20.934025, 38.687045000080502 ] ] ] } },
{ "type": "Feature", "properties": { "osm_id": 1069879445, "name": null, "label": "building:yes", "building": "yes", "natural": null, "landuse": null, "amenity": null, "sport": null, "leisure": null }, "geometry": { "type": "Polygon", "coordinates": [ [ [ 20.9341, 38.685184000080241 ], [ 20.934228, 38.68513900008022 ], [ 20.934145, 38.684995000080214 ], [ 20.9341, 38.685011000080202 ], [ 20.93409, 38.684993000080212 ], [ 20.934006, 38.68502200008021 ], [ 20.9341, 38.685184000080241 ] ] ] } },
{ "type": "Feature", "properties": { "osm_id": 1069877813, "name": null, "label": "building:yes", "building": "yes", "natural": null, "landuse": null, "amenity": null, "sport": null, "leisure": null }, "geometry": { "type": "Polygon", "coordinates": [ [ [ 20.93571, 38.687581000080577 ], [ 20.935757, 38.687568000080596 ], [ 20.93571, 38.687467000080566 ], [ 20.935663, 38.68748100008056 ], [ 20.93571, 38.687581000080577 ] ] ] } },
{ "type": "Feature", "properties": { "osm_id": 1069880529, "name": null, "label": "building:yes", "building": "yes", "natural": null, "landuse": null, "amenity": null, "sport": null, "leisure": null }, "geometry": { "type": "Polygon", "coordinates": [ [ [ 20.935477, 38.687643000080584 ], [ 20.93553, 38.68763900008058 ], [ 20.935525, 38.687609000080585 ], [ 20.935472, 38.687613000080589 ], [ 20.935477, 38.687643000080584 ] ] ] } },
{ "type": "Feature", "properties": { "osm_id": 1069877727, "name": null, "label": "building:yes", "building": "yes", "natural": null, "landuse": null, "amenity": null, "sport": null, "leisure": null }, "geometry": { "type": "Polygon", "coordinates": [ [ [ 20.935437, 38.687579000080582 ], [ 20.935488, 38.687569000080586 ], [ 20.935466, 38.687500000080583 ], [ 20.935414, 38.687510000080572 ], [ 20.935437, 38.687579000080582 ] ] ] } },
{ "type": "Feature", "properties": { "osm_id": 1069877919, "name": null, "label": "building:yes", "building": "yes", "natural": null, "landuse": null, "amenity": null, "sport": null, "leisure": null }, "geometry": { "type": "Polygon", "coordinates": [ [ [ 20.93507, 38.687911000080632 ], [ 20.935112, 38.687903000080638 ], [ 20.935101, 38.687866000080625 ], [ 20.935059, 38.687873000080629 ], [ 20.93507, 38.687911000080632 ] ] ] } },
{ "type": "Feature", "properties": { "osm_id": 1069879459, "name": null, "label": "building:yes", "building": "yes", "natural": null, "landuse": null, "amenity": null, "sport": null, "leisure": null }, "geometry": { "type": "Polygon", "coordinates": [ [ [ 20.934916, 38.688019000080637 ], [ 20.934974, 38.688013000080652 ], [ 20.934968, 38.687970000080639 ], [ 20.93491, 38.687975000080641 ], [ 20.934916, 38.688019000080637 ] ] ] } },
{ "type": "Feature", "properties": { "osm_id": 1069879593, "name": null, "label": "building:yes", "building": "yes", "natural": null, "landuse": null, "amenity": null, "sport": null, "leisure": null }, "geometry": { "type": "Polygon", "coordinates": [ [ [ 20.934849, 38.687521000080572 ], [ 20.934923, 38.687515000080573 ], [ 20.934916, 38.687463000080577 ], [ 20.934842, 38.687469000080569 ], [ 20.934849, 38.687521000080572 ] ] ] } },
{ "type": "Feature", "properties": { "osm_id": 1069879181, "name": null, "label": "building:yes", "building": "yes", "natural": null, "landuse": null, "amenity": null, "sport": null, "leisure": null }, "geometry": { "type": "Polygon", "coordinates": [ [ [ 20.935041, 38.687868000080627 ], [ 20.9351, 38.687863000080633 ], [ 20.935094, 38.687821000080618 ], [ 20.93516, 38.687815000080619 ], [ 20.935152, 38.687759000080611 ], [ 20.935095, 38.687764000080612 ], [ 20.935093, 38.68774800008061 ], [ 20.935025, 38.687754000080602 ], [ 20.935041, 38.687868000080627 ] ] ] } },
{ "type": "Feature", "properties": { "osm_id": 447745186, "name": null, "label": "building:yes", "building": "yes", "natural": null, "landuse": null, "amenity": null, "sport": null, "leisure": null }, "geometry": { "type": "Polygon", "coordinates": [ [ [ 20.9310845, 38.688847100080771 ], [ 20.9311489, 38.688847100080771 ], [ 20.9311489, 38.688801000080758 ], [ 20.9310845, 38.688801000080758 ], [ 20.9310845, 38.688847100080771 ] ] ] } },
{ "type": "Feature", "properties": { "osm_id": 1391422139, "name": null, "label": "natural:scrub", "building": null, "natural": "scrub", "landuse": null, "amenity": null, "sport": null, "leisure": null }, "geometry": { "type": "Polygon", "coordinates": [ [ [ 20.9210366, 38.681594100079714 ], [ 20.9211572, 38.681631800079714 ], [ 20.9213985, 38.681526300079703 ], [ 20.9215578, 38.681383200079686 ], [ 20.9219487, 38.681371900079682 ], [ 20.9223492, 38.681564000079725 ], [ 20.9224023, 38.681884200079757 ], [ 20.9223492, 38.682196900079802 ], [ 20.9225036, 38.682460600079835 ], [ 20.9227256, 38.682539700079857 ], [ 20.9230297, 38.682517100079842 ], [ 20.923382, 38.682287300079814 ], [ 20.9233047, 38.68184280007975 ], [ 20.922809348944902, 38.681218272913824 ], [ 20.921019373840497, 38.681218272913824 ], [ 20.92095790234815, 38.681340269501845 ], [ 20.92095790234815, 38.681415909073628 ], [ 20.9210366, 38.681594100079714 ] ] ] } },
{ "type": "Feature", "properties": { "osm_id": 1269045822, "name": null, "label": "natural:bare_rock", "building": null, "natural": "bare_rock", "landuse": null, "amenity": null, "sport": null, "leisure": null }, "geometry": { "type": "Polygon", "coordinates": [ [ [ 20.9297248, 38.704158400082989 ], [ 20.9299022, 38.703899700082957 ], [ 20.9300984, 38.703692000082924 ], [ 20.930047, 38.703462400082891 ], [ 20.9299069, 38.703312900082871 ], [ 20.929552, 38.703148900082844 ], [ 20.9294632, 38.702933900082797 ], [ 20.9292858, 38.702751700082779 ], [ 20.9291737, 38.703123400082838 ], [ 20.9292764, 38.703451400082884 ], [ 20.9291644, 38.703702900082924 ], [ 20.9292531, 38.704041800082976 ], [ 20.929264323186683, 38.704304743433426 ], [ 20.929665268375562, 38.704304743433426 ], [ 20.9297248, 38.704158400082989 ] ] ] } },
{ "type": "Feature", "properties": { "osm_id": 1069880307, "name": null, "label": "building:yes", "building": "yes", "natural": null, "landuse": null, "amenity": null, "sport": null, "leisure": null }, "geometry": { "type": "Polygon", "coordinates": [ [ [ 20.9349977, 38.7028107000828 ], [ 20.9350087, 38.702645700082776 ], [ 20.9350347, 38.702646700082781 ], [ 20.9350377, 38.702603700082769 ], [ 20.9349707, 38.702600700082769 ], [ 20.9349677, 38.702646700082781 ], [ 20.9349337, 38.702645700082776 ], [ 20.9349227, 38.702807700082793 ], [ 20.9349977, 38.7028107000828 ] ] ] } },
{ "type": "Feature", "properties": { "osm_id": 1069878368, "name": null, "label": "building:yes", "building": "yes", "natural": null, "landuse": null, "amenity": null, "sport": null, "leisure": null }, "geometry": { "type": "Polygon", "coordinates": [ [ [ 20.9349267, 38.702330700082733 ], [ 20.9349417, 38.702026700082676 ], [ 20.9348187, 38.702022700082679 ], [ 20.9348047, 38.702326700082722 ], [ 20.9349267, 38.702330700082733 ] ] ] } },
{ "type": "Feature", "properties": { "osm_id": 1069878872, "name": null, "label": "building:yes", "building": "yes", "natural": null, "landuse": null, "amenity": null, "sport": null, "leisure": null }, "geometry": { "type": "Polygon", "coordinates": [ [ [ 20.936106, 38.697419000082014 ], [ 20.936163, 38.697414000082006 ], [ 20.936138, 38.697250000081986 ], [ 20.936175, 38.697247000081973 ], [ 20.936161, 38.697152000081978 ], [ 20.936067, 38.697161000081977 ], [ 20.936106, 38.697419000082014 ] ] ] } },
{ "type": "Feature", "properties": { "osm_id": 1069879834, "name": null, "label": "building:yes", "building": "yes", "natural": null, "landuse": null, "amenity": null, "sport": null, "leisure": null }, "geometry": { "type": "Polygon", "coordinates": [ [ [ 20.936031, 38.697101000081965 ], [ 20.936061, 38.697094000081961 ], [ 20.936046, 38.69705500008196 ], [ 20.936016, 38.697062000081957 ], [ 20.936031, 38.697101000081965 ] ] ] } },
{ "type": "Feature", "properties": { "osm_id": 1069879940, "name": null, "label": "building:yes", "building": "yes", "natural": null, "landuse": null, "amenity": null, "sport": null, "leisure": null }, "geometry": { "type": "Polygon", "coordinates": [ [ [ 20.935305, 38.696437000081872 ], [ 20.935308, 38.696382000081861 ], [ 20.935273, 38.696381000081871 ], [ 20.93527, 38.696435000081863 ], [ 20.935305, 38.696437000081872 ] ] ] } },
{ "type": "Feature", "properties": { "osm_id": 1069880542, "name": null, "label": "building:yes", "building": "yes", "natural": null, "landuse": null, "amenity": null, "sport": null, "leisure": null }, "geometry": { "type": "Polygon", "coordinates": [ [ [ 20.935326, 38.696718000081901 ], [ 20.935328, 38.696672000081897 ], [ 20.935293, 38.696671000081921 ], [ 20.935291, 38.696717000081911 ], [ 20.935326, 38.696718000081901 ] ] ] } },
{ "type": "Feature", "properties": { "osm_id": 1069879244, "name": null, "label": "building:yes", "building": "yes", "natural": null, "landuse": null, "amenity": null, "sport": null, "leisure": null }, "geometry": { "type": "Polygon", "coordinates": [ [ [ 20.935697, 38.697277000081989 ], [ 20.935834, 38.697241000081995 ], [ 20.935806, 38.69717500008197 ], [ 20.935669, 38.697212000081983 ], [ 20.935697, 38.697277000081989 ] ] ] } },
{ "type": "Feature", "properties": { "osm_id": 1069879099, "name": null, "label": "building:yes", "building": "yes", "natural": null, "landuse": null, "amenity": null, "sport": null, "leisure": null }, "geometry": { "type": "Polygon", "coordinates": [ [ [ 20.935266, 38.697001000081947 ], [ 20.935309, 38.697001000081947 ], [ 20.935309, 38.69690100008193 ], [ 20.935266, 38.69690100008193 ], [ 20.935266, 38.697001000081947 ] ] ] } },
{ "type": "Feature", "properties": { "osm_id": 1069880172, "name": null, "label": "building:yes", "building": "yes", "natural": null, "landuse": null, "amenity": null, "sport": null, "leisure": null }, "geometry": { "type": "Polygon", "coordinates": [ [ [ 20.935278, 38.697164000081976 ], [ 20.935322, 38.697142000081961 ], [ 20.935294, 38.697108000081975 ], [ 20.93525, 38.697129000081958 ], [ 20.935278, 38.697164000081976 ] ] ] } },
{ "type": "Feature", "properties": { "osm_id": 1069880748, "name": null, "label": "building:yes", "building": "yes", "natural": null, "landuse": null, "amenity": null, "sport": null, "leisure": null }, "geometry": { "type": "Polygon", "coordinates": [ [ [ 20.935137, 38.696914000081946 ], [ 20.935187, 38.696913000081942 ], [ 20.935185, 38.696865000081935 ], [ 20.935136, 38.69686600008194 ], [ 20.935137, 38.696914000081946 ] ] ] } },
{ "type": "Feature", "properties": { "osm_id": 1069878605, "name": null, "label": "building:yes", "building": "yes", "natural": null, "landuse": null, "amenity": null, "sport": null, "leisure": null }, "geometry": { "type": "Polygon", "coordinates": [ [ [ 20.934863, 38.69588500008178 ], [ 20.934867, 38.695814000081775 ], [ 20.934814, 38.695812000081766 ], [ 20.934809, 38.695883000081785 ], [ 20.934863, 38.69588500008178 ] ] ] } },
{ "type": "Feature", "properties": { "osm_id": 1069879025, "name": null, "label": "building:yes", "building": "yes", "natural": null, "landuse": null, "amenity": null, "sport": null, "leisure": null }, "geometry": { "type": "Polygon", "coordinates": [ [ [ 20.937146, 38.694560000081594 ], [ 20.937188, 38.694554000081588 ], [ 20.937178, 38.694516000081585 ], [ 20.937136, 38.694522000081598 ], [ 20.937146, 38.694560000081594 ] ] ] } },
{ "type": "Feature", "properties": { "osm_id": 1069880706, "name": null, "label": "building:yes", "building": "yes", "natural": null, "landuse": null, "amenity": null, "sport": null, "leisure": null }, "geometry": { "type": "Polygon", "coordinates": [ [ [ 20.93963, 38.693611000081454 ], [ 20.939689, 38.693604000081457 ], [ 20.93968, 38.693553000081451 ], [ 20.93962, 38.693560000081433 ], [ 20.93963, 38.693611000081454 ] ] ] } },
{ "type": "Feature", "properties": { "osm_id": 1069879277, "name": null, "label": "building:yes", "building": "yes", "natural": null, "landuse": null, "amenity": null, "sport": null, "leisure": null }, "geometry": { "type": "Polygon", "coordinates": [ [ [ 20.9380377, 38.700219700082414 ], [ 20.9382397, 38.700217700082419 ], [ 20.9382377, 38.700142700082402 ], [ 20.9380367, 38.700144700082419 ], [ 20.9380377, 38.700219700082414 ] ] ] } },
{ "type": "Feature", "properties": { "osm_id": 1069878807, "name": null, "label": "building:yes", "building": "yes", "natural": null, "landuse": null, "amenity": null, "sport": null, "leisure": null }, "geometry": { "type": "Polygon", "coordinates": [ [ [ 20.9385767, 38.700217700082419 ], [ 20.9385797, 38.700131700082402 ], [ 20.9384857, 38.7001297000824 ], [ 20.9384827, 38.700215700082417 ], [ 20.9385767, 38.700217700082419 ] ] ] } },
{ "type": "Feature", "properties": { "osm_id": 1069877636, "name": null, "label": "building:yes", "building": "yes", "natural": null, "landuse": null, "amenity": null, "sport": null, "leisure": null }, "geometry": { "type": "Polygon", "coordinates": [ [ [ 20.9384647, 38.700334700082429 ], [ 20.9384687, 38.700249700082416 ], [ 20.9383267, 38.700245700082419 ], [ 20.9383227, 38.700330700082432 ], [ 20.9384647, 38.700334700082429 ] ] ] } },
{ "type": "Feature", "properties": { "osm_id": 1069878423, "name": null, "label": "building:yes", "building": "yes", "natural": null, "landuse": null, "amenity": null, "sport": null, "leisure": null }, "geometry": { "type": "Polygon", "coordinates": [ [ [ 20.9384697, 38.700420700082461 ], [ 20.9384717, 38.700351700082436 ], [ 20.9382807, 38.700348700082429 ], [ 20.9382787, 38.700417700082433 ], [ 20.9384697, 38.700420700082461 ] ] ] } },
{ "type": "Feature", "properties": { "osm_id": 1069879498, "name": null, "label": "building:yes", "building": "yes", "natural": null, "landuse": null, "amenity": null, "sport": null, "leisure": null }, "geometry": { "type": "Polygon", "coordinates": [ [ [ 20.9382607, 38.700843700082501 ], [ 20.9382777, 38.700801700082501 ], [ 20.9382167, 38.70078670008251 ], [ 20.9381997, 38.700828700082518 ], [ 20.9382607, 38.700843700082501 ] ] ] } },
{ "type": "Feature", "properties": { "osm_id": 1069880462, "name": null, "label": "building:yes", "building": "yes", "natural": null, "landuse": null, "amenity": null, "sport": null, "leisure": null }, "geometry": { "type": "Polygon", "coordinates": [ [ [ 20.9383097, 38.700738700082489 ], [ 20.9383437, 38.700625700082483 ], [ 20.9382577, 38.700609700082474 ], [ 20.9382227, 38.700722700082501 ], [ 20.9383097, 38.700738700082489 ] ] ] } },
{ "type": "Feature", "properties": { "osm_id": 1069877479, "name": null, "label": "building:yes", "building": "yes", "natural": null, "landuse": null, "amenity": null, "sport": null, "leisure": null }, "geometry": { "type": "Polygon", "coordinates": [ [ [ 20.9377977, 38.70080370008251 ], [ 20.9378217, 38.700728700082486 ], [ 20.9377127, 38.700708700082487 ], [ 20.9376897, 38.700783700082496 ], [ 20.9377977, 38.70080370008251 ] ] ] } },
{ "type": "Feature", "properties": { "osm_id": 1069880761, "name": null, "label": "building:yes", "building": "yes", "natural": null, "landuse": null, "amenity": null, "sport": null, "leisure": null }, "geometry": { "type": "Polygon", "coordinates": [ [ [ 20.9377487, 38.700883700082514 ], [ 20.9377577, 38.700804700082493 ], [ 20.9376947, 38.700800700082503 ], [ 20.9376867, 38.700879700082524 ], [ 20.9377487, 38.700883700082514 ] ] ] } },
{ "type": "Feature", "properties": { "osm_id": 1069879363, "name": null, "label": "building:yes", "building": "yes", "natural": null, "landuse": null, "amenity": null, "sport": null, "leisure": null }, "geometry": { "type": "Polygon", "coordinates": [ [ [ 20.9376767, 38.700956700082529 ], [ 20.9376797, 38.700908700082522 ], [ 20.9376207, 38.700906700082506 ], [ 20.9376177, 38.700954700082519 ], [ 20.9376767, 38.700956700082529 ] ] ] } },
{ "type": "Feature", "properties": { "osm_id": 1069880668, "name": null, "label": "building:yes", "building": "yes", "natural": null, "landuse": null, "amenity": null, "sport": null, "leisure": null }, "geometry": { "type": "Polygon", "coordinates": [ [ [ 20.9375217, 38.701460700082599 ], [ 20.9375607, 38.701453700082602 ], [ 20.9375497, 38.701414700082594 ], [ 20.9375097, 38.701422700082603 ], [ 20.9375217, 38.701460700082599 ] ] ] } },
{ "type": "Feature", "properties": { "osm_id": 1069878430, "name": null, "label": "building:yes", "building": "yes", "natural": null, "landuse": null, "amenity": null, "sport": null, "leisure": null }, "geometry": { "type": "Polygon", "coordinates": [ [ [ 20.9377457, 38.701780700082637 ], [ 20.9378117, 38.701762700082639 ], [ 20.9377767, 38.701681700082645 ], [ 20.9377097, 38.701700700082625 ], [ 20.9377457, 38.701780700082637 ] ] ] } },
{ "type": "Feature", "properties": { "osm_id": 1069880296, "name": null, "label": "building:yes", "building": "yes", "natural": null, "landuse": null, "amenity": null, "sport": null, "leisure": null }, "geometry": { "type": "Polygon", "coordinates": [ [ [ 20.9376827, 38.701562700082611 ], [ 20.9377377, 38.701560700082624 ], [ 20.9377377, 38.701584700082613 ], [ 20.9377907, 38.701583700082615 ], [ 20.9377847, 38.701408700082588 ], [ 20.9376907, 38.701409700082586 ], [ 20.9376937, 38.701483700082598 ], [ 20.9376797, 38.701483700082598 ], [ 20.9376827, 38.701562700082611 ] ] ] } },
{ "type": "Feature", "properties": { "osm_id": 1069878931, "name": null, "label": "building:yes", "building": "yes", "natural": null, "landuse": null, "amenity": null, "sport": null, "leisure": null }, "geometry": { "type": "Polygon", "coordinates": [ [ [ 20.9379797, 38.701713700082628 ], [ 20.9380277, 38.701702700082635 ], [ 20.9380427, 38.701744700082642 ], [ 20.9381047, 38.701730700082635 ], [ 20.9380617, 38.701615700082634 ], [ 20.9379517, 38.701640700082613 ], [ 20.9379797, 38.701713700082628 ] ] ] } },
{ "type": "Feature", "properties": { "osm_id": 1069877654, "name": null, "label": "building:yes", "building": "yes", "natural": null, "landuse": null, "amenity": null, "sport": null, "leisure": null }, "geometry": { "type": "Polygon", "coordinates": [ [ [ 20.9379687, 38.701503700082604 ], [ 20.9380747, 38.70150070008259 ], [ 20.9380717, 38.701425700082595 ], [ 20.9379657, 38.701428700082595 ], [ 20.9379687, 38.701503700082604 ] ] ] } },
{ "type": "Feature", "properties": { "osm_id": 1069877725, "name": null, "label": "building:yes", "building": "yes", "natural": null, "landuse": null, "amenity": null, "sport": null, "leisure": null }, "geometry": { "type": "Polygon", "coordinates": [ [ [ 20.9378477, 38.701233700082568 ], [ 20.9378747, 38.701144700082551 ], [ 20.9378117, 38.701132700082546 ], [ 20.9377847, 38.701221700082556 ], [ 20.9378477, 38.701233700082568 ] ] ] } },
{ "type": "Feature", "properties": { "osm_id": 1069878308, "name": null, "label": "building:yes", "building": "yes", "natural": null, "landuse": null, "amenity": null, "sport": null, "leisure": null }, "geometry": { "type": "Polygon", "coordinates": [ [ [ 20.9380427, 38.701000700082531 ], [ 20.9380727, 38.700945700082521 ], [ 20.9379027, 38.700888700082515 ], [ 20.9378727, 38.700943700082533 ], [ 20.9380427, 38.701000700082531 ] ] ] } },
{ "type": "Feature", "properties": { "osm_id": 1069878114, "name": null, "label": "building:yes", "building": "yes", "natural": null, "landuse": null, "amenity": null, "sport": null, "leisure": null }, "geometry": { "type": "Polygon", "coordinates": [ [ [ 20.9381837, 38.701239700082574 ], [ 20.9382767, 38.701129700082554 ], [ 20.9381637, 38.70107170008253 ], [ 20.9380707, 38.70118170008255 ], [ 20.9381837, 38.701239700082574 ] ] ] } },
{ "type": "Feature", "properties": { "osm_id": 1069880427, "name": null, "label": "building:yes", "building": "yes", "natural": null, "landuse": null, "amenity": null, "sport": null, "leisure": null }, "geometry": { "type": "Polygon", "coordinates": [ [ [ 20.9382527, 38.701091700082543 ], [ 20.9383657, 38.700896700082509 ], [ 20.9382307, 38.70084870008251 ], [ 20.9381827, 38.700932700082525 ], [ 20.9382237, 38.700946700082525 ], [ 20.9381587, 38.701058700082527 ], [ 20.9382527, 38.701091700082543 ] ] ] } },
{ "type": "Feature", "properties": { "osm_id": 1069878804, "name": null, "label": "building:yes", "building": "yes", "natural": null, "landuse": null, "amenity": null, "sport": null, "leisure": null }, "geometry": { "type": "Polygon", "coordinates": [ [ [ 20.9385757, 38.701134700082562 ], [ 20.9386027, 38.701064700082547 ], [ 20.9384957, 38.701040700082537 ], [ 20.9384687, 38.701109700082554 ], [ 20.9385757, 38.701134700082562 ] ] ] } },
{ "type": "Feature", "properties": { "osm_id": 1069878837, "name": null, "label": "building:yes", "building": "yes", "natural": null, "landuse": null, "amenity": null, "sport": null, "leisure": null }, "geometry": { "type": "Polygon", "coordinates": [ [ [ 20.9385222, 38.701791100082652 ], [ 20.9385877, 38.70174280008262 ], [ 20.9385674, 38.701694400082644 ], [ 20.9386404, 38.70166640008263 ], [ 20.9386184, 38.701630400082621 ], [ 20.9385344, 38.701662400082633 ], [ 20.9385014, 38.701611400082619 ], [ 20.9384054, 38.701647400082614 ], [ 20.9385222, 38.701791100082652 ] ] ] } },
{ "type": "Feature", "properties": { "osm_id": 1069878754, "name": null, "label": "building:yes", "building": "yes", "natural": null, "landuse": null, "amenity": null, "sport": null, "leisure": null }, "geometry": { "type": "Polygon", "coordinates": [ [ [ 20.9384487, 38.701603700082622 ], [ 20.9385187, 38.701593700082618 ], [ 20.9385097, 38.701552700082608 ], [ 20.9384397, 38.701562700082611 ], [ 20.9384487, 38.701603700082622 ] ] ] } },
{ "type": "Feature", "properties": { "osm_id": 1069877400, "name": null, "label": "building:yes", "building": "yes", "natural": null, "landuse": null, "amenity": null, "sport": null, "leisure": null }, "geometry": { "type": "Polygon", "coordinates": [ [ [ 20.9367027, 38.701195700082557 ], [ 20.9367617, 38.70119470008256 ], [ 20.9367597, 38.701142700082556 ], [ 20.9367007, 38.701143700082561 ], [ 20.9367027, 38.701195700082557 ] ] ] } },
{ "type": "Feature", "properties": { "osm_id": 1069878258, "name": null, "label": "building:yes", "building": "yes", "natural": null, "landuse": null, "amenity": null, "sport": null, "leisure": null }, "geometry": { "type": "Polygon", "coordinates": [ [ [ 20.9365297, 38.70135270008258 ], [ 20.9365957, 38.701339700082578 ], [ 20.9365627, 38.701240700082565 ], [ 20.9364967, 38.701253700082567 ], [ 20.9365297, 38.70135270008258 ] ] ] } },
{ "type": "Feature", "properties": { "osm_id": 1069878624, "name": null, "label": "building:yes", "building": "yes", "natural": null, "landuse": null, "amenity": null, "sport": null, "leisure": null }, "geometry": { "type": "Polygon", "coordinates": [ [ [ 20.9364817, 38.701056700082532 ], [ 20.9365217, 38.701048700082531 ], [ 20.9364867, 38.700947700082523 ], [ 20.9364467, 38.700955700082524 ], [ 20.9364817, 38.701056700082532 ] ] ] } },
{ "type": "Feature", "properties": { "osm_id": 1069878511, "name": null, "label": "building:yes", "building": "yes", "natural": null, "landuse": null, "amenity": null, "sport": null, "leisure": null }, "geometry": { "type": "Polygon", "coordinates": [ [ [ 20.9364307, 38.701238700082563 ], [ 20.9364977, 38.701233700082568 ], [ 20.9364817, 38.701104700082539 ], [ 20.9364157, 38.701109700082554 ], [ 20.9364307, 38.701238700082563 ] ] ] } },
{ "type": "Feature", "properties": { "osm_id": 1069878467, "name": null, "label": "building:yes", "building": "yes", "natural": null, "landuse": null, "amenity": null, "sport": null, "leisure": null }, "geometry": { "type": "Polygon", "coordinates": [ [ [ 20.9396797, 38.702903700082807 ], [ 20.9398507, 38.702861700082799 ], [ 20.9398157, 38.702775700082789 ], [ 20.9397597, 38.702789700082775 ], [ 20.9397317, 38.702719700082788 ], [ 20.9396167, 38.702747700082796 ], [ 20.9396797, 38.702903700082807 ] ] ] } },
{ "type": "Feature", "properties": { "osm_id": 1069879472, "name": null, "label": "building:yes", "building": "yes", "natural": null, "landuse": null, "amenity": null, "sport": null, "leisure": null }, "geometry": { "type": "Polygon", "coordinates": [ [ [ 20.9395817, 38.703639700082903 ], [ 20.9396977, 38.703630700082911 ], [ 20.9396857, 38.703534700082905 ], [ 20.9395687, 38.703544700082901 ], [ 20.9395817, 38.703639700082903 ] ] ] } },
{ "type": "Feature", "properties": { "osm_id": 1069879950, "name": null, "label": "building:yes", "building": "yes", "natural": null, "landuse": null, "amenity": null, "sport": null, "leisure": null }, "geometry": { "type": "Polygon", "coordinates": [ [ [ 20.9398107, 38.703692700082918 ], [ 20.9398127, 38.70365070008291 ], [ 20.9397587, 38.70364970008292 ], [ 20.9397567, 38.703691700082921 ], [ 20.9398107, 38.703692700082918 ] ] ] } },
{ "type": "Feature", "properties": { "osm_id": 1069879706, "name": null, "label": "building:yes", "building": "yes", "natural": null, "landuse": null, "amenity": null, "sport": null, "leisure": null }, "geometry": { "type": "Polygon", "coordinates": [ [ [ 20.9408577, 38.703855700082947 ], [ 20.9409117, 38.70385470008295 ], [ 20.9409097, 38.703802700082925 ], [ 20.9408567, 38.703803700082943 ], [ 20.9408577, 38.703855700082947 ] ] ] } },
{ "type": "Feature", "properties": { "osm_id": 1069879889, "name": null, "label": "building:yes", "building": "yes", "natural": null, "landuse": null, "amenity": null, "sport": null, "leisure": null }, "geometry": { "type": "Polygon", "coordinates": [ [ [ 20.9403081, 38.704162100082982 ], [ 20.940424, 38.704129500082999 ], [ 20.9403875, 38.704049300082985 ], [ 20.9402713, 38.704081000082972 ], [ 20.9403081, 38.704162100082982 ] ] ] } },
{ "type": "Feature", "properties": { "osm_id": 1069880483, "name": null, "label": "building:yes", "building": "yes", "natural": null, "landuse": null, "amenity": null, "sport": null, "leisure": null }, "geometry": { "type": "Polygon", "coordinates": [ [ [ 20.9401774, 38.704191400082983 ], [ 20.9402986, 38.704156700082983 ], [ 20.9402521, 38.704060200082978 ], [ 20.9401319, 38.704094600082975 ], [ 20.9401774, 38.704191400082983 ] ] ] } },
{ "type": "Feature", "properties": { "osm_id": 1069878103, "name": null, "label": "building:yes", "building": "yes", "natural": null, "landuse": null, "amenity": null, "sport": null, "leisure": null }, "geometry": { "type": "Polygon", "coordinates": [ [ [ 20.9400537, 38.703879700082943 ], [ 20.9402127, 38.703831700082937 ], [ 20.9401747, 38.703754700082925 ], [ 20.9400157, 38.703802700082925 ], [ 20.9400537, 38.703879700082943 ] ] ] } },
{ "type": "Feature", "properties": { "osm_id": 1069879398, "name": null, "label": "building:yes", "building": "yes", "natural": null, "landuse": null, "amenity": null, "sport": null, "leisure": null }, "geometry": { "type": "Polygon", "coordinates": [ [ [ 20.9402077, 38.703638700082905 ], [ 20.9402527, 38.703629700082914 ], [ 20.9402597, 38.703651700082915 ], [ 20.9403657, 38.703630700082911 ], [ 20.9403167, 38.703473700082888 ], [ 20.9401647, 38.703502700082907 ], [ 20.9402077, 38.703638700082905 ] ] ] } },
{ "type": "Feature", "properties": { "osm_id": 1069878126, "name": null, "label": "building:yes", "building": "yes", "natural": null, "landuse": null, "amenity": null, "sport": null, "leisure": null }, "geometry": { "type": "Polygon", "coordinates": [ [ [ 20.9401607, 38.703274700082858 ], [ 20.9401997, 38.703267700082861 ], [ 20.9402247, 38.703346700082861 ], [ 20.9403037, 38.703331700082856 ], [ 20.9402597, 38.703187700082843 ], [ 20.9401397, 38.703209700082844 ], [ 20.9401607, 38.703274700082858 ] ] ] } },
{ "type": "Feature", "properties": { "osm_id": 1069879666, "name": null, "label": "building:yes", "building": "yes", "natural": null, "landuse": null, "amenity": null, "sport": null, "leisure": null }, "geometry": { "type": "Polygon", "coordinates": [ [ [ 20.9398927, 38.7035677000829 ], [ 20.9400047, 38.703535700082902 ], [ 20.9399467, 38.703411700082874 ], [ 20.9398347, 38.703443700082879 ], [ 20.9398927, 38.7035677000829 ] ] ] } },
{ "type": "Feature", "properties": { "osm_id": 1069877835, "name": null, "label": "building:yes", "building": "yes", "natural": null, "landuse": null, "amenity": null, "sport": null, "leisure": null }, "geometry": { "type": "Polygon", "coordinates": [ [ [ 20.9398677, 38.703200700082846 ], [ 20.9399067, 38.703194700082854 ], [ 20.9399177, 38.703238700082856 ], [ 20.9400287, 38.70322170008285 ], [ 20.9400017, 38.703114700082835 ], [ 20.9398517, 38.703138700082832 ], [ 20.9398677, 38.703200700082846 ] ] ] } },
{ "type": "Feature", "properties": { "osm_id": 1069879533, "name": null, "label": "building:yes", "building": "yes", "natural": null, "landuse": null, "amenity": null, "sport": null, "leisure": null }, "geometry": { "type": "Polygon", "coordinates": [ [ [ 20.9398167, 38.703108700082851 ], [ 20.9399247, 38.703082700082838 ], [ 20.9398847, 38.702979700082821 ], [ 20.9397767, 38.703004700082822 ], [ 20.9398167, 38.703108700082851 ] ] ] } },
{ "type": "Feature", "properties": { "osm_id": 1069878644, "name": null, "label": "building:yes", "building": "yes", "natural": null, "landuse": null, "amenity": null, "sport": null, "leisure": null }, "geometry": { "type": "Polygon", "coordinates": [ [ [ 20.9398717, 38.702858700082814 ], [ 20.9399497, 38.702856700082791 ], [ 20.9399477, 38.702809700082803 ], [ 20.9398697, 38.70281170008279 ], [ 20.9398717, 38.702858700082814 ] ] ] } },
{ "type": "Feature", "properties": { "osm_id": 1069877793, "name": null, "label": "building:yes", "building": "yes", "natural": null, "landuse": null, "amenity": null, "sport": null, "leisure": null }, "geometry": { "type": "Polygon", "coordinates": [ [ [ 20.9400747, 38.702823700082796 ], [ 20.9401397, 38.702814700082783 ], [ 20.9401307, 38.702773700082794 ], [ 20.9400657, 38.702782700082786 ], [ 20.9400747, 38.702823700082796 ] ] ] } },
{ "type": "Feature", "properties": { "osm_id": 1069880785, "name": null, "label": "building:yes", "building": "yes", "natural": null, "landuse": null, "amenity": null, "sport": null, "leisure": null }, "geometry": { "type": "Polygon", "coordinates": [ [ [ 20.9413417, 38.703320700082863 ], [ 20.9414607, 38.703290700082867 ], [ 20.9414057, 38.703157700082834 ], [ 20.9412867, 38.703187700082843 ], [ 20.9413417, 38.703320700082863 ] ] ] } },
{ "type": "Feature", "properties": { "osm_id": 1069878169, "name": null, "label": "building:yes", "building": "yes", "natural": null, "landuse": null, "amenity": null, "sport": null, "leisure": null }, "geometry": { "type": "Polygon", "coordinates": [ [ [ 20.9414927, 38.703287700082853 ], [ 20.9415527, 38.703271700082858 ], [ 20.9415377, 38.70323570008285 ], [ 20.9414777, 38.703251700082866 ], [ 20.9414927, 38.703287700082853 ] ] ] } },
{ "type": "Feature", "properties": { "osm_id": 1069880541, "name": null, "label": "building:yes", "building": "yes", "natural": null, "landuse": null, "amenity": null, "sport": null, "leisure": null }, "geometry": { "type": "Polygon", "coordinates": [ [ [ 20.9416717, 38.702926700082806 ], [ 20.9417567, 38.702922700082809 ], [ 20.9417497, 38.70282870008279 ], [ 20.9416637, 38.702832700082801 ], [ 20.9416717, 38.702926700082806 ] ] ] } },
{ "type": "Feature", "properties": { "osm_id": 1069878440, "name": null, "label": "building:yes", "building": "yes", "natural": null, "landuse": null, "amenity": null, "sport": null, "leisure": null }, "geometry": { "type": "Polygon", "coordinates": [ [ [ 20.9416527, 38.702834700082782 ], [ 20.9417157, 38.702822700082791 ], [ 20.9416977, 38.702769700082783 ], [ 20.9416347, 38.702781700082795 ], [ 20.9416527, 38.702834700082782 ] ] ] } },
{ "type": "Feature", "properties": { "osm_id": 1069880596, "name": null, "label": "building:yes", "building": "yes", "natural": null, "landuse": null, "amenity": null, "sport": null, "leisure": null }, "geometry": { "type": "Polygon", "coordinates": [ [ [ 20.9418977, 38.703200700082846 ], [ 20.9421307, 38.703133700082837 ], [ 20.9420297, 38.702921700082804 ], [ 20.9418697, 38.702967700082816 ], [ 20.9418707, 38.702970700082808 ], [ 20.9417987, 38.702990700082822 ], [ 20.9418977, 38.703200700082846 ] ] ] } },
{ "type": "Feature", "properties": { "osm_id": 1069877472, "name": null, "label": "building:yes", "building": "yes", "natural": null, "landuse": null, "amenity": null, "sport": null, "leisure": null }, "geometry": { "type": "Polygon", "coordinates": [ [ [ 20.9412367, 38.703931700082954 ], [ 20.9413017, 38.703930700082957 ], [ 20.9413007, 38.703880700082955 ], [ 20.9412347, 38.703881700082945 ], [ 20.9412367, 38.703931700082954 ] ] ] } },
{ "type": "Feature", "properties": { "osm_id": 1069880205, "name": null, "label": "building:yes", "building": "yes", "natural": null, "landuse": null, "amenity": null, "sport": null, "leisure": null }, "geometry": { "type": "Polygon", "coordinates": [ [ [ 20.9411637, 38.703813700082932 ], [ 20.9412197, 38.703801700082934 ], [ 20.9412027, 38.70375370008292 ], [ 20.9411467, 38.703765700082926 ], [ 20.9411637, 38.703813700082932 ] ] ] } },
{ "type": "Feature", "properties": { "osm_id": 1069880021, "name": null, "label": "building:yes", "building": "yes", "natural": null, "landuse": null, "amenity": null, "sport": null, "leisure": null }, "geometry": { "type": "Polygon", "coordinates": [ [ [ 20.9410467, 38.703759700082934 ], [ 20.9412077, 38.703744700082929 ], [ 20.9411987, 38.703688700082921 ], [ 20.9410377, 38.703703700082919 ], [ 20.9410467, 38.703759700082934 ] ] ] } },
{ "type": "Feature", "properties": { "osm_id": 1069877445, "name": null, "label": "building:yes", "building": "yes", "natural": null, "landuse": null, "amenity": null, "sport": null, "leisure": null }, "geometry": { "type": "Polygon", "coordinates": [ [ [ 20.9410727, 38.70395570008295 ], [ 20.9410747, 38.703932700082966 ], [ 20.9410207, 38.703930700082957 ], [ 20.9410197, 38.703953700082963 ], [ 20.9410727, 38.70395570008295 ] ] ] } },
{ "type": "Feature", "properties": { "osm_id": 1069880409, "name": null, "label": "building:yes", "building": "yes", "natural": null, "landuse": null, "amenity": null, "sport": null, "leisure": null }, "geometry": { "type": "Polygon", "coordinates": [ [ [ 20.9425727, 38.702969700082811 ], [ 20.9426897, 38.702964700082809 ], [ 20.9426887, 38.702936700082816 ], [ 20.9427267, 38.702935700082811 ], [ 20.9427217, 38.702854700082803 ], [ 20.9425657, 38.702860700082802 ], [ 20.9425727, 38.702969700082811 ] ] ] } },
{ "type": "Feature", "properties": { "osm_id": 1069879292, "name": null, "label": "building:yes", "building": "yes", "natural": null, "landuse": null, "amenity": null, "sport": null, "leisure": null }, "geometry": { "type": "Polygon", "coordinates": [ [ [ 20.943729, 38.703309000082854 ], [ 20.94377, 38.70316700008285 ], [ 20.943619, 38.703141000082852 ], [ 20.943579, 38.70328300008287 ], [ 20.943729, 38.703309000082854 ] ] ] } },
{ "type": "Feature", "properties": { "osm_id": 1069879233, "name": null, "label": "building:yes", "building": "yes", "natural": null, "landuse": null, "amenity": null, "sport": null, "leisure": null }, "geometry": { "type": "Polygon", "coordinates": [ [ [ 20.943679, 38.703114000082827 ], [ 20.943688, 38.703072000082827 ], [ 20.943644, 38.703066000082821 ], [ 20.943634, 38.703108000082835 ], [ 20.943679, 38.703114000082827 ] ] ] } },
{ "type": "Feature", "properties": { "osm_id": 1069880715, "name": null, "label": "building:yes", "building": "yes", "natural": null, "landuse": null, "amenity": null, "sport": null, "leisure": null }, "geometry": { "type": "Polygon", "coordinates": [ [ [ 20.944453, 38.702995000082815 ], [ 20.944461, 38.7029420000828 ], [ 20.944306, 38.702927000082809 ], [ 20.944298, 38.702980000082817 ], [ 20.944453, 38.702995000082815 ] ] ] } },
{ "type": "Feature", "properties": { "osm_id": 1069879789, "name": null, "label": "building:yes", "building": "yes", "natural": null, "landuse": null, "amenity": null, "sport": null, "leisure": null }, "geometry": { "type": "Polygon", "coordinates": [ [ [ 20.94414, 38.703669000082925 ], [ 20.944145, 38.703523000082903 ], [ 20.944046, 38.703521000082894 ], [ 20.944043, 38.703600000082915 ], [ 20.944011, 38.703600000082915 ], [ 20.944009, 38.703667000082923 ], [ 20.94414, 38.703669000082925 ] ] ] } },
{ "type": "Feature", "properties": { "osm_id": 1069878912, "name": null, "label": "building:yes", "building": "yes", "natural": null, "landuse": null, "amenity": null, "sport": null, "leisure": null }, "geometry": { "type": "Polygon", "coordinates": [ [ [ 20.944351, 38.703756000082933 ], [ 20.944353, 38.703699000082921 ], [ 20.944256, 38.703697000082926 ], [ 20.944254, 38.703753000082934 ], [ 20.944351, 38.703756000082933 ] ] ] } },
{ "type": "Feature", "properties": { "osm_id": 1069878702, "name": null, "label": "building:yes", "building": "yes", "natural": null, "landuse": null, "amenity": null, "sport": null, "leisure": null }, "geometry": { "type": "Polygon", "coordinates": [ [ [ 20.944026, 38.704282000082998 ], [ 20.944159, 38.704279000083005 ], [ 20.944156, 38.704164000082983 ], [ 20.944023, 38.704167000082997 ], [ 20.944026, 38.704282000082998 ] ] ] } },
{ "type": "Feature", "properties": { "osm_id": 1069879573, "name": null, "label": "building:yes", "building": "yes", "natural": null, "landuse": null, "amenity": null, "sport": null, "leisure": null }, "geometry": { "type": "Polygon", "coordinates": [ [ [ 20.943934, 38.70424300008299 ], [ 20.943982, 38.704234000082998 ], [ 20.943954, 38.704146000082993 ], [ 20.943906, 38.704155000082984 ], [ 20.943934, 38.70424300008299 ] ] ] } },
{ "type": "Feature", "properties": { "osm_id": 1069878349, "name": null, "label": "building:yes", "building": "yes", "natural": null, "landuse": null, "amenity": null, "sport": null, "leisure": null }, "geometry": { "type": "Polygon", "coordinates": [ [ [ 20.943732, 38.703773000082933 ], [ 20.943735, 38.703734000082918 ], [ 20.943662, 38.703731000082925 ], [ 20.943659, 38.703770000082926 ], [ 20.943732, 38.703773000082933 ] ] ] } },
{ "type": "Feature", "properties": { "osm_id": 1069879917, "name": null, "label": "building:yes", "building": "yes", "natural": null, "landuse": null, "amenity": null, "sport": null, "leisure": null }, "geometry": { "type": "Polygon", "coordinates": [ [ [ 20.943485, 38.703929000082958 ], [ 20.943488, 38.703867000082951 ], [ 20.943405, 38.703865000082956 ], [ 20.943402, 38.703927000082956 ], [ 20.943485, 38.703929000082958 ] ] ] } },
{ "type": "Feature", "properties": { "osm_id": 103015695, "name": null, "label": "landuse:residential", "building": null, "natural": null, "landuse": "residential", "amenity": null, "sport": null, "leisure": null }, "geometry": { "type": "MultiPolygon", "coordinates": [ [ [ [ 20.9406519, 38.703127900082833 ], [ 20.940172, 38.701592600082613 ], [ 20.940316, 38.701068400082526 ], [ 20.9407319, 38.700207100082409 ], [ 20.9399641, 38.699508000082304 ], [ 20.9383967, 38.699845100082356 ], [ 20.9375329, 38.700831200082504 ], [ 20.937261, 38.701779900082641 ], [ 20.9381087, 38.702641100082772 ], [ 20.937750891786727, 38.704304743433426 ], [ 20.939284826626981, 38.704304743433426 ], [ 20.9393243, 38.703739600082912 ], [ 20.939997438407257, 38.704304743433426 ], [ 20.941446990024268, 38.704304743433426 ], [ 20.9406519, 38.703127900082833 ] ] ], [ [ [ 20.9493849, 38.703589800082909 ], [ 20.9482973, 38.701954600082679 ], [ 20.9474496, 38.701005900082521 ], [ 20.9457222, 38.70131800008258 ], [ 20.9464419, 38.702716000082781 ], [ 20.9458121, 38.702862600082803 ], [ 20.9455302, 38.702928200082823 ], [ 20.9451144, 38.702404000082737 ], [ 20.9437548, 38.70252880008276 ], [ 20.943131, 38.704126500082985 ], [ 20.942948289093973, 38.704304743433426 ], [ 20.94978762883385, 38.704304743433426 ], [ 20.9493849, 38.703589800082909 ] ] ] ] } },
{ "type": "Feature", "properties": { "osm_id": 1069877752, "name": null, "label": "building:yes", "building": "yes", "natural": null, "landuse": null, "amenity": null, "sport": null, "leisure": null }, "geometry": { "type": "Polygon", "coordinates": [ [ [ 20.945396, 38.704241000082995 ], [ 20.945341, 38.704252000082988 ], [ 20.945358955172036, 38.704304743433426 ], [ 20.945417854851343, 38.704304743433426 ], [ 20.945396, 38.704241000082995 ] ] ] } },
{ "type": "Feature", "properties": { "osm_id": 1069879065, "name": null, "label": "building:yes", "building": "yes", "natural": null, "landuse": null, "amenity": null, "sport": null, "leisure": null }, "geometry": { "type": "Polygon", "coordinates": [ [ [ 20.944984, 38.704277000083003 ], [ 20.944946, 38.704280000083003 ], [ 20.9449490929183, 38.704304743433426 ], [ 20.944987467918306, 38.704304743433426 ], [ 20.944984, 38.704277000083003 ] ] ] } },
{ "type": "Feature", "properties": { "osm_id": 1069879030, "name": null, "label": "building:yes", "building": "yes", "natural": null, "landuse": null, "amenity": null, "sport": null, "leisure": null }, "geometry": { "type": "Polygon", "coordinates": [ [ [ 20.944762, 38.704120000082987 ], [ 20.944928, 38.704116000082983 ], [ 20.944927, 38.704085000082976 ], [ 20.944892, 38.704086000082974 ], [ 20.944889, 38.704016000082959 ], [ 20.944757, 38.70402000008297 ], [ 20.944762, 38.704120000082987 ] ] ] } },
{ "type": "Feature", "properties": { "osm_id": 1069880794, "name": null, "label": "building:yes", "building": "yes", "natural": null, "landuse": null, "amenity": null, "sport": null, "leisure": null }, "geometry": { "type": "Polygon", "coordinates": [ [ [ 20.944528, 38.704288000083004 ], [ 20.944533, 38.704255000083009 ], [ 20.944576, 38.704259000083006 ], [ 20.944588, 38.704179000082995 ], [ 20.94454, 38.704174000083 ], [ 20.944537, 38.704191000082993 ], [ 20.944402, 38.704178000082997 ], [ 20.944388, 38.704276000083006 ], [ 20.944528, 38.704288000083004 ] ] ] } },
{ "type": "Feature", "properties": { "osm_id": 1069877914, "name": null, "label": "building:yes", "building": "yes", "natural": null, "landuse": null, "amenity": null, "sport": null, "leisure": null }, "geometry": { "type": "Polygon", "coordinates": [ [ [ 20.944477, 38.703656000082916 ], [ 20.944513, 38.703655000082918 ], [ 20.94451, 38.703604000082912 ], [ 20.944475, 38.703605000082916 ], [ 20.944477, 38.703656000082916 ] ] ] } },
{ "type": "Feature", "properties": { "osm_id": 1069880600, "name": null, "label": "building:yes", "building": "yes", "natural": null, "landuse": null, "amenity": null, "sport": null, "leisure": null }, "geometry": { "type": "Polygon", "coordinates": [ [ [ 20.944675, 38.703750000082941 ], [ 20.944809, 38.703748000082925 ], [ 20.944808, 38.70370500008292 ], [ 20.944673, 38.703707000082922 ], [ 20.944675, 38.703750000082941 ] ] ] } },
{ "type": "Feature", "properties": { "osm_id": 1069878723, "name": null, "label": "building:yes", "building": "yes", "natural": null, "landuse": null, "amenity": null, "sport": null, "leisure": null }, "geometry": { "type": "Polygon", "coordinates": [ [ [ 20.944745, 38.703317000082862 ], [ 20.94487, 38.703296000082865 ], [ 20.944844, 38.703202000082847 ], [ 20.944718, 38.703224000082841 ], [ 20.944745, 38.703317000082862 ] ] ] } },
{ "type": "Feature", "properties": { "osm_id": 1069878227, "name": null, "label": "building:yes", "building": "yes", "natural": null, "landuse": null, "amenity": null, "sport": null, "leisure": null }, "geometry": { "type": "Polygon", "coordinates": [ [ [ 20.94463, 38.703546000082895 ], [ 20.944754, 38.703545000082883 ], [ 20.944753, 38.703449000082891 ], [ 20.944629, 38.703450000082888 ], [ 20.94463, 38.703546000082895 ] ] ] } },
{ "type": "Feature", "properties": { "osm_id": 1069878855, "name": null, "label": "building:yes", "building": "yes", "natural": null, "landuse": null, "amenity": null, "sport": null, "leisure": null }, "geometry": { "type": "Polygon", "coordinates": [ [ [ 20.944638, 38.703395000082871 ], [ 20.944725, 38.703393000082869 ], [ 20.944721, 38.703266000082863 ], [ 20.944633, 38.703268000082865 ], [ 20.944638, 38.703395000082871 ] ] ] } },
{ "type": "Feature", "properties": { "osm_id": 1069880591, "name": null, "label": "building:yes", "building": "yes", "natural": null, "landuse": null, "amenity": null, "sport": null, "leisure": null }, "geometry": { "type": "Polygon", "coordinates": [ [ [ 20.944433, 38.703091000082836 ], [ 20.944567, 38.703087000082832 ], [ 20.944563, 38.703011000082817 ], [ 20.94443, 38.703015000082814 ], [ 20.944433, 38.703091000082836 ] ] ] } },
{ "type": "Feature", "properties": { "osm_id": 1069877454, "name": null, "label": "building:yes", "building": "yes", "natural": null, "landuse": null, "amenity": null, "sport": null, "leisure": null }, "geometry": { "type": "Polygon", "coordinates": [ [ [ 20.944336, 38.702899000082809 ], [ 20.9445, 38.702897000082814 ], [ 20.944498, 38.702835000082793 ], [ 20.944335, 38.702838000082792 ], [ 20.944336, 38.702899000082809 ] ] ] } },
{ "type": "Feature", "properties": { "osm_id": 1069879506, "name": null, "label": "building:yes", "building": "yes", "natural": null, "landuse": null, "amenity": null, "sport": null, "leisure": null }, "geometry": { "type": "Polygon", "coordinates": [ [ [ 20.944698, 38.703018000082821 ], [ 20.944799, 38.702998000082808 ], [ 20.944755, 38.702862000082803 ], [ 20.944654, 38.702882000082795 ], [ 20.944698, 38.703018000082821 ] ] ] } },
{ "type": "Feature", "properties": { "osm_id": 1069880194, "name": null, "label": "building:yes", "building": "yes", "natural": null, "landuse": null, "amenity": null, "sport": null, "leisure": null }, "geometry": { "type": "Polygon", "coordinates": [ [ [ 20.945365, 38.703319000082864 ], [ 20.945452, 38.703306000082847 ], [ 20.945444, 38.703276000082866 ], [ 20.945492, 38.703269000082862 ], [ 20.94546, 38.703139000082842 ], [ 20.945326, 38.703159000082834 ], [ 20.945365, 38.703319000082864 ] ] ] } },
{ "type": "Feature", "properties": { "osm_id": 1069879514, "name": null, "label": "building:yes", "building": "yes", "natural": null, "landuse": null, "amenity": null, "sport": null, "leisure": null }, "geometry": { "type": "Polygon", "coordinates": [ [ [ 20.948993, 38.704228000082985 ], [ 20.94889, 38.704265000083005 ], [ 20.948913345727437, 38.704304743433426 ], [ 20.949038079989144, 38.704304743433426 ], [ 20.948993, 38.704228000082985 ] ] ] } },
{ "type": "Feature", "properties": { "osm_id": 1069877745, "name": null, "label": "building:yes", "building": "yes", "natural": null, "landuse": null, "amenity": null, "sport": null, "leisure": null }, "geometry": { "type": "Polygon", "coordinates": [ [ [ 20.948867, 38.704227000083002 ], [ 20.948973, 38.704185000082994 ], [ 20.948912, 38.704092000082973 ], [ 20.948807, 38.704133000082976 ], [ 20.948867, 38.704227000083002 ] ] ] } },
{ "type": "Feature", "properties": { "osm_id": 1069879299, "name": null, "label": "building:yes", "building": "yes", "natural": null, "landuse": null, "amenity": null, "sport": null, "leisure": null }, "geometry": { "type": "Polygon", "coordinates": [ [ [ 20.949291, 38.68188200007976 ], [ 20.949341, 38.681876000079775 ], [ 20.949332, 38.681834000079753 ], [ 20.949282, 38.681840000079752 ], [ 20.949291, 38.68188200007976 ] ] ] } },
{ "type": "Feature", "properties": { "osm_id": 1069878479, "name": null, "label": "building:yes", "building": "yes", "natural": null, "landuse": null, "amenity": null, "sport": null, "leisure": null }, "geometry": { "type": "Polygon", "coordinates": [ [ [ 20.949665, 38.681795000079745 ], [ 20.949675, 38.681754000079735 ], [ 20.949611, 38.681744000079732 ], [ 20.9496, 38.681785000079749 ], [ 20.949665, 38.681795000079745 ] ] ] } },
{ "type": "Feature", "properties": { "osm_id": 1069878770, "name": null, "label": "building:yes", "building": "yes", "natural": null, "landuse": null, "amenity": null, "sport": null, "leisure": null }, "geometry": { "type": "Polygon", "coordinates": [ [ [ 20.945841, 38.682935000079908 ], [ 20.945927, 38.682916000079899 ], [ 20.945856, 38.68272000007989 ], [ 20.94577, 38.682739000079899 ], [ 20.945841, 38.682935000079908 ] ] ] } },
{ "type": "Feature", "properties": { "osm_id": 1069877970, "name": null, "label": "building:yes", "building": "yes", "natural": null, "landuse": null, "amenity": null, "sport": null, "leisure": null }, "geometry": { "type": "Polygon", "coordinates": [ [ [ 20.945999, 38.68290000007989 ], [ 20.946191, 38.682859000079894 ], [ 20.946159, 38.682764000079878 ], [ 20.945966, 38.682805000079895 ], [ 20.945999, 38.68290000007989 ] ] ] } },
{ "type": "Feature", "properties": { "osm_id": 1069880249, "name": null, "label": "building:yes", "building": "yes", "natural": null, "landuse": null, "amenity": null, "sport": null, "leisure": null }, "geometry": { "type": "Polygon", "coordinates": [ [ [ 20.946975, 38.688257000080689 ], [ 20.947208, 38.688245000080677 ], [ 20.947196, 38.688108000080653 ], [ 20.947133, 38.688111000080653 ], [ 20.947137, 38.688161000080662 ], [ 20.946968, 38.68816900008067 ], [ 20.946975, 38.688257000080689 ] ] ] } },
{ "type": "Feature", "properties": { "osm_id": 1069880678, "name": null, "label": "building:yes", "building": "yes", "natural": null, "landuse": null, "amenity": null, "sport": null, "leisure": null }, "geometry": { "type": "Polygon", "coordinates": [ [ [ 20.948467, 38.689718000080887 ], [ 20.948545, 38.689688000080878 ], [ 20.948503, 38.689622000080881 ], [ 20.948425, 38.689652000080883 ], [ 20.948467, 38.689718000080887 ] ] ] } },
{ "type": "Feature", "properties": { "osm_id": 1069879577, "name": null, "label": "building:yes", "building": "yes", "natural": null, "landuse": null, "amenity": null, "sport": null, "leisure": null }, "geometry": { "type": "Polygon", "coordinates": [ [ [ 20.947279, 38.689585000080882 ], [ 20.947426, 38.689583000080866 ], [ 20.947422, 38.689416000080854 ], [ 20.947276, 38.689418000080856 ], [ 20.947279, 38.689585000080882 ] ] ] } },
{ "type": "Feature", "properties": { "osm_id": 1069879013, "name": null, "label": "building:yes", "building": "yes", "natural": null, "landuse": null, "amenity": null, "sport": null, "leisure": null }, "geometry": { "type": "Polygon", "coordinates": [ [ [ 20.947314, 38.689349000080838 ], [ 20.947412, 38.689347000080836 ], [ 20.947406, 38.689194000080825 ], [ 20.947308, 38.689196000080827 ], [ 20.947314, 38.689349000080838 ] ] ] } },
{ "type": "Feature", "properties": { "osm_id": 1069877505, "name": null, "label": "building:yes", "building": "yes", "natural": null, "landuse": null, "amenity": null, "sport": null, "leisure": null }, "geometry": { "type": "Polygon", "coordinates": [ [ [ 20.947154, 38.688454000080704 ], [ 20.947197, 38.688442000080713 ], [ 20.947179, 38.688405000080699 ], [ 20.947137, 38.688417000080705 ], [ 20.947154, 38.688454000080704 ] ] ] } },
{ "type": "Feature", "properties": { "osm_id": 1069878752, "name": null, "label": "building:yes", "building": "yes", "natural": null, "landuse": null, "amenity": null, "sport": null, "leisure": null }, "geometry": { "type": "Polygon", "coordinates": [ [ [ 20.946824, 38.688615000080731 ], [ 20.946907, 38.688598000080738 ], [ 20.946889, 38.68854700008071 ], [ 20.946807, 38.688564000080731 ], [ 20.946824, 38.688615000080731 ] ] ] } },
{ "type": "Feature", "properties": { "osm_id": 1069878158, "name": null, "label": "building:yes", "building": "yes", "natural": null, "landuse": null, "amenity": null, "sport": null, "leisure": null }, "geometry": { "type": "Polygon", "coordinates": [ [ [ 20.946669, 38.688677000080737 ], [ 20.946822, 38.688629000080738 ], [ 20.946794, 38.688575000080725 ], [ 20.946641, 38.688623000080732 ], [ 20.946669, 38.688677000080737 ] ] ] } },
{ "type": "Feature", "properties": { "osm_id": 1069878995, "name": null, "label": "building:yes", "building": "yes", "natural": null, "landuse": null, "amenity": null, "sport": null, "leisure": null }, "geometry": { "type": "Polygon", "coordinates": [ [ [ 20.947127, 38.689348000080841 ], [ 20.947183, 38.689328000080835 ], [ 20.947158, 38.689285000080822 ], [ 20.947102, 38.689305000080829 ], [ 20.947127, 38.689348000080841 ] ] ] } },
{ "type": "Feature", "properties": { "osm_id": 1069878070, "name": null, "label": "building:yes", "building": "yes", "natural": null, "landuse": null, "amenity": null, "sport": null, "leisure": null }, "geometry": { "type": "Polygon", "coordinates": [ [ [ 20.946988, 38.68994600008093 ], [ 20.947053, 38.689930000080928 ], [ 20.947032, 38.689879000080907 ], [ 20.946967, 38.689894000080926 ], [ 20.946988, 38.68994600008093 ] ] ] } },
{ "type": "Feature", "properties": { "osm_id": 1069880424, "name": null, "label": "building:yes", "building": "yes", "natural": null, "landuse": null, "amenity": null, "sport": null, "leisure": null }, "geometry": { "type": "Polygon", "coordinates": [ [ [ 20.9462333, 38.689325500080855 ], [ 20.9462413, 38.689280500080834 ], [ 20.9461733, 38.689272500080833 ], [ 20.9461643, 38.689317500080833 ], [ 20.9462333, 38.689325500080855 ] ] ] } },
{ "type": "Feature", "properties": { "osm_id": 1069880782, "name": null, "label": "building:yes", "building": "yes", "natural": null, "landuse": null, "amenity": null, "sport": null, "leisure": null }, "geometry": { "type": "Polygon", "coordinates": [ [ [ 20.945645, 38.689608200080876 ], [ 20.945732, 38.689580200080876 ], [ 20.94567, 38.689464200080863 ], [ 20.945583, 38.689492200080842 ], [ 20.945645, 38.689608200080876 ] ] ] } },
{ "type": "Feature", "properties": { "osm_id": 1069880549, "name": null, "label": "building:yes", "building": "yes", "natural": null, "landuse": null, "amenity": null, "sport": null, "leisure": null }, "geometry": { "type": "Polygon", "coordinates": [ [ [ 20.945733, 38.689473200080862 ], [ 20.945833, 38.68945120008086 ], [ 20.945822, 38.689420200080853 ], [ 20.945722, 38.689442200080848 ], [ 20.945733, 38.689473200080862 ] ] ] } },
{ "type": "Feature", "properties": { "osm_id": 1069879586, "name": null, "label": "building:yes", "building": "yes", "natural": null, "landuse": null, "amenity": null, "sport": null, "leisure": null }, "geometry": { "type": "Polygon", "coordinates": [ [ [ 20.945087, 38.690400000080977 ], [ 20.945117, 38.690390000080995 ], [ 20.945056, 38.690281000080958 ], [ 20.945026, 38.690291000080983 ], [ 20.945087, 38.690400000080977 ] ] ] } },
{ "type": "Feature", "properties": { "osm_id": 1069880215, "name": null, "label": "building:yes", "building": "yes", "natural": null, "landuse": null, "amenity": null, "sport": null, "leisure": null }, "geometry": { "type": "Polygon", "coordinates": [ [ [ 20.944871, 38.690483000081009 ], [ 20.945084, 38.690410000081002 ], [ 20.945016, 38.690287000080964 ], [ 20.944802, 38.690360000081 ], [ 20.944871, 38.690483000081009 ] ] ] } },
{ "type": "Feature", "properties": { "osm_id": 1069878124, "name": null, "label": "building:yes", "building": "yes", "natural": null, "landuse": null, "amenity": null, "sport": null, "leisure": null }, "geometry": { "type": "Polygon", "coordinates": [ [ [ 20.944674, 38.690580000081013 ], [ 20.944839, 38.690534000081009 ], [ 20.944826, 38.690504000080999 ], [ 20.944852, 38.690497000081017 ], [ 20.944773, 38.690327000080984 ], [ 20.944582, 38.690380000080992 ], [ 20.944674, 38.690580000081013 ] ] ] } },
{ "type": "Feature", "properties": { "osm_id": 1069877989, "name": null, "label": "building:yes", "building": "yes", "natural": null, "landuse": null, "amenity": null, "sport": null, "leisure": null }, "geometry": { "type": "Polygon", "coordinates": [ [ [ 20.944884, 38.688696000080746 ], [ 20.944956, 38.688684000080755 ], [ 20.944937, 38.688610000080729 ], [ 20.944865, 38.688621000080722 ], [ 20.944884, 38.688696000080746 ] ] ] } },
{ "type": "Feature", "properties": { "osm_id": 1069879737, "name": null, "label": "building:yes", "building": "yes", "natural": null, "landuse": null, "amenity": null, "sport": null, "leisure": null }, "geometry": { "type": "Polygon", "coordinates": [ [ [ 20.94398, 38.685843000080325 ], [ 20.944046, 38.685829000080332 ], [ 20.944027, 38.68577200008032 ], [ 20.943961, 38.685786000080327 ], [ 20.94398, 38.685843000080325 ] ] ] } },
{ "type": "Feature", "properties": { "osm_id": 1069879029, "name": null, "label": "building:yes", "building": "yes", "natural": null, "landuse": null, "amenity": null, "sport": null, "leisure": null }, "geometry": { "type": "Polygon", "coordinates": [ [ [ 20.941106, 38.691021000081086 ], [ 20.941333, 38.690971000081063 ], [ 20.941299, 38.690876000081076 ], [ 20.941072, 38.690927000081075 ], [ 20.941106, 38.691021000081086 ] ] ] } },
{ "type": "Feature", "properties": { "osm_id": 1069879601, "name": null, "label": "building:yes", "building": "yes", "natural": null, "landuse": null, "amenity": null, "sport": null, "leisure": null }, "geometry": { "type": "Polygon", "coordinates": [ [ [ 20.940738, 38.691112000081084 ], [ 20.940949, 38.69107700008108 ], [ 20.940915, 38.690951000081064 ], [ 20.940703, 38.69098700008108 ], [ 20.940738, 38.691112000081084 ] ] ] } },
{ "type": "Feature", "properties": { "osm_id": 1069880228, "name": null, "label": "building:yes", "building": "yes", "natural": null, "landuse": null, "amenity": null, "sport": null, "leisure": null }, "geometry": { "type": "Polygon", "coordinates": [ [ [ 20.938372, 38.690112000080951 ], [ 20.938416, 38.690109000080959 ], [ 20.938411, 38.690066000080954 ], [ 20.938367, 38.690069000080946 ], [ 20.938372, 38.690112000080951 ] ] ] } },
{ "type": "Feature", "properties": { "osm_id": 1069879815, "name": null, "label": "building:yes", "building": "yes", "natural": null, "landuse": null, "amenity": null, "sport": null, "leisure": null }, "geometry": { "type": "Polygon", "coordinates": [ [ [ 20.936617, 38.689520000080869 ], [ 20.936768, 38.689517000080855 ], [ 20.936764, 38.68936700008085 ], [ 20.936612, 38.689369000080831 ], [ 20.936617, 38.689520000080869 ] ] ] } },
{ "type": "Feature", "properties": { "osm_id": 1069880287, "name": null, "label": "building:yes", "building": "yes", "natural": null, "landuse": null, "amenity": null, "sport": null, "leisure": null }, "geometry": { "type": "Polygon", "coordinates": [ [ [ 20.937362, 38.688330000080704 ], [ 20.937363, 38.688284000080692 ], [ 20.937318, 38.688284000080692 ], [ 20.937317, 38.688329000080699 ], [ 20.937362, 38.688330000080704 ] ] ] } },
{ "type": "Feature", "properties": { "osm_id": 1069878105, "name": null, "label": "building:yes", "building": "yes", "natural": null, "landuse": null, "amenity": null, "sport": null, "leisure": null }, "geometry": { "type": "Polygon", "coordinates": [ [ [ 20.93835, 38.689979000080932 ], [ 20.938385, 38.689971000080938 ], [ 20.938359, 38.689905000080927 ], [ 20.938325, 38.689913000080914 ], [ 20.93835, 38.689979000080932 ] ] ] } },
{ "type": "Feature", "properties": { "osm_id": 1069877817, "name": null, "label": "building:yes", "building": "yes", "natural": null, "landuse": null, "amenity": null, "sport": null, "leisure": null }, "geometry": { "type": "Polygon", "coordinates": [ [ [ 20.937437, 38.688171000080672 ], [ 20.937445, 38.688132000080671 ], [ 20.937401, 38.688127000080662 ], [ 20.937393, 38.68816600008067 ], [ 20.937437, 38.688171000080672 ] ] ] } },
{ "type": "Feature", "properties": { "osm_id": 1069877566, "name": null, "label": "building:yes", "building": "yes", "natural": null, "landuse": null, "amenity": null, "sport": null, "leisure": null }, "geometry": { "type": "Polygon", "coordinates": [ [ [ 20.937371, 38.688278000080672 ], [ 20.937395, 38.688201000080674 ], [ 20.937357, 38.688194000080678 ], [ 20.937333, 38.688271000080675 ], [ 20.937371, 38.688278000080672 ] ] ] } },
{ "type": "Feature", "properties": { "osm_id": 1069880062, "name": null, "label": "building:yes", "building": "yes", "natural": null, "landuse": null, "amenity": null, "sport": null, "leisure": null }, "geometry": { "type": "Polygon", "coordinates": [ [ [ 20.93685, 38.687578500080591 ], [ 20.9369092, 38.687574100080582 ], [ 20.9370091, 38.687529300080584 ], [ 20.9369081, 38.687387300080559 ], [ 20.9367521, 38.687454300080567 ], [ 20.93685, 38.687578500080591 ] ] ] } },
{ "type": "Feature", "properties": { "osm_id": 1069877645, "name": null, "label": "building:yes", "building": "yes", "natural": null, "landuse": null, "amenity": null, "sport": null, "leisure": null }, "geometry": { "type": "Polygon", "coordinates": [ [ [ 20.938896, 38.683838000080051 ], [ 20.938983, 38.683800000080041 ], [ 20.938954, 38.683758000080033 ], [ 20.938866, 38.683796000080036 ], [ 20.938896, 38.683838000080051 ] ] ] } },
{ "type": "Feature", "properties": { "osm_id": 1069879336, "name": null, "label": "building:yes", "building": "yes", "natural": null, "landuse": null, "amenity": null, "sport": null, "leisure": null }, "geometry": { "type": "Polygon", "coordinates": [ [ [ 20.939539, 38.683766000080034 ], [ 20.939599, 38.683755000080026 ], [ 20.939582, 38.68370400008002 ], [ 20.939523, 38.683715000080014 ], [ 20.939539, 38.683766000080034 ] ] ] } },
{ "type": "Feature", "properties": { "osm_id": 1069879208, "name": null, "label": "building:yes", "building": "yes", "natural": null, "landuse": null, "amenity": null, "sport": null, "leisure": null }, "geometry": { "type": "Polygon", "coordinates": [ [ [ 20.939508, 38.683711000080024 ], [ 20.939567, 38.683695000080014 ], [ 20.939476, 38.683493000079991 ], [ 20.939417, 38.683509000079994 ], [ 20.939508, 38.683711000080024 ] ] ] } },
{ "type": "Feature", "properties": { "osm_id": 1069879465, "name": null, "label": "building:yes", "building": "yes", "natural": null, "landuse": null, "amenity": null, "sport": null, "leisure": null }, "geometry": { "type": "Polygon", "coordinates": [ [ [ 20.939308, 38.683436000079972 ], [ 20.93936, 38.683421000079981 ], [ 20.939342, 38.683386000079985 ], [ 20.939291, 38.683402000079973 ], [ 20.939308, 38.683436000079972 ] ] ] } },
{ "type": "Feature", "properties": { "osm_id": 1069879362, "name": null, "label": "building:yes", "building": "yes", "natural": null, "landuse": null, "amenity": null, "sport": null, "leisure": null }, "geometry": { "type": "Polygon", "coordinates": [ [ [ 20.939271, 38.683987000080052 ], [ 20.93949, 38.68392300008005 ], [ 20.9394, 38.683734000080044 ], [ 20.939181, 38.683797000080041 ], [ 20.939271, 38.683987000080052 ] ] ] } },
{ "type": "Feature", "properties": { "osm_id": 1069880526, "name": null, "label": "building:yes", "building": "yes", "natural": null, "landuse": null, "amenity": null, "sport": null, "leisure": null }, "geometry": { "type": "Polygon", "coordinates": [ [ [ 20.9386345, 38.68383280008004 ], [ 20.9386945, 38.683809800080049 ], [ 20.9386795, 38.683785800080038 ], [ 20.9386195, 38.683808800080044 ], [ 20.9386345, 38.68383280008004 ] ] ] } },
{ "type": "Feature", "properties": { "osm_id": 1069879289, "name": null, "label": "building:yes", "building": "yes", "natural": null, "landuse": null, "amenity": null, "sport": null, "leisure": null }, "geometry": { "type": "Polygon", "coordinates": [ [ [ 20.937144, 38.682828000079894 ], [ 20.937322, 38.682772000079879 ], [ 20.937277, 38.682686000079869 ], [ 20.937099, 38.682742000079884 ], [ 20.937144, 38.682828000079894 ] ] ] } },
{ "type": "Feature", "properties": { "osm_id": 1069877800, "name": null, "label": "building:yes", "building": "yes", "natural": null, "landuse": null, "amenity": null, "sport": null, "leisure": null }, "geometry": { "type": "Polygon", "coordinates": [ [ [ 20.937869, 38.682326000079826 ], [ 20.937834, 38.682338000079824 ], [ 20.937908, 38.682469000079834 ], [ 20.938016, 38.682431000079838 ], [ 20.937898, 38.682225000079804 ], [ 20.937825, 38.682250000079819 ], [ 20.937869, 38.682326000079826 ] ] ] } },
{ "type": "Feature", "properties": { "osm_id": 449926257, "name": null, "label": "building:yes", "building": "yes", "natural": null, "landuse": null, "amenity": null, "sport": null, "leisure": null }, "geometry": { "type": "Polygon", "coordinates": [ [ [ 20.9412363, 38.68168830007972 ], [ 20.941542, 38.681604500079715 ], [ 20.9415146, 38.681543400079711 ], [ 20.9412088, 38.681627200079717 ], [ 20.9412363, 38.68168830007972 ] ] ] } },
{ "type": "Feature", "properties": { "osm_id": 449926256, "name": null, "label": "building:yes", "building": "yes", "natural": null, "landuse": null, "amenity": null, "sport": null, "leisure": null }, "geometry": { "type": "Polygon", "coordinates": [ [ [ 20.9413006, 38.681577300079717 ], [ 20.9415136, 38.681509800079702 ], [ 20.9413708, 38.681235300079649 ], [ 20.9411578, 38.681302900079679 ], [ 20.9413006, 38.681577300079717 ] ] ] } },
{ "type": "Feature", "properties": { "osm_id": 1069878721, "name": null, "label": "building:yes", "building": "yes", "natural": null, "landuse": null, "amenity": null, "sport": null, "leisure": null }, "geometry": { "type": "Polygon", "coordinates": [ [ [ 20.944155, 38.68188200007976 ], [ 20.94422, 38.681865000079753 ], [ 20.944198, 38.681814000079754 ], [ 20.944333, 38.68177900007975 ], [ 20.944266, 38.681623000079725 ], [ 20.944239, 38.681630000079714 ], [ 20.944199, 38.681538000079712 ], [ 20.944026, 38.681583000079719 ], [ 20.944155, 38.68188200007976 ] ] ] } },
{ "type": "Feature", "properties": { "osm_id": 1069879699, "name": null, "label": "building:yes", "building": "yes", "natural": null, "landuse": null, "amenity": null, "sport": null, "leisure": null }, "geometry": { "type": "Polygon", "coordinates": [ [ [ 20.943699, 38.683963000080048 ], [ 20.943748, 38.683952000080055 ], [ 20.943732, 38.683909000080043 ], [ 20.943683, 38.683921000080048 ], [ 20.943699, 38.683963000080048 ] ] ] } },
{ "type": "Feature", "properties": { "osm_id": 1069877469, "name": null, "label": "building:yes", "building": "yes", "natural": null, "landuse": null, "amenity": null, "sport": null, "leisure": null }, "geometry": { "type": "Polygon", "coordinates": [ [ [ 20.943937, 38.683963000080048 ], [ 20.944072, 38.683942000080066 ], [ 20.944013, 38.683706000080022 ], [ 20.943878, 38.683727000080033 ], [ 20.943937, 38.683963000080048 ] ] ] } },
{ "type": "Feature", "properties": { "osm_id": 1069879733, "name": null, "label": "building:yes", "building": "yes", "natural": null, "landuse": null, "amenity": null, "sport": null, "leisure": null }, "geometry": { "type": "Polygon", "coordinates": [ [ [ 20.944583, 38.681894000079744 ], [ 20.944614, 38.681881000079763 ], [ 20.94459, 38.681846000079751 ], [ 20.944559, 38.681860000079745 ], [ 20.944583, 38.681894000079744 ] ] ] } },
{ "type": "Feature", "properties": { "osm_id": 514827153, "name": null, "label": "landuse:farmland", "building": null, "natural": null, "landuse": "farmland", "amenity": null, "sport": null, "leisure": null }, "geometry": { "type": "Polygon", "coordinates": [ [ [ 20.9288591, 38.682124200079791 ], [ 20.9297301, 38.682466900079845 ], [ 20.9320957, 38.685657000080305 ], [ 20.9328253, 38.688671900080742 ], [ 20.9344561, 38.69202160008124 ], [ 20.9334812, 38.692317600081267 ], [ 20.933399, 38.693445500081438 ], [ 20.9341128, 38.695052900081663 ], [ 20.9347307, 38.697345700082003 ], [ 20.9354875, 38.697771400082068 ], [ 20.9360654, 38.699624800082326 ], [ 20.9375031, 38.702588900082759 ], [ 20.938433284869141, 38.704304743433426 ], [ 20.950374355603049, 38.704304743433426 ], [ 20.950374355603049, 38.681218272913824 ], [ 20.928777123568331, 38.681218272913824 ], [ 20.9288591, 38.682124200079791 ] ] ] } },
{ "type": "Feature", "properties": { "osm_id": 1069878791, "name": null, "label": "building:yes", "building": "yes", "natural": null, "landuse": null, "amenity": null, "sport": null, "leisure": null }, "geometry": { "type": "Polygon", "coordinates": [ [ [ 20.9427607, 38.699136700082263 ], [ 20.9428017, 38.699122700082256 ], [ 20.9427837, 38.699090700082259 ], [ 20.9427417, 38.699104700082252 ], [ 20.9427607, 38.699136700082263 ] ] ] } },
{ "type": "Feature", "properties": { "osm_id": 1069880775, "name": null, "label": "building:yes", "building": "yes", "natural": null, "landuse": null, "amenity": null, "sport": null, "leisure": null }, "geometry": { "type": "Polygon", "coordinates": [ [ [ 20.9428585, 38.699508700082312 ], [ 20.9430697, 38.699434600082299 ], [ 20.943042, 38.699388100082302 ], [ 20.9428317, 38.699462200082309 ], [ 20.9428585, 38.699508700082312 ] ] ] } },
{ "type": "Feature", "properties": { "osm_id": 1069880685, "name": null, "label": "building:yes", "building": "yes", "natural": null, "landuse": null, "amenity": null, "sport": null, "leisure": null }, "geometry": { "type": "Polygon", "coordinates": [ [ [ 20.944163, 38.696927000081942 ], [ 20.944225, 38.696907000081943 ], [ 20.944206, 38.696873000081936 ], [ 20.944145, 38.69689400008194 ], [ 20.944163, 38.696927000081942 ] ] ] } },
{ "type": "Feature", "properties": { "osm_id": 1069879467, "name": null, "label": "building:yes", "building": "yes", "natural": null, "landuse": null, "amenity": null, "sport": null, "leisure": null }, "geometry": { "type": "Polygon", "coordinates": [ [ [ 20.943368, 38.697806000082068 ], [ 20.943524, 38.697779000082065 ], [ 20.9435, 38.697697000082051 ], [ 20.943344, 38.697725000082059 ], [ 20.943368, 38.697806000082068 ] ] ] } },
{ "type": "Feature", "properties": { "osm_id": 1069879495, "name": null, "label": "building:yes", "building": "yes", "natural": null, "landuse": null, "amenity": null, "sport": null, "leisure": null }, "geometry": { "type": "Polygon", "coordinates": [ [ [ 20.9428727, 38.698660700082179 ], [ 20.9430047, 38.698621700082192 ], [ 20.9429687, 38.698546700082176 ], [ 20.9428357, 38.698585700082191 ], [ 20.9428727, 38.698660700082179 ] ] ] } },
{ "type": "Feature", "properties": { "osm_id": 1069878075, "name": null, "label": "building:yes", "building": "yes", "natural": null, "landuse": null, "amenity": null, "sport": null, "leisure": null }, "geometry": { "type": "Polygon", "coordinates": [ [ [ 20.94277, 38.698260000082129 ], [ 20.942806, 38.698252000082128 ], [ 20.942789, 38.698208000082118 ], [ 20.942753, 38.698217000082117 ], [ 20.94277, 38.698260000082129 ] ] ] } },
{ "type": "Feature", "properties": { "osm_id": 1069880576, "name": null, "label": "building:yes", "building": "yes", "natural": null, "landuse": null, "amenity": null, "sport": null, "leisure": null }, "geometry": { "type": "Polygon", "coordinates": [ [ [ 20.94211, 38.695078000081679 ], [ 20.942297, 38.695031000081663 ], [ 20.942268, 38.694962000081652 ], [ 20.942195, 38.694981000081654 ], [ 20.942201, 38.694994000081657 ], [ 20.942087, 38.695023000081662 ], [ 20.94211, 38.695078000081679 ] ] ] } },
{ "type": "Feature", "properties": { "osm_id": 1069877917, "name": null, "label": "building:yes", "building": "yes", "natural": null, "landuse": null, "amenity": null, "sport": null, "leisure": null }, "geometry": { "type": "Polygon", "coordinates": [ [ [ 20.941064, 38.692400000081278 ], [ 20.941123, 38.69238900008127 ], [ 20.941109, 38.692342000081268 ], [ 20.94105, 38.692353000081269 ], [ 20.941064, 38.692400000081278 ] ] ] } },
{ "type": "Feature", "properties": { "osm_id": 1069879442, "name": null, "label": "building:yes", "building": "yes", "natural": null, "landuse": null, "amenity": null, "sport": null, "leisure": null }, "geometry": { "type": "Polygon", "coordinates": [ [ [ 20.943492, 38.694612000081598 ], [ 20.943766, 38.694556000081576 ], [ 20.943737, 38.694470000081587 ], [ 20.943463, 38.69452500008159 ], [ 20.943492, 38.694612000081598 ] ] ] } },
{ "type": "Feature", "properties": { "osm_id": 1069877770, "name": null, "label": "building:yes", "building": "yes", "natural": null, "landuse": null, "amenity": null, "sport": null, "leisure": null }, "geometry": { "type": "Polygon", "coordinates": [ [ [ 20.945347, 38.693265000081411 ], [ 20.945403, 38.693242000081398 ], [ 20.945375, 38.69320000008139 ], [ 20.945318, 38.69322300008141 ], [ 20.945347, 38.693265000081411 ] ] ] } },
{ "type": "Feature", "properties": { "osm_id": 1069878090, "name": null, "label": "building:yes", "building": "yes", "natural": null, "landuse": null, "amenity": null, "sport": null, "leisure": null }, "geometry": { "type": "Polygon", "coordinates": [ [ [ 20.946476, 38.692305000081262 ], [ 20.946602, 38.692277000081262 ], [ 20.94658, 38.692218000081247 ], [ 20.946454, 38.69224700008126 ], [ 20.946476, 38.692305000081262 ] ] ] } },
{ "type": "Feature", "properties": { "osm_id": 979851997, "name": "Άγιος Γεώργιος", "label": "amenity:place_of_worship;building:yes", "building": "yes", "natural": null, "landuse": null, "amenity": "place_of_worship", "sport": null, "leisure": null }, "geometry": { "type": "Polygon", "coordinates": [ [ [ 20.946447, 38.694635600081597 ], [ 20.9465864, 38.694592400081604 ], [ 20.9465571, 38.694534800081598 ], [ 20.9464177, 38.69457790008159 ], [ 20.946447, 38.694635600081597 ] ] ] } },
{ "type": "Feature", "properties": { "osm_id": 1069880260, "name": null, "label": "building:yes", "building": "yes", "natural": null, "landuse": null, "amenity": null, "sport": null, "leisure": null }, "geometry": { "type": "Polygon", "coordinates": [ [ [ 20.946241, 38.6938630000815 ], [ 20.946335, 38.693827000081484 ], [ 20.946314, 38.693794000081482 ], [ 20.94622, 38.693830000081491 ], [ 20.946241, 38.6938630000815 ] ] ] } },
{ "type": "Feature", "properties": { "osm_id": 979852245, "name": null, "label": "sport:soccer;leisure:pitch", "building": null, "natural": null, "landuse": null, "amenity": null, "sport": "soccer", "leisure": "pitch" }, "geometry": { "type": "Polygon", "coordinates": [ [ [ 20.9457267, 38.69476280008162 ], [ 20.9468284, 38.694371500081566 ], [ 20.9465111, 38.693827200081486 ], [ 20.9454093, 38.694218300081545 ], [ 20.9457267, 38.69476280008162 ] ] ] } },
{ "type": "Feature", "properties": { "osm_id": 1069879784, "name": null, "label": "building:yes", "building": "yes", "natural": null, "landuse": null, "amenity": null, "sport": null, "leisure": null }, "geometry": { "type": "Polygon", "coordinates": [ [ [ 20.946028, 38.693852000081506 ], [ 20.946062, 38.693832000081493 ], [ 20.945975, 38.693740000081476 ], [ 20.94594, 38.693760000081475 ], [ 20.946028, 38.693852000081506 ] ] ] } },
{ "type": "Feature", "properties": { "osm_id": 1069879343, "name": null, "label": "building:yes", "building": "yes", "natural": null, "landuse": null, "amenity": null, "sport": null, "leisure": null }, "geometry": { "type": "Polygon", "coordinates": [ [ [ 20.945721, 38.694086000081541 ], [ 20.946047, 38.693972000081523 ], [ 20.946014, 38.693914000081506 ], [ 20.945687, 38.694029000081521 ], [ 20.945721, 38.694086000081541 ] ] ] } },
{ "type": "Feature", "properties": { "osm_id": 1069878862, "name": null, "label": "building:yes", "building": "yes", "natural": null, "landuse": null, "amenity": null, "sport": null, "leisure": null }, "geometry": { "type": "Polygon", "coordinates": [ [ [ 20.947154, 38.69886700008221 ], [ 20.947133, 38.698871000082228 ], [ 20.94716, 38.698939000082241 ], [ 20.947276, 38.698911000082234 ], [ 20.9472, 38.6987160000822 ], [ 20.947104, 38.698739000082206 ], [ 20.947154, 38.69886700008221 ] ] ] } },
{ "type": "Feature", "properties": { "osm_id": 1069877377, "name": null, "label": "building:yes", "building": "yes", "natural": null, "landuse": null, "amenity": null, "sport": null, "leisure": null }, "geometry": { "type": "Polygon", "coordinates": [ [ [ 20.947353, 38.698888000082228 ], [ 20.947852, 38.698770000082206 ], [ 20.947828, 38.698709000082189 ], [ 20.947682, 38.69874300008221 ], [ 20.947638, 38.698632000082192 ], [ 20.947571, 38.698648000082187 ], [ 20.947514, 38.698501000082167 ], [ 20.947229, 38.69856800008219 ], [ 20.947353, 38.698888000082228 ] ] ] } },
{ "type": "Feature", "properties": { "osm_id": 1069878836, "name": null, "label": "building:yes", "building": "yes", "natural": null, "landuse": null, "amenity": null, "sport": null, "leisure": null }, "geometry": { "type": "Polygon", "coordinates": [ [ [ 20.947511, 38.699051000082243 ], [ 20.947724, 38.698985000082224 ], [ 20.947691, 38.698920000082239 ], [ 20.947478, 38.698986000082229 ], [ 20.947511, 38.699051000082243 ] ] ] } },
{ "type": "Feature", "properties": { "osm_id": 1069879458, "name": null, "label": "building:yes", "building": "yes", "natural": null, "landuse": null, "amenity": null, "sport": null, "leisure": null }, "geometry": { "type": "Polygon", "coordinates": [ [ [ 20.947775, 38.698615000082178 ], [ 20.947866, 38.69861300008219 ], [ 20.947863, 38.698504000082167 ], [ 20.947772, 38.698506000082169 ], [ 20.947775, 38.698615000082178 ] ] ] } },
{ "type": "Feature", "properties": { "osm_id": 1069878098, "name": null, "label": "building:yes", "building": "yes", "natural": null, "landuse": null, "amenity": null, "sport": null, "leisure": null }, "geometry": { "type": "Polygon", "coordinates": [ [ [ 20.947816, 38.698450000082161 ], [ 20.94788, 38.698432000082157 ], [ 20.947865, 38.69839800008215 ], [ 20.947801, 38.698416000082155 ], [ 20.947816, 38.698450000082161 ] ] ] } },
{ "type": "Feature", "properties": { "osm_id": 1069880204, "name": null, "label": "building:yes", "building": "yes", "natural": null, "landuse": null, "amenity": null, "sport": null, "leisure": null }, "geometry": { "type": "Polygon", "coordinates": [ [ [ 20.947688, 38.698622000082182 ], [ 20.947774, 38.69860200008219 ], [ 20.947712, 38.698440000082158 ], [ 20.947626, 38.698460000082157 ], [ 20.947688, 38.698622000082182 ] ] ] } },
{ "type": "Feature", "properties": { "osm_id": 1069879558, "name": null, "label": "building:yes", "building": "yes", "natural": null, "landuse": null, "amenity": null, "sport": null, "leisure": null }, "geometry": { "type": "Polygon", "coordinates": [ [ [ 20.946968, 38.696172000081837 ], [ 20.947053, 38.696145000081827 ], [ 20.947017, 38.696077000081829 ], [ 20.946932, 38.696105000081829 ], [ 20.946968, 38.696172000081837 ] ] ] } },
{ "type": "Feature", "properties": { "osm_id": 1069878028, "name": null, "label": "building:yes", "building": "yes", "natural": null, "landuse": null, "amenity": null, "sport": null, "leisure": null }, "geometry": { "type": "Polygon", "coordinates": [ [ [ 20.948175, 38.696627000081897 ], [ 20.948239, 38.69660700008189 ], [ 20.948163, 38.696461000081868 ], [ 20.948099, 38.696482000081879 ], [ 20.948175, 38.696627000081897 ] ] ] } },
{ "type": "Feature", "properties": { "osm_id": 1069879274, "name": null, "label": "building:yes", "building": "yes", "natural": null, "landuse": null, "amenity": null, "sport": null, "leisure": null }, "geometry": { "type": "Polygon", "coordinates": [ [ [ 20.947757, 38.696689000081903 ], [ 20.948028, 38.696615000081898 ], [ 20.947988, 38.696527000081886 ], [ 20.947717, 38.696602000081882 ], [ 20.947757, 38.696689000081903 ] ] ] } },
{ "type": "Feature", "properties": { "osm_id": 1069879364, "name": null, "label": "building:yes", "building": "yes", "natural": null, "landuse": null, "amenity": null, "sport": null, "leisure": null }, "geometry": { "type": "Polygon", "coordinates": [ [ [ 20.948195, 38.698426000082158 ], [ 20.948234, 38.69841400008216 ], [ 20.94825, 38.698446000082143 ], [ 20.948337, 38.698419000082154 ], [ 20.948318, 38.698381000082151 ], [ 20.948358, 38.698369000082153 ], [ 20.948306, 38.698265000082138 ], [ 20.94814, 38.69831600008213 ], [ 20.948195, 38.698426000082158 ] ] ] } },
{ "type": "Feature", "properties": { "osm_id": 1069879427, "name": null, "label": "building:yes", "building": "yes", "natural": null, "landuse": null, "amenity": null, "sport": null, "leisure": null }, "geometry": { "type": "Polygon", "coordinates": [ [ [ 20.9486173, 38.698588300082172 ], [ 20.9487023, 38.698550300082175 ], [ 20.9486383, 38.698463300082167 ], [ 20.9485533, 38.698501300082164 ], [ 20.9486173, 38.698588300082172 ] ] ] } },
{ "type": "Feature", "properties": { "osm_id": 1069878884, "name": null, "label": "building:yes", "building": "yes", "natural": null, "landuse": null, "amenity": null, "sport": null, "leisure": null }, "geometry": { "type": "Polygon", "coordinates": [ [ [ 20.9485133, 38.698650300082186 ], [ 20.9486213, 38.698614300082184 ], [ 20.9486033, 38.698580300082192 ], [ 20.9484953, 38.698616300082172 ], [ 20.9485133, 38.698650300082186 ] ] ] } },
{ "type": "Feature", "properties": { "osm_id": 1069879866, "name": null, "label": "building:yes", "building": "yes", "natural": null, "landuse": null, "amenity": null, "sport": null, "leisure": null }, "geometry": { "type": "Polygon", "coordinates": [ [ [ 20.948295, 38.694371000081553 ], [ 20.948391, 38.694335000081566 ], [ 20.948335, 38.694245000081551 ], [ 20.94824, 38.694281000081553 ], [ 20.948295, 38.694371000081553 ] ] ] } },
{ "type": "Feature", "properties": { "osm_id": 1069877450, "name": null, "label": "building:yes", "building": "yes", "natural": null, "landuse": null, "amenity": null, "sport": null, "leisure": null }, "geometry": { "type": "Polygon", "coordinates": [ [ [ 20.947262, 38.702501000082741 ], [ 20.947435, 38.702460000082752 ], [ 20.947375, 38.702305000082731 ], [ 20.947252, 38.702334000082722 ], [ 20.947282, 38.702412000082738 ], [ 20.947232, 38.702423000082739 ], [ 20.947262, 38.702501000082741 ] ] ] } },
{ "type": "Feature", "properties": { "osm_id": 1069877943, "name": null, "label": "building:yes", "building": "yes", "natural": null, "landuse": null, "amenity": null, "sport": null, "leisure": null }, "geometry": { "type": "Polygon", "coordinates": [ [ [ 20.947482, 38.702444000082735 ], [ 20.947536, 38.702429000082745 ], [ 20.947506, 38.702363000082713 ], [ 20.947452, 38.702378000082739 ], [ 20.947482, 38.702444000082735 ] ] ] } },
{ "type": "Feature", "properties": { "osm_id": 1069878108, "name": null, "label": "building:yes", "building": "yes", "natural": null, "landuse": null, "amenity": null, "sport": null, "leisure": null }, "geometry": { "type": "Polygon", "coordinates": [ [ [ 20.946948, 38.702259000082705 ], [ 20.947063, 38.702236000082706 ], [ 20.947038, 38.702160000082692 ], [ 20.946922, 38.702183000082705 ], [ 20.946948, 38.702259000082705 ] ] ] } },
{ "type": "Feature", "properties": { "osm_id": 1069880266, "name": null, "label": "building:yes", "building": "yes", "natural": null, "landuse": null, "amenity": null, "sport": null, "leisure": null }, "geometry": { "type": "Polygon", "coordinates": [ [ [ 20.946955, 38.702383000082726 ], [ 20.947068, 38.702351000082722 ], [ 20.947034, 38.702280000082723 ], [ 20.946921, 38.702313000082718 ], [ 20.946955, 38.702383000082726 ] ] ] } },
{ "type": "Feature", "properties": { "osm_id": 1069879756, "name": null, "label": "building:yes", "building": "yes", "natural": null, "landuse": null, "amenity": null, "sport": null, "leisure": null }, "geometry": { "type": "Polygon", "coordinates": [ [ [ 20.946849, 38.702633000082763 ], [ 20.947041, 38.702573000082758 ], [ 20.946968, 38.702432000082737 ], [ 20.946777, 38.702492000082735 ], [ 20.946849, 38.702633000082763 ] ] ] } },
{ "type": "Feature", "properties": { "osm_id": 1069878850, "name": null, "label": "building:yes", "building": "yes", "natural": null, "landuse": null, "amenity": null, "sport": null, "leisure": null }, "geometry": { "type": "Polygon", "coordinates": [ [ [ 20.94677, 38.702447000082721 ], [ 20.94687, 38.702423000082739 ], [ 20.946846, 38.702364000082731 ], [ 20.946746, 38.702388000082728 ], [ 20.94677, 38.702447000082721 ] ] ] } },
{ "type": "Feature", "properties": { "osm_id": 1069879972, "name": null, "label": "building:yes", "building": "yes", "natural": null, "landuse": null, "amenity": null, "sport": null, "leisure": null }, "geometry": { "type": "Polygon", "coordinates": [ [ [ 20.946921, 38.702166100082714 ], [ 20.9470393, 38.702141100082699 ], [ 20.9470094, 38.702055900082684 ], [ 20.9468913, 38.702081800082702 ], [ 20.946921, 38.702166100082714 ] ] ] } },
{ "type": "Feature", "properties": { "osm_id": 1069878652, "name": null, "label": "building:roof", "building": "roof", "natural": null, "landuse": null, "amenity": null, "sport": null, "leisure": null }, "geometry": { "type": "Polygon", "coordinates": [ [ [ 20.9471381, 38.70220650008271 ], [ 20.9472436, 38.702184300082692 ], [ 20.9472109, 38.702088500082695 ], [ 20.9471044, 38.702110800082693 ], [ 20.9471381, 38.70220650008271 ] ] ] } },
{ "type": "Feature", "properties": { "osm_id": 1069879184, "name": null, "label": "building:yes", "building": "yes", "natural": null, "landuse": null, "amenity": null, "sport": null, "leisure": null }, "geometry": { "type": "Polygon", "coordinates": [ [ [ 20.94724, 38.701912000082665 ], [ 20.947284, 38.701879000082648 ], [ 20.947241, 38.701844000082652 ], [ 20.947197, 38.701876000082663 ], [ 20.94724, 38.701912000082665 ] ] ] } },
{ "type": "Feature", "properties": { "osm_id": 1069879028, "name": null, "label": "building:yes", "building": "yes", "natural": null, "landuse": null, "amenity": null, "sport": null, "leisure": null }, "geometry": { "type": "Polygon", "coordinates": [ [ [ 20.9468, 38.701384000082584 ], [ 20.946885, 38.701359000082576 ], [ 20.946829, 38.701243000082556 ], [ 20.946745, 38.70126800008255 ], [ 20.9468, 38.701384000082584 ] ] ] } },
{ "type": "Feature", "properties": { "osm_id": 1069879113, "name": null, "label": "building:yes", "building": "yes", "natural": null, "landuse": null, "amenity": null, "sport": null, "leisure": null }, "geometry": { "type": "Polygon", "coordinates": [ [ [ 20.9468855, 38.701349800082589 ], [ 20.9469767, 38.70132260008257 ], [ 20.9469215, 38.701210200082556 ], [ 20.9468303, 38.701237400082555 ], [ 20.9468855, 38.701349800082589 ] ] ] } },
{ "type": "Feature", "properties": { "osm_id": 1069878691, "name": null, "label": "building:yes", "building": "yes", "natural": null, "landuse": null, "amenity": null, "sport": null, "leisure": null }, "geometry": { "type": "Polygon", "coordinates": [ [ [ 20.947301, 38.701739000082654 ], [ 20.947381, 38.701682000082634 ], [ 20.947341, 38.701648000082621 ], [ 20.947261, 38.701704000082628 ], [ 20.947301, 38.701739000082654 ] ] ] } },
{ "type": "Feature", "properties": { "osm_id": 1069877991, "name": null, "label": "building:yes", "building": "yes", "natural": null, "landuse": null, "amenity": null, "sport": null, "leisure": null }, "geometry": { "type": "Polygon", "coordinates": [ [ [ 20.94741, 38.701618000082632 ], [ 20.947548, 38.701526000082616 ], [ 20.947454, 38.701439000082601 ], [ 20.947316, 38.701531000082603 ], [ 20.94741, 38.701618000082632 ] ] ] } },
{ "type": "Feature", "properties": { "osm_id": 1069879059, "name": null, "label": "building:yes", "building": "yes", "natural": null, "landuse": null, "amenity": null, "sport": null, "leisure": null }, "geometry": { "type": "Polygon", "coordinates": [ [ [ 20.947026, 38.700599000082462 ], [ 20.947152, 38.70055200008246 ], [ 20.947101, 38.700469000082464 ], [ 20.947049, 38.700488000082451 ], [ 20.947072, 38.700526000082469 ], [ 20.946998, 38.700554000082462 ], [ 20.947026, 38.700599000082462 ] ] ] } },
{ "type": "Feature", "properties": { "osm_id": 1069877533, "name": null, "label": "building:yes", "building": "yes", "natural": null, "landuse": null, "amenity": null, "sport": null, "leisure": null }, "geometry": { "type": "Polygon", "coordinates": [ [ [ 20.94638, 38.6994420000823 ], [ 20.946382, 38.699391000082294 ], [ 20.94615, 38.699387000082297 ], [ 20.946148, 38.699437000082305 ], [ 20.94638, 38.6994420000823 ] ] ] } },
{ "type": "Feature", "properties": { "osm_id": 1069877870, "name": null, "label": "building:yes", "building": "yes", "natural": null, "landuse": null, "amenity": null, "sport": null, "leisure": null }, "geometry": { "type": "Polygon", "coordinates": [ [ [ 20.946096, 38.699927000082383 ], [ 20.946221, 38.69989100008236 ], [ 20.946177, 38.699797000082356 ], [ 20.946052, 38.699833000082357 ], [ 20.946096, 38.699927000082383 ] ] ] } },
{ "type": "Feature", "properties": { "osm_id": 1069880817, "name": null, "label": "building:yes", "building": "yes", "natural": null, "landuse": null, "amenity": null, "sport": null, "leisure": null }, "geometry": { "type": "Polygon", "coordinates": [ [ [ 20.94589, 38.701795300082651 ], [ 20.945926, 38.701782300082634 ], [ 20.945943, 38.701811300082639 ], [ 20.946018, 38.70178430008265 ], [ 20.945922, 38.701624300082628 ], [ 20.945812, 38.701664300082626 ], [ 20.94589, 38.701795300082651 ] ] ] } },
{ "type": "Feature", "properties": { "osm_id": 1069880778, "name": null, "label": "building:yes", "building": "yes", "natural": null, "landuse": null, "amenity": null, "sport": null, "leisure": null }, "geometry": { "type": "Polygon", "coordinates": [ [ [ 20.946381, 38.701007000082527 ], [ 20.946421, 38.700999000082533 ], [ 20.946404, 38.700948000082512 ], [ 20.946364, 38.700956000082513 ], [ 20.946381, 38.701007000082527 ] ] ] } },
{ "type": "Feature", "properties": { "osm_id": 1069878953, "name": null, "label": "building:yes", "building": "yes", "natural": null, "landuse": null, "amenity": null, "sport": null, "leisure": null }, "geometry": { "type": "Polygon", "coordinates": [ [ [ 20.946567, 38.701565000082617 ], [ 20.946667, 38.701534000082603 ], [ 20.946605, 38.701411000082594 ], [ 20.946505, 38.701441000082596 ], [ 20.946567, 38.701565000082617 ] ] ] } },
{ "type": "Feature", "properties": { "osm_id": 1069880535, "name": null, "label": "building:yes", "building": "yes", "natural": null, "landuse": null, "amenity": null, "sport": null, "leisure": null }, "geometry": { "type": "Polygon", "coordinates": [ [ [ 20.946568, 38.70205500008268 ], [ 20.946519, 38.702070000082685 ], [ 20.946545, 38.702123000082686 ], [ 20.946706, 38.702074000082696 ], [ 20.946676, 38.702016000082679 ], [ 20.946681, 38.70201400008267 ], [ 20.946617, 38.701887000082664 ], [ 20.946501, 38.701923000082665 ], [ 20.946568, 38.70205500008268 ] ] ] } },
{ "type": "Feature", "properties": { "osm_id": 1069880056, "name": null, "label": "building:yes", "building": "yes", "natural": null, "landuse": null, "amenity": null, "sport": null, "leisure": null }, "geometry": { "type": "Polygon", "coordinates": [ [ [ 20.946528, 38.702618000082772 ], [ 20.946668, 38.70258900008276 ], [ 20.94665, 38.702535000082747 ], [ 20.94651, 38.702565000082764 ], [ 20.946528, 38.702618000082772 ] ] ] } },
{ "type": "Feature", "properties": { "osm_id": 1069880514, "name": null, "label": "building:yes", "building": "yes", "natural": null, "landuse": null, "amenity": null, "sport": null, "leisure": null }, "geometry": { "type": "Polygon", "coordinates": [ [ [ 20.946388, 38.702299000082718 ], [ 20.946419, 38.702294000082723 ], [ 20.946405, 38.702244000082707 ], [ 20.946375, 38.702249000082709 ], [ 20.946388, 38.702299000082718 ] ] ] } },
{ "type": "Feature", "properties": { "osm_id": 1069878241, "name": null, "label": "building:yes", "building": "yes", "natural": null, "landuse": null, "amenity": null, "sport": null, "leisure": null }, "geometry": { "type": "Polygon", "coordinates": [ [ [ 20.946018, 38.70199330008267 ], [ 20.946114, 38.70195930008267 ], [ 20.946041, 38.701831300082659 ], [ 20.945945, 38.701864300082654 ], [ 20.946018, 38.70199330008267 ] ] ] } },
{ "type": "Feature", "properties": { "osm_id": 1069880216, "name": null, "label": "building:yes", "building": "yes", "natural": null, "landuse": null, "amenity": null, "sport": null, "leisure": null }, "geometry": { "type": "Polygon", "coordinates": [ [ [ 20.945992, 38.703175000082851 ], [ 20.946096, 38.703159000082834 ], [ 20.946064, 38.70302700008282 ], [ 20.94596, 38.703042000082839 ], [ 20.945992, 38.703175000082851 ] ] ] } },
{ "type": "Feature", "properties": { "osm_id": 1069877538, "name": null, "label": "building:yes", "building": "yes", "natural": null, "landuse": null, "amenity": null, "sport": null, "leisure": null }, "geometry": { "type": "Polygon", "coordinates": [ [ [ 20.945703, 38.703576000082897 ], [ 20.945857, 38.703525000082898 ], [ 20.945809, 38.703439000082881 ], [ 20.945656, 38.70348900008289 ], [ 20.945703, 38.703576000082897 ] ] ] } },
{ "type": "Feature", "properties": { "osm_id": 1069880665, "name": null, "label": "building:yes", "building": "yes", "natural": null, "landuse": null, "amenity": null, "sport": null, "leisure": null }, "geometry": { "type": "Polygon", "coordinates": [ [ [ 20.945571, 38.703210000082855 ], [ 20.945637, 38.703205000082839 ], [ 20.945632, 38.703165000082848 ], [ 20.945565, 38.703171000082847 ], [ 20.945571, 38.703210000082855 ] ] ] } },
{ "type": "Feature", "properties": { "osm_id": 1069878083, "name": null, "label": "building:yes", "building": "yes", "natural": null, "landuse": null, "amenity": null, "sport": null, "leisure": null }, "geometry": { "type": "Polygon", "coordinates": [ [ [ 20.945497, 38.703649000082912 ], [ 20.945637, 38.703617000082907 ], [ 20.945619, 38.703570000082905 ], [ 20.94548, 38.703602000082903 ], [ 20.945497, 38.703649000082912 ] ] ] } },
{ "type": "Feature", "properties": { "osm_id": 1069878096, "name": null, "label": "building:yes", "building": "yes", "natural": null, "landuse": null, "amenity": null, "sport": null, "leisure": null }, "geometry": { "type": "Polygon", "coordinates": [ [ [ 20.945735, 38.704081000082972 ], [ 20.945812, 38.704055000082967 ], [ 20.945765, 38.703969000082964 ], [ 20.945688, 38.703995000082962 ], [ 20.945735, 38.704081000082972 ] ] ] } },
{ "type": "Feature", "properties": { "osm_id": 1069877375, "name": null, "label": "building:yes", "building": "yes", "natural": null, "landuse": null, "amenity": null, "sport": null, "leisure": null }, "geometry": { "type": "Polygon", "coordinates": [ [ [ 20.9460183, 38.704211000082999 ], [ 20.945987, 38.70421800008301 ], [ 20.945995, 38.704241000082995 ], [ 20.94612, 38.704220000083005 ], [ 20.94611, 38.704185000082994 ], [ 20.946154, 38.704177000082986 ], [ 20.946134, 38.704108000082968 ], [ 20.946163, 38.704103000082995 ], [ 20.946141, 38.704028000082971 ], [ 20.945973, 38.704058000082973 ], [ 20.9460183, 38.704211000082999 ] ] ] } },
{ "type": "Feature", "properties": { "osm_id": 1069879499, "name": null, "label": "building:yes", "building": "yes", "natural": null, "landuse": null, "amenity": null, "sport": null, "leisure": null }, "geometry": { "type": "Polygon", "coordinates": [ [ [ 20.946058, 38.703994000082972 ], [ 20.946164, 38.703970000082968 ], [ 20.946124, 38.703862000082943 ], [ 20.946018, 38.703885000082948 ], [ 20.946058, 38.703994000082972 ] ] ] } },
{ "type": "Feature", "properties": { "osm_id": 1069877999, "name": null, "label": "building:yes", "building": "yes", "natural": null, "landuse": null, "amenity": null, "sport": null, "leisure": null }, "geometry": { "type": "Polygon", "coordinates": [ [ [ 20.945815, 38.703709000082924 ], [ 20.945949, 38.703672000082911 ], [ 20.945906, 38.703577000082909 ], [ 20.945771, 38.703615000082905 ], [ 20.945815, 38.703709000082924 ] ] ] } },
{ "type": "Feature", "properties": { "osm_id": 1069878139, "name": null, "label": "building:yes", "building": "yes", "natural": null, "landuse": null, "amenity": null, "sport": null, "leisure": null }, "geometry": { "type": "Polygon", "coordinates": [ [ [ 20.945961, 38.703794000082944 ], [ 20.946068, 38.703768000082931 ], [ 20.94604, 38.703697000082926 ], [ 20.945933, 38.703723000082931 ], [ 20.945961, 38.703794000082944 ] ] ] } },
{ "type": "Feature", "properties": { "osm_id": 1069877422, "name": null, "label": "building:yes", "building": "yes", "natural": null, "landuse": null, "amenity": null, "sport": null, "leisure": null }, "geometry": { "type": "Polygon", "coordinates": [ [ [ 20.946585, 38.704031000082985 ], [ 20.946779, 38.703986000082978 ], [ 20.946739, 38.703880000082933 ], [ 20.946545, 38.703925000082954 ], [ 20.946585, 38.704031000082985 ] ] ] } },
{ "type": "Feature", "properties": { "osm_id": 1069877591, "name": null, "label": "building:yes", "building": "yes", "natural": null, "landuse": null, "amenity": null, "sport": null, "leisure": null }, "geometry": { "type": "Polygon", "coordinates": [ [ [ 20.946472, 38.703869000082953 ], [ 20.946608, 38.703838000082939 ], [ 20.946565, 38.703722000082919 ], [ 20.946429, 38.703753000082934 ], [ 20.946472, 38.703869000082953 ] ] ] } },
{ "type": "Feature", "properties": { "osm_id": 1069879875, "name": null, "label": "building:yes", "building": "yes", "natural": null, "landuse": null, "amenity": null, "sport": null, "leisure": null }, "geometry": { "type": "Polygon", "coordinates": [ [ [ 20.946638, 38.703686000082925 ], [ 20.946701, 38.703674000082913 ], [ 20.946689, 38.703634000082907 ], [ 20.946626, 38.703647000082917 ], [ 20.946638, 38.703686000082925 ] ] ] } },
{ "type": "Feature", "properties": { "osm_id": 1069879311, "name": null, "label": "building:yes", "building": "yes", "natural": null, "landuse": null, "amenity": null, "sport": null, "leisure": null }, "geometry": { "type": "Polygon", "coordinates": [ [ [ 20.9465239, 38.703233200082849 ], [ 20.9466233, 38.703202000082847 ], [ 20.9465931, 38.703141700082845 ], [ 20.9464936, 38.703172000082859 ], [ 20.9465239, 38.703233200082849 ] ] ] } },
{ "type": "Feature", "properties": { "osm_id": 1069878403, "name": null, "label": "building:yes", "building": "yes", "natural": null, "landuse": null, "amenity": null, "sport": null, "leisure": null }, "geometry": { "type": "Polygon", "coordinates": [ [ [ 20.946567, 38.703292000082868 ], [ 20.946675, 38.703259000082859 ], [ 20.946646, 38.703200000082859 ], [ 20.946538, 38.703233000082847 ], [ 20.946567, 38.703292000082868 ] ] ] } },
{ "type": "Feature", "properties": { "osm_id": 1069878088, "name": null, "label": "building:yes", "building": "yes", "natural": null, "landuse": null, "amenity": null, "sport": null, "leisure": null }, "geometry": { "type": "Polygon", "coordinates": [ [ [ 20.946522, 38.703314000082877 ], [ 20.946565, 38.703300000082862 ], [ 20.946531, 38.703236000082853 ], [ 20.946488, 38.703250000082853 ], [ 20.946522, 38.703314000082877 ] ] ] } },
{ "type": "Feature", "properties": { "osm_id": 1069880240, "name": null, "label": "building:yes", "building": "yes", "natural": null, "landuse": null, "amenity": null, "sport": null, "leisure": null }, "geometry": { "type": "Polygon", "coordinates": [ [ [ 20.946302, 38.703130000082837 ], [ 20.946446, 38.703079000082823 ], [ 20.946406, 38.703010000082827 ], [ 20.946262, 38.703060000082829 ], [ 20.946302, 38.703130000082837 ] ] ] } },
{ "type": "Feature", "properties": { "osm_id": 1069878505, "name": null, "label": "building:yes", "building": "yes", "natural": null, "landuse": null, "amenity": null, "sport": null, "leisure": null }, "geometry": { "type": "Polygon", "coordinates": [ [ [ 20.946564, 38.703120000082833 ], [ 20.946626, 38.703105000082829 ], [ 20.946612, 38.703070000082818 ], [ 20.94655, 38.703084000082832 ], [ 20.946564, 38.703120000082833 ] ] ] } },
{ "type": "Feature", "properties": { "osm_id": 1069880725, "name": null, "label": "building:yes", "building": "yes", "natural": null, "landuse": null, "amenity": null, "sport": null, "leisure": null }, "geometry": { "type": "Polygon", "coordinates": [ [ [ 20.946865, 38.703122000082843 ], [ 20.94691, 38.703110000082845 ], [ 20.946857, 38.702995000082815 ], [ 20.946812, 38.703007000082827 ], [ 20.946865, 38.703122000082843 ] ] ] } },
{ "type": "Feature", "properties": { "osm_id": 1069880076, "name": null, "label": "building:yes", "building": "yes", "natural": null, "landuse": null, "amenity": null, "sport": null, "leisure": null }, "geometry": { "type": "Polygon", "coordinates": [ [ [ 20.946697, 38.703126000082833 ], [ 20.946828, 38.703078000082833 ], [ 20.946785, 38.703008000082818 ], [ 20.946655, 38.703056000082839 ], [ 20.946697, 38.703126000082833 ] ] ] } },
{ "type": "Feature", "properties": { "osm_id": 1069878842, "name": null, "label": "building:yes", "building": "yes", "natural": null, "landuse": null, "amenity": null, "sport": null, "leisure": null }, "geometry": { "type": "Polygon", "coordinates": [ [ [ 20.946783, 38.70318500008284 ], [ 20.94683, 38.703163000082853 ], [ 20.946783, 38.703103000082841 ], [ 20.946736, 38.703126000082833 ], [ 20.946783, 38.70318500008284 ] ] ] } },
{ "type": "Feature", "properties": { "osm_id": 1069878851, "name": null, "label": "building:yes", "building": "yes", "natural": null, "landuse": null, "amenity": null, "sport": null, "leisure": null }, "geometry": { "type": "Polygon", "coordinates": [ [ [ 20.946925, 38.703455000082883 ], [ 20.946989, 38.703440000082871 ], [ 20.946966, 38.70338000008288 ], [ 20.946902, 38.703395000082871 ], [ 20.946925, 38.703455000082883 ] ] ] } },
{ "type": "Feature", "properties": { "osm_id": 1069880709, "name": null, "label": "building:yes", "building": "yes", "natural": null, "landuse": null, "amenity": null, "sport": null, "leisure": null }, "geometry": { "type": "Polygon", "coordinates": [ [ [ 20.947141, 38.703516000082892 ], [ 20.94735, 38.703478000082882 ], [ 20.947309, 38.703340000082861 ], [ 20.947101, 38.703378000082871 ], [ 20.947141, 38.703516000082892 ] ] ] } },
{ "type": "Feature", "properties": { "osm_id": 1069877880, "name": null, "label": "building:yes", "building": "yes", "natural": null, "landuse": null, "amenity": null, "sport": null, "leisure": null }, "geometry": { "type": "Polygon", "coordinates": [ [ [ 20.947058, 38.703349000082873 ], [ 20.947288, 38.703301000082867 ], [ 20.947244, 38.703176000082848 ], [ 20.947014, 38.703224000082841 ], [ 20.947058, 38.703349000082873 ] ] ] } },
{ "type": "Feature", "properties": { "osm_id": 1069878399, "name": null, "label": "building:yes", "building": "yes", "natural": null, "landuse": null, "amenity": null, "sport": null, "leisure": null }, "geometry": { "type": "Polygon", "coordinates": [ [ [ 20.94693, 38.703086000082841 ], [ 20.947126, 38.703035000082835 ], [ 20.947085, 38.702941000082816 ], [ 20.947116, 38.702932000082804 ], [ 20.947107, 38.702910000082817 ], [ 20.94688, 38.70296900008281 ], [ 20.94693, 38.703086000082841 ] ] ] } },
{ "type": "Feature", "properties": { "osm_id": 1069879319, "name": null, "label": "building:yes", "building": "yes", "natural": null, "landuse": null, "amenity": null, "sport": null, "leisure": null }, "geometry": { "type": "Polygon", "coordinates": [ [ [ 20.947386, 38.702824900082803 ], [ 20.9474585, 38.702805600082783 ], [ 20.9474647, 38.702819800082793 ], [ 20.9473794, 38.702842500082802 ], [ 20.947415, 38.702924200082819 ], [ 20.9476228, 38.702869100082808 ], [ 20.9475867, 38.702786100082783 ], [ 20.9475196, 38.702804000082793 ], [ 20.9474915, 38.702739500082778 ], [ 20.9474517, 38.702750000082787 ], [ 20.9474482, 38.702742000082779 ], [ 20.9473601, 38.702765400082789 ], [ 20.947386, 38.702824900082803 ] ] ] } },
{ "type": "Feature", "properties": { "osm_id": 1069880457, "name": null, "label": "building:yes", "building": "yes", "natural": null, "landuse": null, "amenity": null, "sport": null, "leisure": null }, "geometry": { "type": "Polygon", "coordinates": [ [ [ 20.947814, 38.7028180000828 ], [ 20.947905, 38.702789000082788 ], [ 20.947877, 38.702738000082775 ], [ 20.947787, 38.702767000082801 ], [ 20.947814, 38.7028180000828 ] ] ] } },
{ "type": "Feature", "properties": { "osm_id": 1069880814, "name": null, "label": "building:yes", "building": "yes", "natural": null, "landuse": null, "amenity": null, "sport": null, "leisure": null }, "geometry": { "type": "Polygon", "coordinates": [ [ [ 20.947777, 38.703007000082827 ], [ 20.947822, 38.702994000082803 ], [ 20.947835, 38.70302400008282 ], [ 20.947919, 38.703001000082828 ], [ 20.947862, 38.70287600008281 ], [ 20.947734, 38.7029110000828 ], [ 20.947777, 38.703007000082827 ] ] ] } },
{ "type": "Feature", "properties": { "osm_id": 1069880131, "name": null, "label": "building:yes", "building": "yes", "natural": null, "landuse": null, "amenity": null, "sport": null, "leisure": null }, "geometry": { "type": "Polygon", "coordinates": [ [ [ 20.94747, 38.703139000082842 ], [ 20.947697, 38.703074000082829 ], [ 20.947663, 38.703000000082831 ], [ 20.947573, 38.703026000082822 ], [ 20.947567, 38.703013000082827 ], [ 20.947463, 38.703043000082822 ], [ 20.947479, 38.703078000082833 ], [ 20.947446, 38.703087000082832 ], [ 20.94747, 38.703139000082842 ] ] ] } },
{ "type": "Feature", "properties": { "osm_id": 1069879315, "name": null, "label": "building:yes", "building": "yes", "natural": null, "landuse": null, "amenity": null, "sport": null, "leisure": null }, "geometry": { "type": "Polygon", "coordinates": [ [ [ 20.947504, 38.70327000008286 ], [ 20.947712, 38.703231000082859 ], [ 20.947691, 38.70316400008285 ], [ 20.947483, 38.703203000082851 ], [ 20.947504, 38.70327000008286 ] ] ] } },
{ "type": "Feature", "properties": { "osm_id": 1069880329, "name": null, "label": "building:yes", "building": "yes", "natural": null, "landuse": null, "amenity": null, "sport": null, "leisure": null }, "geometry": { "type": "Polygon", "coordinates": [ [ [ 20.947813, 38.703337000082868 ], [ 20.947874, 38.703319000082864 ], [ 20.947854, 38.703277000082856 ], [ 20.947793, 38.703295000082868 ], [ 20.947813, 38.703337000082868 ] ] ] } },
{ "type": "Feature", "properties": { "osm_id": 1069880724, "name": null, "label": "building:yes", "building": "yes", "natural": null, "landuse": null, "amenity": null, "sport": null, "leisure": null }, "geometry": { "type": "Polygon", "coordinates": [ [ [ 20.9476041, 38.703554200082905 ], [ 20.9478128, 38.703509300082878 ], [ 20.9477736, 38.703396600082883 ], [ 20.9475649, 38.703441500082874 ], [ 20.9476041, 38.703554200082905 ] ] ] } },
{ "type": "Feature", "properties": { "osm_id": 1069879370, "name": null, "label": "building:yes", "building": "yes", "natural": null, "landuse": null, "amenity": null, "sport": null, "leisure": null }, "geometry": { "type": "Polygon", "coordinates": [ [ [ 20.9475571, 38.703412400082883 ], [ 20.9476521, 38.703392800082888 ], [ 20.9476327, 38.703334400082866 ], [ 20.9476859, 38.703323700082862 ], [ 20.9476644, 38.703258900082865 ], [ 20.9475162, 38.703289200082857 ], [ 20.9475571, 38.703412400082883 ] ] ] } },
{ "type": "Feature", "properties": { "osm_id": 1069878591, "name": null, "label": "building:yes", "building": "yes", "natural": null, "landuse": null, "amenity": null, "sport": null, "leisure": null }, "geometry": { "type": "Polygon", "coordinates": [ [ [ 20.947312, 38.703758000082935 ], [ 20.947408, 38.703739000082919 ], [ 20.947382, 38.703654000082921 ], [ 20.947285, 38.703673000082922 ], [ 20.947312, 38.703758000082935 ] ] ] } },
{ "type": "Feature", "properties": { "osm_id": 1069880372, "name": null, "label": "building:yes", "building": "yes", "natural": null, "landuse": null, "amenity": null, "sport": null, "leisure": null }, "geometry": { "type": "Polygon", "coordinates": [ [ [ 20.947366, 38.703884000082951 ], [ 20.947477, 38.70386000008294 ], [ 20.947445, 38.703770000082926 ], [ 20.947335, 38.703794000082944 ], [ 20.947366, 38.703884000082951 ] ] ] } },
{ "type": "Feature", "properties": { "osm_id": 1069880006, "name": null, "label": "building:yes", "building": "yes", "natural": null, "landuse": null, "amenity": null, "sport": null, "leisure": null }, "geometry": { "type": "Polygon", "coordinates": [ [ [ 20.947641, 38.703715200082925 ], [ 20.947701, 38.703702200082915 ], [ 20.947718, 38.703752200082931 ], [ 20.947841, 38.70372720008293 ], [ 20.947821, 38.703666200082928 ], [ 20.94777, 38.703676200082917 ], [ 20.947738, 38.703580200082897 ], [ 20.94768, 38.703591200082904 ], [ 20.947683, 38.703599200082913 ], [ 20.947607, 38.703615200082908 ], [ 20.947641, 38.703715200082925 ] ] ] } },
{ "type": "Feature", "properties": { "osm_id": 1069878265, "name": null, "label": "building:yes", "building": "yes", "natural": null, "landuse": null, "amenity": null, "sport": null, "leisure": null }, "geometry": { "type": "Polygon", "coordinates": [ [ [ 20.947717, 38.70402000008297 ], [ 20.947915, 38.703976000082967 ], [ 20.947857, 38.703817000082935 ], [ 20.947659, 38.703862000082943 ], [ 20.947717, 38.70402000008297 ] ] ] } },
{ "type": "Feature", "properties": { "osm_id": 1069879108, "name": null, "label": "building:yes", "building": "yes", "natural": null, "landuse": null, "amenity": null, "sport": null, "leisure": null }, "geometry": { "type": "Polygon", "coordinates": [ [ [ 20.947486, 38.704285000083011 ], [ 20.947619, 38.704259000083006 ], [ 20.947579, 38.704133000082976 ], [ 20.947446, 38.704159000082988 ], [ 20.947486, 38.704285000083011 ] ] ] } },
{ "type": "Feature", "properties": { "osm_id": 1069880138, "name": null, "label": "building:yes", "building": "yes", "natural": null, "landuse": null, "amenity": null, "sport": null, "leisure": null }, "geometry": { "type": "Polygon", "coordinates": [ [ [ 20.947212, 38.704290000083006 ], [ 20.947205549784968, 38.704304743433426 ], [ 20.947263062326197, 38.704304743433426 ], [ 20.947212, 38.704290000083006 ] ] ] } },
{ "type": "Feature", "properties": { "osm_id": 1069880464, "name": null, "label": "building:yes", "building": "yes", "natural": null, "landuse": null, "amenity": null, "sport": null, "leisure": null }, "geometry": { "type": "Polygon", "coordinates": [ [ [ 20.947068, 38.704281000083 ], [ 20.94707, 38.704237000083005 ], [ 20.947011, 38.704235000082996 ], [ 20.947009, 38.704279000083005 ], [ 20.947068, 38.704281000083 ] ] ] } },
{ "type": "Feature", "properties": { "osm_id": 1069878297, "name": null, "label": "building:yes", "building": "yes", "natural": null, "landuse": null, "amenity": null, "sport": null, "leisure": null }, "geometry": { "type": "Polygon", "coordinates": [ [ [ 20.947198, 38.703629000082913 ], [ 20.947366, 38.703602000082903 ], [ 20.947342, 38.703507000082887 ], [ 20.947173, 38.703533000082899 ], [ 20.947198, 38.703629000082913 ] ] ] } },
{ "type": "Feature", "properties": { "osm_id": 1069879385, "name": null, "label": "building:yes", "building": "yes", "natural": null, "landuse": null, "amenity": null, "sport": null, "leisure": null }, "geometry": { "type": "Polygon", "coordinates": [ [ [ 20.947052, 38.703710000082921 ], [ 20.947158, 38.70369100008292 ], [ 20.94713, 38.703594000082909 ], [ 20.947023, 38.703612000082913 ], [ 20.947052, 38.703710000082921 ] ] ] } },
{ "type": "Feature", "properties": { "osm_id": 1069877467, "name": null, "label": "building:yes", "building": "yes", "natural": null, "landuse": null, "amenity": null, "sport": null, "leisure": null }, "geometry": { "type": "Polygon", "coordinates": [ [ [ 20.947039, 38.703959000082953 ], [ 20.947187, 38.703928000082961 ], [ 20.947149, 38.703821000082939 ], [ 20.947002, 38.703853000082951 ], [ 20.947039, 38.703959000082953 ] ] ] } },
{ "type": "Feature", "properties": { "osm_id": 1069879741, "name": null, "label": "building:yes", "building": "yes", "natural": null, "landuse": null, "amenity": null, "sport": null, "leisure": null }, "geometry": { "type": "Polygon", "coordinates": [ [ [ 20.950359, 38.699877000082381 ], [ 20.95026, 38.699923000082379 ], [ 20.950316, 38.699995000082389 ], [ 20.950374355603049, 38.699967885361303 ], [ 20.950374355603049, 38.699896743007798 ], [ 20.950359, 38.699877000082381 ] ] ] } },
{ "type": "Feature", "properties": { "osm_id": 1069878761, "name": null, "label": "building:yes", "building": "yes", "natural": null, "landuse": null, "amenity": null, "sport": null, "leisure": null }, "geometry": { "type": "Polygon", "coordinates": [ [ [ 20.948439, 38.704207000082995 ], [ 20.9486, 38.704153000082982 ], [ 20.948547, 38.704058000082973 ], [ 20.948387, 38.704112000082993 ], [ 20.948439, 38.704207000082995 ] ] ] } },
{ "type": "Feature", "properties": { "osm_id": 1069879800, "name": null, "label": "building:yes", "building": "yes", "natural": null, "landuse": null, "amenity": null, "sport": null, "leisure": null }, "geometry": { "type": "Polygon", "coordinates": [ [ [ 20.948739, 38.704261000082994 ], [ 20.948658, 38.704287000083013 ], [ 20.948667257398384, 38.704304743433426 ], [ 20.948761822617239, 38.704304743433426 ], [ 20.948739, 38.704261000082994 ] ] ] } },
{ "type": "Feature", "properties": { "osm_id": 1069880045, "name": null, "label": "building:yes", "building": "yes", "natural": null, "landuse": null, "amenity": null, "sport": null, "leisure": null }, "geometry": { "type": "Polygon", "coordinates": [ [ [ 20.948578, 38.704299000083012 ], [ 20.948548, 38.704232000083003 ], [ 20.948498, 38.704246000082996 ], [ 20.94852470152156, 38.704304743433426 ], [ 20.94855591019185, 38.704304743433426 ], [ 20.948578, 38.704299000083012 ] ] ] } },
{ "type": "Feature", "properties": { "osm_id": 1069880631, "name": null, "label": "building:yes", "building": "yes", "natural": null, "landuse": null, "amenity": null, "sport": null, "leisure": null }, "geometry": { "type": "Polygon", "coordinates": [ [ [ 20.948072, 38.704053000082972 ], [ 20.947943, 38.704106000082994 ], [ 20.948076, 38.704302000083018 ], [ 20.948172, 38.704262000082998 ], [ 20.948201429844069, 38.704304743433426 ], [ 20.948244090175823, 38.704304743433426 ], [ 20.948072, 38.704053000082972 ] ] ] } },
{ "type": "Feature", "properties": { "osm_id": 1069877958, "name": null, "label": "building:yes", "building": "yes", "natural": null, "landuse": null, "amenity": null, "sport": null, "leisure": null }, "geometry": { "type": "Polygon", "coordinates": [ [ [ 20.948339, 38.704040000082962 ], [ 20.94849, 38.703987000082961 ], [ 20.948436, 38.703895000082952 ], [ 20.948286, 38.703948000082946 ], [ 20.948339, 38.704040000082962 ] ] ] } },
{ "type": "Feature", "properties": { "osm_id": 1069879155, "name": null, "label": "building:yes", "building": "yes", "natural": null, "landuse": null, "amenity": null, "sport": null, "leisure": null }, "geometry": { "type": "Polygon", "coordinates": [ [ [ 20.9482031, 38.70346350008289 ], [ 20.9482359, 38.703454300082889 ], [ 20.948251, 38.70348610008287 ], [ 20.9483862, 38.703448800082874 ], [ 20.9483489, 38.70336670008286 ], [ 20.9481802, 38.703414400082877 ], [ 20.9482031, 38.70346350008289 ] ] ] } },
{ "type": "Feature", "properties": { "osm_id": 1069880661, "name": null, "label": "building:yes", "building": "yes", "natural": null, "landuse": null, "amenity": null, "sport": null, "leisure": null }, "geometry": { "type": "Polygon", "coordinates": [ [ [ 20.948182, 38.703409000082878 ], [ 20.948231, 38.703394000082881 ], [ 20.948208, 38.703347000082879 ], [ 20.948159, 38.703361000082893 ], [ 20.948182, 38.703409000082878 ] ] ] } },
{ "type": "Feature", "properties": { "osm_id": 1069878157, "name": null, "label": "building:yes", "building": "yes", "natural": null, "landuse": null, "amenity": null, "sport": null, "leisure": null }, "geometry": { "type": "Polygon", "coordinates": [ [ [ 20.947844, 38.703360000082881 ], [ 20.947888, 38.703347000082879 ], [ 20.947875, 38.703321000082887 ], [ 20.947831, 38.703335000082873 ], [ 20.947844, 38.703360000082881 ] ] ] } },
{ "type": "Feature", "properties": { "osm_id": 1069878590, "name": null, "label": "building:yes", "building": "yes", "natural": null, "landuse": null, "amenity": null, "sport": null, "leisure": null }, "geometry": { "type": "Polygon", "coordinates": [ [ [ 20.947905, 38.702769000082789 ], [ 20.948042, 38.702730000082788 ], [ 20.948008, 38.702658000082778 ], [ 20.947972, 38.702668000082774 ], [ 20.947947, 38.702615000082766 ], [ 20.947846, 38.702644000082771 ], [ 20.947905, 38.702769000082789 ] ] ] } },
{ "type": "Feature", "properties": { "osm_id": 1069880071, "name": null, "label": "building:yes", "building": "yes", "natural": null, "landuse": null, "amenity": null, "sport": null, "leisure": null }, "geometry": { "type": "Polygon", "coordinates": [ [ [ 20.94926, 38.702716000082781 ], [ 20.949308, 38.702714000082771 ], [ 20.949305, 38.702666000082779 ], [ 20.949257, 38.702668000082774 ], [ 20.94926, 38.702716000082781 ] ] ] } },
{ "type": "Feature", "properties": { "osm_id": 1069878468, "name": null, "label": "building:yes", "building": "yes", "natural": null, "landuse": null, "amenity": null, "sport": null, "leisure": null }, "geometry": { "type": "Polygon", "coordinates": [ [ [ 20.949023, 38.702578000082767 ], [ 20.94911, 38.702541000082753 ], [ 20.949068, 38.702481000082742 ], [ 20.948981, 38.702518000082748 ], [ 20.949023, 38.702578000082767 ] ] ] } },
{ "type": "Feature", "properties": { "osm_id": 1069878532, "name": null, "label": "building:yes", "building": "yes", "natural": null, "landuse": null, "amenity": null, "sport": null, "leisure": null }, "geometry": { "type": "Polygon", "coordinates": [ [ [ 20.9380037, 38.704129700082994 ], [ 20.9380597, 38.704119700082984 ], [ 20.9380287, 38.704016700082967 ], [ 20.9379727, 38.70402770008296 ], [ 20.9380037, 38.704129700082994 ] ] ] } },
{ "type": "Feature", "properties": { "osm_id": 1069877680, "name": null, "label": "building:yes", "building": "yes", "natural": null, "landuse": null, "amenity": null, "sport": null, "leisure": null }, "geometry": { "type": "Polygon", "coordinates": [ [ [ 20.9380327, 38.703804700082948 ], [ 20.9380907, 38.70379770008293 ], [ 20.9380847, 38.703770700082927 ], [ 20.9381427, 38.703763700082952 ], [ 20.9381167, 38.703635700082906 ], [ 20.9380017, 38.70364970008292 ], [ 20.9380327, 38.703804700082948 ] ] ] } },
{ "type": "Feature", "properties": { "osm_id": 1069878053, "name": null, "label": "building:yes", "building": "yes", "natural": null, "landuse": null, "amenity": null, "sport": null, "leisure": null }, "geometry": { "type": "Polygon", "coordinates": [ [ [ 20.9380877, 38.704270700082994 ], [ 20.9382237, 38.704239700083001 ], [ 20.9381927, 38.704158700082992 ], [ 20.9380567, 38.704189700082978 ], [ 20.9380877, 38.704270700082994 ] ] ] } },
{ "type": "Feature", "properties": { "osm_id": 1069878709, "name": null, "label": "building:yes", "building": "yes", "natural": null, "landuse": null, "amenity": null, "sport": null, "leisure": null }, "geometry": { "type": "Polygon", "coordinates": [ [ [ 20.9382427, 38.703269700082863 ], [ 20.9382467, 38.703230700082855 ], [ 20.9382037, 38.703227700082856 ], [ 20.9381997, 38.703267700082861 ], [ 20.9382427, 38.703269700082863 ] ] ] } },
{ "type": "Feature", "properties": { "osm_id": 1069878745, "name": null, "label": "building:yes", "building": "yes", "natural": null, "landuse": null, "amenity": null, "sport": null, "leisure": null }, "geometry": { "type": "Polygon", "coordinates": [ [ [ 20.9381727, 38.703959700082962 ], [ 20.9382657, 38.70393370008297 ], [ 20.9382257, 38.703846700082941 ], [ 20.9381327, 38.703872700082947 ], [ 20.9381727, 38.703959700082962 ] ] ] } },
{ "type": "Feature", "properties": { "osm_id": 1069877459, "name": null, "label": "building:yes", "building": "yes", "natural": null, "landuse": null, "amenity": null, "sport": null, "leisure": null }, "geometry": { "type": "Polygon", "coordinates": [ [ [ 20.9382117, 38.703821700082948 ], [ 20.9382797, 38.703798700082942 ], [ 20.9382567, 38.703757700082917 ], [ 20.9381897, 38.703780700082937 ], [ 20.9382117, 38.703821700082948 ] ] ] } },
{ "type": "Feature", "properties": { "osm_id": 1069879088, "name": null, "label": "building:yes", "building": "yes", "natural": null, "landuse": null, "amenity": null, "sport": null, "leisure": null }, "geometry": { "type": "Polygon", "coordinates": [ [ [ 20.9381881, 38.702964500082821 ], [ 20.938347, 38.702933300082798 ], [ 20.9382977, 38.702767400082777 ], [ 20.9382034, 38.702784100082788 ], [ 20.9382402, 38.7029080000828 ], [ 20.9381741, 38.702920500082811 ], [ 20.9381881, 38.702964500082821 ] ] ] } },
{ "type": "Feature", "properties": { "osm_id": 1069880279, "name": null, "label": "building:yes", "building": "yes", "natural": null, "landuse": null, "amenity": null, "sport": null, "leisure": null }, "geometry": { "type": "Polygon", "coordinates": [ [ [ 20.9383617, 38.703477700082892 ], [ 20.9383647, 38.703375700082873 ], [ 20.9382717, 38.703373700082878 ], [ 20.9382687, 38.703475700082883 ], [ 20.9383617, 38.703477700082892 ] ] ] } },
{ "type": "Feature", "properties": { "osm_id": 1069878170, "name": null, "label": "building:yes", "building": "yes", "natural": null, "landuse": null, "amenity": null, "sport": null, "leisure": null }, "geometry": { "type": "Polygon", "coordinates": [ [ [ 20.9383187, 38.704122700082976 ], [ 20.9384137, 38.704118700082979 ], [ 20.9384097, 38.704043700082984 ], [ 20.9383527, 38.704045700082979 ], [ 20.9383547, 38.704065700082985 ], [ 20.9383157, 38.704066700082969 ], [ 20.9383187, 38.704122700082976 ] ] ] } },
{ "type": "Feature", "properties": { "osm_id": 1069877737, "name": null, "label": "building:yes", "building": "yes", "natural": null, "landuse": null, "amenity": null, "sport": null, "leisure": null }, "geometry": { "type": "Polygon", "coordinates": [ [ [ 20.9384207, 38.703619700082903 ], [ 20.9384707, 38.703605700082896 ], [ 20.9384407, 38.703542700082906 ], [ 20.9383907, 38.703557700082897 ], [ 20.9384207, 38.703619700082903 ] ] ] } },
{ "type": "Feature", "properties": { "osm_id": 1069879606, "name": null, "label": "building:yes", "building": "yes", "natural": null, "landuse": null, "amenity": null, "sport": null, "leisure": null }, "geometry": { "type": "Polygon", "coordinates": [ [ [ 20.9383297, 38.703792700082936 ], [ 20.9384507, 38.703779700082926 ], [ 20.9384437, 38.703736700082921 ], [ 20.9384777, 38.703732700082938 ], [ 20.9384697, 38.703685700082914 ], [ 20.9383147, 38.703701700082931 ], [ 20.9383297, 38.703792700082936 ] ] ] } },
{ "type": "Feature", "properties": { "osm_id": 1069880806, "name": null, "label": "building:yes", "building": "yes", "natural": null, "landuse": null, "amenity": null, "sport": null, "leisure": null }, "geometry": { "type": "Polygon", "coordinates": [ [ [ 20.9383797, 38.702743700082785 ], [ 20.9385417, 38.702720700082793 ], [ 20.9385227, 38.702641700082772 ], [ 20.9383617, 38.702664700082771 ], [ 20.9383797, 38.702743700082785 ] ] ] } },
{ "type": "Feature", "properties": { "osm_id": 1069880753, "name": null, "label": "building:yes", "building": "yes", "natural": null, "landuse": null, "amenity": null, "sport": null, "leisure": null }, "geometry": { "type": "Polygon", "coordinates": [ [ [ 20.9384697, 38.703574700082896 ], [ 20.9385457, 38.703534700082905 ], [ 20.9384907, 38.703470700082889 ], [ 20.9384137, 38.703509700082897 ], [ 20.9384697, 38.703574700082896 ] ] ] } },
{ "type": "Feature", "properties": { "osm_id": 1069878696, "name": null, "label": "building:yes", "building": "yes", "natural": null, "landuse": null, "amenity": null, "sport": null, "leisure": null }, "geometry": { "type": "Polygon", "coordinates": [ [ [ 20.9385477, 38.703159700082843 ], [ 20.9385487, 38.703078700082834 ], [ 20.9384857, 38.703078700082834 ], [ 20.9384867, 38.703034700082831 ], [ 20.9384297, 38.703033700082827 ], [ 20.9384287, 38.703158700082845 ], [ 20.9385477, 38.703159700082843 ] ] ] } },
{ "type": "Feature", "properties": { "osm_id": 1069878774, "name": null, "label": "building:yes", "building": "yes", "natural": null, "landuse": null, "amenity": null, "sport": null, "leisure": null }, "geometry": { "type": "Polygon", "coordinates": [ [ [ 20.9384716, 38.703957200082954 ], [ 20.9385901, 38.703959100082947 ], [ 20.9385877, 38.703901700082959 ], [ 20.9384357, 38.703897700082955 ], [ 20.9384716, 38.703957200082954 ] ] ] } },
{ "type": "Feature", "properties": { "osm_id": 1069878076, "name": null, "label": "building:yes", "building": "yes", "natural": null, "landuse": null, "amenity": null, "sport": null, "leisure": null }, "geometry": { "type": "Polygon", "coordinates": [ [ [ 20.9385167, 38.702563700082756 ], [ 20.9385897, 38.702510700082755 ], [ 20.9383997, 38.702350700082711 ], [ 20.9383267, 38.702402700082722 ], [ 20.9385167, 38.702563700082756 ] ] ] } },
{ "type": "Feature", "properties": { "osm_id": 1069877937, "name": null, "label": "building:yes", "building": "yes", "natural": null, "landuse": null, "amenity": null, "sport": null, "leisure": null }, "geometry": { "type": "Polygon", "coordinates": [ [ [ 20.9385127, 38.703327700082873 ], [ 20.9385987, 38.703277700082857 ], [ 20.9385197, 38.703194700082854 ], [ 20.9384327, 38.703244700082855 ], [ 20.9385127, 38.703327700082873 ] ] ] } },
{ "type": "Feature", "properties": { "osm_id": 1069878814, "name": null, "label": "building:yes", "building": "yes", "natural": null, "landuse": null, "amenity": null, "sport": null, "leisure": null }, "geometry": { "type": "Polygon", "coordinates": [ [ [ 20.9385407, 38.70261270008276 ], [ 20.9386007, 38.702591700082763 ], [ 20.9385777, 38.702551700082758 ], [ 20.9385177, 38.702572700082754 ], [ 20.9385407, 38.70261270008276 ] ] ] } },
{ "type": "Feature", "properties": { "osm_id": 1069879760, "name": null, "label": "building:yes", "building": "yes", "natural": null, "landuse": null, "amenity": null, "sport": null, "leisure": null }, "geometry": { "type": "Polygon", "coordinates": [ [ [ 20.9385707, 38.703187700082843 ], [ 20.9386277, 38.703178700082852 ], [ 20.9386157, 38.703129700082833 ], [ 20.9385577, 38.703138700082832 ], [ 20.9385707, 38.703187700082843 ] ] ] } },
{ "type": "Feature", "properties": { "osm_id": 1069879035, "name": null, "label": "building:yes", "building": "yes", "natural": null, "landuse": null, "amenity": null, "sport": null, "leisure": null }, "geometry": { "type": "Polygon", "coordinates": [ [ [ 20.9385787, 38.702951700082814 ], [ 20.9386407, 38.702949700082804 ], [ 20.9386377, 38.702884700082805 ], [ 20.9385757, 38.702886700082793 ], [ 20.9385787, 38.702951700082814 ] ] ] } },
{ "type": "Feature", "properties": { "osm_id": 1069879101, "name": null, "label": "building:yes", "building": "yes", "natural": null, "landuse": null, "amenity": null, "sport": null, "leisure": null }, "geometry": { "type": "Polygon", "coordinates": [ [ [ 20.9385937, 38.703087700082826 ], [ 20.9386627, 38.703070700082833 ], [ 20.9386237, 38.702973700082822 ], [ 20.9385537, 38.702990700082822 ], [ 20.9385937, 38.703087700082826 ] ] ] } },
{ "type": "Feature", "properties": { "osm_id": 1069877426, "name": null, "label": "building:yes", "building": "yes", "natural": null, "landuse": null, "amenity": null, "sport": null, "leisure": null }, "geometry": { "type": "Polygon", "coordinates": [ [ [ 20.9385887, 38.703509700082897 ], [ 20.9386887, 38.703481700082889 ], [ 20.9386617, 38.703423700082887 ], [ 20.9385627, 38.70345170008288 ], [ 20.9385887, 38.703509700082897 ] ] ] } },
{ "type": "Feature", "properties": { "osm_id": 1069879005, "name": null, "label": "building:yes", "building": "yes", "natural": null, "landuse": null, "amenity": null, "sport": null, "leisure": null }, "geometry": { "type": "Polygon", "coordinates": [ [ [ 20.9386167, 38.702766700082783 ], [ 20.9386987, 38.702759700082801 ], [ 20.9386917, 38.702708700082788 ], [ 20.9386087, 38.702715700082777 ], [ 20.9386167, 38.702766700082783 ] ] ] } },
{ "type": "Feature", "properties": { "osm_id": 1069879662, "name": null, "label": "building:yes", "building": "yes", "natural": null, "landuse": null, "amenity": null, "sport": null, "leisure": null }, "geometry": { "type": "Polygon", "coordinates": [ [ [ 20.9385687, 38.704244700083009 ], [ 20.9387437, 38.704207700082996 ], [ 20.9387057, 38.704097700082983 ], [ 20.9386457, 38.704110700082978 ], [ 20.9386637, 38.704161700082985 ], [ 20.9386107, 38.704172700082999 ], [ 20.9385917, 38.70411570008298 ], [ 20.9385287, 38.70412870008299 ], [ 20.9385687, 38.704244700083009 ] ] ] } },
{ "type": "Feature", "properties": { "osm_id": 1069879824, "name": null, "label": "building:yes", "building": "yes", "natural": null, "landuse": null, "amenity": null, "sport": null, "leisure": null }, "geometry": { "type": "Polygon", "coordinates": [ [ [ 20.9386687, 38.703571700082904 ], [ 20.9387457, 38.703545700082906 ], [ 20.9387087, 38.703478700082883 ], [ 20.9386317, 38.703503700082898 ], [ 20.9386687, 38.703571700082904 ] ] ] } },
{ "type": "Feature", "properties": { "osm_id": 1069879001, "name": null, "label": "building:yes", "building": "yes", "natural": null, "landuse": null, "amenity": null, "sport": null, "leisure": null }, "geometry": { "type": "Polygon", "coordinates": [ [ [ 20.9387337, 38.70298170008283 ], [ 20.9388187, 38.702956700082815 ], [ 20.9387247, 38.702761700082796 ], [ 20.9386407, 38.702786700082797 ], [ 20.9387337, 38.70298170008283 ] ] ] } },
{ "type": "Feature", "properties": { "osm_id": 1069879716, "name": null, "label": "building:yes", "building": "yes", "natural": null, "landuse": null, "amenity": null, "sport": null, "leisure": null }, "geometry": { "type": "Polygon", "coordinates": [ [ [ 20.9386767, 38.702659700082762 ], [ 20.9388397, 38.702619700082764 ], [ 20.9388057, 38.702533700082739 ], [ 20.9386427, 38.702572700082754 ], [ 20.9386767, 38.702659700082762 ] ] ] } },
{ "type": "Feature", "properties": { "osm_id": 1069879641, "name": null, "label": "building:yes", "building": "yes", "natural": null, "landuse": null, "amenity": null, "sport": null, "leisure": null }, "geometry": { "type": "Polygon", "coordinates": [ [ [ 20.9387687, 38.70371170008292 ], [ 20.9388547, 38.70370770008293 ], [ 20.9388457, 38.703572700082894 ], [ 20.9387597, 38.703575700082915 ], [ 20.9387687, 38.70371170008292 ] ] ] } },
{ "type": "Feature", "properties": { "osm_id": 1069878636, "name": null, "label": "building:yes", "building": "yes", "natural": null, "landuse": null, "amenity": null, "sport": null, "leisure": null }, "geometry": { "type": "Polygon", "coordinates": [ [ [ 20.9387731, 38.703374000082874 ], [ 20.9388571, 38.703351000082868 ], [ 20.9388221, 38.703273000082866 ], [ 20.9387381, 38.703296000082865 ], [ 20.9387731, 38.703374000082874 ] ] ] } },
{ "type": "Feature", "properties": { "osm_id": 1069878743, "name": null, "label": "building:yes", "building": "yes", "natural": null, "landuse": null, "amenity": null, "sport": null, "leisure": null }, "geometry": { "type": "Polygon", "coordinates": [ [ [ 20.9389027, 38.702843700082795 ], [ 20.9389037, 38.702791700082791 ], [ 20.9388287, 38.702789700082775 ], [ 20.9388277, 38.702842700082805 ], [ 20.9389027, 38.702843700082795 ] ] ] } },
{ "type": "Feature", "properties": { "osm_id": 1069880245, "name": null, "label": "building:yes", "building": "yes", "natural": null, "landuse": null, "amenity": null, "sport": null, "leisure": null }, "geometry": { "type": "Polygon", "coordinates": [ [ [ 20.9388647, 38.70334770008288 ], [ 20.9389167, 38.703339700082871 ], [ 20.9389087, 38.703306700082862 ], [ 20.9388567, 38.703313700082866 ], [ 20.9388647, 38.70334770008288 ] ] ] } },
{ "type": "Feature", "properties": { "osm_id": 1069878454, "name": null, "label": "building:yes", "building": "yes", "natural": null, "landuse": null, "amenity": null, "sport": null, "leisure": null }, "geometry": { "type": "Polygon", "coordinates": [ [ [ 20.9387637, 38.703259700082846 ], [ 20.9389387, 38.703226700082858 ], [ 20.9389117, 38.703142700082836 ], [ 20.9388647, 38.703151700082849 ], [ 20.9388737, 38.703179700082863 ], [ 20.9387467, 38.703203700082859 ], [ 20.9387637, 38.703259700082846 ] ] ] } },
{ "type": "Feature", "properties": { "osm_id": 1069879476, "name": null, "label": "building:yes", "building": "yes", "natural": null, "landuse": null, "amenity": null, "sport": null, "leisure": null }, "geometry": { "type": "Polygon", "coordinates": [ [ [ 20.9388767, 38.703497700082899 ], [ 20.9389897, 38.703484700082896 ], [ 20.9389707, 38.703386700082881 ], [ 20.9388577, 38.703399700082862 ], [ 20.9388767, 38.703497700082899 ] ] ] } },
{ "type": "Feature", "properties": { "osm_id": 1069877940, "name": null, "label": "building:yes", "building": "yes", "natural": null, "landuse": null, "amenity": null, "sport": null, "leisure": null }, "geometry": { "type": "Polygon", "coordinates": [ [ [ 20.9389567, 38.702922700082809 ], [ 20.9391047, 38.702900700082807 ], [ 20.9390877, 38.702827700082786 ], [ 20.9389397, 38.702849700082808 ], [ 20.9389567, 38.702922700082809 ] ] ] } },
{ "type": "Feature", "properties": { "osm_id": 1069877821, "name": null, "label": "building:yes", "building": "yes", "natural": null, "landuse": null, "amenity": null, "sport": null, "leisure": null }, "geometry": { "type": "Polygon", "coordinates": [ [ [ 20.9390187, 38.702759700082801 ], [ 20.9391067, 38.702744700082775 ], [ 20.9390967, 38.702708700082788 ], [ 20.9391427, 38.70270170008277 ], [ 20.9391457, 38.702713700082775 ], [ 20.9392127, 38.702702700082781 ], [ 20.9391787, 38.702575700082761 ], [ 20.9390557, 38.702595700082767 ], [ 20.9390707, 38.702654700082768 ], [ 20.9389937, 38.702667700082785 ], [ 20.9390187, 38.702759700082801 ] ] ] } },
{ "type": "Feature", "properties": { "osm_id": 1069880433, "name": null, "label": "building:yes", "building": "yes", "natural": null, "landuse": null, "amenity": null, "sport": null, "leisure": null }, "geometry": { "type": "Polygon", "coordinates": [ [ [ 20.9392567, 38.703103700082828 ], [ 20.9393387, 38.70310170008284 ], [ 20.9393357, 38.703010700082814 ], [ 20.9392537, 38.703012700082816 ], [ 20.9392567, 38.703103700082828 ] ] ] } },
{ "type": "Feature", "properties": { "osm_id": 1069879932, "name": null, "label": "building:yes", "building": "yes", "natural": null, "landuse": null, "amenity": null, "sport": null, "leisure": null }, "geometry": { "type": "Polygon", "coordinates": [ [ [ 20.9393137, 38.702547700082754 ], [ 20.9393567, 38.702539700082752 ], [ 20.9393687, 38.702581700082767 ], [ 20.9394537, 38.702566700082755 ], [ 20.9394207, 38.702457700082739 ], [ 20.9392937, 38.702480700082745 ], [ 20.9393137, 38.702547700082754 ] ] ] } },
{ "type": "Feature", "properties": { "osm_id": 1069880413, "name": null, "label": "building:yes", "building": "yes", "natural": null, "landuse": null, "amenity": null, "sport": null, "leisure": null }, "geometry": { "type": "Polygon", "coordinates": [ [ [ 20.9393787, 38.703013700082828 ], [ 20.9395267, 38.703006700082817 ], [ 20.9395217, 38.702939700082823 ], [ 20.9393737, 38.702946700082805 ], [ 20.9393787, 38.703013700082828 ] ] ] } },
{ "type": "Feature", "properties": { "osm_id": 1069878759, "name": null, "label": "building:yes", "building": "yes", "natural": null, "landuse": null, "amenity": null, "sport": null, "leisure": null }, "geometry": { "type": "Polygon", "coordinates": [ [ [ 20.9395367, 38.703345700082878 ], [ 20.9395767, 38.703337700082876 ], [ 20.9395657, 38.703302700082865 ], [ 20.9395257, 38.703309700082862 ], [ 20.9395367, 38.703345700082878 ] ] ] } },
{ "type": "Feature", "properties": { "osm_id": 1069880720, "name": null, "label": "building:yes", "building": "yes", "natural": null, "landuse": null, "amenity": null, "sport": null, "leisure": null }, "geometry": { "type": "Polygon", "coordinates": [ [ [ 20.9395757, 38.703465700082894 ], [ 20.9396717, 38.703463700082885 ], [ 20.9396687, 38.703351700082877 ], [ 20.9395727, 38.703353700082872 ], [ 20.9395757, 38.703465700082894 ] ] ] } },
{ "type": "Feature", "properties": { "osm_id": 1069877694, "name": null, "label": "building:yes", "building": "yes", "natural": null, "landuse": null, "amenity": null, "sport": null, "leisure": null }, "geometry": { "type": "Polygon", "coordinates": [ [ [ 20.9396667, 38.703260700082865 ], [ 20.9396787, 38.703213700082848 ], [ 20.9396397, 38.703207700082849 ], [ 20.9396287, 38.703254700082859 ], [ 20.9396667, 38.703260700082865 ] ] ] } },
{ "type": "Feature", "properties": { "osm_id": 1069878671, "name": null, "label": "building:yes", "building": "yes", "natural": null, "landuse": null, "amenity": null, "sport": null, "leisure": null }, "geometry": { "type": "Polygon", "coordinates": [ [ [ 20.9395877, 38.703849700082948 ], [ 20.9396927, 38.703847700082946 ], [ 20.9396887, 38.703651700082915 ], [ 20.9395837, 38.703652700082912 ], [ 20.9395877, 38.703849700082948 ] ] ] } },
{ "type": "Feature", "properties": { "osm_id": 1069880603, "name": null, "label": "building:yes", "building": "yes", "natural": null, "landuse": null, "amenity": null, "sport": null, "leisure": null }, "geometry": { "type": "Polygon", "coordinates": [ [ [ 20.9421668, 38.699714000082352 ], [ 20.9421778, 38.699650000082329 ], [ 20.9420918, 38.699641000082337 ], [ 20.9420818, 38.699705000082346 ], [ 20.9421668, 38.699714000082352 ] ] ] } },
{ "type": "Feature", "properties": { "osm_id": 1069880252, "name": null, "label": "building:yes", "building": "yes", "natural": null, "landuse": null, "amenity": null, "sport": null, "leisure": null }, "geometry": { "type": "Polygon", "coordinates": [ [ [ 20.948556, 38.70002000008239 ], [ 20.948639, 38.699931000082366 ], [ 20.948541, 38.699875000082365 ], [ 20.948458, 38.699964000082382 ], [ 20.948556, 38.70002000008239 ] ] ] } },
{ "type": "Feature", "properties": { "osm_id": 1069879285, "name": null, "label": "building:yes", "building": "yes", "natural": null, "landuse": null, "amenity": null, "sport": null, "leisure": null }, "geometry": { "type": "Polygon", "coordinates": [ [ [ 20.9414827, 38.700231700082412 ], [ 20.9415417, 38.70021170008242 ], [ 20.9414747, 38.700092700082408 ], [ 20.9414157, 38.700112700082407 ], [ 20.9414827, 38.700231700082412 ] ] ] } },
{ "type": "Feature", "properties": { "osm_id": 1069877495, "name": null, "label": "building:yes", "building": "yes", "natural": null, "landuse": null, "amenity": null, "sport": null, "leisure": null }, "geometry": { "type": "Polygon", "coordinates": [ [ [ 20.9412867, 38.700357700082435 ], [ 20.9413467, 38.700356700082438 ], [ 20.9413457, 38.700291700082431 ], [ 20.9412857, 38.700292700082429 ], [ 20.9412867, 38.700357700082435 ] ] ] } },
{ "type": "Feature", "properties": { "osm_id": 1069878647, "name": null, "label": "building:yes", "building": "yes", "natural": null, "landuse": null, "amenity": null, "sport": null, "leisure": null }, "geometry": { "type": "Polygon", "coordinates": [ [ [ 20.9409251, 38.700968400082537 ], [ 20.9409301, 38.700948400082517 ], [ 20.9409871, 38.70095840008252 ], [ 20.9410141, 38.700864400082509 ], [ 20.9408971, 38.700844400082516 ], [ 20.9408651, 38.70095840008252 ], [ 20.9409251, 38.700968400082537 ] ] ] } },
{ "type": "Feature", "properties": { "osm_id": 1069880584, "name": null, "label": "building:yes", "building": "yes", "natural": null, "landuse": null, "amenity": null, "sport": null, "leisure": null }, "geometry": { "type": "Polygon", "coordinates": [ [ [ 20.9408615, 38.70093680008253 ], [ 20.9408851, 38.700866500082498 ], [ 20.9408206, 38.700854000082501 ], [ 20.9407971, 38.700923300082522 ], [ 20.9408615, 38.70093680008253 ] ] ] } },
{ "type": "Feature", "properties": { "osm_id": 1069880357, "name": null, "label": "building:yes", "building": "yes", "natural": null, "landuse": null, "amenity": null, "sport": null, "leisure": null }, "geometry": { "type": "Polygon", "coordinates": [ [ [ 20.9403127, 38.700441700082457 ], [ 20.9403137, 38.700412700082445 ], [ 20.9402767, 38.700411700082448 ], [ 20.9402747, 38.700440700082453 ], [ 20.9403127, 38.700441700082457 ] ] ] } },
{ "type": "Feature", "properties": { "osm_id": 1069878290, "name": null, "label": "building:yes", "building": "yes", "natural": null, "landuse": null, "amenity": null, "sport": null, "leisure": null }, "geometry": { "type": "Polygon", "coordinates": [ [ [ 20.9429477, 38.701355700082587 ], [ 20.9432107, 38.701353700082585 ], [ 20.9432097, 38.701213700082548 ], [ 20.9429467, 38.701215700082557 ], [ 20.9429477, 38.701355700082587 ] ] ] } },
{ "type": "Feature", "properties": { "osm_id": 1069880550, "name": null, "label": "building:yes", "building": "yes", "natural": null, "landuse": null, "amenity": null, "sport": null, "leisure": null }, "geometry": { "type": "Polygon", "coordinates": [ [ [ 20.943316, 38.701356000082583 ], [ 20.943409, 38.701352000082579 ], [ 20.943406, 38.701293000082565 ], [ 20.943312, 38.701296000082571 ], [ 20.943316, 38.701356000082583 ] ] ] } },
{ "type": "Feature", "properties": { "osm_id": 447745188, "name": null, "label": "amenity:place_of_worship;building:church", "building": "church", "natural": null, "landuse": null, "amenity": "place_of_worship", "sport": null, "leisure": null }, "geometry": { "type": "Polygon", "coordinates": [ [ [ 20.9402696, 38.700354900082445 ], [ 20.9402764, 38.700276200082421 ], [ 20.9400779, 38.700265700082419 ], [ 20.9400711, 38.700344500082437 ], [ 20.9402696, 38.700354900082445 ] ] ] } },
{ "type": "Feature", "properties": { "osm_id": 1069878044, "name": null, "label": "building:yes", "building": "yes", "natural": null, "landuse": null, "amenity": null, "sport": null, "leisure": null }, "geometry": { "type": "Polygon", "coordinates": [ [ [ 20.9405227, 38.700719700082487 ], [ 20.9405837, 38.700635700082472 ], [ 20.9404887, 38.700593700082472 ], [ 20.9404277, 38.700677700082487 ], [ 20.9405227, 38.700719700082487 ] ] ] } },
{ "type": "Feature", "properties": { "osm_id": 1069878509, "name": null, "label": "building:yes", "building": "yes", "natural": null, "landuse": null, "amenity": null, "sport": null, "leisure": null }, "geometry": { "type": "Polygon", "coordinates": [ [ [ 20.9431287, 38.701484700082602 ], [ 20.9432037, 38.701473700082595 ], [ 20.9431977, 38.701447700082603 ], [ 20.9431227, 38.701458700082597 ], [ 20.9431287, 38.701484700082602 ] ] ] } },
{ "type": "Feature", "properties": { "osm_id": 1069880270, "name": null, "label": "building:yes", "building": "yes", "natural": null, "landuse": null, "amenity": null, "sport": null, "leisure": null }, "geometry": { "type": "Polygon", "coordinates": [ [ [ 20.9396257, 38.700062700082391 ], [ 20.9397947, 38.700028700082392 ], [ 20.9397587, 38.699921700082371 ], [ 20.9395907, 38.69995570008237 ], [ 20.9396257, 38.700062700082391 ] ] ] } },
{ "type": "Feature", "properties": { "osm_id": 1069877671, "name": null, "label": "building:yes", "building": "yes", "natural": null, "landuse": null, "amenity": null, "sport": null, "leisure": null }, "geometry": { "type": "Polygon", "coordinates": [ [ [ 20.944093, 38.701646000082626 ], [ 20.944229, 38.70163600008263 ], [ 20.944223, 38.701580000082608 ], [ 20.944086, 38.701589000082613 ], [ 20.944093, 38.701646000082626 ] ] ] } },
{ "type": "Feature", "properties": { "osm_id": 1069878830, "name": null, "label": "building:yes", "building": "yes", "natural": null, "landuse": null, "amenity": null, "sport": null, "leisure": null }, "geometry": { "type": "Polygon", "coordinates": [ [ [ 20.9411567, 38.701790700082647 ], [ 20.9412167, 38.701782700082653 ], [ 20.9412107, 38.701754700082645 ], [ 20.9411507, 38.701761700082635 ], [ 20.9411567, 38.701790700082647 ] ] ] } },
{ "type": "Feature", "properties": { "osm_id": 1069877667, "name": null, "label": "building:yes", "building": "yes", "natural": null, "landuse": null, "amenity": null, "sport": null, "leisure": null }, "geometry": { "type": "Polygon", "coordinates": [ [ [ 20.944097, 38.701826000082661 ], [ 20.944133, 38.701823000082634 ], [ 20.944128, 38.70179100008265 ], [ 20.944093, 38.701794000082636 ], [ 20.944097, 38.701826000082661 ] ] ] } },
{ "type": "Feature", "properties": { "osm_id": 1069880463, "name": null, "label": "building:yes", "building": "yes", "natural": null, "landuse": null, "amenity": null, "sport": null, "leisure": null }, "geometry": { "type": "Polygon", "coordinates": [ [ [ 20.9411767, 38.701881700082673 ], [ 20.9412227, 38.701872700082667 ], [ 20.9412117, 38.701837700082642 ], [ 20.9411647, 38.701846700082655 ], [ 20.9411767, 38.701881700082673 ] ] ] } },
{ "type": "Feature", "properties": { "osm_id": 1069879785, "name": null, "label": "building:yes", "building": "yes", "natural": null, "landuse": null, "amenity": null, "sport": null, "leisure": null }, "geometry": { "type": "Polygon", "coordinates": [ [ [ 20.948859, 38.701610000082624 ], [ 20.948964, 38.701572000082614 ], [ 20.948901, 38.701465000082599 ], [ 20.948797, 38.701502000082598 ], [ 20.948859, 38.701610000082624 ] ] ] } },
{ "type": "Feature", "properties": { "osm_id": 1069880036, "name": null, "label": "building:yes", "building": "yes", "natural": null, "landuse": null, "amenity": null, "sport": null, "leisure": null }, "geometry": { "type": "Polygon", "coordinates": [ [ [ 20.9393257, 38.700132700082413 ], [ 20.9393917, 38.700117700082401 ], [ 20.9393977, 38.700135700082399 ], [ 20.9394957, 38.700114700082402 ], [ 20.9394577, 38.700003700082391 ], [ 20.9392927, 38.700038700082388 ], [ 20.9393257, 38.700132700082413 ] ] ] } },
{ "type": "Feature", "properties": { "osm_id": 1069880001, "name": null, "label": "building:yes", "building": "yes", "natural": null, "landuse": null, "amenity": null, "sport": null, "leisure": null }, "geometry": { "type": "Polygon", "coordinates": [ [ [ 20.9428407, 38.702001700082675 ], [ 20.9428797, 38.701996700082674 ], [ 20.9428677, 38.701937700082674 ], [ 20.9428277, 38.701942700082661 ], [ 20.9428407, 38.702001700082675 ] ] ] } },
{ "type": "Feature", "properties": { "osm_id": 447745184, "name": null, "label": "amenity:grave_yard", "building": null, "natural": null, "landuse": null, "amenity": "grave_yard", "sport": null, "leisure": null }, "geometry": { "type": "Polygon", "coordinates": [ [ [ 20.9398258, 38.700615300082468 ], [ 20.940271, 38.700575500082465 ], [ 20.9403086, 38.700470900082458 ], [ 20.9403971, 38.70035570008244 ], [ 20.9403274, 38.700171500082412 ], [ 20.940212, 38.700089900082411 ], [ 20.940094, 38.700087800082393 ], [ 20.9400457, 38.700123400082404 ], [ 20.9400431, 38.700182000082414 ], [ 20.9397078, 38.700228000082426 ], [ 20.9398258, 38.700615300082468 ] ] ] } },
{ "type": "Feature", "properties": { "osm_id": 1069880799, "name": null, "label": "building:yes", "building": "yes", "natural": null, "landuse": null, "amenity": null, "sport": null, "leisure": null }, "geometry": { "type": "Polygon", "coordinates": [ [ [ 20.9399537, 38.700879700082524 ], [ 20.9399867, 38.700878700082512 ], [ 20.9399837, 38.700755700082496 ], [ 20.9399507, 38.700755700082496 ], [ 20.9399537, 38.700879700082524 ] ] ] } },
{ "type": "Feature", "properties": { "osm_id": 1069879629, "name": null, "label": "building:yes", "building": "yes", "natural": null, "landuse": null, "amenity": null, "sport": null, "leisure": null }, "geometry": { "type": "Polygon", "coordinates": [ [ [ 20.9410017, 38.702094700082704 ], [ 20.9411147, 38.702092700082702 ], [ 20.9411117, 38.701979700082674 ], [ 20.9409977, 38.701981700082669 ], [ 20.9410017, 38.702094700082704 ] ] ] } },
{ "type": "Feature", "properties": { "osm_id": 1069880660, "name": null, "label": "building:yes", "building": "yes", "natural": null, "landuse": null, "amenity": null, "sport": null, "leisure": null }, "geometry": { "type": "Polygon", "coordinates": [ [ [ 20.9472661, 38.702168900082704 ], [ 20.9474491, 38.702121900082695 ], [ 20.9474021, 38.702011900082688 ], [ 20.9472191, 38.702058900082683 ], [ 20.9472661, 38.702168900082704 ] ] ] } },
{ "type": "Feature", "properties": { "osm_id": 1069879305, "name": null, "label": "building:yes", "building": "yes", "natural": null, "landuse": null, "amenity": null, "sport": null, "leisure": null }, "geometry": { "type": "Polygon", "coordinates": [ [ [ 20.9395817, 38.700528700082465 ], [ 20.9397017, 38.70048870008246 ], [ 20.9396487, 38.700393700082437 ], [ 20.9395287, 38.700433700082435 ], [ 20.9395817, 38.700528700082465 ] ] ] } },
{ "type": "Feature", "properties": { "osm_id": 1069879780, "name": null, "label": "building:yes", "building": "yes", "natural": null, "landuse": null, "amenity": null, "sport": null, "leisure": null }, "geometry": { "type": "Polygon", "coordinates": [ [ [ 20.9474938, 38.702217300082708 ], [ 20.9476408, 38.702157300082696 ], [ 20.9476578, 38.7021813000827 ], [ 20.9477698, 38.702136300082699 ], [ 20.9478326, 38.702163700082707 ], [ 20.9479388, 38.702120300082697 ], [ 20.9477808, 38.701884300082668 ], [ 20.9475748, 38.701968300082669 ], [ 20.9476308, 38.702052300082684 ], [ 20.9474542, 38.702123000082686 ], [ 20.9474938, 38.702217300082708 ] ] ] } },
{ "type": "Feature", "properties": { "osm_id": 1069877550, "name": null, "label": "building:yes", "building": "yes", "natural": null, "landuse": null, "amenity": null, "sport": null, "leisure": null }, "geometry": { "type": "Polygon", "coordinates": [ [ [ 20.948609, 38.7022330000827 ], [ 20.948694, 38.702206000082704 ], [ 20.948678, 38.702175000082697 ], [ 20.948593, 38.7022020000827 ], [ 20.948609, 38.7022330000827 ] ] ] } },
{ "type": "Feature", "properties": { "osm_id": 1069879318, "name": null, "label": "building:yes", "building": "yes", "natural": null, "landuse": null, "amenity": null, "sport": null, "leisure": null }, "geometry": { "type": "Polygon", "coordinates": [ [ [ 20.9387817, 38.699893700082363 ], [ 20.9387847, 38.699813700082345 ], [ 20.9386887, 38.69981170008235 ], [ 20.9386847, 38.699890700082364 ], [ 20.9387817, 38.699893700082363 ] ] ] } },
{ "type": "Feature", "properties": { "osm_id": 1069879663, "name": null, "label": "building:yes", "building": "yes", "natural": null, "landuse": null, "amenity": null, "sport": null, "leisure": null }, "geometry": { "type": "Polygon", "coordinates": [ [ [ 20.944338, 38.702290000082705 ], [ 20.94434, 38.702254000082718 ], [ 20.944258, 38.702252000082723 ], [ 20.944256, 38.702287000082713 ], [ 20.944338, 38.702290000082705 ] ] ] } },
{ "type": "Feature", "properties": { "osm_id": 1069879631, "name": null, "label": "building:yes", "building": "yes", "natural": null, "landuse": null, "amenity": null, "sport": null, "leisure": null }, "geometry": { "type": "Polygon", "coordinates": [ [ [ 20.9398017, 38.700905700082515 ], [ 20.9399207, 38.700876700082517 ], [ 20.9398757, 38.700765700082492 ], [ 20.9398007, 38.700783700082496 ], [ 20.9398127, 38.700814700082503 ], [ 20.9397687, 38.700824700082492 ], [ 20.9398017, 38.700905700082515 ] ] ] } },
{ "type": "Feature", "properties": { "osm_id": 1069880797, "name": null, "label": "building:yes", "building": "yes", "natural": null, "landuse": null, "amenity": null, "sport": null, "leisure": null }, "geometry": { "type": "Polygon", "coordinates": [ [ [ 20.9390047, 38.700218700082416 ], [ 20.9390057, 38.70015370008241 ], [ 20.9389257, 38.700152700082398 ], [ 20.9389247, 38.700217700082419 ], [ 20.9390047, 38.700218700082416 ] ] ] } },
{ "type": "Feature", "properties": { "osm_id": 1069880403, "name": null, "label": "building:yes", "building": "yes", "natural": null, "landuse": null, "amenity": null, "sport": null, "leisure": null }, "geometry": { "type": "Polygon", "coordinates": [ [ [ 20.949005, 38.702036000082678 ], [ 20.949065, 38.702007000082666 ], [ 20.949027, 38.701958000082676 ], [ 20.948966, 38.701988000082665 ], [ 20.949005, 38.702036000082678 ] ] ] } },
{ "type": "Feature", "properties": { "osm_id": 1069878077, "name": null, "label": "building:yes", "building": "yes", "natural": null, "landuse": null, "amenity": null, "sport": null, "leisure": null }, "geometry": { "type": "Polygon", "coordinates": [ [ [ 20.948885, 38.702165000082687 ], [ 20.948984, 38.702125000082695 ], [ 20.94893, 38.702045000082677 ], [ 20.948832, 38.70208500008269 ], [ 20.948885, 38.702165000082687 ] ] ] } },
{ "type": "Feature", "properties": { "osm_id": 1069880052, "name": null, "label": "building:yes", "building": "yes", "natural": null, "landuse": null, "amenity": null, "sport": null, "leisure": null }, "geometry": { "type": "Polygon", "coordinates": [ [ [ 20.9415337, 38.702538700082755 ], [ 20.9416467, 38.702515700082756 ], [ 20.9416097, 38.702407700082738 ], [ 20.9414967, 38.702430700082729 ], [ 20.9415337, 38.702538700082755 ] ] ] } },
{ "type": "Feature", "properties": { "osm_id": 1069880607, "name": null, "label": "building:yes", "building": "yes", "natural": null, "landuse": null, "amenity": null, "sport": null, "leisure": null }, "geometry": { "type": "Polygon", "coordinates": [ [ [ 20.9392847, 38.700623700082481 ], [ 20.9394977, 38.700599700082478 ], [ 20.9394827, 38.700519700082467 ], [ 20.9392697, 38.700543700082449 ], [ 20.9392847, 38.700623700082481 ] ] ] } },
{ "type": "Feature", "properties": { "osm_id": 1069878790, "name": null, "label": "building:yes", "building": "yes", "natural": null, "landuse": null, "amenity": null, "sport": null, "leisure": null }, "geometry": { "type": "Polygon", "coordinates": [ [ [ 20.9385967, 38.700054700082397 ], [ 20.9387397, 38.700033700082386 ], [ 20.9387177, 38.699942700082374 ], [ 20.9385757, 38.699963700082378 ], [ 20.9385967, 38.700054700082397 ] ] ] } },
{ "type": "Feature", "properties": { "osm_id": 1069877945, "name": null, "label": "building:yes", "building": "yes", "natural": null, "landuse": null, "amenity": null, "sport": null, "leisure": null }, "geometry": { "type": "Polygon", "coordinates": [ [ [ 20.9397817, 38.701109700082554 ], [ 20.9398407, 38.701099700082537 ], [ 20.9398327, 38.701073700082546 ], [ 20.9397747, 38.701083700082549 ], [ 20.9397817, 38.701109700082554 ] ] ] } },
{ "type": "Feature", "properties": { "osm_id": 1069880375, "name": null, "label": "building:yes", "building": "yes", "natural": null, "landuse": null, "amenity": null, "sport": null, "leisure": null }, "geometry": { "type": "Polygon", "coordinates": [ [ [ 20.9386357, 38.700130700082397 ], [ 20.9387707, 38.700118700082399 ], [ 20.9387617, 38.700058700082394 ], [ 20.9386267, 38.700070700082392 ], [ 20.9386357, 38.700130700082397 ] ] ] } },
{ "type": "Feature", "properties": { "osm_id": 1069878565, "name": null, "label": "building:yes", "building": "yes", "natural": null, "landuse": null, "amenity": null, "sport": null, "leisure": null }, "geometry": { "type": "Polygon", "coordinates": [ [ [ 20.948916, 38.702264000082721 ], [ 20.949012, 38.702225000082713 ], [ 20.948977, 38.702173000082702 ], [ 20.948881, 38.702211000082698 ], [ 20.948916, 38.702264000082721 ] ] ] } },
{ "type": "Feature", "properties": { "osm_id": 1069877696, "name": null, "label": "building:yes", "building": "yes", "natural": null, "landuse": null, "amenity": null, "sport": null, "leisure": null }, "geometry": { "type": "Polygon", "coordinates": [ [ [ 20.9395347, 38.70092070008252 ], [ 20.9395367, 38.700891700082508 ], [ 20.9394757, 38.70088970008252 ], [ 20.9394747, 38.700918700082525 ], [ 20.9395347, 38.70092070008252 ] ] ] } },
{ "type": "Feature", "properties": { "osm_id": 1069880580, "name": null, "label": "building:yes", "building": "yes", "natural": null, "landuse": null, "amenity": null, "sport": null, "leisure": null }, "geometry": { "type": "Polygon", "coordinates": [ [ [ 20.9391447, 38.700634700082475 ], [ 20.9392557, 38.700620700082482 ], [ 20.9392387, 38.700540700082456 ], [ 20.9391277, 38.700554700082463 ], [ 20.9391447, 38.700634700082475 ] ] ] } },
{ "type": "Feature", "properties": { "osm_id": 1069879368, "name": null, "label": "building:yes", "building": "yes", "natural": null, "landuse": null, "amenity": null, "sport": null, "leisure": null }, "geometry": { "type": "Polygon", "coordinates": [ [ [ 20.9391847, 38.700869700082528 ], [ 20.9392127, 38.700846700082501 ], [ 20.9392397, 38.700866700082507 ], [ 20.9393347, 38.700788700082505 ], [ 20.9392817, 38.700748700082499 ], [ 20.9392247, 38.700794700082511 ], [ 20.9391937, 38.700770700082487 ], [ 20.9391267, 38.700825700082504 ], [ 20.9391847, 38.700869700082528 ] ] ] } },
{ "type": "Feature", "properties": { "osm_id": 1069878865, "name": null, "label": "building:yes", "building": "yes", "natural": null, "landuse": null, "amenity": null, "sport": null, "leisure": null }, "geometry": { "type": "Polygon", "coordinates": [ [ [ 20.9389997, 38.700792700082502 ], [ 20.9391267, 38.700754700082491 ], [ 20.9391067, 38.700714700082486 ], [ 20.9389807, 38.700751700082492 ], [ 20.9389997, 38.700792700082502 ] ] ] } },
{ "type": "Feature", "properties": { "osm_id": 1069880721, "name": null, "label": "building:yes", "building": "yes", "natural": null, "landuse": null, "amenity": null, "sport": null, "leisure": null }, "geometry": { "type": "Polygon", "coordinates": [ [ [ 20.9401957, 38.702044700082695 ], [ 20.9403037, 38.702043700082676 ], [ 20.9403017, 38.701963700082672 ], [ 20.9401947, 38.701965700082681 ], [ 20.9401957, 38.702044700082695 ] ] ] } },
{ "type": "Feature", "properties": { "osm_id": 1069878773, "name": null, "label": "building:yes", "building": "yes", "natural": null, "landuse": null, "amenity": null, "sport": null, "leisure": null }, "geometry": { "type": "Polygon", "coordinates": [ [ [ 20.949116, 38.702544000082746 ], [ 20.94917, 38.702526000082749 ], [ 20.949138, 38.70246900008275 ], [ 20.949084, 38.702488000082766 ], [ 20.949116, 38.702544000082746 ] ] ] } },
{ "type": "Feature", "properties": { "osm_id": 1069879973, "name": null, "label": "building:yes", "building": "yes", "natural": null, "landuse": null, "amenity": null, "sport": null, "leisure": null }, "geometry": { "type": "Polygon", "coordinates": [ [ [ 20.9390607, 38.700883700082514 ], [ 20.9390857, 38.700842700082504 ], [ 20.9389897, 38.700806700082502 ], [ 20.9389647, 38.700847700082498 ], [ 20.9390607, 38.700883700082514 ] ] ] } },
{ "type": "Feature", "properties": { "osm_id": 1069878271, "name": null, "label": "building:yes", "building": "yes", "natural": null, "landuse": null, "amenity": null, "sport": null, "leisure": null }, "geometry": { "type": "Polygon", "coordinates": [ [ [ 20.9392417, 38.701098700082539 ], [ 20.9393937, 38.701055700082534 ], [ 20.9393597, 38.700983700082517 ], [ 20.9393027, 38.700999700082519 ], [ 20.9392947, 38.700980700082539 ], [ 20.9391997, 38.701007700082521 ], [ 20.9392417, 38.701098700082539 ] ] ] } },
{ "type": "Feature", "properties": { "osm_id": 1069877480, "name": null, "label": "building:yes", "building": "yes", "natural": null, "landuse": null, "amenity": null, "sport": null, "leisure": null }, "geometry": { "type": "Polygon", "coordinates": [ [ [ 20.9397267, 38.701714700082618 ], [ 20.9398787, 38.701711700082619 ], [ 20.9398747, 38.701568700082611 ], [ 20.9397217, 38.70157170008261 ], [ 20.9397267, 38.701714700082618 ] ] ] } },
{ "type": "Feature", "properties": { "osm_id": 1069879136, "name": null, "label": "building:yes", "building": "yes", "natural": null, "landuse": null, "amenity": null, "sport": null, "leisure": null }, "geometry": { "type": "Polygon", "coordinates": [ [ [ 20.9391017, 38.701193700082555 ], [ 20.9392227, 38.701190700082563 ], [ 20.9392177, 38.701085700082551 ], [ 20.9390977, 38.701088700082543 ], [ 20.9391017, 38.701193700082555 ] ] ] } },
{ "type": "Feature", "properties": { "osm_id": 1069880345, "name": null, "label": "building:yes", "building": "yes", "natural": null, "landuse": null, "amenity": null, "sport": null, "leisure": null }, "geometry": { "type": "Polygon", "coordinates": [ [ [ 20.9389517, 38.701057700082536 ], [ 20.9389697, 38.701025700082546 ], [ 20.9390277, 38.701045700082538 ], [ 20.9390597, 38.70098970008253 ], [ 20.9390467, 38.700985700082526 ], [ 20.9390827, 38.700921700082517 ], [ 20.9389677, 38.700882700082509 ], [ 20.9388827, 38.70103370008254 ], [ 20.9389517, 38.701057700082536 ] ] ] } },
{ "type": "Feature", "properties": { "osm_id": 1069880250, "name": null, "label": "building:yes", "building": "yes", "natural": null, "landuse": null, "amenity": null, "sport": null, "leisure": null }, "geometry": { "type": "Polygon", "coordinates": [ [ [ 20.9395378, 38.701678400082635 ], [ 20.9395458, 38.701678400082635 ], [ 20.9395508, 38.701717400082629 ], [ 20.9396518, 38.70170840008263 ], [ 20.9396198, 38.701485400082611 ], [ 20.9395118, 38.701494400082595 ], [ 20.9395378, 38.701678400082635 ] ] ] } },
{ "type": "Feature", "properties": { "osm_id": 1069879434, "name": null, "label": "building:yes", "building": "yes", "natural": null, "landuse": null, "amenity": null, "sport": null, "leisure": null }, "geometry": { "type": "Polygon", "coordinates": [ [ [ 20.9393457, 38.701631900082624 ], [ 20.9393409, 38.70164370008262 ], [ 20.9393606, 38.701648600082621 ], [ 20.9393785, 38.701604500082624 ], [ 20.9393152, 38.701588800082618 ], [ 20.9393021, 38.701621100082612 ], [ 20.9393457, 38.701631900082624 ] ] ] } },
{ "type": "Feature", "properties": { "osm_id": 1069877364, "name": null, "label": "building:yes", "building": "yes", "natural": null, "landuse": null, "amenity": null, "sport": null, "leisure": null }, "geometry": { "type": "Polygon", "coordinates": [ [ [ 20.9395116, 38.701719500082632 ], [ 20.9395233, 38.701671500082632 ], [ 20.9394257, 38.701657000082626 ], [ 20.9394398, 38.701599100082625 ], [ 20.9393966, 38.701592700082614 ], [ 20.9393708, 38.701698500082628 ], [ 20.9395116, 38.701719500082632 ] ] ] } },
{ "type": "Feature", "properties": { "osm_id": 1069880614, "name": null, "label": "building:yes", "building": "yes", "natural": null, "landuse": null, "amenity": null, "sport": null, "leisure": null }, "geometry": { "type": "Polygon", "coordinates": [ [ [ 20.9396187, 38.701932700082665 ], [ 20.9396867, 38.701896700082656 ], [ 20.9395967, 38.701790700082647 ], [ 20.9395277, 38.701826700082655 ], [ 20.9396187, 38.701932700082665 ] ] ] } },
{ "type": "Feature", "properties": { "osm_id": 1069877369, "name": null, "label": "building:yes", "building": "yes", "natural": null, "landuse": null, "amenity": null, "sport": null, "leisure": null }, "geometry": { "type": "Polygon", "coordinates": [ [ [ 20.9392303, 38.701668800082629 ], [ 20.9392243, 38.701683000082639 ], [ 20.9393363, 38.701712000082637 ], [ 20.9393632, 38.701650300082619 ], [ 20.9392101, 38.701612400082617 ], [ 20.939191, 38.701659500082634 ], [ 20.9392303, 38.701668800082629 ] ] ] } },
{ "type": "Feature", "properties": { "osm_id": 1069879046, "name": null, "label": "building:yes", "building": "yes", "natural": null, "landuse": null, "amenity": null, "sport": null, "leisure": null }, "geometry": { "type": "Polygon", "coordinates": [ [ [ 20.9390417, 38.701617700082622 ], [ 20.9391487, 38.70161270008262 ], [ 20.9391437, 38.701555700082608 ], [ 20.9390367, 38.701560700082624 ], [ 20.9390417, 38.701617700082622 ] ] ] } },
{ "type": "Feature", "properties": { "osm_id": 1069879210, "name": null, "label": "building:yes", "building": "yes", "natural": null, "landuse": null, "amenity": null, "sport": null, "leisure": null }, "geometry": { "type": "Polygon", "coordinates": [ [ [ 20.9388907, 38.701417700082594 ], [ 20.9388967, 38.701395700082585 ], [ 20.9389267, 38.701400700082594 ], [ 20.9389417, 38.701340700082589 ], [ 20.9387617, 38.701311700082577 ], [ 20.9387407, 38.701393700082583 ], [ 20.9388907, 38.701417700082594 ] ] ] } },
{ "type": "Feature", "properties": { "osm_id": 1069878959, "name": null, "label": "building:yes", "building": "yes", "natural": null, "landuse": null, "amenity": null, "sport": null, "leisure": null }, "geometry": { "type": "Polygon", "coordinates": [ [ [ 20.9394237, 38.701993700082667 ], [ 20.9395067, 38.701954700082673 ], [ 20.9393797, 38.701791700082637 ], [ 20.9392967, 38.70183170008265 ], [ 20.9394237, 38.701993700082667 ] ] ] } },
{ "type": "Feature", "properties": { "osm_id": 1069878769, "name": null, "label": "building:yes", "building": "yes", "natural": null, "landuse": null, "amenity": null, "sport": null, "leisure": null }, "geometry": { "type": "Polygon", "coordinates": [ [ [ 20.9394075, 38.702118600082699 ], [ 20.9395737, 38.702066700082675 ], [ 20.9395377, 38.701992700082663 ], [ 20.9393705, 38.702043600082675 ], [ 20.9394075, 38.702118600082699 ] ] ] } },
{ "type": "Feature", "properties": { "osm_id": 1069879923, "name": null, "label": "building:yes", "building": "yes", "natural": null, "landuse": null, "amenity": null, "sport": null, "leisure": null }, "geometry": { "type": "Polygon", "coordinates": [ [ [ 20.9388687, 38.701774700082652 ], [ 20.9388817, 38.701771700082638 ], [ 20.9388987, 38.701829700082648 ], [ 20.9389877, 38.70181370008266 ], [ 20.9389547, 38.70170170008263 ], [ 20.9388527, 38.701719700082634 ], [ 20.9388687, 38.701774700082652 ] ] ] } },
{ "type": "Feature", "properties": { "osm_id": 1069880809, "name": null, "label": "building:yes", "building": "yes", "natural": null, "landuse": null, "amenity": null, "sport": null, "leisure": null }, "geometry": { "type": "Polygon", "coordinates": [ [ [ 20.9387637, 38.701593700082618 ], [ 20.9387607, 38.701650700082631 ], [ 20.9388197, 38.701651700082628 ], [ 20.9388267, 38.701490700082608 ], [ 20.9387907, 38.701489700082625 ], [ 20.9387917, 38.701466700082605 ], [ 20.9386687, 38.701464700082603 ], [ 20.9386637, 38.701591700082616 ], [ 20.9387637, 38.701593700082618 ] ] ] } },
{ "type": "Feature", "properties": { "osm_id": 1069878010, "name": null, "label": "building:yes", "building": "yes", "natural": null, "landuse": null, "amenity": null, "sport": null, "leisure": null }, "geometry": { "type": "Polygon", "coordinates": [ [ [ 20.9390907, 38.702043700082676 ], [ 20.9392357, 38.70200370008267 ], [ 20.9391817, 38.701884700082665 ], [ 20.9391317, 38.701898700082651 ], [ 20.9391117, 38.70185570008266 ], [ 20.9390617, 38.701869700082653 ], [ 20.9391037, 38.701960700082687 ], [ 20.9390587, 38.701973700082675 ], [ 20.9390907, 38.702043700082676 ] ] ] } },
{ "type": "Feature", "properties": { "osm_id": 1069877507, "name": null, "label": "building:yes", "building": "yes", "natural": null, "landuse": null, "amenity": null, "sport": null, "leisure": null }, "geometry": { "type": "Polygon", "coordinates": [ [ [ 20.9392207, 38.702171700082708 ], [ 20.9393287, 38.702136700082676 ], [ 20.9392907, 38.702063700082682 ], [ 20.9391827, 38.702097700082689 ], [ 20.9392207, 38.702171700082708 ] ] ] } },
{ "type": "Feature", "properties": { "osm_id": 1069878043, "name": null, "label": "building:yes", "building": "yes", "natural": null, "landuse": null, "amenity": null, "sport": null, "leisure": null }, "geometry": { "type": "Polygon", "coordinates": [ [ [ 20.9395387, 38.70253670008276 ], [ 20.9396357, 38.702524700082755 ], [ 20.9396137, 38.702422700082728 ], [ 20.9395167, 38.702434700082733 ], [ 20.9395387, 38.70253670008276 ] ] ] } },
{ "type": "Feature", "properties": { "osm_id": 1069878783, "name": null, "label": "building:yes", "building": "yes", "natural": null, "landuse": null, "amenity": null, "sport": null, "leisure": null }, "geometry": { "type": "Polygon", "coordinates": [ [ [ 20.9391497, 38.702144700082684 ], [ 20.9391937, 38.702128700082703 ], [ 20.9391747, 38.702096700082691 ], [ 20.9391297, 38.702111700082696 ], [ 20.9391497, 38.702144700082684 ] ] ] } },
{ "type": "Feature", "properties": { "osm_id": 1069878812, "name": null, "label": "building:yes", "building": "yes", "natural": null, "landuse": null, "amenity": null, "sport": null, "leisure": null }, "geometry": { "type": "Polygon", "coordinates": [ [ [ 20.9388347, 38.701945700082668 ], [ 20.9389017, 38.701899700082663 ], [ 20.9388497, 38.701853700082658 ], [ 20.9387827, 38.701898700082651 ], [ 20.9388347, 38.701945700082668 ] ] ] } },
{ "type": "Feature", "properties": { "osm_id": 1069879096, "name": null, "label": "building:yes", "building": "yes", "natural": null, "landuse": null, "amenity": null, "sport": null, "leisure": null }, "geometry": { "type": "Polygon", "coordinates": [ [ [ 20.9386657, 38.701919700082669 ], [ 20.9387637, 38.701884700082665 ], [ 20.9387127, 38.701798700082634 ], [ 20.9386147, 38.701833700082659 ], [ 20.9386657, 38.701919700082669 ] ] ] } },
{ "type": "Feature", "properties": { "osm_id": 1069877578, "name": null, "label": "building:yes", "building": "yes", "natural": null, "landuse": null, "amenity": null, "sport": null, "leisure": null }, "geometry": { "type": "Polygon", "coordinates": [ [ [ 20.9389501, 38.702249100082717 ], [ 20.9389901, 38.702227100082709 ], [ 20.9389601, 38.70219310008271 ], [ 20.9389201, 38.702215100082704 ], [ 20.9389501, 38.702249100082717 ] ] ] } },
{ "type": "Feature", "properties": { "osm_id": 1069877663, "name": null, "label": "building:yes", "building": "yes", "natural": null, "landuse": null, "amenity": null, "sport": null, "leisure": null }, "geometry": { "type": "Polygon", "coordinates": [ [ [ 20.9382017, 38.701588000082609 ], [ 20.9382636, 38.701570600082604 ], [ 20.9382327, 38.701498300082598 ], [ 20.9381707, 38.701515700082602 ], [ 20.9382017, 38.701588000082609 ] ] ] } },
{ "type": "Feature", "properties": { "osm_id": 1069880274, "name": null, "label": "building:yes", "building": "yes", "natural": null, "landuse": null, "amenity": null, "sport": null, "leisure": null }, "geometry": { "type": "Polygon", "coordinates": [ [ [ 20.9387655, 38.702128900082684 ], [ 20.9388357, 38.702068700082684 ], [ 20.9386587, 38.701946700082665 ], [ 20.9385885, 38.702006900082687 ], [ 20.9387655, 38.702128900082684 ] ] ] } },
{ "type": "Feature", "properties": { "osm_id": 1069877394, "name": null, "label": "building:yes", "building": "yes", "natural": null, "landuse": null, "amenity": null, "sport": null, "leisure": null }, "geometry": { "type": "Polygon", "coordinates": [ [ [ 20.9381457, 38.70167370008263 ], [ 20.9382007, 38.701668700082628 ], [ 20.9382067, 38.70170170008263 ], [ 20.9383327, 38.701688700082634 ], [ 20.9383177, 38.701593700082618 ], [ 20.9381357, 38.701611700082623 ], [ 20.9381457, 38.70167370008263 ] ] ] } },
{ "type": "Feature", "properties": { "osm_id": 1069878510, "name": null, "label": "building:yes", "building": "yes", "natural": null, "landuse": null, "amenity": null, "sport": null, "leisure": null }, "geometry": { "type": "Polygon", "coordinates": [ [ [ 20.9381901, 38.701787200082642 ], [ 20.9382705, 38.701763700082637 ], [ 20.9382423, 38.701705300082637 ], [ 20.938163, 38.701729600082636 ], [ 20.9381901, 38.701787200082642 ] ] ] } },
{ "type": "Feature", "properties": { "osm_id": 1069878535, "name": null, "label": "building:yes", "building": "yes", "natural": null, "landuse": null, "amenity": null, "sport": null, "leisure": null }, "geometry": { "type": "Polygon", "coordinates": [ [ [ 20.9381221, 38.701805900082633 ], [ 20.9381804, 38.701789000082641 ], [ 20.938156, 38.701737700082646 ], [ 20.9380977, 38.701754600082644 ], [ 20.9381221, 38.701805900082633 ] ] ] } },
{ "type": "Feature", "properties": { "osm_id": 1069878915, "name": null, "label": "building:yes", "building": "yes", "natural": null, "landuse": null, "amenity": null, "sport": null, "leisure": null }, "geometry": { "type": "Polygon", "coordinates": [ [ [ 20.9386817, 38.702296700082719 ], [ 20.9386907, 38.702284700082721 ], [ 20.9387917, 38.702333700082718 ], [ 20.9388457, 38.702263700082717 ], [ 20.9386767, 38.702183700082699 ], [ 20.9386137, 38.702263700082717 ], [ 20.9386817, 38.702296700082719 ] ] ] } },
{ "type": "Feature", "properties": { "osm_id": 1069879185, "name": null, "label": "building:yes", "building": "yes", "natural": null, "landuse": null, "amenity": null, "sport": null, "leisure": null }, "geometry": { "type": "Polygon", "coordinates": [ [ [ 20.9387747, 38.702464700082743 ], [ 20.9388397, 38.70243770008274 ], [ 20.9388097, 38.702393700082737 ], [ 20.9388307, 38.702385700082729 ], [ 20.9388047, 38.702346700082728 ], [ 20.9387187, 38.70238270008273 ], [ 20.9387747, 38.702464700082743 ] ] ] } },
{ "type": "Feature", "properties": { "osm_id": 1069877383, "name": null, "label": "building:yes", "building": "yes", "natural": null, "landuse": null, "amenity": null, "sport": null, "leisure": null }, "geometry": { "type": "Polygon", "coordinates": [ [ [ 20.9384097, 38.702048700082685 ], [ 20.9385167, 38.70200270008268 ], [ 20.9383737, 38.701800700082643 ], [ 20.9382677, 38.70184570008265 ], [ 20.9384097, 38.702048700082685 ] ] ] } },
{ "type": "Feature", "properties": { "osm_id": 1069879057, "name": null, "label": "building:yes", "building": "yes", "natural": null, "landuse": null, "amenity": null, "sport": null, "leisure": null }, "geometry": { "type": "Polygon", "coordinates": [ [ [ 20.9383087, 38.702261700082715 ], [ 20.9384247, 38.702228700082706 ], [ 20.9383797, 38.702134700082702 ], [ 20.9382637, 38.702168700082701 ], [ 20.9383087, 38.702261700082715 ] ] ] } },
{ "type": "Feature", "properties": { "osm_id": 1069878249, "name": null, "label": "building:yes", "building": "yes", "natural": null, "landuse": null, "amenity": null, "sport": null, "leisure": null }, "geometry": { "type": "Polygon", "coordinates": [ [ [ 20.9378707, 38.701900700082653 ], [ 20.9380007, 38.701858700082646 ], [ 20.9379567, 38.701774700082652 ], [ 20.9378257, 38.701816700082645 ], [ 20.9378707, 38.701900700082653 ] ] ] } },
{ "type": "Feature", "properties": { "osm_id": 1069877376, "name": null, "label": "building:yes", "building": "yes", "natural": null, "landuse": null, "amenity": null, "sport": null, "leisure": null }, "geometry": { "type": "Polygon", "coordinates": [ [ [ 20.9379713, 38.701987200082669 ], [ 20.9380074, 38.701962400082671 ], [ 20.9380446, 38.702000700082671 ], [ 20.9381213, 38.70195500008267 ], [ 20.9380237, 38.701854600082648 ], [ 20.937947, 38.701900300082663 ], [ 20.9379053, 38.701928400082664 ], [ 20.9379713, 38.701987200082669 ] ] ] } },
{ "type": "Feature", "properties": { "osm_id": 1069879168, "name": null, "label": "building:yes", "building": "yes", "natural": null, "landuse": null, "amenity": null, "sport": null, "leisure": null }, "geometry": { "type": "Polygon", "coordinates": [ [ [ 20.9374557, 38.701656700082623 ], [ 20.9374987, 38.701647700082631 ], [ 20.9375127, 38.701691700082627 ], [ 20.9375747, 38.701678700082631 ], [ 20.9375147, 38.7014967000826 ], [ 20.9374097, 38.701517700082597 ], [ 20.9374557, 38.701656700082623 ] ] ] } },
{ "type": "Feature", "properties": { "osm_id": 1069879146, "name": null, "label": "building:yes", "building": "yes", "natural": null, "landuse": null, "amenity": null, "sport": null, "leisure": null }, "geometry": { "type": "Polygon", "coordinates": [ [ [ 20.9380057, 38.702234700082698 ], [ 20.9380837, 38.702224700082709 ], [ 20.9380757, 38.702183700082699 ], [ 20.9379967, 38.702193700082702 ], [ 20.9380057, 38.702234700082698 ] ] ] } },
{ "type": "Feature", "properties": { "osm_id": 1069879893, "name": null, "label": "building:yes", "building": "yes", "natural": null, "landuse": null, "amenity": null, "sport": null, "leisure": null }, "geometry": { "type": "Polygon", "coordinates": [ [ [ 20.9375979, 38.702017400082681 ], [ 20.9377257, 38.701957700082666 ], [ 20.9376857, 38.701905000082654 ], [ 20.9375577, 38.701965800082675 ], [ 20.9375979, 38.702017400082681 ] ] ] } },
{ "type": "Feature", "properties": { "osm_id": 1069879583, "name": null, "label": "building:yes", "building": "yes", "natural": null, "landuse": null, "amenity": null, "sport": null, "leisure": null }, "geometry": { "type": "Polygon", "coordinates": [ [ [ 20.9376567, 38.702069700082674 ], [ 20.9377127, 38.702043700082676 ], [ 20.9376717, 38.70198970008267 ], [ 20.9376157, 38.702015700082676 ], [ 20.9376567, 38.702069700082674 ] ] ] } },
{ "type": "Feature", "properties": { "osm_id": 1069880246, "name": null, "label": "building:yes", "building": "yes", "natural": null, "landuse": null, "amenity": null, "sport": null, "leisure": null }, "geometry": { "type": "Polygon", "coordinates": [ [ [ 20.9377177, 38.702130700082691 ], [ 20.9377797, 38.70209170008269 ], [ 20.9377297, 38.702041700082681 ], [ 20.9376667, 38.702080700082689 ], [ 20.9377177, 38.702130700082691 ] ] ] } },
{ "type": "Feature", "properties": { "osm_id": 1069879694, "name": null, "label": "building:yes", "building": "yes", "natural": null, "landuse": null, "amenity": null, "sport": null, "leisure": null }, "geometry": { "type": "Polygon", "coordinates": [ [ [ 20.9375117, 38.701973700082675 ], [ 20.9376687, 38.701910700082671 ], [ 20.9375927, 38.701794700082637 ], [ 20.9375247, 38.701821700082654 ], [ 20.9375097, 38.701798700082634 ], [ 20.9374207, 38.701834700082649 ], [ 20.9375117, 38.701973700082675 ] ] ] } },
{ "type": "Feature", "properties": { "osm_id": 1069879581, "name": null, "label": "building:yes", "building": "yes", "natural": null, "landuse": null, "amenity": null, "sport": null, "leisure": null }, "geometry": { "type": "Polygon", "coordinates": [ [ [ 20.9378797, 38.702297700082717 ], [ 20.9379527, 38.702263700082717 ], [ 20.9378487, 38.702128700082703 ], [ 20.9377757, 38.702162700082702 ], [ 20.9378797, 38.702297700082717 ] ] ] } }
]
}
