{
"type": "FeatureCollection",
"name": "patch_92055_point",
"crs": { "type": "name", "properties": { "name": "urn:ogc:def:crs:OGC:1.3:CRS84" } },
"features": [
{ "type": "Feature", "properties": { "element": "node", "id": 1455715295, "amenity": "fuel", "brand": "EKO", "brand:wikidata": "Q31283948", "name": "EKO", "operator": "Μ & Ν ΣΩΤΗΡΟΠΟΥΛΟΣ & ΣΙΑ ΟΕ", "brand:wikipedia": null, "compressed_air": null, "cuisine": null, "addr:street": null, "name:el": null, "tourism": null, "addr:city": null, "addr:housenumber": null, "addr:postcode": null, "contact:facebook": null, "description": null, "email": null, "fax": null, "fuel:diesel": null, "fuel:diesel_B": null, "fuel:e10": null, "fuel:e5": null, "fuel:gasoline": null, "fuel:heating_oil": null, "fuel:octane_95": null, "fuel:unleaded": null, "opening_hours": null, "payment:app": null, "payment:apple_pay": null, "payment:cards": null, "payment:cash": null, "payment:coins": null, "payment:contactless": null, "payment:credit_cards": null, "payment:debit_cards": null, "payment:electronic_purses": null, "payment:google_pay": null, "payment:maestro": null, "payment:mastercard": null, "payment:mastercard_contactless": null, "payment:visa": null, "payment:visa_debit": null, "payment:visa_electron": null, "phone": null, "self_service": null, "start_date": null, "website": null, "wheelchair": null, "name:en": null, "shop": null, "fee": null, "wikidata": null, "wikipedia": null, "int_name": null, "leisure": null, "healthcare": null, "internet_access": null, "denomination": null, "religion": null, "castle_type": null, "historic": null, "historic:civilization": null, "image": null, "source": null, "theatre:type": null, "natural": null, "ele": null, "male": null, "female": null, "brand:el": null, "brand:en": null, "operator:wikidata": null, "short_name": null, "short_name:el": null, "short_name:en": null, "brewery": null, "outdoor_seating": null, "colour": null, "parcel_locker:type": null, "parcel_mail_in": null, "parcel_pickup": null, "backrest": null, "access": null, "authentication:app": null, "authentication:membership_card": null, "branch": null, "capacity": null, "contact:phone": null, "contact:website": null, "covered": null, "motorcar": null, "parking:fee": null, "ref:EU:EVSE": null, "ref:GR:IDRO": null, "socket:type2": null, "socket:type2:output": null, "lit": null, "socket:type2_combo": null, "socket:type2_combo:output": null, "manufacturer": null, "building": null, "parking": null, "name:de": null, "leaf_type": null, "building:levels": null, "layer": null, "location": null, "intermittent": null, "seasonal": null, "waterway": null, "name:ru": null, "landuse": null, "sport": null, "industrial": null, "education": null, "emergency": null, "operator:type": null, "type": null, "leaf_cycle": null, "label": "amenity:fuel" }, "geometry": { "type": "Point", "coordinates": [ 24.0371943, 35.4971969 ] } },
{ "type": "Feature", "properties": { "element": "node", "id": 3645165520, "amenity": "fuel", "brand": "BP", "brand:wikidata": "Q152057", "name": "BP", "operator": "ΖΕΡΒΟΥΔΑΚΗΣ Κ.Α. & ΣΙΑ ΟΕ", "brand:wikipedia": "en:BP", "compressed_air": "no", "cuisine": null, "addr:street": null, "name:el": null, "tourism": null, "addr:city": null, "addr:housenumber": null, "addr:postcode": null, "contact:facebook": null, "description": null, "email": null, "fax": null, "fuel:diesel": null, "fuel:diesel_B": null, "fuel:e10": null, "fuel:e5": null, "fuel:gasoline": null, "fuel:heating_oil": null, "fuel:octane_95": null, "fuel:unleaded": null, "opening_hours": null, "payment:app": null, "payment:apple_pay": null, "payment:cards": null, "payment:cash": null, "payment:coins": null, "payment:contactless": null, "payment:credit_cards": null, "payment:debit_cards": null, "payment:electronic_purses": null, "payment:google_pay": null, "payment:maestro": null, "payment:mastercard": null, "payment:mastercard_contactless": null, "payment:visa": null, "payment:visa_debit": null, "payment:visa_electron": null, "phone": null, "self_service": null, "start_date": null, "website": null, "wheelchair": null, "name:en": null, "shop": null, "fee": null, "wikidata": null, "wikipedia": null, "int_name": null, "leisure": null, "healthcare": null, "internet_access": null, "denomination": null, "religion": null, "castle_type": null, "historic": null, "historic:civilization": null, "image": null, "source": null, "theatre:type": null, "natural": null, "ele": null, "male": null, "female": null, "brand:el": null, "brand:en": null, "operator:wikidata": null, "short_name": null, "short_name:el": null, "short_name:en": null, "brewery": null, "outdoor_seating": null, "colour": null, "parcel_locker:type": null, "parcel_mail_in": null, "parcel_pickup": null, "backrest": null, "access": null, "authentication:app": null, "authentication:membership_card": null, "branch": null, "capacity": null, "contact:phone": null, "contact:website": null, "covered": null, "motorcar": null, "parking:fee": null, "ref:EU:EVSE": null, "ref:GR:IDRO": null, "socket:type2": null, "socket:type2:output": null, "lit": null, "socket:type2_combo": null, "socket:type2_combo:output": null, "manufacturer": null, "building": null, "parking": null, "name:de": null, "leaf_type": null, "building:levels": null, "layer": null, "location": null, "intermittent": null, "seasonal": null, "waterway": null, "name:ru": null, "landuse": null, "sport": null, "industrial": null, "education": null, "emergency": null, "operator:type": null, "type": null, "leaf_cycle": null, "label": "amenity:fuel" }, "geometry": { "type": "Point", "coordinates": [ 24.0463674, 35.5138351 ] } },
{ "type": "Feature", "properties": { "element": "node", "id": 3645165562, "amenity": "restaurant", "brand": null, "brand:wikidata": null, "name": "Konaki", "operator": null, "brand:wikipedia": null, "compressed_air": null, "cuisine": null, "addr:street": null, "name:el": null, "tourism": null, "addr:city": null, "addr:housenumber": null, "addr:postcode": null, "contact:facebook": null, "description": null, "email": null, "fax": null, "fuel:diesel": null, "fuel:diesel_B": null, "fuel:e10": null, "fuel:e5": null, "fuel:gasoline": null, "fuel:heating_oil": null, "fuel:octane_95": null, "fuel:unleaded": null, "opening_hours": null, "payment:app": null, "payment:apple_pay": null, "payment:cards": null, "payment:cash": null, "payment:coins": null, "payment:contactless": null, "payment:credit_cards": null, "payment:debit_cards": null, "payment:electronic_purses": null, "payment:google_pay": null, "payment:maestro": null, "payment:mastercard": null, "payment:mastercard_contactless": null, "payment:visa": null, "payment:visa_debit": null, "payment:visa_electron": null, "phone": null, "self_service": null, "start_date": null, "website": null, "wheelchair": null, "name:en": null, "shop": null, "fee": null, "wikidata": null, "wikipedia": null, "int_name": null, "leisure": null, "healthcare": null, "internet_access": null, "denomination": null, "religion": null, "castle_type": null, "historic": null, "historic:civilization": null, "image": null, "source": null, "theatre:type": null, "natural": null, "ele": null, "male": null, "female": null, "brand:el": null, "brand:en": null, "operator:wikidata": null, "short_name": null, "short_name:el": null, "short_name:en": null, "brewery": null, "outdoor_seating": null, "colour": null, "parcel_locker:type": null, "parcel_mail_in": null, "parcel_pickup": null, "backrest": null, "access": null, "authentication:app": null, "authentication:membership_card": null, "branch": null, "capacity": null, "contact:phone": null, "contact:website": null, "covered": null, "motorcar": null, "parking:fee": null, "ref:EU:EVSE": null, "ref:GR:IDRO": null, "socket:type2": null, "socket:type2:output": null, "lit": null, "socket:type2_combo": null, "socket:type2_combo:output": null, "manufacturer": null, "building": null, "parking": null, "name:de": null, "leaf_type": null, "building:levels": null, "layer": null, "location": null, "intermittent": null, "seasonal": null, "waterway": null, "name:ru": null, "landuse": null, "sport": null, "industrial": null, "education": null, "emergency": null, "operator:type": null, "type": null, "leaf_cycle": null, "label": "amenity:restaurant" }, "geometry": { "type": "Point", "coordinates": [ 24.050921, 35.516559 ] } },
{ "type": "Feature", "properties": { "element": "node", "id": 3645165595, "amenity": "fuel", "brand": "Shell", "brand:wikidata": "Q110716465", "name": "SHELL", "operator": "ΦΡΑΓΚΑΚΗΣ ΙΩΑΝΝΗΣ ΟΕ", "brand:wikipedia": "en:Royal Dutch Shell", "compressed_air": null, "cuisine": null, "addr:street": null, "name:el": null, "tourism": null, "addr:city": null, "addr:housenumber": null, "addr:postcode": null, "contact:facebook": null, "description": null, "email": null, "fax": null, "fuel:diesel": null, "fuel:diesel_B": null, "fuel:e10": null, "fuel:e5": null, "fuel:gasoline": null, "fuel:heating_oil": null, "fuel:octane_95": null, "fuel:unleaded": null, "opening_hours": null, "payment:app": null, "payment:apple_pay": null, "payment:cards": null, "payment:cash": null, "payment:coins": null, "payment:contactless": null, "payment:credit_cards": null, "payment:debit_cards": null, "payment:electronic_purses": null, "payment:google_pay": null, "payment:maestro": null, "payment:mastercard": null, "payment:mastercard_contactless": null, "payment:visa": null, "payment:visa_debit": null, "payment:visa_electron": null, "phone": null, "self_service": null, "start_date": null, "website": null, "wheelchair": null, "name:en": null, "shop": null, "fee": null, "wikidata": null, "wikipedia": null, "int_name": null, "leisure": null, "healthcare": null, "internet_access": null, "denomination": null, "religion": null, "castle_type": null, "historic": null, "historic:civilization": null, "image": null, "source": null, "theatre:type": null, "natural": null, "ele": null, "male": null, "female": null, "brand:el": null, "brand:en": null, "operator:wikidata": null, "short_name": null, "short_name:el": null, "short_name:en": null, "brewery": null, "outdoor_seating": null, "colour": null, "parcel_locker:type": null, "parcel_mail_in": null, "parcel_pickup": null, "backrest": null, "access": null, "authentication:app": null, "authentication:membership_card": null, "branch": null, "capacity": null, "contact:phone": null, "contact:website": null, "covered": null, "motorcar": null, "parking:fee": null, "ref:EU:EVSE": null, "ref:GR:IDRO": null, "socket:type2": null, "socket:type2:output": null, "lit": null, "socket:type2_combo": null, "socket:type2_combo:output": null, "manufacturer": null, "building": null, "parking": null, "name:de": null, "leaf_type": null, "building:levels": null, "layer": null, "location": null, "intermittent": null, "seasonal": null, "waterway": null, "name:ru": null, "landuse": null, "sport": null, "industrial": null, "education": null, "emergency": null, "operator:type": null, "type": null, "leaf_cycle": null, "label": "amenity:fuel" }, "geometry": { "type": "Point", "coordinates": [ 24.0470729, 35.5136103 ] } },
{ "type": "Feature", "properties": { "element": "node", "id": 3744466590, "amenity": "cafe", "brand": null, "brand:wikidata": null, "name": null, "operator": null, "brand:wikipedia": null, "compressed_air": null, "cuisine": "ice_cream", "addr:street": null, "name:el": null, "tourism": null, "addr:city": null, "addr:housenumber": null, "addr:postcode": null, "contact:facebook": null, "description": null, "email": null, "fax": null, "fuel:diesel": null, "fuel:diesel_B": null, "fuel:e10": null, "fuel:e5": null, "fuel:gasoline": null, "fuel:heating_oil": null, "fuel:octane_95": null, "fuel:unleaded": null, "opening_hours": null, "payment:app": null, "payment:apple_pay": null, "payment:cards": null, "payment:cash": null, "payment:coins": null, "payment:contactless": null, "payment:credit_cards": null, "payment:debit_cards": null, "payment:electronic_purses": null, "payment:google_pay": null, "payment:maestro": null, "payment:mastercard": null, "payment:mastercard_contactless": null, "payment:visa": null, "payment:visa_debit": null, "payment:visa_electron": null, "phone": null, "self_service": null, "start_date": null, "website": null, "wheelchair": null, "name:en": null, "shop": null, "fee": null, "wikidata": null, "wikipedia": null, "int_name": null, "leisure": null, "healthcare": null, "internet_access": null, "denomination": null, "religion": null, "castle_type": null, "historic": null, "historic:civilization": null, "image": null, "source": null, "theatre:type": null, "natural": null, "ele": null, "male": null, "female": null, "brand:el": null, "brand:en": null, "operator:wikidata": null, "short_name": null, "short_name:el": null, "short_name:en": null, "brewery": null, "outdoor_seating": null, "colour": null, "parcel_locker:type": null, "parcel_mail_in": null, "parcel_pickup": null, "backrest": null, "access": null, "authentication:app": null, "authentication:membership_card": null, "branch": null, "capacity": null, "contact:phone": null, "contact:website": null, "covered": null, "motorcar": null, "parking:fee": null, "ref:EU:EVSE": null, "ref:GR:IDRO": null, "socket:type2": null, "socket:type2:output": null, "lit": null, "socket:type2_combo": null, "socket:type2_combo:output": null, "manufacturer": null, "building": null, "parking": null, "name:de": null, "leaf_type": null, "building:levels": null, "layer": null, "location": null, "intermittent": null, "seasonal": null, "waterway": null, "name:ru": null, "landuse": null, "sport": null, "industrial": null, "education": null, "emergency": null, "operator:type": null, "type": null, "leaf_cycle": null, "label": "amenity:cafe" }, "geometry": { "type": "Point", "coordinates": [ 24.0441437, 35.5145558 ] } },
{ "type": "Feature", "properties": { "element": "node", "id": 3744466591, "amenity": "restaurant", "brand": null, "brand:wikidata": null, "name": null, "operator": null, "brand:wikipedia": null, "compressed_air": null, "cuisine": "greek", "addr:street": null, "name:el": null, "tourism": null, "addr:city": null, "addr:housenumber": null, "addr:postcode": null, "contact:facebook": null, "description": null, "email": null, "fax": null, "fuel:diesel": null, "fuel:diesel_B": null, "fuel:e10": null, "fuel:e5": null, "fuel:gasoline": null, "fuel:heating_oil": null, "fuel:octane_95": null, "fuel:unleaded": null, "opening_hours": null, "payment:app": null, "payment:apple_pay": null, "payment:cards": null, "payment:cash": null, "payment:coins": null, "payment:contactless": null, "payment:credit_cards": null, "payment:debit_cards": null, "payment:electronic_purses": null, "payment:google_pay": null, "payment:maestro": null, "payment:mastercard": null, "payment:mastercard_contactless": null, "payment:visa": null, "payment:visa_debit": null, "payment:visa_electron": null, "phone": null, "self_service": null, "start_date": null, "website": null, "wheelchair": null, "name:en": null, "shop": null, "fee": null, "wikidata": null, "wikipedia": null, "int_name": null, "leisure": null, "healthcare": null, "internet_access": null, "denomination": null, "religion": null, "castle_type": null, "historic": null, "historic:civilization": null, "image": null, "source": null, "theatre:type": null, "natural": null, "ele": null, "male": null, "female": null, "brand:el": null, "brand:en": null, "operator:wikidata": null, "short_name": null, "short_name:el": null, "short_name:en": null, "brewery": null, "outdoor_seating": null, "colour": null, "parcel_locker:type": null, "parcel_mail_in": null, "parcel_pickup": null, "backrest": null, "access": null, "authentication:app": null, "authentication:membership_card": null, "branch": null, "capacity": null, "contact:phone": null, "contact:website": null, "covered": null, "motorcar": null, "parking:fee": null, "ref:EU:EVSE": null, "ref:GR:IDRO": null, "socket:type2": null, "socket:type2:output": null, "lit": null, "socket:type2_combo": null, "socket:type2_combo:output": null, "manufacturer": null, "building": null, "parking": null, "name:de": null, "leaf_type": null, "building:levels": null, "layer": null, "location": null, "intermittent": null, "seasonal": null, "waterway": null, "name:ru": null, "landuse": null, "sport": null, "industrial": null, "education": null, "emergency": null, "operator:type": null, "type": null, "leaf_cycle": null, "label": "amenity:restaurant" }, "geometry": { "type": "Point", "coordinates": [ 24.0439868, 35.5145762 ] } },
{ "type": "Feature", "properties": { "element": "node", "id": 3798658018, "amenity": "fuel", "brand": "BP", "brand:wikidata": "Q152057", "name": "BP", "operator": "ΥΙΟΙ Γ. ΜΙΧΕΛΑΚΗ ΙΚΕ", "brand:wikipedia": null, "compressed_air": null, "cuisine": null, "addr:street": null, "name:el": null, "tourism": null, "addr:city": null, "addr:housenumber": null, "addr:postcode": null, "contact:facebook": null, "description": null, "email": null, "fax": null, "fuel:diesel": null, "fuel:diesel_B": null, "fuel:e10": null, "fuel:e5": null, "fuel:gasoline": null, "fuel:heating_oil": null, "fuel:octane_95": null, "fuel:unleaded": null, "opening_hours": null, "payment:app": null, "payment:apple_pay": null, "payment:cards": null, "payment:cash": null, "payment:coins": null, "payment:contactless": null, "payment:credit_cards": null, "payment:debit_cards": null, "payment:electronic_purses": null, "payment:google_pay": null, "payment:maestro": null, "payment:mastercard": null, "payment:mastercard_contactless": null, "payment:visa": null, "payment:visa_debit": null, "payment:visa_electron": null, "phone": null, "self_service": null, "start_date": null, "website": null, "wheelchair": null, "name:en": null, "shop": null, "fee": null, "wikidata": null, "wikipedia": null, "int_name": null, "leisure": null, "healthcare": null, "internet_access": null, "denomination": null, "religion": null, "castle_type": null, "historic": null, "historic:civilization": null, "image": null, "source": null, "theatre:type": null, "natural": null, "ele": null, "male": null, "female": null, "brand:el": null, "brand:en": null, "operator:wikidata": null, "short_name": null, "short_name:el": null, "short_name:en": null, "brewery": null, "outdoor_seating": null, "colour": null, "parcel_locker:type": null, "parcel_mail_in": null, "parcel_pickup": null, "backrest": null, "access": null, "authentication:app": null, "authentication:membership_card": null, "branch": null, "capacity": null, "contact:phone": null, "contact:website": null, "covered": null, "motorcar": null, "parking:fee": null, "ref:EU:EVSE": null, "ref:GR:IDRO": null, "socket:type2": null, "socket:type2:output": null, "lit": null, "socket:type2_combo": null, "socket:type2_combo:output": null, "manufacturer": null, "building": null, "parking": null, "name:de": null, "leaf_type": null, "building:levels": null, "layer": null, "location": null, "intermittent": null, "seasonal": null, "waterway": null, "name:ru": null, "landuse": null, "sport": null, "industrial": null, "education": null, "emergency": null, "operator:type": null, "type": null, "leaf_cycle": null, "label": "amenity:fuel" }, "geometry": { "type": "Point", "coordinates": [ 24.0483702, 35.5068168 ] } },
{ "type": "Feature", "properties": { "element": "node", "id": 4373344190, "amenity": null, "brand": null, "brand:wikidata": null, "name": "AlexNatax", "operator": null, "brand:wikipedia": null, "compressed_air": null, "cuisine": null, "addr:street": "Στυλιανού Σφακιωτάκη", "name:el": "AlexNatax", "tourism": "information", "addr:city": null, "addr:housenumber": null, "addr:postcode": null, "contact:facebook": null, "description": null, "email": null, "fax": null, "fuel:diesel": null, "fuel:diesel_B": null, "fuel:e10": null, "fuel:e5": null, "fuel:gasoline": null, "fuel:heating_oil": null, "fuel:octane_95": null, "fuel:unleaded": null, "opening_hours": null, "payment:app": null, "payment:apple_pay": null, "payment:cards": null, "payment:cash": null, "payment:coins": null, "payment:contactless": null, "payment:credit_cards": null, "payment:debit_cards": null, "payment:electronic_purses": null, "payment:google_pay": null, "payment:maestro": null, "payment:mastercard": null, "payment:mastercard_contactless": null, "payment:visa": null, "payment:visa_debit": null, "payment:visa_electron": null, "phone": null, "self_service": null, "start_date": null, "website": null, "wheelchair": null, "name:en": null, "shop": null, "fee": null, "wikidata": null, "wikipedia": null, "int_name": null, "leisure": null, "healthcare": null, "internet_access": null, "denomination": null, "religion": null, "castle_type": null, "historic": null, "historic:civilization": null, "image": null, "source": null, "theatre:type": null, "natural": null, "ele": null, "male": null, "female": null, "brand:el": null, "brand:en": null, "operator:wikidata": null, "short_name": null, "short_name:el": null, "short_name:en": null, "brewery": null, "outdoor_seating": null, "colour": null, "parcel_locker:type": null, "parcel_mail_in": null, "parcel_pickup": null, "backrest": null, "access": null, "authentication:app": null, "authentication:membership_card": null, "branch": null, "capacity": null, "contact:phone": null, "contact:website": null, "covered": null, "motorcar": null, "parking:fee": null, "ref:EU:EVSE": null, "ref:GR:IDRO": null, "socket:type2": null, "socket:type2:output": null, "lit": null, "socket:type2_combo": null, "socket:type2_combo:output": null, "manufacturer": null, "building": null, "parking": null, "name:de": null, "leaf_type": null, "building:levels": null, "layer": null, "location": null, "intermittent": null, "seasonal": null, "waterway": null, "name:ru": null, "landuse": null, "sport": null, "industrial": null, "education": null, "emergency": null, "operator:type": null, "type": null, "leaf_cycle": null, "label": "tourism:information" }, "geometry": { "type": "Point", "coordinates": [ 24.0422406, 35.5110997 ] } },
{ "type": "Feature", "properties": { "element": "node", "id": 4793769413, "amenity": "fuel", "brand": "Shell", "brand:wikidata": null, "name": "Shell Ιντζές Ο. Ε.", "operator": "ΠΡΑΤΗΡΙΟ ΚΑΥΣΙΜΩΝ ΙΝΤΖΕΣ Ο. Ε.", "brand:wikipedia": null, "compressed_air": null, "cuisine": null, "addr:street": "Μελιδονίου", "name:el": null, "tourism": null, "addr:city": "Χανιά", "addr:housenumber": "2", "addr:postcode": "73133", "contact:facebook": "https://fb.com/intzesoe", "description": "Gas / Petrol Station\nΠρατήριο Υγρών Καυσίμων", "email": "intzesoe@gmail.com", "fax": "+302821040004", "fuel:diesel": "yes", "fuel:diesel_B": "yes", "fuel:e10": "yes", "fuel:e5": "yes", "fuel:gasoline": "yes", "fuel:heating_oil": "yes", "fuel:octane_95": "yes", "fuel:unleaded": "yes", "opening_hours": "24/7", "payment:app": "yes", "payment:apple_pay": "yes", "payment:cards": "yes", "payment:cash": "yes", "payment:coins": "yes", "payment:contactless": "yes", "payment:credit_cards": "yes", "payment:debit_cards": "yes", "payment:electronic_purses": "yes", "payment:google_pay": "yes", "payment:maestro": "yes", "payment:mastercard": "yes", "payment:mastercard_contactless": "yes", "payment:visa": "yes", "payment:visa_debit": "yes", "payment:visa_electron": "yes", "phone": "+302821040004", "self_service": "yes", "start_date": "1996", "website": "https://m.wikidata.org/wiki/Q110716465", "wheelchair": "yes", "name:en": null, "shop": null, "fee": null, "wikidata": null, "wikipedia": null, "int_name": null, "leisure": null, "healthcare": null, "internet_access": null, "denomination": null, "religion": null, "castle_type": null, "historic": null, "historic:civilization": null, "image": null, "source": null, "theatre:type": null, "natural": null, "ele": null, "male": null, "female": null, "brand:el": null, "brand:en": null, "operator:wikidata": null, "short_name": null, "short_name:el": null, "short_name:en": null, "brewery": null, "outdoor_seating": null, "colour": null, "parcel_locker:type": null, "parcel_mail_in": null, "parcel_pickup": null, "backrest": null, "access": null, "authentication:app": null, "authentication:membership_card": null, "branch": null, "capacity": null, "contact:phone": null, "contact:website": null, "covered": null, "motorcar": null, "parking:fee": null, "ref:EU:EVSE": null, "ref:GR:IDRO": null, "socket:type2": null, "socket:type2:output": null, "lit": null, "socket:type2_combo": null, "socket:type2_combo:output": null, "manufacturer": null, "building": null, "parking": null, "name:de": null, "leaf_type": null, "building:levels": null, "layer": null, "location": null, "intermittent": null, "seasonal": null, "waterway": null, "name:ru": null, "landuse": null, "sport": null, "industrial": null, "education": null, "emergency": null, "operator:type": null, "type": null, "leaf_cycle": null, "label": "amenity:fuel" }, "geometry": { "type": "Point", "coordinates": [ 24.0402446, 35.5186964 ] } },
{ "type": "Feature", "properties": { "element": "node", "id": 4957040921, "amenity": null, "brand": null, "brand:wikidata": null, "name": "Cretan Beverly Hills", "operator": null, "brand:wikipedia": null, "compressed_air": null, "cuisine": null, "addr:street": null, "name:el": "Cretan Beverly Hills", "tourism": "attraction", "addr:city": null, "addr:housenumber": null, "addr:postcode": null, "contact:facebook": null, "description": null, "email": null, "fax": null, "fuel:diesel": null, "fuel:diesel_B": null, "fuel:e10": null, "fuel:e5": null, "fuel:gasoline": null, "fuel:heating_oil": null, "fuel:octane_95": null, "fuel:unleaded": null, "opening_hours": null, "payment:app": null, "payment:apple_pay": null, "payment:cards": null, "payment:cash": null, "payment:coins": null, "payment:contactless": null, "payment:credit_cards": null, "payment:debit_cards": null, "payment:electronic_purses": null, "payment:google_pay": null, "payment:maestro": null, "payment:mastercard": null, "payment:mastercard_contactless": null, "payment:visa": null, "payment:visa_debit": null, "payment:visa_electron": null, "phone": null, "self_service": null, "start_date": null, "website": null, "wheelchair": null, "name:en": "Cretan Beverly Hills", "shop": null, "fee": null, "wikidata": null, "wikipedia": null, "int_name": null, "leisure": null, "healthcare": null, "internet_access": null, "denomination": null, "religion": null, "castle_type": null, "historic": null, "historic:civilization": null, "image": null, "source": null, "theatre:type": null, "natural": null, "ele": null, "male": null, "female": null, "brand:el": null, "brand:en": null, "operator:wikidata": null, "short_name": null, "short_name:el": null, "short_name:en": null, "brewery": null, "outdoor_seating": null, "colour": null, "parcel_locker:type": null, "parcel_mail_in": null, "parcel_pickup": null, "backrest": null, "access": null, "authentication:app": null, "authentication:membership_card": null, "branch": null, "capacity": null, "contact:phone": null, "contact:website": null, "covered": null, "motorcar": null, "parking:fee": null, "ref:EU:EVSE": null, "ref:GR:IDRO": null, "socket:type2": null, "socket:type2:output": null, "lit": null, "socket:type2_combo": null, "socket:type2_combo:output": null, "manufacturer": null, "building": null, "parking": null, "name:de": null, "leaf_type": null, "building:levels": null, "layer": null, "location": null, "intermittent": null, "seasonal": null, "waterway": null, "name:ru": null, "landuse": null, "sport": null, "industrial": null, "education": null, "emergency": null, "operator:type": null, "type": null, "leaf_cycle": null, "label": "tourism:attraction" }, "geometry": { "type": "Point", "coordinates": [ 24.053735, 35.5050462 ] } },
{ "type": "Feature", "properties": { "element": "node", "id": 5208020124, "amenity": null, "brand": null, "brand:wikidata": null, "name": "ΣΥΝΚΑ", "operator": null, "brand:wikipedia": null, "compressed_air": null, "cuisine": null, "addr:street": "Παπαναστασίου", "name:el": "ΣΥΝΚΑ", "tourism": null, "addr:city": null, "addr:housenumber": "41", "addr:postcode": "73133", "contact:facebook": null, "description": null, "email": null, "fax": null, "fuel:diesel": null, "fuel:diesel_B": null, "fuel:e10": null, "fuel:e5": null, "fuel:gasoline": null, "fuel:heating_oil": null, "fuel:octane_95": null, "fuel:unleaded": null, "opening_hours": "Mo-Sa 08:00-21:00, Sa 08:00-20:00", "payment:app": null, "payment:apple_pay": null, "payment:cards": null, "payment:cash": null, "payment:coins": null, "payment:contactless": null, "payment:credit_cards": null, "payment:debit_cards": null, "payment:electronic_purses": null, "payment:google_pay": null, "payment:maestro": null, "payment:mastercard": null, "payment:mastercard_contactless": null, "payment:visa": null, "payment:visa_debit": null, "payment:visa_electron": null, "phone": "2821020166", "self_service": null, "start_date": null, "website": null, "wheelchair": null, "name:en": "SYNKA", "shop": "supermarket", "fee": null, "wikidata": null, "wikipedia": null, "int_name": null, "leisure": null, "healthcare": null, "internet_access": null, "denomination": null, "religion": null, "castle_type": null, "historic": null, "historic:civilization": null, "image": null, "source": null, "theatre:type": null, "natural": null, "ele": null, "male": null, "female": null, "brand:el": null, "brand:en": null, "operator:wikidata": null, "short_name": null, "short_name:el": null, "short_name:en": null, "brewery": null, "outdoor_seating": null, "colour": null, "parcel_locker:type": null, "parcel_mail_in": null, "parcel_pickup": null, "backrest": null, "access": null, "authentication:app": null, "authentication:membership_card": null, "branch": null, "capacity": null, "contact:phone": null, "contact:website": null, "covered": null, "motorcar": null, "parking:fee": null, "ref:EU:EVSE": null, "ref:GR:IDRO": null, "socket:type2": null, "socket:type2:output": null, "lit": null, "socket:type2_combo": null, "socket:type2_combo:output": null, "manufacturer": null, "building": null, "parking": null, "name:de": null, "leaf_type": null, "building:levels": null, "layer": null, "location": null, "intermittent": null, "seasonal": null, "waterway": null, "name:ru": null, "landuse": null, "sport": null, "industrial": null, "education": null, "emergency": null, "operator:type": null, "type": null, "leaf_cycle": null, "label": "shop:supermarket" }, "geometry": { "type": "Point", "coordinates": [ 24.036535, 35.5101893 ] } },
{ "type": "Feature", "properties": { "element": "node", "id": 5208034822, "amenity": null, "brand": null, "brand:wikidata": null, "name": "ΣΥΝΚΑ", "operator": null, "brand:wikipedia": null, "compressed_air": null, "cuisine": null, "addr:street": "Μιχελογιάννη", "name:el": "ΣΥΝΚΑ", "tourism": null, "addr:city": null, "addr:housenumber": "11", "addr:postcode": "73133", "contact:facebook": null, "description": null, "email": null, "fax": null, "fuel:diesel": null, "fuel:diesel_B": null, "fuel:e10": null, "fuel:e5": null, "fuel:gasoline": null, "fuel:heating_oil": null, "fuel:octane_95": null, "fuel:unleaded": null, "opening_hours": null, "payment:app": null, "payment:apple_pay": null, "payment:cards": null, "payment:cash": null, "payment:coins": null, "payment:contactless": null, "payment:credit_cards": null, "payment:debit_cards": null, "payment:electronic_purses": null, "payment:google_pay": null, "payment:maestro": null, "payment:mastercard": null, "payment:mastercard_contactless": null, "payment:visa": null, "payment:visa_debit": null, "payment:visa_electron": null, "phone": "2821042392", "self_service": null, "start_date": null, "website": null, "wheelchair": null, "name:en": "SYNKA", "shop": "supermarket", "fee": null, "wikidata": null, "wikipedia": null, "int_name": null, "leisure": null, "healthcare": null, "internet_access": null, "denomination": null, "religion": null, "castle_type": null, "historic": null, "historic:civilization": null, "image": null, "source": null, "theatre:type": null, "natural": null, "ele": null, "male": null, "female": null, "brand:el": null, "brand:en": null, "operator:wikidata": null, "short_name": null, "short_name:el": null, "short_name:en": null, "brewery": null, "outdoor_seating": null, "colour": null, "parcel_locker:type": null, "parcel_mail_in": null, "parcel_pickup": null, "backrest": null, "access": null, "authentication:app": null, "authentication:membership_card": null, "branch": null, "capacity": null, "contact:phone": null, "contact:website": null, "covered": null, "motorcar": null, "parking:fee": null, "ref:EU:EVSE": null, "ref:GR:IDRO": null, "socket:type2": null, "socket:type2:output": null, "lit": null, "socket:type2_combo": null, "socket:type2_combo:output": null, "manufacturer": null, "building": null, "parking": null, "name:de": null, "leaf_type": null, "building:levels": null, "layer": null, "location": null, "intermittent": null, "seasonal": null, "waterway": null, "name:ru": null, "landuse": null, "sport": null, "industrial": null, "education": null, "emergency": null, "operator:type": null, "type": null, "leaf_cycle": null, "label": "shop:supermarket" }, "geometry": { "type": "Point", "coordinates": [ 24.0411858, 35.5076669 ] } },
{ "type": "Feature", "properties": { "element": "node", "id": 5208361121, "amenity": null, "brand": null, "brand:wikidata": null, "name": "Οικία Ελευθερίου Βενιζέλου", "operator": null, "brand:wikipedia": null, "compressed_air": null, "cuisine": null, "addr:street": "Ελευθερίου Βενιζέλου", "name:el": "Οικία Ελευθερίου Βενιζέλου", "tourism": "museum", "addr:city": null, "addr:housenumber": null, "addr:postcode": "73133", "contact:facebook": null, "description": null, "email": null, "fax": null, "fuel:diesel": null, "fuel:diesel_B": null, "fuel:e10": null, "fuel:e5": null, "fuel:gasoline": null, "fuel:heating_oil": null, "fuel:octane_95": null, "fuel:unleaded": null, "opening_hours": "24/7", "payment:app": null, "payment:apple_pay": null, "payment:cards": null, "payment:cash": null, "payment:coins": null, "payment:contactless": null, "payment:credit_cards": null, "payment:debit_cards": null, "payment:electronic_purses": null, "payment:google_pay": null, "payment:maestro": null, "payment:mastercard": null, "payment:mastercard_contactless": null, "payment:visa": null, "payment:visa_debit": null, "payment:visa_electron": null, "phone": "2821056008", "self_service": null, "start_date": null, "website": null, "wheelchair": null, "name:en": "Eleftherios Venizelos 'Museum", "shop": null, "fee": "yes", "wikidata": "Q5358634", "wikipedia": "el:Οικία - Μουσείο Ελευθερίου Βενιζέλου", "int_name": null, "leisure": null, "healthcare": null, "internet_access": null, "denomination": null, "religion": null, "castle_type": null, "historic": null, "historic:civilization": null, "image": null, "source": null, "theatre:type": null, "natural": null, "ele": null, "male": null, "female": null, "brand:el": null, "brand:en": null, "operator:wikidata": null, "short_name": null, "short_name:el": null, "short_name:en": null, "brewery": null, "outdoor_seating": null, "colour": null, "parcel_locker:type": null, "parcel_mail_in": null, "parcel_pickup": null, "backrest": null, "access": null, "authentication:app": null, "authentication:membership_card": null, "branch": null, "capacity": null, "contact:phone": null, "contact:website": null, "covered": null, "motorcar": null, "parking:fee": null, "ref:EU:EVSE": null, "ref:GR:IDRO": null, "socket:type2": null, "socket:type2:output": null, "lit": null, "socket:type2_combo": null, "socket:type2_combo:output": null, "manufacturer": null, "building": null, "parking": null, "name:de": null, "leaf_type": null, "building:levels": null, "layer": null, "location": null, "intermittent": null, "seasonal": null, "waterway": null, "name:ru": null, "landuse": null, "sport": null, "industrial": null, "education": null, "emergency": null, "operator:type": null, "type": null, "leaf_cycle": null, "label": "tourism:museum" }, "geometry": { "type": "Point", "coordinates": [ 24.0386972, 35.5183461 ] } },
{ "type": "Feature", "properties": { "element": "node", "id": 5867522805, "amenity": null, "brand": null, "brand:wikidata": null, "name": null, "operator": null, "brand:wikipedia": null, "compressed_air": null, "cuisine": null, "addr:street": null, "name:el": null, "tourism": "hotel", "addr:city": null, "addr:housenumber": null, "addr:postcode": null, "contact:facebook": null, "description": null, "email": null, "fax": null, "fuel:diesel": null, "fuel:diesel_B": null, "fuel:e10": null, "fuel:e5": null, "fuel:gasoline": null, "fuel:heating_oil": null, "fuel:octane_95": null, "fuel:unleaded": null, "opening_hours": null, "payment:app": null, "payment:apple_pay": null, "payment:cards": null, "payment:cash": null, "payment:coins": null, "payment:contactless": null, "payment:credit_cards": null, "payment:debit_cards": null, "payment:electronic_purses": null, "payment:google_pay": null, "payment:maestro": null, "payment:mastercard": null, "payment:mastercard_contactless": null, "payment:visa": null, "payment:visa_debit": null, "payment:visa_electron": null, "phone": null, "self_service": null, "start_date": null, "website": null, "wheelchair": null, "name:en": null, "shop": null, "fee": null, "wikidata": null, "wikipedia": null, "int_name": null, "leisure": null, "healthcare": null, "internet_access": null, "denomination": null, "religion": null, "castle_type": null, "historic": null, "historic:civilization": null, "image": null, "source": null, "theatre:type": null, "natural": null, "ele": null, "male": null, "female": null, "brand:el": null, "brand:en": null, "operator:wikidata": null, "short_name": null, "short_name:el": null, "short_name:en": null, "brewery": null, "outdoor_seating": null, "colour": null, "parcel_locker:type": null, "parcel_mail_in": null, "parcel_pickup": null, "backrest": null, "access": null, "authentication:app": null, "authentication:membership_card": null, "branch": null, "capacity": null, "contact:phone": null, "contact:website": null, "covered": null, "motorcar": null, "parking:fee": null, "ref:EU:EVSE": null, "ref:GR:IDRO": null, "socket:type2": null, "socket:type2:output": null, "lit": null, "socket:type2_combo": null, "socket:type2_combo:output": null, "manufacturer": null, "building": null, "parking": null, "name:de": null, "leaf_type": null, "building:levels": null, "layer": null, "location": null, "intermittent": null, "seasonal": null, "waterway": null, "name:ru": null, "landuse": null, "sport": null, "industrial": null, "education": null, "emergency": null, "operator:type": null, "type": null, "leaf_cycle": null, "label": "tourism:hotel" }, "geometry": { "type": "Point", "coordinates": [ 24.0547974, 35.5119569 ] } },
{ "type": "Feature", "properties": { "element": "node", "id": 5881957185, "amenity": null, "brand": null, "brand:wikidata": null, "name": "Veneti Bakery 1948", "operator": null, "brand:wikipedia": null, "compressed_air": null, "cuisine": null, "addr:street": null, "name:el": null, "tourism": null, "addr:city": null, "addr:housenumber": null, "addr:postcode": null, "contact:facebook": null, "description": null, "email": null, "fax": null, "fuel:diesel": null, "fuel:diesel_B": null, "fuel:e10": null, "fuel:e5": null, "fuel:gasoline": null, "fuel:heating_oil": null, "fuel:octane_95": null, "fuel:unleaded": null, "opening_hours": "06:00-22:00", "payment:app": null, "payment:apple_pay": null, "payment:cards": null, "payment:cash": null, "payment:coins": null, "payment:contactless": null, "payment:credit_cards": null, "payment:debit_cards": null, "payment:electronic_purses": null, "payment:google_pay": null, "payment:maestro": null, "payment:mastercard": null, "payment:mastercard_contactless": null, "payment:visa": null, "payment:visa_debit": null, "payment:visa_electron": null, "phone": "+30 2821 026510", "self_service": null, "start_date": null, "website": "https://fournosveneti.gr/", "wheelchair": null, "name:en": null, "shop": "bakery", "fee": null, "wikidata": null, "wikipedia": null, "int_name": null, "leisure": null, "healthcare": null, "internet_access": null, "denomination": null, "religion": null, "castle_type": null, "historic": null, "historic:civilization": null, "image": null, "source": null, "theatre:type": null, "natural": null, "ele": null, "male": null, "female": null, "brand:el": null, "brand:en": null, "operator:wikidata": null, "short_name": null, "short_name:el": null, "short_name:en": null, "brewery": null, "outdoor_seating": null, "colour": null, "parcel_locker:type": null, "parcel_mail_in": null, "parcel_pickup": null, "backrest": null, "access": null, "authentication:app": null, "authentication:membership_card": null, "branch": null, "capacity": null, "contact:phone": null, "contact:website": null, "covered": null, "motorcar": null, "parking:fee": null, "ref:EU:EVSE": null, "ref:GR:IDRO": null, "socket:type2": null, "socket:type2:output": null, "lit": null, "socket:type2_combo": null, "socket:type2_combo:output": null, "manufacturer": null, "building": null, "parking": null, "name:de": null, "leaf_type": null, "building:levels": null, "layer": null, "location": null, "intermittent": null, "seasonal": null, "waterway": null, "name:ru": null, "landuse": null, "sport": null, "industrial": null, "education": null, "emergency": null, "operator:type": null, "type": null, "leaf_cycle": null, "label": "shop:bakery" }, "geometry": { "type": "Point", "coordinates": [ 24.0330979, 35.4984318 ] } },
{ "type": "Feature", "properties": { "element": "node", "id": 6830975645, "amenity": "fuel", "brand": "EKO", "brand:wikidata": "Q31283948", "name": "EKO", "operator": "Δ.ΔΗΜΟΤΑΚΗΣ-ΑΙΚ.ΧΑΛΕΒΕΛΑΚΗ ΟΕ", "brand:wikipedia": null, "compressed_air": null, "cuisine": null, "addr:street": null, "name:el": null, "tourism": null, "addr:city": null, "addr:housenumber": null, "addr:postcode": null, "contact:facebook": null, "description": null, "email": null, "fax": null, "fuel:diesel": null, "fuel:diesel_B": null, "fuel:e10": null, "fuel:e5": null, "fuel:gasoline": null, "fuel:heating_oil": null, "fuel:octane_95": null, "fuel:unleaded": null, "opening_hours": null, "payment:app": null, "payment:apple_pay": null, "payment:cards": null, "payment:cash": null, "payment:coins": null, "payment:contactless": null, "payment:credit_cards": null, "payment:debit_cards": null, "payment:electronic_purses": null, "payment:google_pay": null, "payment:maestro": null, "payment:mastercard": null, "payment:mastercard_contactless": null, "payment:visa": null, "payment:visa_debit": null, "payment:visa_electron": null, "phone": null, "self_service": null, "start_date": null, "website": null, "wheelchair": null, "name:en": null, "shop": null, "fee": null, "wikidata": null, "wikipedia": null, "int_name": null, "leisure": null, "healthcare": null, "internet_access": null, "denomination": null, "religion": null, "castle_type": null, "historic": null, "historic:civilization": null, "image": null, "source": null, "theatre:type": null, "natural": null, "ele": null, "male": null, "female": null, "brand:el": null, "brand:en": null, "operator:wikidata": null, "short_name": null, "short_name:el": null, "short_name:en": null, "brewery": null, "outdoor_seating": null, "colour": null, "parcel_locker:type": null, "parcel_mail_in": null, "parcel_pickup": null, "backrest": null, "access": null, "authentication:app": null, "authentication:membership_card": null, "branch": null, "capacity": null, "contact:phone": null, "contact:website": null, "covered": null, "motorcar": null, "parking:fee": null, "ref:EU:EVSE": null, "ref:GR:IDRO": null, "socket:type2": null, "socket:type2:output": null, "lit": null, "socket:type2_combo": null, "socket:type2_combo:output": null, "manufacturer": null, "building": null, "parking": null, "name:de": null, "leaf_type": null, "building:levels": null, "layer": null, "location": null, "intermittent": null, "seasonal": null, "waterway": null, "name:ru": null, "landuse": null, "sport": null, "industrial": null, "education": null, "emergency": null, "operator:type": null, "type": null, "leaf_cycle": null, "label": "amenity:fuel" }, "geometry": { "type": "Point", "coordinates": [ 24.055104, 35.4993279 ] } },
{ "type": "Feature", "properties": { "element": "node", "id": 6903739108, "amenity": "school", "brand": null, "brand:wikidata": null, "name": "10th Primary School of Chania", "operator": null, "brand:wikipedia": null, "compressed_air": null, "cuisine": null, "addr:street": null, "name:el": null, "tourism": null, "addr:city": null, "addr:housenumber": null, "addr:postcode": null, "contact:facebook": null, "description": null, "email": null, "fax": null, "fuel:diesel": null, "fuel:diesel_B": null, "fuel:e10": null, "fuel:e5": null, "fuel:gasoline": null, "fuel:heating_oil": null, "fuel:octane_95": null, "fuel:unleaded": null, "opening_hours": null, "payment:app": null, "payment:apple_pay": null, "payment:cards": null, "payment:cash": null, "payment:coins": null, "payment:contactless": null, "payment:credit_cards": null, "payment:debit_cards": null, "payment:electronic_purses": null, "payment:google_pay": null, "payment:maestro": null, "payment:mastercard": null, "payment:mastercard_contactless": null, "payment:visa": null, "payment:visa_debit": null, "payment:visa_electron": null, "phone": null, "self_service": null, "start_date": null, "website": null, "wheelchair": null, "name:en": null, "shop": null, "fee": null, "wikidata": null, "wikipedia": null, "int_name": null, "leisure": null, "healthcare": null, "internet_access": null, "denomination": null, "religion": null, "castle_type": null, "historic": null, "historic:civilization": null, "image": null, "source": null, "theatre:type": null, "natural": null, "ele": null, "male": null, "female": null, "brand:el": null, "brand:en": null, "operator:wikidata": null, "short_name": null, "short_name:el": null, "short_name:en": null, "brewery": null, "outdoor_seating": null, "colour": null, "parcel_locker:type": null, "parcel_mail_in": null, "parcel_pickup": null, "backrest": null, "access": null, "authentication:app": null, "authentication:membership_card": null, "branch": null, "capacity": null, "contact:phone": null, "contact:website": null, "covered": null, "motorcar": null, "parking:fee": null, "ref:EU:EVSE": null, "ref:GR:IDRO": null, "socket:type2": null, "socket:type2:output": null, "lit": null, "socket:type2_combo": null, "socket:type2_combo:output": null, "manufacturer": null, "building": null, "parking": null, "name:de": null, "leaf_type": null, "building:levels": null, "layer": null, "location": null, "intermittent": null, "seasonal": null, "waterway": null, "name:ru": null, "landuse": null, "sport": null, "industrial": null, "education": null, "emergency": null, "operator:type": null, "type": null, "leaf_cycle": null, "label": "amenity:school" }, "geometry": { "type": "Point", "coordinates": [ 24.0424926, 35.5187427 ] } },
{ "type": "Feature", "properties": { "element": "node", "id": 6903743142, "amenity": "university", "brand": null, "brand:wikidata": null, "name": "Hellenic Mediterranean University Department of Chania", "operator": null, "brand:wikipedia": null, "compressed_air": null, "cuisine": null, "addr:street": null, "name:el": null, "tourism": null, "addr:city": null, "addr:housenumber": null, "addr:postcode": null, "contact:facebook": null, "description": null, "email": null, "fax": null, "fuel:diesel": null, "fuel:diesel_B": null, "fuel:e10": null, "fuel:e5": null, "fuel:gasoline": null, "fuel:heating_oil": null, "fuel:octane_95": null, "fuel:unleaded": null, "opening_hours": null, "payment:app": null, "payment:apple_pay": null, "payment:cards": null, "payment:cash": null, "payment:coins": null, "payment:contactless": null, "payment:credit_cards": null, "payment:debit_cards": null, "payment:electronic_purses": null, "payment:google_pay": null, "payment:maestro": null, "payment:mastercard": null, "payment:mastercard_contactless": null, "payment:visa": null, "payment:visa_debit": null, "payment:visa_electron": null, "phone": null, "self_service": null, "start_date": null, "website": null, "wheelchair": null, "name:en": null, "shop": null, "fee": null, "wikidata": null, "wikipedia": null, "int_name": null, "leisure": null, "healthcare": null, "internet_access": null, "denomination": null, "religion": null, "castle_type": null, "historic": null, "historic:civilization": null, "image": null, "source": null, "theatre:type": null, "natural": null, "ele": null, "male": null, "female": null, "brand:el": null, "brand:en": null, "operator:wikidata": null, "short_name": null, "short_name:el": null, "short_name:en": null, "brewery": null, "outdoor_seating": null, "colour": null, "parcel_locker:type": null, "parcel_mail_in": null, "parcel_pickup": null, "backrest": null, "access": null, "authentication:app": null, "authentication:membership_card": null, "branch": null, "capacity": null, "contact:phone": null, "contact:website": null, "covered": null, "motorcar": null, "parking:fee": null, "ref:EU:EVSE": null, "ref:GR:IDRO": null, "socket:type2": null, "socket:type2:output": null, "lit": null, "socket:type2_combo": null, "socket:type2_combo:output": null, "manufacturer": null, "building": null, "parking": null, "name:de": null, "leaf_type": null, "building:levels": null, "layer": null, "location": null, "intermittent": null, "seasonal": null, "waterway": null, "name:ru": null, "landuse": null, "sport": null, "industrial": null, "education": null, "emergency": null, "operator:type": null, "type": null, "leaf_cycle": null, "label": "amenity:university" }, "geometry": { "type": "Point", "coordinates": [ 24.0426748, 35.5190967 ] } },
{ "type": "Feature", "properties": { "element": "node", "id": 7146103985, "amenity": "pharmacy", "brand": null, "brand:wikidata": null, "name": "Φαρμακειο Βρουλιδάκη", "operator": "Βρουλιδάκη", "brand:wikipedia": null, "compressed_air": null, "cuisine": null, "addr:street": "Παπαναστασίου", "name:el": "Φαρμακειο Βρουλιδάκη", "tourism": null, "addr:city": null, "addr:housenumber": null, "addr:postcode": "73100", "contact:facebook": null, "description": null, "email": null, "fax": null, "fuel:diesel": null, "fuel:diesel_B": null, "fuel:e10": null, "fuel:e5": null, "fuel:gasoline": null, "fuel:heating_oil": null, "fuel:octane_95": null, "fuel:unleaded": null, "opening_hours": null, "payment:app": null, "payment:apple_pay": null, "payment:cards": null, "payment:cash": null, "payment:coins": null, "payment:contactless": null, "payment:credit_cards": null, "payment:debit_cards": null, "payment:electronic_purses": null, "payment:google_pay": null, "payment:maestro": null, "payment:mastercard": null, "payment:mastercard_contactless": null, "payment:visa": null, "payment:visa_debit": null, "payment:visa_electron": null, "phone": "2821053565", "self_service": null, "start_date": null, "website": null, "wheelchair": null, "name:en": "Pharmacy Vroulidakh", "shop": null, "fee": null, "wikidata": null, "wikipedia": null, "int_name": null, "leisure": null, "healthcare": "pharmacy", "internet_access": null, "denomination": null, "religion": null, "castle_type": null, "historic": null, "historic:civilization": null, "image": null, "source": null, "theatre:type": null, "natural": null, "ele": null, "male": null, "female": null, "brand:el": null, "brand:en": null, "operator:wikidata": null, "short_name": null, "short_name:el": null, "short_name:en": null, "brewery": null, "outdoor_seating": null, "colour": null, "parcel_locker:type": null, "parcel_mail_in": null, "parcel_pickup": null, "backrest": null, "access": null, "authentication:app": null, "authentication:membership_card": null, "branch": null, "capacity": null, "contact:phone": null, "contact:website": null, "covered": null, "motorcar": null, "parking:fee": null, "ref:EU:EVSE": null, "ref:GR:IDRO": null, "socket:type2": null, "socket:type2:output": null, "lit": null, "socket:type2_combo": null, "socket:type2_combo:output": null, "manufacturer": null, "building": null, "parking": null, "name:de": null, "leaf_type": null, "building:levels": null, "layer": null, "location": null, "intermittent": null, "seasonal": null, "waterway": null, "name:ru": null, "landuse": null, "sport": null, "industrial": null, "education": null, "emergency": null, "operator:type": null, "type": null, "leaf_cycle": null, "label": "amenity:pharmacy" }, "geometry": { "type": "Point", "coordinates": [ 24.0353872, 35.5102529 ] } },
{ "type": "Feature", "properties": { "element": "node", "id": 7500189402, "amenity": null, "brand": null, "brand:wikidata": null, "name": "Πριναράκης Hyunday service", "operator": "Πριναράκης Κώστας", "brand:wikipedia": null, "compressed_air": null, "cuisine": null, "addr:street": "Αγίου Χριστοφόρου", "name:el": "Πριναράκης Hyunday service", "tourism": null, "addr:city": null, "addr:housenumber": "1", "addr:postcode": "73100", "contact:facebook": null, "description": null, "email": null, "fax": null, "fuel:diesel": null, "fuel:diesel_B": null, "fuel:e10": null, "fuel:e5": null, "fuel:gasoline": null, "fuel:heating_oil": null, "fuel:octane_95": null, "fuel:unleaded": null, "opening_hours": "Mo-Fr 08:00-17:00", "payment:app": null, "payment:apple_pay": null, "payment:cards": null, "payment:cash": null, "payment:coins": null, "payment:contactless": null, "payment:credit_cards": null, "payment:debit_cards": null, "payment:electronic_purses": null, "payment:google_pay": null, "payment:maestro": null, "payment:mastercard": null, "payment:mastercard_contactless": null, "payment:visa": null, "payment:visa_debit": null, "payment:visa_electron": null, "phone": "6983759473", "self_service": null, "start_date": null, "website": null, "wheelchair": null, "name:en": "Prinarakîs Hyunday service", "shop": "car_repair", "fee": null, "wikidata": null, "wikipedia": null, "int_name": null, "leisure": null, "healthcare": null, "internet_access": null, "denomination": null, "religion": null, "castle_type": null, "historic": null, "historic:civilization": null, "image": null, "source": null, "theatre:type": null, "natural": null, "ele": null, "male": null, "female": null, "brand:el": null, "brand:en": null, "operator:wikidata": null, "short_name": null, "short_name:el": null, "short_name:en": null, "brewery": null, "outdoor_seating": null, "colour": null, "parcel_locker:type": null, "parcel_mail_in": null, "parcel_pickup": null, "backrest": null, "access": null, "authentication:app": null, "authentication:membership_card": null, "branch": null, "capacity": null, "contact:phone": null, "contact:website": null, "covered": null, "motorcar": null, "parking:fee": null, "ref:EU:EVSE": null, "ref:GR:IDRO": null, "socket:type2": null, "socket:type2:output": null, "lit": null, "socket:type2_combo": null, "socket:type2_combo:output": null, "manufacturer": null, "building": null, "parking": null, "name:de": null, "leaf_type": null, "building:levels": null, "layer": null, "location": null, "intermittent": null, "seasonal": null, "waterway": null, "name:ru": null, "landuse": null, "sport": null, "industrial": null, "education": null, "emergency": null, "operator:type": null, "type": null, "leaf_cycle": null, "label": "shop:car_repair" }, "geometry": { "type": "Point", "coordinates": [ 24.0363258, 35.4981805 ] } },
{ "type": "Feature", "properties": { "element": "node", "id": 8155410418, "amenity": "cafe", "brand": null, "brand:wikidata": null, "name": "Απόλλων Καφέ", "operator": null, "brand:wikipedia": null, "compressed_air": null, "cuisine": null, "addr:street": "Μιχαήλ Μεφα", "name:el": "Απόλλων Καφέ", "tourism": null, "addr:city": null, "addr:housenumber": "10", "addr:postcode": "73134", "contact:facebook": null, "description": null, "email": null, "fax": null, "fuel:diesel": null, "fuel:diesel_B": null, "fuel:e10": null, "fuel:e5": null, "fuel:gasoline": null, "fuel:heating_oil": null, "fuel:octane_95": null, "fuel:unleaded": null, "opening_hours": null, "payment:app": null, "payment:apple_pay": null, "payment:cards": null, "payment:cash": null, "payment:coins": null, "payment:contactless": null, "payment:credit_cards": null, "payment:debit_cards": null, "payment:electronic_purses": null, "payment:google_pay": null, "payment:maestro": null, "payment:mastercard": null, "payment:mastercard_contactless": null, "payment:visa": null, "payment:visa_debit": null, "payment:visa_electron": null, "phone": "2821008588", "self_service": null, "start_date": null, "website": "https://www.apollon-chania.eu/", "wheelchair": null, "name:en": "Apollon Cafe", "shop": null, "fee": null, "wikidata": null, "wikipedia": null, "int_name": null, "leisure": null, "healthcare": null, "internet_access": "wlan", "denomination": null, "religion": null, "castle_type": null, "historic": null, "historic:civilization": null, "image": null, "source": null, "theatre:type": null, "natural": null, "ele": null, "male": null, "female": null, "brand:el": null, "brand:en": null, "operator:wikidata": null, "short_name": null, "short_name:el": null, "short_name:en": null, "brewery": null, "outdoor_seating": null, "colour": null, "parcel_locker:type": null, "parcel_mail_in": null, "parcel_pickup": null, "backrest": null, "access": null, "authentication:app": null, "authentication:membership_card": null, "branch": null, "capacity": null, "contact:phone": null, "contact:website": null, "covered": null, "motorcar": null, "parking:fee": null, "ref:EU:EVSE": null, "ref:GR:IDRO": null, "socket:type2": null, "socket:type2:output": null, "lit": null, "socket:type2_combo": null, "socket:type2_combo:output": null, "manufacturer": null, "building": null, "parking": null, "name:de": null, "leaf_type": null, "building:levels": null, "layer": null, "location": null, "intermittent": null, "seasonal": null, "waterway": null, "name:ru": null, "landuse": null, "sport": null, "industrial": null, "education": null, "emergency": null, "operator:type": null, "type": null, "leaf_cycle": null, "label": "amenity:cafe" }, "geometry": { "type": "Point", "coordinates": [ 24.0381267, 35.506644 ] } },
{ "type": "Feature", "properties": { "element": "node", "id": 8274346921, "amenity": "place_of_worship", "brand": null, "brand:wikidata": null, "name": "Agios Charalampos", "operator": null, "brand:wikipedia": null, "compressed_air": null, "cuisine": null, "addr:street": null, "name:el": "Άγιος Χαράλαμπος", "tourism": null, "addr:city": null, "addr:housenumber": null, "addr:postcode": null, "contact:facebook": null, "description": null, "email": null, "fax": null, "fuel:diesel": null, "fuel:diesel_B": null, "fuel:e10": null, "fuel:e5": null, "fuel:gasoline": null, "fuel:heating_oil": null, "fuel:octane_95": null, "fuel:unleaded": null, "opening_hours": null, "payment:app": null, "payment:apple_pay": null, "payment:cards": null, "payment:cash": null, "payment:coins": null, "payment:contactless": null, "payment:credit_cards": null, "payment:debit_cards": null, "payment:electronic_purses": null, "payment:google_pay": null, "payment:maestro": null, "payment:mastercard": null, "payment:mastercard_contactless": null, "payment:visa": null, "payment:visa_debit": null, "payment:visa_electron": null, "phone": null, "self_service": null, "start_date": null, "website": null, "wheelchair": null, "name:en": null, "shop": null, "fee": null, "wikidata": null, "wikipedia": null, "int_name": null, "leisure": null, "healthcare": null, "internet_access": null, "denomination": "orthodox", "religion": "christian", "castle_type": null, "historic": null, "historic:civilization": null, "image": null, "source": null, "theatre:type": null, "natural": null, "ele": null, "male": null, "female": null, "brand:el": null, "brand:en": null, "operator:wikidata": null, "short_name": null, "short_name:el": null, "short_name:en": null, "brewery": null, "outdoor_seating": null, "colour": null, "parcel_locker:type": null, "parcel_mail_in": null, "parcel_pickup": null, "backrest": null, "access": null, "authentication:app": null, "authentication:membership_card": null, "branch": null, "capacity": null, "contact:phone": null, "contact:website": null, "covered": null, "motorcar": null, "parking:fee": null, "ref:EU:EVSE": null, "ref:GR:IDRO": null, "socket:type2": null, "socket:type2:output": null, "lit": null, "socket:type2_combo": null, "socket:type2_combo:output": null, "manufacturer": null, "building": null, "parking": null, "name:de": null, "leaf_type": null, "building:levels": null, "layer": null, "location": null, "intermittent": null, "seasonal": null, "waterway": null, "name:ru": null, "landuse": null, "sport": null, "industrial": null, "education": null, "emergency": null, "operator:type": null, "type": null, "leaf_cycle": null, "label": "amenity:place_of_worship" }, "geometry": { "type": "Point", "coordinates": [ 24.0402114, 35.5103475 ] } },
{ "type": "Feature", "properties": { "element": "node", "id": 8274346922, "amenity": "place_of_worship", "brand": null, "brand:wikidata": null, "name": "Agia Anna", "operator": null, "brand:wikipedia": null, "compressed_air": null, "cuisine": null, "addr:street": null, "name:el": "Αγία Άννα", "tourism": null, "addr:city": null, "addr:housenumber": null, "addr:postcode": null, "contact:facebook": null, "description": null, "email": null, "fax": null, "fuel:diesel": null, "fuel:diesel_B": null, "fuel:e10": null, "fuel:e5": null, "fuel:gasoline": null, "fuel:heating_oil": null, "fuel:octane_95": null, "fuel:unleaded": null, "opening_hours": null, "payment:app": null, "payment:apple_pay": null, "payment:cards": null, "payment:cash": null, "payment:coins": null, "payment:contactless": null, "payment:credit_cards": null, "payment:debit_cards": null, "payment:electronic_purses": null, "payment:google_pay": null, "payment:maestro": null, "payment:mastercard": null, "payment:mastercard_contactless": null, "payment:visa": null, "payment:visa_debit": null, "payment:visa_electron": null, "phone": null, "self_service": null, "start_date": null, "website": null, "wheelchair": null, "name:en": null, "shop": null, "fee": null, "wikidata": null, "wikipedia": null, "int_name": null, "leisure": null, "healthcare": null, "internet_access": null, "denomination": "orthodox", "religion": "christian", "castle_type": null, "historic": null, "historic:civilization": null, "image": null, "source": null, "theatre:type": null, "natural": null, "ele": null, "male": null, "female": null, "brand:el": null, "brand:en": null, "operator:wikidata": null, "short_name": null, "short_name:el": null, "short_name:en": null, "brewery": null, "outdoor_seating": null, "colour": null, "parcel_locker:type": null, "parcel_mail_in": null, "parcel_pickup": null, "backrest": null, "access": null, "authentication:app": null, "authentication:membership_card": null, "branch": null, "capacity": null, "contact:phone": null, "contact:website": null, "covered": null, "motorcar": null, "parking:fee": null, "ref:EU:EVSE": null, "ref:GR:IDRO": null, "socket:type2": null, "socket:type2:output": null, "lit": null, "socket:type2_combo": null, "socket:type2_combo:output": null, "manufacturer": null, "building": null, "parking": null, "name:de": null, "leaf_type": null, "building:levels": null, "layer": null, "location": null, "intermittent": null, "seasonal": null, "waterway": null, "name:ru": null, "landuse": null, "sport": null, "industrial": null, "education": null, "emergency": null, "operator:type": null, "type": null, "leaf_cycle": null, "label": "amenity:place_of_worship" }, "geometry": { "type": "Point", "coordinates": [ 24.0351893, 35.50962 ] } },
{ "type": "Feature", "properties": { "element": "node", "id": 9116884917, "amenity": null, "brand": "Mercedes-Benz", "brand:wikidata": "Q36008", "name": "Mercedes-Benz", "operator": null, "brand:wikipedia": null, "compressed_air": null, "cuisine": null, "addr:street": null, "name:el": null, "tourism": null, "addr:city": null, "addr:housenumber": null, "addr:postcode": null, "contact:facebook": null, "description": null, "email": null, "fax": null, "fuel:diesel": null, "fuel:diesel_B": null, "fuel:e10": null, "fuel:e5": null, "fuel:gasoline": null, "fuel:heating_oil": null, "fuel:octane_95": null, "fuel:unleaded": null, "opening_hours": null, "payment:app": null, "payment:apple_pay": null, "payment:cards": null, "payment:cash": null, "payment:coins": null, "payment:contactless": null, "payment:credit_cards": null, "payment:debit_cards": null, "payment:electronic_purses": null, "payment:google_pay": null, "payment:maestro": null, "payment:mastercard": null, "payment:mastercard_contactless": null, "payment:visa": null, "payment:visa_debit": null, "payment:visa_electron": null, "phone": null, "self_service": null, "start_date": null, "website": null, "wheelchair": null, "name:en": "Mercedes", "shop": "car", "fee": null, "wikidata": null, "wikipedia": null, "int_name": null, "leisure": null, "healthcare": null, "internet_access": null, "denomination": null, "religion": null, "castle_type": null, "historic": null, "historic:civilization": null, "image": null, "source": null, "theatre:type": null, "natural": null, "ele": null, "male": null, "female": null, "brand:el": null, "brand:en": null, "operator:wikidata": null, "short_name": null, "short_name:el": null, "short_name:en": null, "brewery": null, "outdoor_seating": null, "colour": null, "parcel_locker:type": null, "parcel_mail_in": null, "parcel_pickup": null, "backrest": null, "access": null, "authentication:app": null, "authentication:membership_card": null, "branch": null, "capacity": null, "contact:phone": null, "contact:website": null, "covered": null, "motorcar": null, "parking:fee": null, "ref:EU:EVSE": null, "ref:GR:IDRO": null, "socket:type2": null, "socket:type2:output": null, "lit": null, "socket:type2_combo": null, "socket:type2_combo:output": null, "manufacturer": null, "building": null, "parking": null, "name:de": null, "leaf_type": null, "building:levels": null, "layer": null, "location": null, "intermittent": null, "seasonal": null, "waterway": null, "name:ru": null, "landuse": null, "sport": null, "industrial": null, "education": null, "emergency": null, "operator:type": null, "type": null, "leaf_cycle": null, "label": "shop:car" }, "geometry": { "type": "Point", "coordinates": [ 24.0333269, 35.4985966 ] } },
{ "type": "Feature", "properties": { "element": "node", "id": 9120769418, "amenity": null, "brand": null, "brand:wikidata": null, "name": null, "operator": null, "brand:wikipedia": null, "compressed_air": null, "cuisine": null, "addr:street": null, "name:el": null, "tourism": null, "addr:city": null, "addr:housenumber": null, "addr:postcode": null, "contact:facebook": null, "description": null, "email": null, "fax": null, "fuel:diesel": null, "fuel:diesel_B": null, "fuel:e10": null, "fuel:e5": null, "fuel:gasoline": null, "fuel:heating_oil": null, "fuel:octane_95": null, "fuel:unleaded": null, "opening_hours": "24/7", "payment:app": null, "payment:apple_pay": null, "payment:cards": null, "payment:cash": null, "payment:coins": null, "payment:contactless": null, "payment:credit_cards": null, "payment:debit_cards": null, "payment:electronic_purses": null, "payment:google_pay": null, "payment:maestro": null, "payment:mastercard": null, "payment:mastercard_contactless": null, "payment:visa": null, "payment:visa_debit": null, "payment:visa_electron": null, "phone": null, "self_service": null, "start_date": null, "website": null, "wheelchair": null, "name:en": "Supermarket", "shop": "supermarket", "fee": null, "wikidata": null, "wikipedia": null, "int_name": null, "leisure": null, "healthcare": null, "internet_access": null, "denomination": null, "religion": null, "castle_type": null, "historic": null, "historic:civilization": null, "image": null, "source": null, "theatre:type": null, "natural": null, "ele": null, "male": null, "female": null, "brand:el": null, "brand:en": null, "operator:wikidata": null, "short_name": null, "short_name:el": null, "short_name:en": null, "brewery": null, "outdoor_seating": null, "colour": null, "parcel_locker:type": null, "parcel_mail_in": null, "parcel_pickup": null, "backrest": null, "access": null, "authentication:app": null, "authentication:membership_card": null, "branch": null, "capacity": null, "contact:phone": null, "contact:website": null, "covered": null, "motorcar": null, "parking:fee": null, "ref:EU:EVSE": null, "ref:GR:IDRO": null, "socket:type2": null, "socket:type2:output": null, "lit": null, "socket:type2_combo": null, "socket:type2_combo:output": null, "manufacturer": null, "building": null, "parking": null, "name:de": null, "leaf_type": null, "building:levels": null, "layer": null, "location": null, "intermittent": null, "seasonal": null, "waterway": null, "name:ru": null, "landuse": null, "sport": null, "industrial": null, "education": null, "emergency": null, "operator:type": null, "type": null, "leaf_cycle": null, "label": "shop:supermarket" }, "geometry": { "type": "Point", "coordinates": [ 24.0368319, 35.5132997 ] } },
{ "type": "Feature", "properties": { "element": "node", "id": 9826480938, "amenity": "fuel", "brand": "Shell", "brand:wikidata": "Q110716465", "name": "SHELL", "operator": "ΕΡΜΗΣ ΑΕΜΕΕ ΥΠ/ΜΑ ΧΑΝΙΩΝ 3", "brand:wikipedia": null, "compressed_air": null, "cuisine": null, "addr:street": null, "name:el": null, "tourism": null, "addr:city": null, "addr:housenumber": null, "addr:postcode": null, "contact:facebook": null, "description": null, "email": null, "fax": null, "fuel:diesel": null, "fuel:diesel_B": null, "fuel:e10": null, "fuel:e5": null, "fuel:gasoline": null, "fuel:heating_oil": null, "fuel:octane_95": null, "fuel:unleaded": null, "opening_hours": null, "payment:app": null, "payment:apple_pay": null, "payment:cards": null, "payment:cash": null, "payment:coins": null, "payment:contactless": null, "payment:credit_cards": null, "payment:debit_cards": null, "payment:electronic_purses": null, "payment:google_pay": null, "payment:maestro": null, "payment:mastercard": null, "payment:mastercard_contactless": null, "payment:visa": null, "payment:visa_debit": null, "payment:visa_electron": null, "phone": null, "self_service": null, "start_date": null, "website": null, "wheelchair": null, "name:en": null, "shop": null, "fee": null, "wikidata": null, "wikipedia": null, "int_name": null, "leisure": null, "healthcare": null, "internet_access": null, "denomination": null, "religion": null, "castle_type": null, "historic": null, "historic:civilization": null, "image": null, "source": null, "theatre:type": null, "natural": null, "ele": null, "male": null, "female": null, "brand:el": null, "brand:en": null, "operator:wikidata": null, "short_name": null, "short_name:el": null, "short_name:en": null, "brewery": null, "outdoor_seating": null, "colour": null, "parcel_locker:type": null, "parcel_mail_in": null, "parcel_pickup": null, "backrest": null, "access": null, "authentication:app": null, "authentication:membership_card": null, "branch": null, "capacity": null, "contact:phone": null, "contact:website": null, "covered": null, "motorcar": null, "parking:fee": null, "ref:EU:EVSE": null, "ref:GR:IDRO": null, "socket:type2": null, "socket:type2:output": null, "lit": null, "socket:type2_combo": null, "socket:type2_combo:output": null, "manufacturer": null, "building": null, "parking": null, "name:de": null, "leaf_type": null, "building:levels": null, "layer": null, "location": null, "intermittent": null, "seasonal": null, "waterway": null, "name:ru": null, "landuse": null, "sport": null, "industrial": null, "education": null, "emergency": null, "operator:type": null, "type": null, "leaf_cycle": null, "label": "amenity:fuel" }, "geometry": { "type": "Point", "coordinates": [ 24.0455594, 35.5088493 ] } },
{ "type": "Feature", "properties": { "element": "node", "id": 9834426653, "amenity": "fuel", "brand": "Shell", "brand:wikidata": "Q110716465", "name": "SHELL", "operator": "ΕΡΜΗΣ Α.Ε.Μ.Ε.Ε", "brand:wikipedia": null, "compressed_air": null, "cuisine": null, "addr:street": null, "name:el": null, "tourism": null, "addr:city": null, "addr:housenumber": null, "addr:postcode": null, "contact:facebook": null, "description": null, "email": null, "fax": null, "fuel:diesel": null, "fuel:diesel_B": null, "fuel:e10": null, "fuel:e5": null, "fuel:gasoline": null, "fuel:heating_oil": null, "fuel:octane_95": null, "fuel:unleaded": null, "opening_hours": null, "payment:app": null, "payment:apple_pay": null, "payment:cards": null, "payment:cash": null, "payment:coins": null, "payment:contactless": null, "payment:credit_cards": null, "payment:debit_cards": null, "payment:electronic_purses": null, "payment:google_pay": null, "payment:maestro": null, "payment:mastercard": null, "payment:mastercard_contactless": null, "payment:visa": null, "payment:visa_debit": null, "payment:visa_electron": null, "phone": null, "self_service": null, "start_date": null, "website": null, "wheelchair": null, "name:en": null, "shop": null, "fee": null, "wikidata": null, "wikipedia": null, "int_name": null, "leisure": null, "healthcare": null, "internet_access": null, "denomination": null, "religion": null, "castle_type": null, "historic": null, "historic:civilization": null, "image": null, "source": null, "theatre:type": null, "natural": null, "ele": null, "male": null, "female": null, "brand:el": null, "brand:en": null, "operator:wikidata": null, "short_name": null, "short_name:el": null, "short_name:en": null, "brewery": null, "outdoor_seating": null, "colour": null, "parcel_locker:type": null, "parcel_mail_in": null, "parcel_pickup": null, "backrest": null, "access": null, "authentication:app": null, "authentication:membership_card": null, "branch": null, "capacity": null, "contact:phone": null, "contact:website": null, "covered": null, "motorcar": null, "parking:fee": null, "ref:EU:EVSE": null, "ref:GR:IDRO": null, "socket:type2": null, "socket:type2:output": null, "lit": null, "socket:type2_combo": null, "socket:type2_combo:output": null, "manufacturer": null, "building": null, "parking": null, "name:de": null, "leaf_type": null, "building:levels": null, "layer": null, "location": null, "intermittent": null, "seasonal": null, "waterway": null, "name:ru": null, "landuse": null, "sport": null, "industrial": null, "education": null, "emergency": null, "operator:type": null, "type": null, "leaf_cycle": null, "label": "amenity:fuel" }, "geometry": { "type": "Point", "coordinates": [ 24.0424073, 35.5008424 ] } },
{ "type": "Feature", "properties": { "element": "node", "id": 9958798511, "amenity": null, "brand": null, "brand:wikidata": null, "name": "Πύργος Χαλέπας", "operator": null, "brand:wikipedia": null, "compressed_air": null, "cuisine": null, "addr:street": null, "name:el": "Πύργος Χαλέπας", "tourism": null, "addr:city": null, "addr:housenumber": null, "addr:postcode": null, "contact:facebook": null, "description": null, "email": null, "fax": null, "fuel:diesel": null, "fuel:diesel_B": null, "fuel:e10": null, "fuel:e5": null, "fuel:gasoline": null, "fuel:heating_oil": null, "fuel:octane_95": null, "fuel:unleaded": null, "opening_hours": null, "payment:app": null, "payment:apple_pay": null, "payment:cards": null, "payment:cash": null, "payment:coins": null, "payment:contactless": null, "payment:credit_cards": null, "payment:debit_cards": null, "payment:electronic_purses": null, "payment:google_pay": null, "payment:maestro": null, "payment:mastercard": null, "payment:mastercard_contactless": null, "payment:visa": null, "payment:visa_debit": null, "payment:visa_electron": null, "phone": null, "self_service": null, "start_date": null, "website": null, "wheelchair": null, "name:en": "Tower of Chalepa", "shop": null, "fee": null, "wikidata": "Q108612743", "wikipedia": null, "int_name": null, "leisure": null, "healthcare": null, "internet_access": null, "denomination": null, "religion": null, "castle_type": "towerhouse", "historic": "castle", "historic:civilization": "ottoman", "image": "https://www.kastra.eu/pics/xalepa2.jpg", "source": "https://www.kastra.eu/castlegr.php?kastro=xalepa", "theatre:type": null, "natural": null, "ele": null, "male": null, "female": null, "brand:el": null, "brand:en": null, "operator:wikidata": null, "short_name": null, "short_name:el": null, "short_name:en": null, "brewery": null, "outdoor_seating": null, "colour": null, "parcel_locker:type": null, "parcel_mail_in": null, "parcel_pickup": null, "backrest": null, "access": null, "authentication:app": null, "authentication:membership_card": null, "branch": null, "capacity": null, "contact:phone": null, "contact:website": null, "covered": null, "motorcar": null, "parking:fee": null, "ref:EU:EVSE": null, "ref:GR:IDRO": null, "socket:type2": null, "socket:type2:output": null, "lit": null, "socket:type2_combo": null, "socket:type2_combo:output": null, "manufacturer": null, "building": null, "parking": null, "name:de": null, "leaf_type": null, "building:levels": null, "layer": null, "location": null, "intermittent": null, "seasonal": null, "waterway": null, "name:ru": null, "landuse": null, "sport": null, "industrial": null, "education": null, "emergency": null, "operator:type": null, "type": null, "leaf_cycle": null, "label": "historic:castle" }, "geometry": { "type": "Point", "coordinates": [ 24.0459422, 35.5143383 ] } },
{ "type": "Feature", "properties": { "element": "node", "id": 10008289522, "amenity": "theatre", "brand": null, "brand:wikidata": null, "name": "Αμφιθέατρο Λενταριανών", "operator": null, "brand:wikipedia": null, "compressed_air": null, "cuisine": null, "addr:street": null, "name:el": null, "tourism": null, "addr:city": "Χανιά", "addr:housenumber": null, "addr:postcode": null, "contact:facebook": null, "description": null, "email": null, "fax": null, "fuel:diesel": null, "fuel:diesel_B": null, "fuel:e10": null, "fuel:e5": null, "fuel:gasoline": null, "fuel:heating_oil": null, "fuel:octane_95": null, "fuel:unleaded": null, "opening_hours": null, "payment:app": null, "payment:apple_pay": null, "payment:cards": null, "payment:cash": null, "payment:coins": null, "payment:contactless": null, "payment:credit_cards": null, "payment:debit_cards": null, "payment:electronic_purses": null, "payment:google_pay": null, "payment:maestro": null, "payment:mastercard": null, "payment:mastercard_contactless": null, "payment:visa": null, "payment:visa_debit": null, "payment:visa_electron": null, "phone": null, "self_service": null, "start_date": null, "website": null, "wheelchair": null, "name:en": null, "shop": null, "fee": null, "wikidata": null, "wikipedia": null, "int_name": null, "leisure": null, "healthcare": null, "internet_access": null, "denomination": null, "religion": null, "castle_type": null, "historic": null, "historic:civilization": null, "image": null, "source": null, "theatre:type": "amphi", "natural": null, "ele": null, "male": null, "female": null, "brand:el": null, "brand:en": null, "operator:wikidata": null, "short_name": null, "short_name:el": null, "short_name:en": null, "brewery": null, "outdoor_seating": null, "colour": null, "parcel_locker:type": null, "parcel_mail_in": null, "parcel_pickup": null, "backrest": null, "access": null, "authentication:app": null, "authentication:membership_card": null, "branch": null, "capacity": null, "contact:phone": null, "contact:website": null, "covered": null, "motorcar": null, "parking:fee": null, "ref:EU:EVSE": null, "ref:GR:IDRO": null, "socket:type2": null, "socket:type2:output": null, "lit": null, "socket:type2_combo": null, "socket:type2_combo:output": null, "manufacturer": null, "building": null, "parking": null, "name:de": null, "leaf_type": null, "building:levels": null, "layer": null, "location": null, "intermittent": null, "seasonal": null, "waterway": null, "name:ru": null, "landuse": null, "sport": null, "industrial": null, "education": null, "emergency": null, "operator:type": null, "type": null, "leaf_cycle": null, "label": "amenity:theatre" }, "geometry": { "type": "Point", "coordinates": [ 24.0501499, 35.5087925 ] } },
{ "type": "Feature", "properties": { "element": "node", "id": 10059247280, "amenity": "post_office", "brand": "DHL", "brand:wikidata": "Q489815", "name": "DHL", "operator": "DHL", "brand:wikipedia": null, "compressed_air": null, "cuisine": null, "addr:street": null, "name:el": null, "tourism": null, "addr:city": null, "addr:housenumber": null, "addr:postcode": null, "contact:facebook": null, "description": null, "email": null, "fax": null, "fuel:diesel": null, "fuel:diesel_B": null, "fuel:e10": null, "fuel:e5": null, "fuel:gasoline": null, "fuel:heating_oil": null, "fuel:octane_95": null, "fuel:unleaded": null, "opening_hours": null, "payment:app": null, "payment:apple_pay": null, "payment:cards": null, "payment:cash": null, "payment:coins": null, "payment:contactless": null, "payment:credit_cards": null, "payment:debit_cards": null, "payment:electronic_purses": null, "payment:google_pay": null, "payment:maestro": null, "payment:mastercard": null, "payment:mastercard_contactless": null, "payment:visa": null, "payment:visa_debit": null, "payment:visa_electron": null, "phone": null, "self_service": null, "start_date": null, "website": null, "wheelchair": null, "name:en": null, "shop": null, "fee": null, "wikidata": null, "wikipedia": null, "int_name": null, "leisure": null, "healthcare": null, "internet_access": null, "denomination": null, "religion": null, "castle_type": null, "historic": null, "historic:civilization": null, "image": null, "source": null, "theatre:type": null, "natural": null, "ele": null, "male": null, "female": null, "brand:el": null, "brand:en": null, "operator:wikidata": null, "short_name": null, "short_name:el": null, "short_name:en": null, "brewery": null, "outdoor_seating": null, "colour": null, "parcel_locker:type": null, "parcel_mail_in": null, "parcel_pickup": null, "backrest": null, "access": null, "authentication:app": null, "authentication:membership_card": null, "branch": null, "capacity": null, "contact:phone": null, "contact:website": null, "covered": null, "motorcar": null, "parking:fee": null, "ref:EU:EVSE": null, "ref:GR:IDRO": null, "socket:type2": null, "socket:type2:output": null, "lit": null, "socket:type2_combo": null, "socket:type2_combo:output": null, "manufacturer": null, "building": null, "parking": null, "name:de": null, "leaf_type": null, "building:levels": null, "layer": null, "location": null, "intermittent": null, "seasonal": null, "waterway": null, "name:ru": null, "landuse": null, "sport": null, "industrial": null, "education": null, "emergency": null, "operator:type": null, "type": null, "leaf_cycle": null, "label": "amenity:post_office" }, "geometry": { "type": "Point", "coordinates": [ 24.0341765, 35.5070525 ] } },
{ "type": "Feature", "properties": { "element": "node", "id": 10090064435, "amenity": "restaurant", "brand": null, "brand:wikidata": null, "name": "Blue Restaurant", "operator": null, "brand:wikipedia": null, "compressed_air": null, "cuisine": null, "addr:street": null, "name:el": null, "tourism": null, "addr:city": null, "addr:housenumber": null, "addr:postcode": null, "contact:facebook": null, "description": null, "email": null, "fax": null, "fuel:diesel": null, "fuel:diesel_B": null, "fuel:e10": null, "fuel:e5": null, "fuel:gasoline": null, "fuel:heating_oil": null, "fuel:octane_95": null, "fuel:unleaded": null, "opening_hours": null, "payment:app": null, "payment:apple_pay": null, "payment:cards": null, "payment:cash": null, "payment:coins": null, "payment:contactless": null, "payment:credit_cards": null, "payment:debit_cards": null, "payment:electronic_purses": null, "payment:google_pay": null, "payment:maestro": null, "payment:mastercard": null, "payment:mastercard_contactless": null, "payment:visa": null, "payment:visa_debit": null, "payment:visa_electron": null, "phone": null, "self_service": null, "start_date": null, "website": null, "wheelchair": null, "name:en": null, "shop": null, "fee": null, "wikidata": null, "wikipedia": null, "int_name": null, "leisure": null, "healthcare": null, "internet_access": null, "denomination": null, "religion": null, "castle_type": null, "historic": null, "historic:civilization": null, "image": null, "source": null, "theatre:type": null, "natural": null, "ele": null, "male": null, "female": null, "brand:el": null, "brand:en": null, "operator:wikidata": null, "short_name": null, "short_name:el": null, "short_name:en": null, "brewery": null, "outdoor_seating": null, "colour": null, "parcel_locker:type": null, "parcel_mail_in": null, "parcel_pickup": null, "backrest": null, "access": null, "authentication:app": null, "authentication:membership_card": null, "branch": null, "capacity": null, "contact:phone": null, "contact:website": null, "covered": null, "motorcar": null, "parking:fee": null, "ref:EU:EVSE": null, "ref:GR:IDRO": null, "socket:type2": null, "socket:type2:output": null, "lit": null, "socket:type2_combo": null, "socket:type2_combo:output": null, "manufacturer": null, "building": null, "parking": null, "name:de": null, "leaf_type": null, "building:levels": null, "layer": null, "location": null, "intermittent": null, "seasonal": null, "waterway": null, "name:ru": null, "landuse": null, "sport": null, "industrial": null, "education": null, "emergency": null, "operator:type": null, "type": null, "leaf_cycle": null, "label": "amenity:restaurant" }, "geometry": { "type": "Point", "coordinates": [ 24.0339159, 35.5175122 ] } },
{ "type": "Feature", "properties": { "element": "node", "id": 10594790052, "amenity": null, "brand": null, "brand:wikidata": null, "name": "Βιολογική Αγορά", "operator": null, "brand:wikipedia": null, "compressed_air": null, "cuisine": null, "addr:street": null, "name:el": null, "tourism": null, "addr:city": null, "addr:housenumber": null, "addr:postcode": null, "contact:facebook": null, "description": null, "email": null, "fax": null, "fuel:diesel": null, "fuel:diesel_B": null, "fuel:e10": null, "fuel:e5": null, "fuel:gasoline": null, "fuel:heating_oil": null, "fuel:octane_95": null, "fuel:unleaded": null, "opening_hours": null, "payment:app": null, "payment:apple_pay": null, "payment:cards": null, "payment:cash": null, "payment:coins": null, "payment:contactless": null, "payment:credit_cards": null, "payment:debit_cards": null, "payment:electronic_purses": null, "payment:google_pay": null, "payment:maestro": null, "payment:mastercard": null, "payment:mastercard_contactless": null, "payment:visa": null, "payment:visa_debit": null, "payment:visa_electron": null, "phone": "+302821069727", "self_service": null, "start_date": null, "website": null, "wheelchair": null, "name:en": null, "shop": "greengrocer", "fee": null, "wikidata": null, "wikipedia": null, "int_name": null, "leisure": null, "healthcare": null, "internet_access": null, "denomination": null, "religion": null, "castle_type": null, "historic": null, "historic:civilization": null, "image": null, "source": "https://bioagora.gr/", "theatre:type": null, "natural": null, "ele": null, "male": null, "female": null, "brand:el": null, "brand:en": null, "operator:wikidata": null, "short_name": null, "short_name:el": null, "short_name:en": null, "brewery": null, "outdoor_seating": null, "colour": null, "parcel_locker:type": null, "parcel_mail_in": null, "parcel_pickup": null, "backrest": null, "access": null, "authentication:app": null, "authentication:membership_card": null, "branch": null, "capacity": null, "contact:phone": null, "contact:website": null, "covered": null, "motorcar": null, "parking:fee": null, "ref:EU:EVSE": null, "ref:GR:IDRO": null, "socket:type2": null, "socket:type2:output": null, "lit": null, "socket:type2_combo": null, "socket:type2_combo:output": null, "manufacturer": null, "building": null, "parking": null, "name:de": null, "leaf_type": null, "building:levels": null, "layer": null, "location": null, "intermittent": null, "seasonal": null, "waterway": null, "name:ru": null, "landuse": null, "sport": null, "industrial": null, "education": null, "emergency": null, "operator:type": null, "type": null, "leaf_cycle": null, "label": "shop:greengrocer" }, "geometry": { "type": "Point", "coordinates": [ 24.0440606, 35.5145749 ] } },
{ "type": "Feature", "properties": { "element": "node", "id": 10880908705, "amenity": "bench", "brand": null, "brand:wikidata": null, "name": null, "operator": null, "brand:wikipedia": null, "compressed_air": null, "cuisine": null, "addr:street": null, "name:el": null, "tourism": null, "addr:city": null, "addr:housenumber": null, "addr:postcode": null, "contact:facebook": null, "description": null, "email": null, "fax": null, "fuel:diesel": null, "fuel:diesel_B": null, "fuel:e10": null, "fuel:e5": null, "fuel:gasoline": null, "fuel:heating_oil": null, "fuel:octane_95": null, "fuel:unleaded": null, "opening_hours": null, "payment:app": null, "payment:apple_pay": null, "payment:cards": null, "payment:cash": null, "payment:coins": null, "payment:contactless": null, "payment:credit_cards": null, "payment:debit_cards": null, "payment:electronic_purses": null, "payment:google_pay": null, "payment:maestro": null, "payment:mastercard": null, "payment:mastercard_contactless": null, "payment:visa": null, "payment:visa_debit": null, "payment:visa_electron": null, "phone": null, "self_service": null, "start_date": null, "website": null, "wheelchair": null, "name:en": null, "shop": null, "fee": null, "wikidata": null, "wikipedia": null, "int_name": null, "leisure": null, "healthcare": null, "internet_access": null, "denomination": null, "religion": null, "castle_type": null, "historic": null, "historic:civilization": null, "image": null, "source": null, "theatre:type": null, "natural": null, "ele": null, "male": null, "female": null, "brand:el": null, "brand:en": null, "operator:wikidata": null, "short_name": null, "short_name:el": null, "short_name:en": null, "brewery": null, "outdoor_seating": null, "colour": null, "parcel_locker:type": null, "parcel_mail_in": null, "parcel_pickup": null, "backrest": null, "access": null, "authentication:app": null, "authentication:membership_card": null, "branch": null, "capacity": null, "contact:phone": null, "contact:website": null, "covered": null, "motorcar": null, "parking:fee": null, "ref:EU:EVSE": null, "ref:GR:IDRO": null, "socket:type2": null, "socket:type2:output": null, "lit": null, "socket:type2_combo": null, "socket:type2_combo:output": null, "manufacturer": null, "building": null, "parking": null, "name:de": null, "leaf_type": null, "building:levels": null, "layer": null, "location": null, "intermittent": null, "seasonal": null, "waterway": null, "name:ru": null, "landuse": null, "sport": null, "industrial": null, "education": null, "emergency": null, "operator:type": null, "type": null, "leaf_cycle": null, "label": "amenity:bench" }, "geometry": { "type": "Point", "coordinates": [ 24.0422671, 35.5195313 ] } },
{ "type": "Feature", "properties": { "element": "node", "id": 11367528500, "amenity": null, "brand": null, "brand:wikidata": null, "name": "Holidays Apartment", "operator": null, "brand:wikipedia": null, "compressed_air": null, "cuisine": null, "addr:street": "Αρτεμισία Λανδράκη", "name:el": null, "tourism": "apartment", "addr:city": "Χανιά", "addr:housenumber": null, "addr:postcode": "731 33", "contact:facebook": null, "description": null, "email": null, "fax": null, "fuel:diesel": null, "fuel:diesel_B": null, "fuel:e10": null, "fuel:e5": null, "fuel:gasoline": null, "fuel:heating_oil": null, "fuel:octane_95": null, "fuel:unleaded": null, "opening_hours": null, "payment:app": null, "payment:apple_pay": null, "payment:cards": null, "payment:cash": null, "payment:coins": null, "payment:contactless": null, "payment:credit_cards": null, "payment:debit_cards": null, "payment:electronic_purses": null, "payment:google_pay": null, "payment:maestro": null, "payment:mastercard": null, "payment:mastercard_contactless": null, "payment:visa": null, "payment:visa_debit": null, "payment:visa_electron": null, "phone": null, "self_service": null, "start_date": null, "website": null, "wheelchair": null, "name:en": null, "shop": null, "fee": null, "wikidata": null, "wikipedia": null, "int_name": null, "leisure": null, "healthcare": null, "internet_access": null, "denomination": null, "religion": null, "castle_type": null, "historic": null, "historic:civilization": null, "image": null, "source": null, "theatre:type": null, "natural": null, "ele": null, "male": null, "female": null, "brand:el": null, "brand:en": null, "operator:wikidata": null, "short_name": null, "short_name:el": null, "short_name:en": null, "brewery": null, "outdoor_seating": null, "colour": null, "parcel_locker:type": null, "parcel_mail_in": null, "parcel_pickup": null, "backrest": null, "access": null, "authentication:app": null, "authentication:membership_card": null, "branch": null, "capacity": null, "contact:phone": null, "contact:website": null, "covered": null, "motorcar": null, "parking:fee": null, "ref:EU:EVSE": null, "ref:GR:IDRO": null, "socket:type2": null, "socket:type2:output": null, "lit": null, "socket:type2_combo": null, "socket:type2_combo:output": null, "manufacturer": null, "building": null, "parking": null, "name:de": null, "leaf_type": null, "building:levels": null, "layer": null, "location": null, "intermittent": null, "seasonal": null, "waterway": null, "name:ru": null, "landuse": null, "sport": null, "industrial": null, "education": null, "emergency": null, "operator:type": null, "type": null, "leaf_cycle": null, "label": "tourism:apartment" }, "geometry": { "type": "Point", "coordinates": [ 24.0485042, 35.5123692 ] } },
{ "type": "Feature", "properties": { "element": "node", "id": 11367528501, "amenity": null, "brand": null, "brand:wikidata": null, "name": "Summer Studio", "operator": null, "brand:wikipedia": null, "compressed_air": null, "cuisine": null, "addr:street": "Αρτεμισία Λανδράκη", "name:el": null, "tourism": "apartment", "addr:city": "Χανιά", "addr:housenumber": null, "addr:postcode": "731 33", "contact:facebook": null, "description": null, "email": null, "fax": null, "fuel:diesel": null, "fuel:diesel_B": null, "fuel:e10": null, "fuel:e5": null, "fuel:gasoline": null, "fuel:heating_oil": null, "fuel:octane_95": null, "fuel:unleaded": null, "opening_hours": null, "payment:app": null, "payment:apple_pay": null, "payment:cards": null, "payment:cash": null, "payment:coins": null, "payment:contactless": null, "payment:credit_cards": null, "payment:debit_cards": null, "payment:electronic_purses": null, "payment:google_pay": null, "payment:maestro": null, "payment:mastercard": null, "payment:mastercard_contactless": null, "payment:visa": null, "payment:visa_debit": null, "payment:visa_electron": null, "phone": null, "self_service": null, "start_date": null, "website": null, "wheelchair": null, "name:en": null, "shop": null, "fee": null, "wikidata": null, "wikipedia": null, "int_name": null, "leisure": null, "healthcare": null, "internet_access": null, "denomination": null, "religion": null, "castle_type": null, "historic": null, "historic:civilization": null, "image": null, "source": null, "theatre:type": null, "natural": null, "ele": null, "male": null, "female": null, "brand:el": null, "brand:en": null, "operator:wikidata": null, "short_name": null, "short_name:el": null, "short_name:en": null, "brewery": null, "outdoor_seating": null, "colour": null, "parcel_locker:type": null, "parcel_mail_in": null, "parcel_pickup": null, "backrest": null, "access": null, "authentication:app": null, "authentication:membership_card": null, "branch": null, "capacity": null, "contact:phone": null, "contact:website": null, "covered": null, "motorcar": null, "parking:fee": null, "ref:EU:EVSE": null, "ref:GR:IDRO": null, "socket:type2": null, "socket:type2:output": null, "lit": null, "socket:type2_combo": null, "socket:type2_combo:output": null, "manufacturer": null, "building": null, "parking": null, "name:de": null, "leaf_type": null, "building:levels": null, "layer": null, "location": null, "intermittent": null, "seasonal": null, "waterway": null, "name:ru": null, "landuse": null, "sport": null, "industrial": null, "education": null, "emergency": null, "operator:type": null, "type": null, "leaf_cycle": null, "label": "tourism:apartment" }, "geometry": { "type": "Point", "coordinates": [ 24.048505, 35.5124137 ] } },
{ "type": "Feature", "properties": { "element": "node", "id": 11367532053, "amenity": null, "brand": null, "brand:wikidata": null, "name": null, "operator": null, "brand:wikipedia": null, "compressed_air": null, "cuisine": null, "addr:street": null, "name:el": null, "tourism": null, "addr:city": null, "addr:housenumber": null, "addr:postcode": null, "contact:facebook": null, "description": null, "email": null, "fax": null, "fuel:diesel": null, "fuel:diesel_B": null, "fuel:e10": null, "fuel:e5": null, "fuel:gasoline": null, "fuel:heating_oil": null, "fuel:octane_95": null, "fuel:unleaded": null, "opening_hours": null, "payment:app": null, "payment:apple_pay": null, "payment:cards": null, "payment:cash": null, "payment:coins": null, "payment:contactless": null, "payment:credit_cards": null, "payment:debit_cards": null, "payment:electronic_purses": null, "payment:google_pay": null, "payment:maestro": null, "payment:mastercard": null, "payment:mastercard_contactless": null, "payment:visa": null, "payment:visa_debit": null, "payment:visa_electron": null, "phone": null, "self_service": null, "start_date": null, "website": null, "wheelchair": null, "name:en": null, "shop": null, "fee": null, "wikidata": null, "wikipedia": null, "int_name": null, "leisure": null, "healthcare": null, "internet_access": null, "denomination": null, "religion": null, "castle_type": null, "historic": null, "historic:civilization": null, "image": null, "source": null, "theatre:type": null, "natural": "peak", "ele": "115", "male": null, "female": null, "brand:el": null, "brand:en": null, "operator:wikidata": null, "short_name": null, "short_name:el": null, "short_name:en": null, "brewery": null, "outdoor_seating": null, "colour": null, "parcel_locker:type": null, "parcel_mail_in": null, "parcel_pickup": null, "backrest": null, "access": null, "authentication:app": null, "authentication:membership_card": null, "branch": null, "capacity": null, "contact:phone": null, "contact:website": null, "covered": null, "motorcar": null, "parking:fee": null, "ref:EU:EVSE": null, "ref:GR:IDRO": null, "socket:type2": null, "socket:type2:output": null, "lit": null, "socket:type2_combo": null, "socket:type2_combo:output": null, "manufacturer": null, "building": null, "parking": null, "name:de": null, "leaf_type": null, "building:levels": null, "layer": null, "location": null, "intermittent": null, "seasonal": null, "waterway": null, "name:ru": null, "landuse": null, "sport": null, "industrial": null, "education": null, "emergency": null, "operator:type": null, "type": null, "leaf_cycle": null, "label": "natural:peak" }, "geometry": { "type": "Point", "coordinates": [ 24.0464362, 35.5049633 ] } },
{ "type": "Feature", "properties": { "element": "node", "id": 11368227044, "amenity": null, "brand": null, "brand:wikidata": null, "name": "Το Μπαρμπέρικο", "operator": null, "brand:wikipedia": null, "compressed_air": null, "cuisine": null, "addr:street": "Κωνσταντίνου Μητσοτάκη", "name:el": null, "tourism": null, "addr:city": "Χανιά", "addr:housenumber": "35", "addr:postcode": "731 32", "contact:facebook": null, "description": null, "email": null, "fax": null, "fuel:diesel": null, "fuel:diesel_B": null, "fuel:e10": null, "fuel:e5": null, "fuel:gasoline": null, "fuel:heating_oil": null, "fuel:octane_95": null, "fuel:unleaded": null, "opening_hours": null, "payment:app": null, "payment:apple_pay": null, "payment:cards": null, "payment:cash": null, "payment:coins": null, "payment:contactless": null, "payment:credit_cards": null, "payment:debit_cards": null, "payment:electronic_purses": null, "payment:google_pay": null, "payment:maestro": null, "payment:mastercard": null, "payment:mastercard_contactless": null, "payment:visa": null, "payment:visa_debit": null, "payment:visa_electron": null, "phone": null, "self_service": null, "start_date": null, "website": null, "wheelchair": null, "name:en": null, "shop": "hairdresser", "fee": null, "wikidata": null, "wikipedia": null, "int_name": null, "leisure": null, "healthcare": null, "internet_access": null, "denomination": null, "religion": null, "castle_type": null, "historic": null, "historic:civilization": null, "image": null, "source": null, "theatre:type": null, "natural": null, "ele": null, "male": "yes", "female": null, "brand:el": null, "brand:en": null, "operator:wikidata": null, "short_name": null, "short_name:el": null, "short_name:en": null, "brewery": null, "outdoor_seating": null, "colour": null, "parcel_locker:type": null, "parcel_mail_in": null, "parcel_pickup": null, "backrest": null, "access": null, "authentication:app": null, "authentication:membership_card": null, "branch": null, "capacity": null, "contact:phone": null, "contact:website": null, "covered": null, "motorcar": null, "parking:fee": null, "ref:EU:EVSE": null, "ref:GR:IDRO": null, "socket:type2": null, "socket:type2:output": null, "lit": null, "socket:type2_combo": null, "socket:type2_combo:output": null, "manufacturer": null, "building": null, "parking": null, "name:de": null, "leaf_type": null, "building:levels": null, "layer": null, "location": null, "intermittent": null, "seasonal": null, "waterway": null, "name:ru": null, "landuse": null, "sport": null, "industrial": null, "education": null, "emergency": null, "operator:type": null, "type": null, "leaf_cycle": null, "label": "shop:hairdresser" }, "geometry": { "type": "Point", "coordinates": [ 24.0418195, 35.5149493 ] } },
{ "type": "Feature", "properties": { "element": "node", "id": 11368227057, "amenity": null, "brand": null, "brand:wikidata": null, "name": "Κοσμαδάκι", "operator": null, "brand:wikipedia": null, "compressed_air": null, "cuisine": null, "addr:street": null, "name:el": null, "tourism": null, "addr:city": null, "addr:housenumber": null, "addr:postcode": null, "contact:facebook": null, "description": null, "email": null, "fax": null, "fuel:diesel": null, "fuel:diesel_B": null, "fuel:e10": null, "fuel:e5": null, "fuel:gasoline": null, "fuel:heating_oil": null, "fuel:octane_95": null, "fuel:unleaded": null, "opening_hours": null, "payment:app": null, "payment:apple_pay": null, "payment:cards": null, "payment:cash": null, "payment:coins": null, "payment:contactless": null, "payment:credit_cards": null, "payment:debit_cards": null, "payment:electronic_purses": null, "payment:google_pay": null, "payment:maestro": null, "payment:mastercard": null, "payment:mastercard_contactless": null, "payment:visa": null, "payment:visa_debit": null, "payment:visa_electron": null, "phone": null, "self_service": null, "start_date": null, "website": null, "wheelchair": null, "name:en": null, "shop": "bakery", "fee": null, "wikidata": null, "wikipedia": null, "int_name": null, "leisure": null, "healthcare": null, "internet_access": null, "denomination": null, "religion": null, "castle_type": null, "historic": null, "historic:civilization": null, "image": null, "source": null, "theatre:type": null, "natural": null, "ele": null, "male": null, "female": null, "brand:el": null, "brand:en": null, "operator:wikidata": null, "short_name": null, "short_name:el": null, "short_name:en": null, "brewery": null, "outdoor_seating": null, "colour": null, "parcel_locker:type": null, "parcel_mail_in": null, "parcel_pickup": null, "backrest": null, "access": null, "authentication:app": null, "authentication:membership_card": null, "branch": null, "capacity": null, "contact:phone": null, "contact:website": null, "covered": null, "motorcar": null, "parking:fee": null, "ref:EU:EVSE": null, "ref:GR:IDRO": null, "socket:type2": null, "socket:type2:output": null, "lit": null, "socket:type2_combo": null, "socket:type2_combo:output": null, "manufacturer": null, "building": null, "parking": null, "name:de": null, "leaf_type": null, "building:levels": null, "layer": null, "location": null, "intermittent": null, "seasonal": null, "waterway": null, "name:ru": null, "landuse": null, "sport": null, "industrial": null, "education": null, "emergency": null, "operator:type": null, "type": null, "leaf_cycle": null, "label": "shop:bakery" }, "geometry": { "type": "Point", "coordinates": [ 24.0414615, 35.5147487 ] } },
{ "type": "Feature", "properties": { "element": "node", "id": 11368239476, "amenity": null, "brand": null, "brand:wikidata": null, "name": "Mr & Mrs Barber", "operator": null, "brand:wikipedia": null, "compressed_air": null, "cuisine": null, "addr:street": "Κωνσταντίνου Μητσοτάκη", "name:el": null, "tourism": null, "addr:city": null, "addr:housenumber": "1", "addr:postcode": null, "contact:facebook": null, "description": null, "email": null, "fax": null, "fuel:diesel": null, "fuel:diesel_B": null, "fuel:e10": null, "fuel:e5": null, "fuel:gasoline": null, "fuel:heating_oil": null, "fuel:octane_95": null, "fuel:unleaded": null, "opening_hours": null, "payment:app": null, "payment:apple_pay": null, "payment:cards": null, "payment:cash": null, "payment:coins": null, "payment:contactless": null, "payment:credit_cards": null, "payment:debit_cards": null, "payment:electronic_purses": null, "payment:google_pay": null, "payment:maestro": null, "payment:mastercard": null, "payment:mastercard_contactless": null, "payment:visa": null, "payment:visa_debit": null, "payment:visa_electron": null, "phone": null, "self_service": null, "start_date": null, "website": null, "wheelchair": null, "name:en": "Mr & Mrs Barber & Salon", "shop": "hairdresser", "fee": null, "wikidata": null, "wikipedia": null, "int_name": null, "leisure": null, "healthcare": null, "internet_access": null, "denomination": null, "religion": null, "castle_type": null, "historic": null, "historic:civilization": null, "image": null, "source": null, "theatre:type": null, "natural": null, "ele": null, "male": "yes", "female": "yes", "brand:el": null, "brand:en": null, "operator:wikidata": null, "short_name": null, "short_name:el": null, "short_name:en": null, "brewery": null, "outdoor_seating": null, "colour": null, "parcel_locker:type": null, "parcel_mail_in": null, "parcel_pickup": null, "backrest": null, "access": null, "authentication:app": null, "authentication:membership_card": null, "branch": null, "capacity": null, "contact:phone": null, "contact:website": null, "covered": null, "motorcar": null, "parking:fee": null, "ref:EU:EVSE": null, "ref:GR:IDRO": null, "socket:type2": null, "socket:type2:output": null, "lit": null, "socket:type2_combo": null, "socket:type2_combo:output": null, "manufacturer": null, "building": null, "parking": null, "name:de": null, "leaf_type": null, "building:levels": null, "layer": null, "location": null, "intermittent": null, "seasonal": null, "waterway": null, "name:ru": null, "landuse": null, "sport": null, "industrial": null, "education": null, "emergency": null, "operator:type": null, "type": null, "leaf_cycle": null, "label": "shop:hairdresser" }, "geometry": { "type": "Point", "coordinates": [ 24.0384482, 35.5151322 ] } },
{ "type": "Feature", "properties": { "element": "node", "id": 11368855179, "amenity": "atm", "brand": "Τράπεζα Πειραιώς", "brand:wikidata": "Q3312", "name": null, "operator": "Τράπεζα Πειραιώς", "brand:wikipedia": null, "compressed_air": null, "cuisine": null, "addr:street": null, "name:el": "Τράπεζα Πειραιώς", "tourism": null, "addr:city": null, "addr:housenumber": null, "addr:postcode": null, "contact:facebook": null, "description": null, "email": null, "fax": null, "fuel:diesel": null, "fuel:diesel_B": null, "fuel:e10": null, "fuel:e5": null, "fuel:gasoline": null, "fuel:heating_oil": null, "fuel:octane_95": null, "fuel:unleaded": null, "opening_hours": null, "payment:app": null, "payment:apple_pay": null, "payment:cards": null, "payment:cash": null, "payment:coins": null, "payment:contactless": null, "payment:credit_cards": null, "payment:debit_cards": null, "payment:electronic_purses": null, "payment:google_pay": null, "payment:maestro": null, "payment:mastercard": null, "payment:mastercard_contactless": null, "payment:visa": null, "payment:visa_debit": null, "payment:visa_electron": null, "phone": null, "self_service": null, "start_date": null, "website": null, "wheelchair": null, "name:en": "Piraeus Bank", "shop": null, "fee": null, "wikidata": null, "wikipedia": null, "int_name": null, "leisure": null, "healthcare": null, "internet_access": null, "denomination": null, "religion": null, "castle_type": null, "historic": null, "historic:civilization": null, "image": null, "source": null, "theatre:type": null, "natural": null, "ele": null, "male": null, "female": null, "brand:el": "Τράπεζα Πειραιώς", "brand:en": "Piraeus Bank", "operator:wikidata": "Q3312", "short_name": "Πειραιώς", "short_name:el": "Πειραιώς", "short_name:en": "Piraeus", "brewery": null, "outdoor_seating": null, "colour": null, "parcel_locker:type": null, "parcel_mail_in": null, "parcel_pickup": null, "backrest": null, "access": null, "authentication:app": null, "authentication:membership_card": null, "branch": null, "capacity": null, "contact:phone": null, "contact:website": null, "covered": null, "motorcar": null, "parking:fee": null, "ref:EU:EVSE": null, "ref:GR:IDRO": null, "socket:type2": null, "socket:type2:output": null, "lit": null, "socket:type2_combo": null, "socket:type2_combo:output": null, "manufacturer": null, "building": null, "parking": null, "name:de": null, "leaf_type": null, "building:levels": null, "layer": null, "location": null, "intermittent": null, "seasonal": null, "waterway": null, "name:ru": null, "landuse": null, "sport": null, "industrial": null, "education": null, "emergency": null, "operator:type": null, "type": null, "leaf_cycle": null, "label": "amenity:atm" }, "geometry": { "type": "Point", "coordinates": [ 24.0473538, 35.5134524 ] } },
{ "type": "Feature", "properties": { "element": "node", "id": 11368870277, "amenity": null, "brand": null, "brand:wikidata": null, "name": "Casa Dei Sogni", "operator": null, "brand:wikipedia": null, "compressed_air": null, "cuisine": null, "addr:street": "Οδύσσεα Ανδρούτσου", "name:el": null, "tourism": "apartment", "addr:city": "Χανιά", "addr:housenumber": null, "addr:postcode": "731 33", "contact:facebook": null, "description": null, "email": null, "fax": null, "fuel:diesel": null, "fuel:diesel_B": null, "fuel:e10": null, "fuel:e5": null, "fuel:gasoline": null, "fuel:heating_oil": null, "fuel:octane_95": null, "fuel:unleaded": null, "opening_hours": null, "payment:app": null, "payment:apple_pay": null, "payment:cards": null, "payment:cash": null, "payment:coins": null, "payment:contactless": null, "payment:credit_cards": null, "payment:debit_cards": null, "payment:electronic_purses": null, "payment:google_pay": null, "payment:maestro": null, "payment:mastercard": null, "payment:mastercard_contactless": null, "payment:visa": null, "payment:visa_debit": null, "payment:visa_electron": null, "phone": null, "self_service": null, "start_date": null, "website": null, "wheelchair": null, "name:en": null, "shop": null, "fee": null, "wikidata": null, "wikipedia": null, "int_name": null, "leisure": null, "healthcare": null, "internet_access": null, "denomination": null, "religion": null, "castle_type": null, "historic": null, "historic:civilization": null, "image": null, "source": null, "theatre:type": null, "natural": null, "ele": null, "male": null, "female": null, "brand:el": null, "brand:en": null, "operator:wikidata": null, "short_name": null, "short_name:el": null, "short_name:en": null, "brewery": null, "outdoor_seating": null, "colour": null, "parcel_locker:type": null, "parcel_mail_in": null, "parcel_pickup": null, "backrest": null, "access": null, "authentication:app": null, "authentication:membership_card": null, "branch": null, "capacity": null, "contact:phone": null, "contact:website": null, "covered": null, "motorcar": null, "parking:fee": null, "ref:EU:EVSE": null, "ref:GR:IDRO": null, "socket:type2": null, "socket:type2:output": null, "lit": null, "socket:type2_combo": null, "socket:type2_combo:output": null, "manufacturer": null, "building": null, "parking": null, "name:de": null, "leaf_type": null, "building:levels": null, "layer": null, "location": null, "intermittent": null, "seasonal": null, "waterway": null, "name:ru": null, "landuse": null, "sport": null, "industrial": null, "education": null, "emergency": null, "operator:type": null, "type": null, "leaf_cycle": null, "label": "tourism:apartment" }, "geometry": { "type": "Point", "coordinates": [ 24.0482813, 35.5121546 ] } },
{ "type": "Feature", "properties": { "element": "node", "id": 11487290240, "amenity": "bar", "brand": null, "brand:wikidata": null, "name": "Melitis", "operator": null, "brand:wikipedia": null, "compressed_air": null, "cuisine": null, "addr:street": "Παπαναστασίου", "name:el": null, "tourism": null, "addr:city": "CHANIA", "addr:housenumber": "80", "addr:postcode": "73134", "contact:facebook": null, "description": null, "email": null, "fax": null, "fuel:diesel": null, "fuel:diesel_B": null, "fuel:e10": null, "fuel:e5": null, "fuel:gasoline": null, "fuel:heating_oil": null, "fuel:octane_95": null, "fuel:unleaded": null, "opening_hours": "Mo-Su 07:00-23:30", "payment:app": null, "payment:apple_pay": null, "payment:cards": null, "payment:cash": null, "payment:coins": null, "payment:contactless": null, "payment:credit_cards": null, "payment:debit_cards": null, "payment:electronic_purses": null, "payment:google_pay": null, "payment:maestro": null, "payment:mastercard": null, "payment:mastercard_contactless": null, "payment:visa": null, "payment:visa_debit": null, "payment:visa_electron": null, "phone": null, "self_service": null, "start_date": null, "website": null, "wheelchair": null, "name:en": null, "shop": null, "fee": null, "wikidata": null, "wikipedia": null, "int_name": null, "leisure": null, "healthcare": null, "internet_access": null, "denomination": null, "religion": null, "castle_type": null, "historic": null, "historic:civilization": null, "image": null, "source": null, "theatre:type": null, "natural": null, "ele": null, "male": null, "female": null, "brand:el": null, "brand:en": null, "operator:wikidata": null, "short_name": null, "short_name:el": null, "short_name:en": null, "brewery": "various;yes", "outdoor_seating": null, "colour": null, "parcel_locker:type": null, "parcel_mail_in": null, "parcel_pickup": null, "backrest": null, "access": null, "authentication:app": null, "authentication:membership_card": null, "branch": null, "capacity": null, "contact:phone": null, "contact:website": null, "covered": null, "motorcar": null, "parking:fee": null, "ref:EU:EVSE": null, "ref:GR:IDRO": null, "socket:type2": null, "socket:type2:output": null, "lit": null, "socket:type2_combo": null, "socket:type2_combo:output": null, "manufacturer": null, "building": null, "parking": null, "name:de": null, "leaf_type": null, "building:levels": null, "layer": null, "location": null, "intermittent": null, "seasonal": null, "waterway": null, "name:ru": null, "landuse": null, "sport": null, "industrial": null, "education": null, "emergency": null, "operator:type": null, "type": null, "leaf_cycle": null, "label": "amenity:bar" }, "geometry": { "type": "Point", "coordinates": [ 24.0387634, 35.5097453 ] } },
{ "type": "Feature", "properties": { "element": "node", "id": 11575856047, "amenity": null, "brand": null, "brand:wikidata": null, "name": null, "operator": null, "brand:wikipedia": null, "compressed_air": null, "cuisine": null, "addr:street": null, "name:el": null, "tourism": null, "addr:city": null, "addr:housenumber": null, "addr:postcode": null, "contact:facebook": null, "description": null, "email": null, "fax": null, "fuel:diesel": null, "fuel:diesel_B": null, "fuel:e10": null, "fuel:e5": null, "fuel:gasoline": null, "fuel:heating_oil": null, "fuel:octane_95": null, "fuel:unleaded": null, "opening_hours": null, "payment:app": null, "payment:apple_pay": null, "payment:cards": null, "payment:cash": null, "payment:coins": null, "payment:contactless": null, "payment:credit_cards": null, "payment:debit_cards": null, "payment:electronic_purses": null, "payment:google_pay": null, "payment:maestro": null, "payment:mastercard": null, "payment:mastercard_contactless": null, "payment:visa": null, "payment:visa_debit": null, "payment:visa_electron": null, "phone": null, "self_service": null, "start_date": null, "website": null, "wheelchair": null, "name:en": null, "shop": "supermarket", "fee": null, "wikidata": null, "wikipedia": null, "int_name": null, "leisure": null, "healthcare": null, "internet_access": null, "denomination": null, "religion": null, "castle_type": null, "historic": null, "historic:civilization": null, "image": null, "source": null, "theatre:type": null, "natural": null, "ele": null, "male": null, "female": null, "brand:el": null, "brand:en": null, "operator:wikidata": null, "short_name": null, "short_name:el": null, "short_name:en": null, "brewery": null, "outdoor_seating": null, "colour": null, "parcel_locker:type": null, "parcel_mail_in": null, "parcel_pickup": null, "backrest": null, "access": null, "authentication:app": null, "authentication:membership_card": null, "branch": null, "capacity": null, "contact:phone": null, "contact:website": null, "covered": null, "motorcar": null, "parking:fee": null, "ref:EU:EVSE": null, "ref:GR:IDRO": null, "socket:type2": null, "socket:type2:output": null, "lit": null, "socket:type2_combo": null, "socket:type2_combo:output": null, "manufacturer": null, "building": null, "parking": null, "name:de": null, "leaf_type": null, "building:levels": null, "layer": null, "location": null, "intermittent": null, "seasonal": null, "waterway": null, "name:ru": null, "landuse": null, "sport": null, "industrial": null, "education": null, "emergency": null, "operator:type": null, "type": null, "leaf_cycle": null, "label": "shop:supermarket" }, "geometry": { "type": "Point", "coordinates": [ 24.0584654, 35.4976156 ] } },
{ "type": "Feature", "properties": { "element": "node", "id": 11898373069, "amenity": null, "brand": null, "brand:wikidata": null, "name": "Πάρκο Μόρφου", "operator": null, "brand:wikipedia": null, "compressed_air": null, "cuisine": null, "addr:street": null, "name:el": "Πάρκο Μόρφου", "tourism": null, "addr:city": null, "addr:housenumber": null, "addr:postcode": null, "contact:facebook": null, "description": null, "email": null, "fax": null, "fuel:diesel": null, "fuel:diesel_B": null, "fuel:e10": null, "fuel:e5": null, "fuel:gasoline": null, "fuel:heating_oil": null, "fuel:octane_95": null, "fuel:unleaded": null, "opening_hours": null, "payment:app": null, "payment:apple_pay": null, "payment:cards": null, "payment:cash": null, "payment:coins": null, "payment:contactless": null, "payment:credit_cards": null, "payment:debit_cards": null, "payment:electronic_purses": null, "payment:google_pay": null, "payment:maestro": null, "payment:mastercard": null, "payment:mastercard_contactless": null, "payment:visa": null, "payment:visa_debit": null, "payment:visa_electron": null, "phone": null, "self_service": null, "start_date": null, "website": null, "wheelchair": null, "name:en": "Morfou Park", "shop": null, "fee": null, "wikidata": null, "wikipedia": null, "int_name": null, "leisure": "park", "healthcare": null, "internet_access": null, "denomination": null, "religion": null, "castle_type": null, "historic": null, "historic:civilization": null, "image": null, "source": null, "theatre:type": null, "natural": null, "ele": null, "male": null, "female": null, "brand:el": null, "brand:en": null, "operator:wikidata": null, "short_name": null, "short_name:el": null, "short_name:en": null, "brewery": null, "outdoor_seating": null, "colour": null, "parcel_locker:type": null, "parcel_mail_in": null, "parcel_pickup": null, "backrest": null, "access": null, "authentication:app": null, "authentication:membership_card": null, "branch": null, "capacity": null, "contact:phone": null, "contact:website": null, "covered": null, "motorcar": null, "parking:fee": null, "ref:EU:EVSE": null, "ref:GR:IDRO": null, "socket:type2": null, "socket:type2:output": null, "lit": null, "socket:type2_combo": null, "socket:type2_combo:output": null, "manufacturer": null, "building": null, "parking": null, "name:de": null, "leaf_type": null, "building:levels": null, "layer": null, "location": null, "intermittent": null, "seasonal": null, "waterway": null, "name:ru": null, "landuse": null, "sport": null, "industrial": null, "education": null, "emergency": null, "operator:type": null, "type": null, "leaf_cycle": null, "label": "leisure:park" }, "geometry": { "type": "Point", "coordinates": [ 24.0434384, 35.51139 ] } },
{ "type": "Feature", "properties": { "element": "node", "id": 12009389475, "amenity": "place_of_worship", "brand": null, "brand:wikidata": null, "name": null, "operator": null, "brand:wikipedia": null, "compressed_air": null, "cuisine": null, "addr:street": null, "name:el": null, "tourism": null, "addr:city": null, "addr:housenumber": null, "addr:postcode": null, "contact:facebook": null, "description": null, "email": null, "fax": null, "fuel:diesel": null, "fuel:diesel_B": null, "fuel:e10": null, "fuel:e5": null, "fuel:gasoline": null, "fuel:heating_oil": null, "fuel:octane_95": null, "fuel:unleaded": null, "opening_hours": null, "payment:app": null, "payment:apple_pay": null, "payment:cards": null, "payment:cash": null, "payment:coins": null, "payment:contactless": null, "payment:credit_cards": null, "payment:debit_cards": null, "payment:electronic_purses": null, "payment:google_pay": null, "payment:maestro": null, "payment:mastercard": null, "payment:mastercard_contactless": null, "payment:visa": null, "payment:visa_debit": null, "payment:visa_electron": null, "phone": null, "self_service": null, "start_date": null, "website": null, "wheelchair": null, "name:en": null, "shop": null, "fee": null, "wikidata": null, "wikipedia": null, "int_name": null, "leisure": null, "healthcare": null, "internet_access": null, "denomination": null, "religion": "christian", "castle_type": null, "historic": null, "historic:civilization": null, "image": null, "source": null, "theatre:type": null, "natural": null, "ele": null, "male": null, "female": null, "brand:el": null, "brand:en": null, "operator:wikidata": null, "short_name": null, "short_name:el": null, "short_name:en": null, "brewery": null, "outdoor_seating": null, "colour": null, "parcel_locker:type": null, "parcel_mail_in": null, "parcel_pickup": null, "backrest": null, "access": null, "authentication:app": null, "authentication:membership_card": null, "branch": null, "capacity": null, "contact:phone": null, "contact:website": null, "covered": null, "motorcar": null, "parking:fee": null, "ref:EU:EVSE": null, "ref:GR:IDRO": null, "socket:type2": null, "socket:type2:output": null, "lit": null, "socket:type2_combo": null, "socket:type2_combo:output": null, "manufacturer": null, "building": null, "parking": null, "name:de": null, "leaf_type": null, "building:levels": null, "layer": null, "location": null, "intermittent": null, "seasonal": null, "waterway": null, "name:ru": null, "landuse": null, "sport": null, "industrial": null, "education": null, "emergency": null, "operator:type": null, "type": null, "leaf_cycle": null, "label": "amenity:place_of_worship" }, "geometry": { "type": "Point", "coordinates": [ 24.0497442, 35.5033302 ] } },
{ "type": "Feature", "properties": { "element": "node", "id": 12325776377, "amenity": "cafe", "brand": null, "brand:wikidata": null, "name": "Αρτοπωλείο Καλογρίδης", "operator": null, "brand:wikipedia": null, "compressed_air": null, "cuisine": null, "addr:street": "Εμμ. Μουντάκη", "name:el": null, "tourism": null, "addr:city": "Χανιά", "addr:housenumber": "36", "addr:postcode": "73100", "contact:facebook": null, "description": null, "email": null, "fax": null, "fuel:diesel": null, "fuel:diesel_B": null, "fuel:e10": null, "fuel:e5": null, "fuel:gasoline": null, "fuel:heating_oil": null, "fuel:octane_95": null, "fuel:unleaded": null, "opening_hours": "Mo-Sa 06:00-22:00", "payment:app": null, "payment:apple_pay": null, "payment:cards": null, "payment:cash": null, "payment:coins": null, "payment:contactless": null, "payment:credit_cards": null, "payment:debit_cards": null, "payment:electronic_purses": null, "payment:google_pay": null, "payment:maestro": null, "payment:mastercard": null, "payment:mastercard_contactless": null, "payment:visa": null, "payment:visa_debit": null, "payment:visa_electron": null, "phone": "+30 2821 046882", "self_service": null, "start_date": null, "website": "https://www.facebook.com/profile.php?id=61565544632691", "wheelchair": null, "name:en": null, "shop": null, "fee": null, "wikidata": null, "wikipedia": null, "int_name": null, "leisure": null, "healthcare": null, "internet_access": "yes", "denomination": null, "religion": null, "castle_type": null, "historic": null, "historic:civilization": null, "image": null, "source": null, "theatre:type": null, "natural": null, "ele": null, "male": null, "female": null, "brand:el": null, "brand:en": null, "operator:wikidata": null, "short_name": null, "short_name:el": null, "short_name:en": null, "brewery": null, "outdoor_seating": "yes", "colour": null, "parcel_locker:type": null, "parcel_mail_in": null, "parcel_pickup": null, "backrest": null, "access": null, "authentication:app": null, "authentication:membership_card": null, "branch": null, "capacity": null, "contact:phone": null, "contact:website": null, "covered": null, "motorcar": null, "parking:fee": null, "ref:EU:EVSE": null, "ref:GR:IDRO": null, "socket:type2": null, "socket:type2:output": null, "lit": null, "socket:type2_combo": null, "socket:type2_combo:output": null, "manufacturer": null, "building": null, "parking": null, "name:de": null, "leaf_type": null, "building:levels": null, "layer": null, "location": null, "intermittent": null, "seasonal": null, "waterway": null, "name:ru": null, "landuse": null, "sport": null, "industrial": null, "education": null, "emergency": null, "operator:type": null, "type": null, "leaf_cycle": null, "label": "amenity:cafe" }, "geometry": { "type": "Point", "coordinates": [ 24.0354587, 35.5105819 ] } },
{ "type": "Feature", "properties": { "element": "node", "id": 12750515401, "amenity": null, "brand": null, "brand:wikidata": null, "name": "Halepa Hotel", "operator": null, "brand:wikipedia": null, "compressed_air": null, "cuisine": null, "addr:street": "Ελευθερίου Βενιζέλου", "name:el": null, "tourism": "hotel", "addr:city": "Χανιά", "addr:housenumber": "164", "addr:postcode": "73133", "contact:facebook": null, "description": null, "email": null, "fax": null, "fuel:diesel": null, "fuel:diesel_B": null, "fuel:e10": null, "fuel:e5": null, "fuel:gasoline": null, "fuel:heating_oil": null, "fuel:octane_95": null, "fuel:unleaded": null, "opening_hours": null, "payment:app": null, "payment:apple_pay": null, "payment:cards": null, "payment:cash": null, "payment:coins": null, "payment:contactless": null, "payment:credit_cards": null, "payment:debit_cards": null, "payment:electronic_purses": null, "payment:google_pay": null, "payment:maestro": null, "payment:mastercard": null, "payment:mastercard_contactless": null, "payment:visa": null, "payment:visa_debit": null, "payment:visa_electron": null, "phone": null, "self_service": null, "start_date": null, "website": null, "wheelchair": null, "name:en": null, "shop": null, "fee": null, "wikidata": null, "wikipedia": null, "int_name": null, "leisure": null, "healthcare": null, "internet_access": null, "denomination": null, "religion": null, "castle_type": null, "historic": null, "historic:civilization": null, "image": null, "source": null, "theatre:type": null, "natural": null, "ele": null, "male": null, "female": null, "brand:el": null, "brand:en": null, "operator:wikidata": null, "short_name": null, "short_name:el": null, "short_name:en": null, "brewery": null, "outdoor_seating": null, "colour": null, "parcel_locker:type": null, "parcel_mail_in": null, "parcel_pickup": null, "backrest": null, "access": null, "authentication:app": null, "authentication:membership_card": null, "branch": null, "capacity": null, "contact:phone": null, "contact:website": null, "covered": null, "motorcar": null, "parking:fee": null, "ref:EU:EVSE": null, "ref:GR:IDRO": null, "socket:type2": null, "socket:type2:output": null, "lit": null, "socket:type2_combo": null, "socket:type2_combo:output": null, "manufacturer": null, "building": null, "parking": null, "name:de": null, "leaf_type": null, "building:levels": null, "layer": null, "location": null, "intermittent": null, "seasonal": null, "waterway": null, "name:ru": null, "landuse": null, "sport": null, "industrial": null, "education": null, "emergency": null, "operator:type": null, "type": null, "leaf_cycle": null, "label": "tourism:hotel" }, "geometry": { "type": "Point", "coordinates": [ 24.0361859, 35.5179169 ] } },
{ "type": "Feature", "properties": { "element": "node", "id": 13061359801, "amenity": null, "brand": null, "brand:wikidata": null, "name": "The Tanneries Hotel & Spa", "operator": null, "brand:wikipedia": null, "compressed_air": null, "cuisine": null, "addr:street": "Βυβιλάκη", "name:el": null, "tourism": "hotel", "addr:city": null, "addr:housenumber": "19-25", "addr:postcode": "73133", "contact:facebook": null, "description": null, "email": "info@thetannerieshotel.gr", "fax": null, "fuel:diesel": null, "fuel:diesel_B": null, "fuel:e10": null, "fuel:e5": null, "fuel:gasoline": null, "fuel:heating_oil": null, "fuel:octane_95": null, "fuel:unleaded": null, "opening_hours": null, "payment:app": null, "payment:apple_pay": null, "payment:cards": null, "payment:cash": null, "payment:coins": null, "payment:contactless": null, "payment:credit_cards": null, "payment:debit_cards": null, "payment:electronic_purses": null, "payment:google_pay": null, "payment:maestro": null, "payment:mastercard": null, "payment:mastercard_contactless": null, "payment:visa": null, "payment:visa_debit": null, "payment:visa_electron": null, "phone": "+302821043900", "self_service": null, "start_date": null, "website": "https://thetannerieshotel.gr", "wheelchair": null, "name:en": null, "shop": null, "fee": null, "wikidata": null, "wikipedia": null, "int_name": null, "leisure": null, "healthcare": null, "internet_access": "wlan", "denomination": null, "religion": null, "castle_type": null, "historic": null, "historic:civilization": null, "image": null, "source": null, "theatre:type": null, "natural": null, "ele": null, "male": null, "female": null, "brand:el": null, "brand:en": null, "operator:wikidata": null, "short_name": null, "short_name:el": null, "short_name:en": null, "brewery": null, "outdoor_seating": null, "colour": null, "parcel_locker:type": null, "parcel_mail_in": null, "parcel_pickup": null, "backrest": null, "access": null, "authentication:app": null, "authentication:membership_card": null, "branch": null, "capacity": null, "contact:phone": null, "contact:website": null, "covered": null, "motorcar": null, "parking:fee": null, "ref:EU:EVSE": null, "ref:GR:IDRO": null, "socket:type2": null, "socket:type2:output": null, "lit": null, "socket:type2_combo": null, "socket:type2_combo:output": null, "manufacturer": null, "building": null, "parking": null, "name:de": null, "leaf_type": null, "building:levels": null, "layer": null, "location": null, "intermittent": null, "seasonal": null, "waterway": null, "name:ru": null, "landuse": null, "sport": null, "industrial": null, "education": null, "emergency": null, "operator:type": null, "type": null, "leaf_cycle": null, "label": "tourism:hotel" }, "geometry": { "type": "Point", "coordinates": [ 24.0370042, 35.5194986 ] } },
{ "type": "Feature", "properties": { "element": "node", "id": 13140714667, "amenity": "bench", "brand": null, "brand:wikidata": null, "name": null, "operator": null, "brand:wikipedia": null, "compressed_air": null, "cuisine": null, "addr:street": null, "name:el": null, "tourism": null, "addr:city": null, "addr:housenumber": null, "addr:postcode": null, "contact:facebook": null, "description": null, "email": null, "fax": null, "fuel:diesel": null, "fuel:diesel_B": null, "fuel:e10": null, "fuel:e5": null, "fuel:gasoline": null, "fuel:heating_oil": null, "fuel:octane_95": null, "fuel:unleaded": null, "opening_hours": null, "payment:app": null, "payment:apple_pay": null, "payment:cards": null, "payment:cash": null, "payment:coins": null, "payment:contactless": null, "payment:credit_cards": null, "payment:debit_cards": null, "payment:electronic_purses": null, "payment:google_pay": null, "payment:maestro": null, "payment:mastercard": null, "payment:mastercard_contactless": null, "payment:visa": null, "payment:visa_debit": null, "payment:visa_electron": null, "phone": null, "self_service": null, "start_date": null, "website": null, "wheelchair": null, "name:en": null, "shop": null, "fee": null, "wikidata": null, "wikipedia": null, "int_name": null, "leisure": null, "healthcare": null, "internet_access": null, "denomination": null, "religion": null, "castle_type": null, "historic": null, "historic:civilization": null, "image": null, "source": null, "theatre:type": null, "natural": null, "ele": null, "male": null, "female": null, "brand:el": null, "brand:en": null, "operator:wikidata": null, "short_name": null, "short_name:el": null, "short_name:en": null, "brewery": null, "outdoor_seating": null, "colour": null, "parcel_locker:type": null, "parcel_mail_in": null, "parcel_pickup": null, "backrest": "yes", "access": null, "authentication:app": null, "authentication:membership_card": null, "branch": null, "capacity": null, "contact:phone": null, "contact:website": null, "covered": null, "motorcar": null, "parking:fee": null, "ref:EU:EVSE": null, "ref:GR:IDRO": null, "socket:type2": null, "socket:type2:output": null, "lit": null, "socket:type2_combo": null, "socket:type2_combo:output": null, "manufacturer": null, "building": null, "parking": null, "name:de": null, "leaf_type": null, "building:levels": null, "layer": null, "location": null, "intermittent": null, "seasonal": null, "waterway": null, "name:ru": null, "landuse": null, "sport": null, "industrial": null, "education": null, "emergency": null, "operator:type": null, "type": null, "leaf_cycle": null, "label": "amenity:bench" }, "geometry": { "type": "Point", "coordinates": [ 24.0349729, 35.5175764 ] } },
{ "type": "Feature", "properties": { "element": "node", "id": 13140742684, "amenity": "bench", "brand": null, "brand:wikidata": null, "name": null, "operator": null, "brand:wikipedia": null, "compressed_air": null, "cuisine": null, "addr:street": null, "name:el": null, "tourism": null, "addr:city": null, "addr:housenumber": null, "addr:postcode": null, "contact:facebook": null, "description": null, "email": null, "fax": null, "fuel:diesel": null, "fuel:diesel_B": null, "fuel:e10": null, "fuel:e5": null, "fuel:gasoline": null, "fuel:heating_oil": null, "fuel:octane_95": null, "fuel:unleaded": null, "opening_hours": null, "payment:app": null, "payment:apple_pay": null, "payment:cards": null, "payment:cash": null, "payment:coins": null, "payment:contactless": null, "payment:credit_cards": null, "payment:debit_cards": null, "payment:electronic_purses": null, "payment:google_pay": null, "payment:maestro": null, "payment:mastercard": null, "payment:mastercard_contactless": null, "payment:visa": null, "payment:visa_debit": null, "payment:visa_electron": null, "phone": null, "self_service": null, "start_date": null, "website": null, "wheelchair": null, "name:en": null, "shop": null, "fee": null, "wikidata": null, "wikipedia": null, "int_name": null, "leisure": null, "healthcare": null, "internet_access": null, "denomination": null, "religion": null, "castle_type": null, "historic": null, "historic:civilization": null, "image": null, "source": null, "theatre:type": null, "natural": null, "ele": null, "male": null, "female": null, "brand:el": null, "brand:en": null, "operator:wikidata": null, "short_name": null, "short_name:el": null, "short_name:en": null, "brewery": null, "outdoor_seating": null, "colour": null, "parcel_locker:type": null, "parcel_mail_in": null, "parcel_pickup": null, "backrest": "yes", "access": null, "authentication:app": null, "authentication:membership_card": null, "branch": null, "capacity": null, "contact:phone": null, "contact:website": null, "covered": null, "motorcar": null, "parking:fee": null, "ref:EU:EVSE": null, "ref:GR:IDRO": null, "socket:type2": null, "socket:type2:output": null, "lit": null, "socket:type2_combo": null, "socket:type2_combo:output": null, "manufacturer": null, "building": null, "parking": null, "name:de": null, "leaf_type": null, "building:levels": null, "layer": null, "location": null, "intermittent": null, "seasonal": null, "waterway": null, "name:ru": null, "landuse": null, "sport": null, "industrial": null, "education": null, "emergency": null, "operator:type": null, "type": null, "leaf_cycle": null, "label": "amenity:bench" }, "geometry": { "type": "Point", "coordinates": [ 24.0352512, 35.5178159 ] } },
{ "type": "Feature", "properties": { "element": "node", "id": 13140744463, "amenity": "bench", "brand": null, "brand:wikidata": null, "name": null, "operator": null, "brand:wikipedia": null, "compressed_air": null, "cuisine": null, "addr:street": null, "name:el": null, "tourism": null, "addr:city": null, "addr:housenumber": null, "addr:postcode": null, "contact:facebook": null, "description": null, "email": null, "fax": null, "fuel:diesel": null, "fuel:diesel_B": null, "fuel:e10": null, "fuel:e5": null, "fuel:gasoline": null, "fuel:heating_oil": null, "fuel:octane_95": null, "fuel:unleaded": null, "opening_hours": null, "payment:app": null, "payment:apple_pay": null, "payment:cards": null, "payment:cash": null, "payment:coins": null, "payment:contactless": null, "payment:credit_cards": null, "payment:debit_cards": null, "payment:electronic_purses": null, "payment:google_pay": null, "payment:maestro": null, "payment:mastercard": null, "payment:mastercard_contactless": null, "payment:visa": null, "payment:visa_debit": null, "payment:visa_electron": null, "phone": null, "self_service": null, "start_date": null, "website": null, "wheelchair": null, "name:en": null, "shop": null, "fee": null, "wikidata": null, "wikipedia": null, "int_name": null, "leisure": null, "healthcare": null, "internet_access": null, "denomination": null, "religion": null, "castle_type": null, "historic": null, "historic:civilization": null, "image": null, "source": null, "theatre:type": null, "natural": null, "ele": null, "male": null, "female": null, "brand:el": null, "brand:en": null, "operator:wikidata": null, "short_name": null, "short_name:el": null, "short_name:en": null, "brewery": null, "outdoor_seating": null, "colour": null, "parcel_locker:type": null, "parcel_mail_in": null, "parcel_pickup": null, "backrest": "yes", "access": null, "authentication:app": null, "authentication:membership_card": null, "branch": null, "capacity": null, "contact:phone": null, "contact:website": null, "covered": null, "motorcar": null, "parking:fee": null, "ref:EU:EVSE": null, "ref:GR:IDRO": null, "socket:type2": null, "socket:type2:output": null, "lit": null, "socket:type2_combo": null, "socket:type2_combo:output": null, "manufacturer": null, "building": null, "parking": null, "name:de": null, "leaf_type": null, "building:levels": null, "layer": null, "location": null, "intermittent": null, "seasonal": null, "waterway": null, "name:ru": null, "landuse": null, "sport": null, "industrial": null, "education": null, "emergency": null, "operator:type": null, "type": null, "leaf_cycle": null, "label": "amenity:bench" }, "geometry": { "type": "Point", "coordinates": [ 24.0350133, 35.5176411 ] } },
{ "type": "Feature", "properties": { "element": "node", "id": 13140747730, "amenity": "bench", "brand": null, "brand:wikidata": null, "name": null, "operator": null, "brand:wikipedia": null, "compressed_air": null, "cuisine": null, "addr:street": null, "name:el": null, "tourism": null, "addr:city": null, "addr:housenumber": null, "addr:postcode": null, "contact:facebook": null, "description": null, "email": null, "fax": null, "fuel:diesel": null, "fuel:diesel_B": null, "fuel:e10": null, "fuel:e5": null, "fuel:gasoline": null, "fuel:heating_oil": null, "fuel:octane_95": null, "fuel:unleaded": null, "opening_hours": null, "payment:app": null, "payment:apple_pay": null, "payment:cards": null, "payment:cash": null, "payment:coins": null, "payment:contactless": null, "payment:credit_cards": null, "payment:debit_cards": null, "payment:electronic_purses": null, "payment:google_pay": null, "payment:maestro": null, "payment:mastercard": null, "payment:mastercard_contactless": null, "payment:visa": null, "payment:visa_debit": null, "payment:visa_electron": null, "phone": null, "self_service": null, "start_date": null, "website": null, "wheelchair": null, "name:en": null, "shop": null, "fee": null, "wikidata": null, "wikipedia": null, "int_name": null, "leisure": null, "healthcare": null, "internet_access": null, "denomination": null, "religion": null, "castle_type": null, "historic": null, "historic:civilization": null, "image": null, "source": null, "theatre:type": null, "natural": null, "ele": null, "male": null, "female": null, "brand:el": null, "brand:en": null, "operator:wikidata": null, "short_name": null, "short_name:el": null, "short_name:en": null, "brewery": null, "outdoor_seating": null, "colour": null, "parcel_locker:type": null, "parcel_mail_in": null, "parcel_pickup": null, "backrest": "yes", "access": null, "authentication:app": null, "authentication:membership_card": null, "branch": null, "capacity": null, "contact:phone": null, "contact:website": null, "covered": null, "motorcar": null, "parking:fee": null, "ref:EU:EVSE": null, "ref:GR:IDRO": null, "socket:type2": null, "socket:type2:output": null, "lit": null, "socket:type2_combo": null, "socket:type2_combo:output": null, "manufacturer": null, "building": null, "parking": null, "name:de": null, "leaf_type": null, "building:levels": null, "layer": null, "location": null, "intermittent": null, "seasonal": null, "waterway": null, "name:ru": null, "landuse": null, "sport": null, "industrial": null, "education": null, "emergency": null, "operator:type": null, "type": null, "leaf_cycle": null, "label": "amenity:bench" }, "geometry": { "type": "Point", "coordinates": [ 24.035078, 35.5176978 ] } },
{ "type": "Feature", "properties": { "element": "node", "id": 13140747871, "amenity": "bench", "brand": null, "brand:wikidata": null, "name": null, "operator": null, "brand:wikipedia": null, "compressed_air": null, "cuisine": null, "addr:street": null, "name:el": null, "tourism": null, "addr:city": null, "addr:housenumber": null, "addr:postcode": null, "contact:facebook": null, "description": null, "email": null, "fax": null, "fuel:diesel": null, "fuel:diesel_B": null, "fuel:e10": null, "fuel:e5": null, "fuel:gasoline": null, "fuel:heating_oil": null, "fuel:octane_95": null, "fuel:unleaded": null, "opening_hours": null, "payment:app": null, "payment:apple_pay": null, "payment:cards": null, "payment:cash": null, "payment:coins": null, "payment:contactless": null, "payment:credit_cards": null, "payment:debit_cards": null, "payment:electronic_purses": null, "payment:google_pay": null, "payment:maestro": null, "payment:mastercard": null, "payment:mastercard_contactless": null, "payment:visa": null, "payment:visa_debit": null, "payment:visa_electron": null, "phone": null, "self_service": null, "start_date": null, "website": null, "wheelchair": null, "name:en": null, "shop": null, "fee": null, "wikidata": null, "wikipedia": null, "int_name": null, "leisure": null, "healthcare": null, "internet_access": null, "denomination": null, "religion": null, "castle_type": null, "historic": null, "historic:civilization": null, "image": null, "source": null, "theatre:type": null, "natural": null, "ele": null, "male": null, "female": null, "brand:el": null, "brand:en": null, "operator:wikidata": null, "short_name": null, "short_name:el": null, "short_name:en": null, "brewery": null, "outdoor_seating": null, "colour": null, "parcel_locker:type": null, "parcel_mail_in": null, "parcel_pickup": null, "backrest": "yes", "access": null, "authentication:app": null, "authentication:membership_card": null, "branch": null, "capacity": null, "contact:phone": null, "contact:website": null, "covered": null, "motorcar": null, "parking:fee": null, "ref:EU:EVSE": null, "ref:GR:IDRO": null, "socket:type2": null, "socket:type2:output": null, "lit": null, "socket:type2_combo": null, "socket:type2_combo:output": null, "manufacturer": null, "building": null, "parking": null, "name:de": null, "leaf_type": null, "building:levels": null, "layer": null, "location": null, "intermittent": null, "seasonal": null, "waterway": null, "name:ru": null, "landuse": null, "sport": null, "industrial": null, "education": null, "emergency": null, "operator:type": null, "type": null, "leaf_cycle": null, "label": "amenity:bench" }, "geometry": { "type": "Point", "coordinates": [ 24.0351548, 35.5177513 ] } },
{ "type": "Feature", "properties": { "element": "node", "id": 13142065395, "amenity": "charging_station", "brand": "Electrip", "brand:wikidata": null, "name": "Electrip - Halepa Hotel", "operator": "Halepa Hotel", "brand:wikipedia": null, "compressed_air": null, "cuisine": null, "addr:street": "Ελευθερίου Βενιζέλου", "name:el": null, "tourism": null, "addr:city": "Χανιά", "addr:housenumber": "164", "addr:postcode": "73133", "contact:facebook": null, "description": "Hotel customers only", "email": null, "fax": null, "fuel:diesel": null, "fuel:diesel_B": null, "fuel:e10": null, "fuel:e5": null, "fuel:gasoline": null, "fuel:heating_oil": null, "fuel:octane_95": null, "fuel:unleaded": null, "opening_hours": "24/7", "payment:app": "yes", "payment:apple_pay": null, "payment:cards": null, "payment:cash": null, "payment:coins": null, "payment:contactless": null, "payment:credit_cards": null, "payment:debit_cards": null, "payment:electronic_purses": null, "payment:google_pay": null, "payment:maestro": null, "payment:mastercard": null, "payment:mastercard_contactless": null, "payment:visa": null, "payment:visa_debit": null, "payment:visa_electron": null, "phone": null, "self_service": null, "start_date": null, "website": null, "wheelchair": null, "name:en": null, "shop": null, "fee": "yes", "wikidata": null, "wikipedia": null, "int_name": null, "leisure": null, "healthcare": null, "internet_access": null, "denomination": null, "religion": null, "castle_type": null, "historic": null, "historic:civilization": null, "image": null, "source": null, "theatre:type": null, "natural": null, "ele": null, "male": null, "female": null, "brand:el": null, "brand:en": null, "operator:wikidata": null, "short_name": null, "short_name:el": null, "short_name:en": null, "brewery": null, "outdoor_seating": null, "colour": null, "parcel_locker:type": null, "parcel_mail_in": null, "parcel_pickup": null, "backrest": null, "access": "customers", "authentication:app": "yes", "authentication:membership_card": "yes", "branch": "Greece", "capacity": "3", "contact:phone": "+30 2111984476; 8006000665", "contact:website": "https://electripglobal.com/", "covered": "no", "motorcar": "yes", "parking:fee": "no", "ref:EU:EVSE": "GR-ELE-E20240923073238V0V0PE.1;GR-ELE-E202409230730388K2B2D.1", "ref:GR:IDRO": "GR-ELE-S20240923064419K7HYBB", "socket:type2": "3", "socket:type2:output": "22", "lit": null, "socket:type2_combo": null, "socket:type2_combo:output": null, "manufacturer": null, "building": null, "parking": null, "name:de": null, "leaf_type": null, "building:levels": null, "layer": null, "location": null, "intermittent": null, "seasonal": null, "waterway": null, "name:ru": null, "landuse": null, "sport": null, "industrial": null, "education": null, "emergency": null, "operator:type": null, "type": null, "leaf_cycle": null, "label": "amenity:charging_station" }, "geometry": { "type": "Point", "coordinates": [ 24.0363224, 35.5174706 ] } },
{ "type": "Feature", "properties": { "element": "node", "id": 13243001818, "amenity": "charging_station", "brand": "Chargespot", "brand:wikidata": null, "name": "Chargespot - ΣYN.KA Λιβάδια", "operator": "ΣYN.KA Σούπερ Μάρκετ", "brand:wikipedia": null, "compressed_air": null, "cuisine": null, "addr:street": "Δεληγιαννάκη", "name:el": "Chargespot - ΣYN.KA Λιβάδια", "tourism": null, "addr:city": "Χανιά", "addr:housenumber": null, "addr:postcode": "73134", "contact:facebook": null, "description": null, "email": null, "fax": null, "fuel:diesel": null, "fuel:diesel_B": null, "fuel:e10": null, "fuel:e5": null, "fuel:gasoline": null, "fuel:heating_oil": null, "fuel:octane_95": null, "fuel:unleaded": null, "opening_hours": "24/7", "payment:app": "yes", "payment:apple_pay": null, "payment:cards": null, "payment:cash": null, "payment:coins": null, "payment:contactless": null, "payment:credit_cards": null, "payment:debit_cards": null, "payment:electronic_purses": null, "payment:google_pay": null, "payment:maestro": null, "payment:mastercard": null, "payment:mastercard_contactless": null, "payment:visa": null, "payment:visa_debit": null, "payment:visa_electron": null, "phone": null, "self_service": null, "start_date": null, "website": null, "wheelchair": null, "name:en": "Chargespot - SYN.KA Livadia", "shop": null, "fee": "yes", "wikidata": null, "wikipedia": null, "int_name": "Chargespot - SYN.KA Livadia", "leisure": null, "healthcare": null, "internet_access": null, "denomination": null, "religion": null, "castle_type": null, "historic": null, "historic:civilization": null, "image": null, "source": null, "theatre:type": null, "natural": null, "ele": null, "male": null, "female": null, "brand:el": null, "brand:en": null, "operator:wikidata": null, "short_name": null, "short_name:el": null, "short_name:en": null, "brewery": null, "outdoor_seating": null, "colour": null, "parcel_locker:type": null, "parcel_mail_in": null, "parcel_pickup": null, "backrest": null, "access": "yes", "authentication:app": "yes", "authentication:membership_card": "yes", "branch": null, "capacity": "2", "contact:phone": "18311", "contact:website": "https://www.chargespot.gr/", "covered": "no", "motorcar": "yes", "parking:fee": "no", "ref:EU:EVSE": "GR*WAV*E62115;GR*WAV*E9392", "ref:GR:IDRO": "GR-WAV-S31290", "socket:type2": "1", "socket:type2:output": "22", "lit": "yes", "socket:type2_combo": "1", "socket:type2_combo:output": "25", "manufacturer": null, "building": null, "parking": null, "name:de": null, "leaf_type": null, "building:levels": null, "layer": null, "location": null, "intermittent": null, "seasonal": null, "waterway": null, "name:ru": null, "landuse": null, "sport": null, "industrial": null, "education": null, "emergency": null, "operator:type": null, "type": null, "leaf_cycle": null, "label": "amenity:charging_station" }, "geometry": { "type": "Point", "coordinates": [ 24.0461339, 35.4960444 ] } },
{ "type": "Feature", "properties": { "element": "node", "id": 13243001819, "amenity": "charging_station", "brand": "DEI Blue", "brand:wikidata": null, "name": "DEI blue - ΑΒ Βασιλόπουλος", "operator": "ΑΒ Βασιλόπουλος", "brand:wikipedia": null, "compressed_air": null, "cuisine": null, "addr:street": "Δεληγιαννάκη", "name:el": "DEI blue - ΑΒ Βασιλόπουλος", "tourism": null, "addr:city": "Χανιά", "addr:housenumber": "112 Α", "addr:postcode": "73134", "contact:facebook": null, "description": null, "email": null, "fax": null, "fuel:diesel": null, "fuel:diesel_B": null, "fuel:e10": null, "fuel:e5": null, "fuel:gasoline": null, "fuel:heating_oil": null, "fuel:octane_95": null, "fuel:unleaded": null, "opening_hours": "24/7", "payment:app": "yes", "payment:apple_pay": null, "payment:cards": null, "payment:cash": null, "payment:coins": null, "payment:contactless": null, "payment:credit_cards": null, "payment:debit_cards": null, "payment:electronic_purses": null, "payment:google_pay": null, "payment:maestro": null, "payment:mastercard": null, "payment:mastercard_contactless": null, "payment:visa": null, "payment:visa_debit": null, "payment:visa_electron": null, "phone": null, "self_service": null, "start_date": null, "website": null, "wheelchair": null, "name:en": "DEI blue - AB Vassilopoulos", "shop": null, "fee": "yes", "wikidata": null, "wikipedia": null, "int_name": "DEI blue - AB Vassilopoulos", "leisure": null, "healthcare": null, "internet_access": null, "denomination": null, "religion": null, "castle_type": null, "historic": null, "historic:civilization": null, "image": null, "source": null, "theatre:type": null, "natural": null, "ele": null, "male": null, "female": null, "brand:el": null, "brand:en": null, "operator:wikidata": null, "short_name": null, "short_name:el": null, "short_name:en": null, "brewery": null, "outdoor_seating": null, "colour": null, "parcel_locker:type": null, "parcel_mail_in": null, "parcel_pickup": null, "backrest": null, "access": "yes", "authentication:app": "yes", "authentication:membership_card": null, "branch": null, "capacity": "4", "contact:phone": "+30 2112110900", "contact:website": "https://www.deiblue.gr/", "covered": "no", "motorcar": "yes", "parking:fee": null, "ref:EU:EVSE": "GR*PPC*ETACW2245120T0154*1;GR*PPC*ETACW2245120T0172*1;GR*PPC*ETACW2243021T1750*1", "ref:GR:IDRO": "GR-PPC-Scs32652-L", "socket:type2": "4", "socket:type2:output": "22", "lit": "yes", "socket:type2_combo": null, "socket:type2_combo:output": null, "manufacturer": "ABB", "building": null, "parking": null, "name:de": null, "leaf_type": null, "building:levels": null, "layer": null, "location": null, "intermittent": null, "seasonal": null, "waterway": null, "name:ru": null, "landuse": null, "sport": null, "industrial": null, "education": null, "emergency": null, "operator:type": null, "type": null, "leaf_cycle": null, "label": "amenity:charging_station" }, "geometry": { "type": "Point", "coordinates": [ 24.0433605, 35.4995744 ] } },
{ "type": "Feature", "properties": { "element": "node", "id": 13306338501, "amenity": null, "brand": null, "brand:wikidata": null, "name": "Σκέτη Γλύκα", "operator": null, "brand:wikipedia": null, "compressed_air": null, "cuisine": null, "addr:street": null, "name:el": null, "tourism": null, "addr:city": null, "addr:housenumber": null, "addr:postcode": null, "contact:facebook": null, "description": null, "email": null, "fax": null, "fuel:diesel": null, "fuel:diesel_B": null, "fuel:e10": null, "fuel:e5": null, "fuel:gasoline": null, "fuel:heating_oil": null, "fuel:octane_95": null, "fuel:unleaded": null, "opening_hours": null, "payment:app": null, "payment:apple_pay": null, "payment:cards": null, "payment:cash": null, "payment:coins": null, "payment:contactless": null, "payment:credit_cards": null, "payment:debit_cards": null, "payment:electronic_purses": null, "payment:google_pay": null, "payment:maestro": null, "payment:mastercard": null, "payment:mastercard_contactless": null, "payment:visa": null, "payment:visa_debit": null, "payment:visa_electron": null, "phone": null, "self_service": null, "start_date": null, "website": null, "wheelchair": null, "name:en": null, "shop": "confectionery", "fee": null, "wikidata": null, "wikipedia": null, "int_name": null, "leisure": null, "healthcare": null, "internet_access": null, "denomination": null, "religion": null, "castle_type": null, "historic": null, "historic:civilization": null, "image": null, "source": null, "theatre:type": null, "natural": null, "ele": null, "male": null, "female": null, "brand:el": null, "brand:en": null, "operator:wikidata": null, "short_name": null, "short_name:el": null, "short_name:en": null, "brewery": null, "outdoor_seating": null, "colour": null, "parcel_locker:type": null, "parcel_mail_in": null, "parcel_pickup": null, "backrest": null, "access": null, "authentication:app": null, "authentication:membership_card": null, "branch": null, "capacity": null, "contact:phone": null, "contact:website": null, "covered": null, "motorcar": null, "parking:fee": null, "ref:EU:EVSE": null, "ref:GR:IDRO": null, "socket:type2": null, "socket:type2:output": null, "lit": null, "socket:type2_combo": null, "socket:type2_combo:output": null, "manufacturer": null, "building": null, "parking": null, "name:de": null, "leaf_type": null, "building:levels": null, "layer": null, "location": null, "intermittent": null, "seasonal": null, "waterway": null, "name:ru": null, "landuse": null, "sport": null, "industrial": null, "education": null, "emergency": null, "operator:type": null, "type": null, "leaf_cycle": null, "label": "shop:confectionery" }, "geometry": { "type": "Point", "coordinates": [ 24.0427135, 35.5107776 ] } },
{ "type": "Feature", "properties": { "element": "node", "id": 13404753005, "amenity": null, "brand": null, "brand:wikidata": null, "name": "Planet Fitness", "operator": null, "brand:wikipedia": null, "compressed_air": null, "cuisine": null, "addr:street": null, "name:el": null, "tourism": null, "addr:city": null, "addr:housenumber": null, "addr:postcode": null, "contact:facebook": null, "description": null, "email": null, "fax": null, "fuel:diesel": null, "fuel:diesel_B": null, "fuel:e10": null, "fuel:e5": null, "fuel:gasoline": null, "fuel:heating_oil": null, "fuel:octane_95": null, "fuel:unleaded": null, "opening_hours": null, "payment:app": null, "payment:apple_pay": null, "payment:cards": null, "payment:cash": null, "payment:coins": null, "payment:contactless": null, "payment:credit_cards": null, "payment:debit_cards": null, "payment:electronic_purses": null, "payment:google_pay": null, "payment:maestro": null, "payment:mastercard": null, "payment:mastercard_contactless": null, "payment:visa": null, "payment:visa_debit": null, "payment:visa_electron": null, "phone": null, "self_service": null, "start_date": null, "website": null, "wheelchair": null, "name:en": null, "shop": null, "fee": null, "wikidata": null, "wikipedia": null, "int_name": null, "leisure": "fitness_centre", "healthcare": null, "internet_access": null, "denomination": null, "religion": null, "castle_type": null, "historic": null, "historic:civilization": null, "image": null, "source": null, "theatre:type": null, "natural": null, "ele": null, "male": null, "female": null, "brand:el": null, "brand:en": null, "operator:wikidata": null, "short_name": null, "short_name:el": null, "short_name:en": null, "brewery": null, "outdoor_seating": null, "colour": null, "parcel_locker:type": null, "parcel_mail_in": null, "parcel_pickup": null, "backrest": null, "access": null, "authentication:app": null, "authentication:membership_card": null, "branch": null, "capacity": null, "contact:phone": null, "contact:website": null, "covered": null, "motorcar": null, "parking:fee": null, "ref:EU:EVSE": null, "ref:GR:IDRO": null, "socket:type2": null, "socket:type2:output": null, "lit": null, "socket:type2_combo": null, "socket:type2_combo:output": null, "manufacturer": null, "building": null, "parking": null, "name:de": null, "leaf_type": null, "building:levels": null, "layer": null, "location": null, "intermittent": null, "seasonal": null, "waterway": null, "name:ru": null, "landuse": null, "sport": null, "industrial": null, "education": null, "emergency": null, "operator:type": null, "type": null, "leaf_cycle": null, "label": "leisure:fitness_centre" }, "geometry": { "type": "Point", "coordinates": [ 24.0344717, 35.5083956 ] } },
{ "type": "Feature", "properties": { "element": "node", "id": 13754510141, "amenity": "place_of_worship", "brand": null, "brand:wikidata": null, "name": null, "operator": null, "brand:wikipedia": null, "compressed_air": null, "cuisine": null, "addr:street": null, "name:el": null, "tourism": null, "addr:city": null, "addr:housenumber": null, "addr:postcode": null, "contact:facebook": null, "description": null, "email": null, "fax": null, "fuel:diesel": null, "fuel:diesel_B": null, "fuel:e10": null, "fuel:e5": null, "fuel:gasoline": null, "fuel:heating_oil": null, "fuel:octane_95": null, "fuel:unleaded": null, "opening_hours": null, "payment:app": null, "payment:apple_pay": null, "payment:cards": null, "payment:cash": null, "payment:coins": null, "payment:contactless": null, "payment:credit_cards": null, "payment:debit_cards": null, "payment:electronic_purses": null, "payment:google_pay": null, "payment:maestro": null, "payment:mastercard": null, "payment:mastercard_contactless": null, "payment:visa": null, "payment:visa_debit": null, "payment:visa_electron": null, "phone": null, "self_service": null, "start_date": null, "website": null, "wheelchair": null, "name:en": null, "shop": null, "fee": null, "wikidata": null, "wikipedia": null, "int_name": null, "leisure": null, "healthcare": null, "internet_access": null, "denomination": "greek_catholic", "religion": null, "castle_type": null, "historic": null, "historic:civilization": null, "image": null, "source": null, "theatre:type": null, "natural": null, "ele": null, "male": null, "female": null, "brand:el": null, "brand:en": null, "operator:wikidata": null, "short_name": null, "short_name:el": null, "short_name:en": null, "brewery": null, "outdoor_seating": null, "colour": null, "parcel_locker:type": null, "parcel_mail_in": null, "parcel_pickup": null, "backrest": null, "access": null, "authentication:app": null, "authentication:membership_card": null, "branch": null, "capacity": null, "contact:phone": null, "contact:website": null, "covered": null, "motorcar": null, "parking:fee": null, "ref:EU:EVSE": null, "ref:GR:IDRO": null, "socket:type2": null, "socket:type2:output": null, "lit": null, "socket:type2_combo": null, "socket:type2_combo:output": null, "manufacturer": null, "building": "chapel", "parking": null, "name:de": null, "leaf_type": null, "building:levels": null, "layer": null, "location": null, "intermittent": null, "seasonal": null, "waterway": null, "name:ru": null, "landuse": null, "sport": null, "industrial": null, "education": null, "emergency": null, "operator:type": null, "type": null, "leaf_cycle": null, "label": "building:chapel;amenity:place_of_worship" }, "geometry": { "type": "Point", "coordinates": [ 24.0549329, 35.5117027 ] } }
]
}
