{
"type": "FeatureCollection",
"name": "patch_92055_features",
"crs": { "type": "name", "properties": { "name": "urn:ogc:def:crs:OGC:1.3:CRS84" } },
"features": [
{ "type": "Feature", "properties": { "element": "node", "id": 1455715295, "amenity": "fuel", "brand": "EKO", "brand:wikidata": "Q31283948", "name": "EKO", "operator": "Μ & Ν ΣΩΤΗΡΟΠΟΥΛΟΣ & ΣΙΑ ΟΕ", "brand:wikipedia": null, "compressed_air": null, "cuisine": null, "addr:street": null, "name:el": null, "tourism": null, "addr:city": null, "addr:housenumber": null, "addr:postcode": null, "contact:facebook": null, "description": null, "email": null, "fax": null, "fuel:diesel": null, "fuel:diesel_B": null, "fuel:e10": null, "fuel:e5": null, "fuel:gasoline": null, "fuel:heating_oil": null, "fuel:octane_95": null, "fuel:unleaded": null, "opening_hours": null, "payment:app": null, "payment:apple_pay": null, "payment:cards": null, "payment:cash": null, "payment:coins": null, "payment:contactless": null, "payment:credit_cards": null, "payment:debit_cards": null, "payment:electronic_purses": null, "payment:google_pay": null, "payment:maestro": null, "payment:mastercard": null, "payment:mastercard_contactless": null, "payment:visa": null, "payment:visa_debit": null, "payment:visa_electron": null, "phone": null, "self_service": null, "start_date": null, "website": null, "wheelchair": null, "name:en": null, "shop": null, "fee": null, "wikidata": null, "wikipedia": null, "int_name": null, "leisure": null, "healthcare": null, "internet_access": null, "denomination": null, "religion": null, "castle_type": null, "historic": null, "historic:civilization": null, "image": null, "source": null, "theatre:type": null, "natural": null, "ele": null, "male": null, "female": null, "brand:el": null, "brand:en": null, "operator:wikidata": null, "short_name": null, "short_name:el": null, "short_name:en": null, "brewery": null, "outdoor_seating": null, "colour": null, "parcel_locker:type": null, "parcel_mail_in": null, "parcel_pickup": null, "backrest": null, "access": null, "authentication:app": null, "authentication:membership_card": null, "branch": null, "capacity": null, "contact:phone": null, "contact:website": null, "covered": null, "motorcar": null, "parking:fee": null, "ref:EU:EVSE": null, "ref:GR:IDRO": null, "socket:type2": null, "socket:type2:output": null, "lit": null, "socket:type2_combo": null, "socket:type2_combo:output": null, "manufacturer": null, "building": null, "parking": null, "name:de": null, "leaf_type": null, "building:levels": null, "layer": null, "location": null, "intermittent": null, "seasonal": null, "waterway": null, "name:ru": null, "landuse": null, "sport": null, "industrial": null, "education": null, "emergency": null, "operator:type": null, "type": null, "leaf_cycle": null, "label": "amenity:fuel" }, "geometry": { "type": "Point", "coordinates": [ 24.0371943, 35.4971969 ] } },
{ "type": "Feature", "properties": { "element": "node", "id": 3645165520, "amenity": "fuel", "brand": "BP", "brand:wikidata": "Q152057", "name": "BP", "operator": "ΖΕΡΒΟΥΔΑΚΗΣ Κ.Α. & ΣΙΑ ΟΕ", "brand:wikipedia": "en:BP", "compressed_air": "no", "cuisine": null, "addr:street": null, "name:el": null, "tourism": null, "addr:city": null, "addr:housenumber": null, "addr:postcode": null, "contact:facebook": null, "description": null, "email": null, "fax": null, "fuel:diesel": null, "fuel:diesel_B": null, "fuel:e10": null, "fuel:e5": null, "fuel:gasoline": null, "fuel:heating_oil": null, "fuel:octane_95": null, "fuel:unleaded": null, "opening_hours": null, "payment:app": null, "payment:apple_pay": null, "payment:cards": null, "payment:cash": null, "payment:coins": null, "payment:contactless": null, "payment:credit_cards": null, "payment:debit_cards": null, "payment:electronic_purses": null, "payment:google_pay": null, "payment:maestro": null, "payment:mastercard": null, "payment:mastercard_contactless": null, "payment:visa": null, "payment:visa_debit": null, "payment:visa_electron": null, "phone": null, "self_service": null, "start_date": null, "website": null, "wheelchair": null, "name:en": null, "shop": null, "fee": null, "wikidata": null, "wikipedia": null, "int_name": null, "leisure": null, "healthcare": null, "internet_access": null, "denomination": null, "religion": null, "castle_type": null, "historic": null, "historic:civilization": null, "image": null, "source": null, "theatre:type": null, "natural": null, "ele": null, "male": null, "female": null, "brand:el": null, "brand:en": null, "operator:wikidata": null, "short_name": null, "short_name:el": null, "short_name:en": null, "brewery": null, "outdoor_seating": null, "colour": null, "parcel_locker:type": null, "parcel_mail_in": null, "parcel_pickup": null, "backrest": null, "access": null, "authentication:app": null, "authentication:membership_card": null, "branch": null, "capacity": null, "contact:phone": null, "contact:website": null, "covered": null, "motorcar": null, "parking:fee": null, "ref:EU:EVSE": null, "ref:GR:IDRO": null, "socket:type2": null, "socket:type2:output": null, "lit": null, "socket:type2_combo": null, "socket:type2_combo:output": null, "manufacturer": null, "building": null, "parking": null, "name:de": null, "leaf_type": null, "building:levels": null, "layer": null, "location": null, "intermittent": null, "seasonal": null, "waterway": null, "name:ru": null, "landuse": null, "sport": null, "industrial": null, "education": null, "emergency": null, "operator:type": null, "type": null, "leaf_cycle": null, "label": "amenity:fuel" }, "geometry": { "type": "Point", "coordinates": [ 24.0463674, 35.5138351 ] } },
{ "type": "Feature", "properties": { "element": "node", "id": 3645165562, "amenity": "restaurant", "brand": null, "brand:wikidata": null, "name": "Konaki", "operator": null, "brand:wikipedia": null, "compressed_air": null, "cuisine": null, "addr:street": null, "name:el": null, "tourism": null, "addr:city": null, "addr:housenumber": null, "addr:postcode": null, "contact:facebook": null, "description": null, "email": null, "fax": null, "fuel:diesel": null, "fuel:diesel_B": null, "fuel:e10": null, "fuel:e5": null, "fuel:gasoline": null, "fuel:heating_oil": null, "fuel:octane_95": null, "fuel:unleaded": null, "opening_hours": null, "payment:app": null, "payment:apple_pay": null, "payment:cards": null, "payment:cash": null, "payment:coins": null, "payment:contactless": null, "payment:credit_cards": null, "payment:debit_cards": null, "payment:electronic_purses": null, "payment:google_pay": null, "payment:maestro": null, "payment:mastercard": null, "payment:mastercard_contactless": null, "payment:visa": null, "payment:visa_debit": null, "payment:visa_electron": null, "phone": null, "self_service": null, "start_date": null, "website": null, "wheelchair": null, "name:en": null, "shop": null, "fee": null, "wikidata": null, "wikipedia": null, "int_name": null, "leisure": null, "healthcare": null, "internet_access": null, "denomination": null, "religion": null, "castle_type": null, "historic": null, "historic:civilization": null, "image": null, "source": null, "theatre:type": null, "natural": null, "ele": null, "male": null, "female": null, "brand:el": null, "brand:en": null, "operator:wikidata": null, "short_name": null, "short_name:el": null, "short_name:en": null, "brewery": null, "outdoor_seating": null, "colour": null, "parcel_locker:type": null, "parcel_mail_in": null, "parcel_pickup": null, "backrest": null, "access": null, "authentication:app": null, "authentication:membership_card": null, "branch": null, "capacity": null, "contact:phone": null, "contact:website": null, "covered": null, "motorcar": null, "parking:fee": null, "ref:EU:EVSE": null, "ref:GR:IDRO": null, "socket:type2": null, "socket:type2:output": null, "lit": null, "socket:type2_combo": null, "socket:type2_combo:output": null, "manufacturer": null, "building": null, "parking": null, "name:de": null, "leaf_type": null, "building:levels": null, "layer": null, "location": null, "intermittent": null, "seasonal": null, "waterway": null, "name:ru": null, "landuse": null, "sport": null, "industrial": null, "education": null, "emergency": null, "operator:type": null, "type": null, "leaf_cycle": null, "label": "amenity:restaurant" }, "geometry": { "type": "Point", "coordinates": [ 24.050921, 35.516559 ] } },
{ "type": "Feature", "properties": { "element": "node", "id": 3645165595, "amenity": "fuel", "brand": "Shell", "brand:wikidata": "Q110716465", "name": "SHELL", "operator": "ΦΡΑΓΚΑΚΗΣ ΙΩΑΝΝΗΣ ΟΕ", "brand:wikipedia": "en:Royal Dutch Shell", "compressed_air": null, "cuisine": null, "addr:street": null, "name:el": null, "tourism": null, "addr:city": null, "addr:housenumber": null, "addr:postcode": null, "contact:facebook": null, "description": null, "email": null, "fax": null, "fuel:diesel": null, "fuel:diesel_B": null, "fuel:e10": null, "fuel:e5": null, "fuel:gasoline": null, "fuel:heating_oil": null, "fuel:octane_95": null, "fuel:unleaded": null, "opening_hours": null, "payment:app": null, "payment:apple_pay": null, "payment:cards": null, "payment:cash": null, "payment:coins": null, "payment:contactless": null, "payment:credit_cards": null, "payment:debit_cards": null, "payment:electronic_purses": null, "payment:google_pay": null, "payment:maestro": null, "payment:mastercard": null, "payment:mastercard_contactless": null, "payment:visa": null, "payment:visa_debit": null, "payment:visa_electron": null, "phone": null, "self_service": null, "start_date": null, "website": null, "wheelchair": null, "name:en": null, "shop": null, "fee": null, "wikidata": null, "wikipedia": null, "int_name": null, "leisure": null, "healthcare": null, "internet_access": null, "denomination": null, "religion": null, "castle_type": null, "historic": null, "historic:civilization": null, "image": null, "source": null, "theatre:type": null, "natural": null, "ele": null, "male": null, "female": null, "brand:el": null, "brand:en": null, "operator:wikidata": null, "short_name": null, "short_name:el": null, "short_name:en": null, "brewery": null, "outdoor_seating": null, "colour": null, "parcel_locker:type": null, "parcel_mail_in": null, "parcel_pickup": null, "backrest": null, "access": null, "authentication:app": null, "authentication:membership_card": null, "branch": null, "capacity": null, "contact:phone": null, "contact:website": null, "covered": null, "motorcar": null, "parking:fee": null, "ref:EU:EVSE": null, "ref:GR:IDRO": null, "socket:type2": null, "socket:type2:output": null, "lit": null, "socket:type2_combo": null, "socket:type2_combo:output": null, "manufacturer": null, "building": null, "parking": null, "name:de": null, "leaf_type": null, "building:levels": null, "layer": null, "location": null, "intermittent": null, "seasonal": null, "waterway": null, "name:ru": null, "landuse": null, "sport": null, "industrial": null, "education": null, "emergency": null, "operator:type": null, "type": null, "leaf_cycle": null, "label": "amenity:fuel" }, "geometry": { "type": "Point", "coordinates": [ 24.0470729, 35.5136103 ] } },
{ "type": "Feature", "properties": { "element": "node", "id": 3744466590, "amenity": "cafe", "brand": null, "brand:wikidata": null, "name": null, "operator": null, "brand:wikipedia": null, "compressed_air": null, "cuisine": "ice_cream", "addr:street": null, "name:el": null, "tourism": null, "addr:city": null, "addr:housenumber": null, "addr:postcode": null, "contact:facebook": null, "description": null, "email": null, "fax": null, "fuel:diesel": null, "fuel:diesel_B": null, "fuel:e10": null, "fuel:e5": null, "fuel:gasoline": null, "fuel:heating_oil": null, "fuel:octane_95": null, "fuel:unleaded": null, "opening_hours": null, "payment:app": null, "payment:apple_pay": null, "payment:cards": null, "payment:cash": null, "payment:coins": null, "payment:contactless": null, "payment:credit_cards": null, "payment:debit_cards": null, "payment:electronic_purses": null, "payment:google_pay": null, "payment:maestro": null, "payment:mastercard": null, "payment:mastercard_contactless": null, "payment:visa": null, "payment:visa_debit": null, "payment:visa_electron": null, "phone": null, "self_service": null, "start_date": null, "website": null, "wheelchair": null, "name:en": null, "shop": null, "fee": null, "wikidata": null, "wikipedia": null, "int_name": null, "leisure": null, "healthcare": null, "internet_access": null, "denomination": null, "religion": null, "castle_type": null, "historic": null, "historic:civilization": null, "image": null, "source": null, "theatre:type": null, "natural": null, "ele": null, "male": null, "female": null, "brand:el": null, "brand:en": null, "operator:wikidata": null, "short_name": null, "short_name:el": null, "short_name:en": null, "brewery": null, "outdoor_seating": null, "colour": null, "parcel_locker:type": null, "parcel_mail_in": null, "parcel_pickup": null, "backrest": null, "access": null, "authentication:app": null, "authentication:membership_card": null, "branch": null, "capacity": null, "contact:phone": null, "contact:website": null, "covered": null, "motorcar": null, "parking:fee": null, "ref:EU:EVSE": null, "ref:GR:IDRO": null, "socket:type2": null, "socket:type2:output": null, "lit": null, "socket:type2_combo": null, "socket:type2_combo:output": null, "manufacturer": null, "building": null, "parking": null, "name:de": null, "leaf_type": null, "building:levels": null, "layer": null, "location": null, "intermittent": null, "seasonal": null, "waterway": null, "name:ru": null, "landuse": null, "sport": null, "industrial": null, "education": null, "emergency": null, "operator:type": null, "type": null, "leaf_cycle": null, "label": "amenity:cafe" }, "geometry": { "type": "Point", "coordinates": [ 24.0441437, 35.5145558 ] } },
{ "type": "Feature", "properties": { "element": "node", "id": 3744466591, "amenity": "restaurant", "brand": null, "brand:wikidata": null, "name": null, "operator": null, "brand:wikipedia": null, "compressed_air": null, "cuisine": "greek", "addr:street": null, "name:el": null, "tourism": null, "addr:city": null, "addr:housenumber": null, "addr:postcode": null, "contact:facebook": null, "description": null, "email": null, "fax": null, "fuel:diesel": null, "fuel:diesel_B": null, "fuel:e10": null, "fuel:e5": null, "fuel:gasoline": null, "fuel:heating_oil": null, "fuel:octane_95": null, "fuel:unleaded": null, "opening_hours": null, "payment:app": null, "payment:apple_pay": null, "payment:cards": null, "payment:cash": null, "payment:coins": null, "payment:contactless": null, "payment:credit_cards": null, "payment:debit_cards": null, "payment:electronic_purses": null, "payment:google_pay": null, "payment:maestro": null, "payment:mastercard": null, "payment:mastercard_contactless": null, "payment:visa": null, "payment:visa_debit": null, "payment:visa_electron": null, "phone": null, "self_service": null, "start_date": null, "website": null, "wheelchair": null, "name:en": null, "shop": null, "fee": null, "wikidata": null, "wikipedia": null, "int_name": null, "leisure": null, "healthcare": null, "internet_access": null, "denomination": null, "religion": null, "castle_type": null, "historic": null, "historic:civilization": null, "image": null, "source": null, "theatre:type": null, "natural": null, "ele": null, "male": null, "female": null, "brand:el": null, "brand:en": null, "operator:wikidata": null, "short_name": null, "short_name:el": null, "short_name:en": null, "brewery": null, "outdoor_seating": null, "colour": null, "parcel_locker:type": null, "parcel_mail_in": null, "parcel_pickup": null, "backrest": null, "access": null, "authentication:app": null, "authentication:membership_card": null, "branch": null, "capacity": null, "contact:phone": null, "contact:website": null, "covered": null, "motorcar": null, "parking:fee": null, "ref:EU:EVSE": null, "ref:GR:IDRO": null, "socket:type2": null, "socket:type2:output": null, "lit": null, "socket:type2_combo": null, "socket:type2_combo:output": null, "manufacturer": null, "building": null, "parking": null, "name:de": null, "leaf_type": null, "building:levels": null, "layer": null, "location": null, "intermittent": null, "seasonal": null, "waterway": null, "name:ru": null, "landuse": null, "sport": null, "industrial": null, "education": null, "emergency": null, "operator:type": null, "type": null, "leaf_cycle": null, "label": "amenity:restaurant" }, "geometry": { "type": "Point", "coordinates": [ 24.0439868, 35.5145762 ] } },
{ "type": "Feature", "properties": { "element": "node", "id": 3798658018, "amenity": "fuel", "brand": "BP", "brand:wikidata": "Q152057", "name": "BP", "operator": "ΥΙΟΙ Γ. ΜΙΧΕΛΑΚΗ ΙΚΕ", "brand:wikipedia": null, "compressed_air": null, "cuisine": null, "addr:street": null, "name:el": null, "tourism": null, "addr:city": null, "addr:housenumber": null, "addr:postcode": null, "contact:facebook": null, "description": null, "email": null, "fax": null, "fuel:diesel": null, "fuel:diesel_B": null, "fuel:e10": null, "fuel:e5": null, "fuel:gasoline": null, "fuel:heating_oil": null, "fuel:octane_95": null, "fuel:unleaded": null, "opening_hours": null, "payment:app": null, "payment:apple_pay": null, "payment:cards": null, "payment:cash": null, "payment:coins": null, "payment:contactless": null, "payment:credit_cards": null, "payment:debit_cards": null, "payment:electronic_purses": null, "payment:google_pay": null, "payment:maestro": null, "payment:mastercard": null, "payment:mastercard_contactless": null, "payment:visa": null, "payment:visa_debit": null, "payment:visa_electron": null, "phone": null, "self_service": null, "start_date": null, "website": null, "wheelchair": null, "name:en": null, "shop": null, "fee": null, "wikidata": null, "wikipedia": null, "int_name": null, "leisure": null, "healthcare": null, "internet_access": null, "denomination": null, "religion": null, "castle_type": null, "historic": null, "historic:civilization": null, "image": null, "source": null, "theatre:type": null, "natural": null, "ele": null, "male": null, "female": null, "brand:el": null, "brand:en": null, "operator:wikidata": null, "short_name": null, "short_name:el": null, "short_name:en": null, "brewery": null, "outdoor_seating": null, "colour": null, "parcel_locker:type": null, "parcel_mail_in": null, "parcel_pickup": null, "backrest": null, "access": null, "authentication:app": null, "authentication:membership_card": null, "branch": null, "capacity": null, "contact:phone": null, "contact:website": null, "covered": null, "motorcar": null, "parking:fee": null, "ref:EU:EVSE": null, "ref:GR:IDRO": null, "socket:type2": null, "socket:type2:output": null, "lit": null, "socket:type2_combo": null, "socket:type2_combo:output": null, "manufacturer": null, "building": null, "parking": null, "name:de": null, "leaf_type": null, "building:levels": null, "layer": null, "location": null, "intermittent": null, "seasonal": null, "waterway": null, "name:ru": null, "landuse": null, "sport": null, "industrial": null, "education": null, "emergency": null, "operator:type": null, "type": null, "leaf_cycle": null, "label": "amenity:fuel" }, "geometry": { "type": "Point", "coordinates": [ 24.0483702, 35.5068168 ] } },
{ "type": "Feature", "properties": { "element": "node", "id": 4373344190, "amenity": null, "brand": null, "brand:wikidata": null, "name": "AlexNatax", "operator": null, "brand:wikipedia": null, "compressed_air": null, "cuisine": null, "addr:street": "Στυλιανού Σφακιωτάκη", "name:el": "AlexNatax", "tourism": "information", "addr:city": null, "addr:housenumber": null, "addr:postcode": null, "contact:facebook": null, "description": null, "email": null, "fax": null, "fuel:diesel": null, "fuel:diesel_B": null, "fuel:e10": null, "fuel:e5": null, "fuel:gasoline": null, "fuel:heating_oil": null, "fuel:octane_95": null, "fuel:unleaded": null, "opening_hours": null, "payment:app": null, "payment:apple_pay": null, "payment:cards": null, "payment:cash": null, "payment:coins": null, "payment:contactless": null, "payment:credit_cards": null, "payment:debit_cards": null, "payment:electronic_purses": null, "payment:google_pay": null, "payment:maestro": null, "payment:mastercard": null, "payment:mastercard_contactless": null, "payment:visa": null, "payment:visa_debit": null, "payment:visa_electron": null, "phone": null, "self_service": null, "start_date": null, "website": null, "wheelchair": null, "name:en": null, "shop": null, "fee": null, "wikidata": null, "wikipedia": null, "int_name": null, "leisure": null, "healthcare": null, "internet_access": null, "denomination": null, "religion": null, "castle_type": null, "historic": null, "historic:civilization": null, "image": null, "source": null, "theatre:type": null, "natural": null, "ele": null, "male": null, "female": null, "brand:el": null, "brand:en": null, "operator:wikidata": null, "short_name": null, "short_name:el": null, "short_name:en": null, "brewery": null, "outdoor_seating": null, "colour": null, "parcel_locker:type": null, "parcel_mail_in": null, "parcel_pickup": null, "backrest": null, "access": null, "authentication:app": null, "authentication:membership_card": null, "branch": null, "capacity": null, "contact:phone": null, "contact:website": null, "covered": null, "motorcar": null, "parking:fee": null, "ref:EU:EVSE": null, "ref:GR:IDRO": null, "socket:type2": null, "socket:type2:output": null, "lit": null, "socket:type2_combo": null, "socket:type2_combo:output": null, "manufacturer": null, "building": null, "parking": null, "name:de": null, "leaf_type": null, "building:levels": null, "layer": null, "location": null, "intermittent": null, "seasonal": null, "waterway": null, "name:ru": null, "landuse": null, "sport": null, "industrial": null, "education": null, "emergency": null, "operator:type": null, "type": null, "leaf_cycle": null, "label": "tourism:information" }, "geometry": { "type": "Point", "coordinates": [ 24.0422406, 35.5110997 ] } },
{ "type": "Feature", "properties": { "element": "node", "id": 4793769413, "amenity": "fuel", "brand": "Shell", "brand:wikidata": null, "name": "Shell Ιντζές Ο. Ε.", "operator": "ΠΡΑΤΗΡΙΟ ΚΑΥΣΙΜΩΝ ΙΝΤΖΕΣ Ο. Ε.", "brand:wikipedia": null, "compressed_air": null, "cuisine": null, "addr:street": "Μελιδονίου", "name:el": null, "tourism": null, "addr:city": "Χανιά", "addr:housenumber": "2", "addr:postcode": "73133", "contact:facebook": "https://fb.com/intzesoe", "description": "Gas / Petrol Station\nΠρατήριο Υγρών Καυσίμων", "email": "intzesoe@gmail.com", "fax": "+302821040004", "fuel:diesel": "yes", "fuel:diesel_B": "yes", "fuel:e10": "yes", "fuel:e5": "yes", "fuel:gasoline": "yes", "fuel:heating_oil": "yes", "fuel:octane_95": "yes", "fuel:unleaded": "yes", "opening_hours": "24/7", "payment:app": "yes", "payment:apple_pay": "yes", "payment:cards": "yes", "payment:cash": "yes", "payment:coins": "yes", "payment:contactless": "yes", "payment:credit_cards": "yes", "payment:debit_cards": "yes", "payment:electronic_purses": "yes", "payment:google_pay": "yes", "payment:maestro": "yes", "payment:mastercard": "yes", "payment:mastercard_contactless": "yes", "payment:visa": "yes", "payment:visa_debit": "yes", "payment:visa_electron": "yes", "phone": "+302821040004", "self_service": "yes", "start_date": "1996", "website": "https://m.wikidata.org/wiki/Q110716465", "wheelchair": "yes", "name:en": null, "shop": null, "fee": null, "wikidata": null, "wikipedia": null, "int_name": null, "leisure": null, "healthcare": null, "internet_access": null, "denomination": null, "religion": null, "castle_type": null, "historic": null, "historic:civilization": null, "image": null, "source": null, "theatre:type": null, "natural": null, "ele": null, "male": null, "female": null, "brand:el": null, "brand:en": null, "operator:wikidata": null, "short_name": null, "short_name:el": null, "short_name:en": null, "brewery": null, "outdoor_seating": null, "colour": null, "parcel_locker:type": null, "parcel_mail_in": null, "parcel_pickup": null, "backrest": null, "access": null, "authentication:app": null, "authentication:membership_card": null, "branch": null, "capacity": null, "contact:phone": null, "contact:website": null, "covered": null, "motorcar": null, "parking:fee": null, "ref:EU:EVSE": null, "ref:GR:IDRO": null, "socket:type2": null, "socket:type2:output": null, "lit": null, "socket:type2_combo": null, "socket:type2_combo:output": null, "manufacturer": null, "building": null, "parking": null, "name:de": null, "leaf_type": null, "building:levels": null, "layer": null, "location": null, "intermittent": null, "seasonal": null, "waterway": null, "name:ru": null, "landuse": null, "sport": null, "industrial": null, "education": null, "emergency": null, "operator:type": null, "type": null, "leaf_cycle": null, "label": "amenity:fuel" }, "geometry": { "type": "Point", "coordinates": [ 24.0402446, 35.5186964 ] } },
{ "type": "Feature", "properties": { "element": "node", "id": 4957040921, "amenity": null, "brand": null, "brand:wikidata": null, "name": "Cretan Beverly Hills", "operator": null, "brand:wikipedia": null, "compressed_air": null, "cuisine": null, "addr:street": null, "name:el": "Cretan Beverly Hills", "tourism": "attraction", "addr:city": null, "addr:housenumber": null, "addr:postcode": null, "contact:facebook": null, "description": null, "email": null, "fax": null, "fuel:diesel": null, "fuel:diesel_B": null, "fuel:e10": null, "fuel:e5": null, "fuel:gasoline": null, "fuel:heating_oil": null, "fuel:octane_95": null, "fuel:unleaded": null, "opening_hours": null, "payment:app": null, "payment:apple_pay": null, "payment:cards": null, "payment:cash": null, "payment:coins": null, "payment:contactless": null, "payment:credit_cards": null, "payment:debit_cards": null, "payment:electronic_purses": null, "payment:google_pay": null, "payment:maestro": null, "payment:mastercard": null, "payment:mastercard_contactless": null, "payment:visa": null, "payment:visa_debit": null, "payment:visa_electron": null, "phone": null, "self_service": null, "start_date": null, "website": null, "wheelchair": null, "name:en": "Cretan Beverly Hills", "shop": null, "fee": null, "wikidata": null, "wikipedia": null, "int_name": null, "leisure": null, "healthcare": null, "internet_access": null, "denomination": null, "religion": null, "castle_type": null, "historic": null, "historic:civilization": null, "image": null, "source": null, "theatre:type": null, "natural": null, "ele": null, "male": null, "female": null, "brand:el": null, "brand:en": null, "operator:wikidata": null, "short_name": null, "short_name:el": null, "short_name:en": null, "brewery": null, "outdoor_seating": null, "colour": null, "parcel_locker:type": null, "parcel_mail_in": null, "parcel_pickup": null, "backrest": null, "access": null, "authentication:app": null, "authentication:membership_card": null, "branch": null, "capacity": null, "contact:phone": null, "contact:website": null, "covered": null, "motorcar": null, "parking:fee": null, "ref:EU:EVSE": null, "ref:GR:IDRO": null, "socket:type2": null, "socket:type2:output": null, "lit": null, "socket:type2_combo": null, "socket:type2_combo:output": null, "manufacturer": null, "building": null, "parking": null, "name:de": null, "leaf_type": null, "building:levels": null, "layer": null, "location": null, "intermittent": null, "seasonal": null, "waterway": null, "name:ru": null, "landuse": null, "sport": null, "industrial": null, "education": null, "emergency": null, "operator:type": null, "type": null, "leaf_cycle": null, "label": "tourism:attraction" }, "geometry": { "type": "Point", "coordinates": [ 24.053735, 35.5050462 ] } },
{ "type": "Feature", "properties": { "element": "node", "id": 5208020124, "amenity": null, "brand": null, "brand:wikidata": null, "name": "ΣΥΝΚΑ", "operator": null, "brand:wikipedia": null, "compressed_air": null, "cuisine": null, "addr:street": "Παπαναστασίου", "name:el": "ΣΥΝΚΑ", "tourism": null, "addr:city": null, "addr:housenumber": "41", "addr:postcode": "73133", "contact:facebook": null, "description": null, "email": null, "fax": null, "fuel:diesel": null, "fuel:diesel_B": null, "fuel:e10": null, "fuel:e5": null, "fuel:gasoline": null, "fuel:heating_oil": null, "fuel:octane_95": null, "fuel:unleaded": null, "opening_hours": "Mo-Sa 08:00-21:00, Sa 08:00-20:00", "payment:app": null, "payment:apple_pay": null, "payment:cards": null, "payment:cash": null, "payment:coins": null, "payment:contactless": null, "payment:credit_cards": null, "payment:debit_cards": null, "payment:electronic_purses": null, "payment:google_pay": null, "payment:maestro": null, "payment:mastercard": null, "payment:mastercard_contactless": null, "payment:visa": null, "payment:visa_debit": null, "payment:visa_electron": null, "phone": "2821020166", "self_service": null, "start_date": null, "website": null, "wheelchair": null, "name:en": "SYNKA", "shop": "supermarket", "fee": null, "wikidata": null, "wikipedia": null, "int_name": null, "leisure": null, "healthcare": null, "internet_access": null, "denomination": null, "religion": null, "castle_type": null, "historic": null, "historic:civilization": null, "image": null, "source": null, "theatre:type": null, "natural": null, "ele": null, "male": null, "female": null, "brand:el": null, "brand:en": null, "operator:wikidata": null, "short_name": null, "short_name:el": null, "short_name:en": null, "brewery": null, "outdoor_seating": null, "colour": null, "parcel_locker:type": null, "parcel_mail_in": null, "parcel_pickup": null, "backrest": null, "access": null, "authentication:app": null, "authentication:membership_card": null, "branch": null, "capacity": null, "contact:phone": null, "contact:website": null, "covered": null, "motorcar": null, "parking:fee": null, "ref:EU:EVSE": null, "ref:GR:IDRO": null, "socket:type2": null, "socket:type2:output": null, "lit": null, "socket:type2_combo": null, "socket:type2_combo:output": null, "manufacturer": null, "building": null, "parking": null, "name:de": null, "leaf_type": null, "building:levels": null, "layer": null, "location": null, "intermittent": null, "seasonal": null, "waterway": null, "name:ru": null, "landuse": null, "sport": null, "industrial": null, "education": null, "emergency": null, "operator:type": null, "type": null, "leaf_cycle": null, "label": "shop:supermarket" }, "geometry": { "type": "Point", "coordinates": [ 24.036535, 35.5101893 ] } },
{ "type": "Feature", "properties": { "element": "node", "id": 5208034822, "amenity": null, "brand": null, "brand:wikidata": null, "name": "ΣΥΝΚΑ", "operator": null, "brand:wikipedia": null, "compressed_air": null, "cuisine": null, "addr:street": "Μιχελογιάννη", "name:el": "ΣΥΝΚΑ", "tourism": null, "addr:city": null, "addr:housenumber": "11", "addr:postcode": "73133", "contact:facebook": null, "description": null, "email": null, "fax": null, "fuel:diesel": null, "fuel:diesel_B": null, "fuel:e10": null, "fuel:e5": null, "fuel:gasoline": null, "fuel:heating_oil": null, "fuel:octane_95": null, "fuel:unleaded": null, "opening_hours": null, "payment:app": null, "payment:apple_pay": null, "payment:cards": null, "payment:cash": null, "payment:coins": null, "payment:contactless": null, "payment:credit_cards": null, "payment:debit_cards": null, "payment:electronic_purses": null, "payment:google_pay": null, "payment:maestro": null, "payment:mastercard": null, "payment:mastercard_contactless": null, "payment:visa": null, "payment:visa_debit": null, "payment:visa_electron": null, "phone": "2821042392", "self_service": null, "start_date": null, "website": null, "wheelchair": null, "name:en": "SYNKA", "shop": "supermarket", "fee": null, "wikidata": null, "wikipedia": null, "int_name": null, "leisure": null, "healthcare": null, "internet_access": null, "denomination": null, "religion": null, "castle_type": null, "historic": null, "historic:civilization": null, "image": null, "source": null, "theatre:type": null, "natural": null, "ele": null, "male": null, "female": null, "brand:el": null, "brand:en": null, "operator:wikidata": null, "short_name": null, "short_name:el": null, "short_name:en": null, "brewery": null, "outdoor_seating": null, "colour": null, "parcel_locker:type": null, "parcel_mail_in": null, "parcel_pickup": null, "backrest": null, "access": null, "authentication:app": null, "authentication:membership_card": null, "branch": null, "capacity": null, "contact:phone": null, "contact:website": null, "covered": null, "motorcar": null, "parking:fee": null, "ref:EU:EVSE": null, "ref:GR:IDRO": null, "socket:type2": null, "socket:type2:output": null, "lit": null, "socket:type2_combo": null, "socket:type2_combo:output": null, "manufacturer": null, "building": null, "parking": null, "name:de": null, "leaf_type": null, "building:levels": null, "layer": null, "location": null, "intermittent": null, "seasonal": null, "waterway": null, "name:ru": null, "landuse": null, "sport": null, "industrial": null, "education": null, "emergency": null, "operator:type": null, "type": null, "leaf_cycle": null, "label": "shop:supermarket" }, "geometry": { "type": "Point", "coordinates": [ 24.0411858, 35.5076669 ] } },
{ "type": "Feature", "properties": { "element": "node", "id": 5208361121, "amenity": null, "brand": null, "brand:wikidata": null, "name": "Οικία Ελευθερίου Βενιζέλου", "operator": null, "brand:wikipedia": null, "compressed_air": null, "cuisine": null, "addr:street": "Ελευθερίου Βενιζέλου", "name:el": "Οικία Ελευθερίου Βενιζέλου", "tourism": "museum", "addr:city": null, "addr:housenumber": null, "addr:postcode": "73133", "contact:facebook": null, "description": null, "email": null, "fax": null, "fuel:diesel": null, "fuel:diesel_B": null, "fuel:e10": null, "fuel:e5": null, "fuel:gasoline": null, "fuel:heating_oil": null, "fuel:octane_95": null, "fuel:unleaded": null, "opening_hours": "24/7", "payment:app": null, "payment:apple_pay": null, "payment:cards": null, "payment:cash": null, "payment:coins": null, "payment:contactless": null, "payment:credit_cards": null, "payment:debit_cards": null, "payment:electronic_purses": null, "payment:google_pay": null, "payment:maestro": null, "payment:mastercard": null, "payment:mastercard_contactless": null, "payment:visa": null, "payment:visa_debit": null, "payment:visa_electron": null, "phone": "2821056008", "self_service": null, "start_date": null, "website": null, "wheelchair": null, "name:en": "Eleftherios Venizelos 'Museum", "shop": null, "fee": "yes", "wikidata": "Q5358634", "wikipedia": "el:Οικία - Μουσείο Ελευθερίου Βενιζέλου", "int_name": null, "leisure": null, "healthcare": null, "internet_access": null, "denomination": null, "religion": null, "castle_type": null, "historic": null, "historic:civilization": null, "image": null, "source": null, "theatre:type": null, "natural": null, "ele": null, "male": null, "female": null, "brand:el": null, "brand:en": null, "operator:wikidata": null, "short_name": null, "short_name:el": null, "short_name:en": null, "brewery": null, "outdoor_seating": null, "colour": null, "parcel_locker:type": null, "parcel_mail_in": null, "parcel_pickup": null, "backrest": null, "access": null, "authentication:app": null, "authentication:membership_card": null, "branch": null, "capacity": null, "contact:phone": null, "contact:website": null, "covered": null, "motorcar": null, "parking:fee": null, "ref:EU:EVSE": null, "ref:GR:IDRO": null, "socket:type2": null, "socket:type2:output": null, "lit": null, "socket:type2_combo": null, "socket:type2_combo:output": null, "manufacturer": null, "building": null, "parking": null, "name:de": null, "leaf_type": null, "building:levels": null, "layer": null, "location": null, "intermittent": null, "seasonal": null, "waterway": null, "name:ru": null, "landuse": null, "sport": null, "industrial": null, "education": null, "emergency": null, "operator:type": null, "type": null, "leaf_cycle": null, "label": "tourism:museum" }, "geometry": { "type": "Point", "coordinates": [ 24.0386972, 35.5183461 ] } },
{ "type": "Feature", "properties": { "element": "node", "id": 5867522805, "amenity": null, "brand": null, "brand:wikidata": null, "name": null, "operator": null, "brand:wikipedia": null, "compressed_air": null, "cuisine": null, "addr:street": null, "name:el": null, "tourism": "hotel", "addr:city": null, "addr:housenumber": null, "addr:postcode": null, "contact:facebook": null, "description": null, "email": null, "fax": null, "fuel:diesel": null, "fuel:diesel_B": null, "fuel:e10": null, "fuel:e5": null, "fuel:gasoline": null, "fuel:heating_oil": null, "fuel:octane_95": null, "fuel:unleaded": null, "opening_hours": null, "payment:app": null, "payment:apple_pay": null, "payment:cards": null, "payment:cash": null, "payment:coins": null, "payment:contactless": null, "payment:credit_cards": null, "payment:debit_cards": null, "payment:electronic_purses": null, "payment:google_pay": null, "payment:maestro": null, "payment:mastercard": null, "payment:mastercard_contactless": null, "payment:visa": null, "payment:visa_debit": null, "payment:visa_electron": null, "phone": null, "self_service": null, "start_date": null, "website": null, "wheelchair": null, "name:en": null, "shop": null, "fee": null, "wikidata": null, "wikipedia": null, "int_name": null, "leisure": null, "healthcare": null, "internet_access": null, "denomination": null, "religion": null, "castle_type": null, "historic": null, "historic:civilization": null, "image": null, "source": null, "theatre:type": null, "natural": null, "ele": null, "male": null, "female": null, "brand:el": null, "brand:en": null, "operator:wikidata": null, "short_name": null, "short_name:el": null, "short_name:en": null, "brewery": null, "outdoor_seating": null, "colour": null, "parcel_locker:type": null, "parcel_mail_in": null, "parcel_pickup": null, "backrest": null, "access": null, "authentication:app": null, "authentication:membership_card": null, "branch": null, "capacity": null, "contact:phone": null, "contact:website": null, "covered": null, "motorcar": null, "parking:fee": null, "ref:EU:EVSE": null, "ref:GR:IDRO": null, "socket:type2": null, "socket:type2:output": null, "lit": null, "socket:type2_combo": null, "socket:type2_combo:output": null, "manufacturer": null, "building": null, "parking": null, "name:de": null, "leaf_type": null, "building:levels": null, "layer": null, "location": null, "intermittent": null, "seasonal": null, "waterway": null, "name:ru": null, "landuse": null, "sport": null, "industrial": null, "education": null, "emergency": null, "operator:type": null, "type": null, "leaf_cycle": null, "label": "tourism:hotel" }, "geometry": { "type": "Point", "coordinates": [ 24.0547974, 35.5119569 ] } },
{ "type": "Feature", "properties": { "element": "node", "id": 5881957185, "amenity": null, "brand": null, "brand:wikidata": null, "name": "Veneti Bakery 1948", "operator": null, "brand:wikipedia": null, "compressed_air": null, "cuisine": null, "addr:street": null, "name:el": null, "tourism": null, "addr:city": null, "addr:housenumber": null, "addr:postcode": null, "contact:facebook": null, "description": null, "email": null, "fax": null, "fuel:diesel": null, "fuel:diesel_B": null, "fuel:e10": null, "fuel:e5": null, "fuel:gasoline": null, "fuel:heating_oil": null, "fuel:octane_95": null, "fuel:unleaded": null, "opening_hours": "06:00-22:00", "payment:app": null, "payment:apple_pay": null, "payment:cards": null, "payment:cash": null, "payment:coins": null, "payment:contactless": null, "payment:credit_cards": null, "payment:debit_cards": null, "payment:electronic_purses": null, "payment:google_pay": null, "payment:maestro": null, "payment:mastercard": null, "payment:mastercard_contactless": null, "payment:visa": null, "payment:visa_debit": null, "payment:visa_electron": null, "phone": "+30 2821 026510", "self_service": null, "start_date": null, "website": "https://fournosveneti.gr/", "wheelchair": null, "name:en": null, "shop": "bakery", "fee": null, "wikidata": null, "wikipedia": null, "int_name": null, "leisure": null, "healthcare": null, "internet_access": null, "denomination": null, "religion": null, "castle_type": null, "historic": null, "historic:civilization": null, "image": null, "source": null, "theatre:type": null, "natural": null, "ele": null, "male": null, "female": null, "brand:el": null, "brand:en": null, "operator:wikidata": null, "short_name": null, "short_name:el": null, "short_name:en": null, "brewery": null, "outdoor_seating": null, "colour": null, "parcel_locker:type": null, "parcel_mail_in": null, "parcel_pickup": null, "backrest": null, "access": null, "authentication:app": null, "authentication:membership_card": null, "branch": null, "capacity": null, "contact:phone": null, "contact:website": null, "covered": null, "motorcar": null, "parking:fee": null, "ref:EU:EVSE": null, "ref:GR:IDRO": null, "socket:type2": null, "socket:type2:output": null, "lit": null, "socket:type2_combo": null, "socket:type2_combo:output": null, "manufacturer": null, "building": null, "parking": null, "name:de": null, "leaf_type": null, "building:levels": null, "layer": null, "location": null, "intermittent": null, "seasonal": null, "waterway": null, "name:ru": null, "landuse": null, "sport": null, "industrial": null, "education": null, "emergency": null, "operator:type": null, "type": null, "leaf_cycle": null, "label": "shop:bakery" }, "geometry": { "type": "Point", "coordinates": [ 24.0330979, 35.4984318 ] } },
{ "type": "Feature", "properties": { "element": "node", "id": 6830975645, "amenity": "fuel", "brand": "EKO", "brand:wikidata": "Q31283948", "name": "EKO", "operator": "Δ.ΔΗΜΟΤΑΚΗΣ-ΑΙΚ.ΧΑΛΕΒΕΛΑΚΗ ΟΕ", "brand:wikipedia": null, "compressed_air": null, "cuisine": null, "addr:street": null, "name:el": null, "tourism": null, "addr:city": null, "addr:housenumber": null, "addr:postcode": null, "contact:facebook": null, "description": null, "email": null, "fax": null, "fuel:diesel": null, "fuel:diesel_B": null, "fuel:e10": null, "fuel:e5": null, "fuel:gasoline": null, "fuel:heating_oil": null, "fuel:octane_95": null, "fuel:unleaded": null, "opening_hours": null, "payment:app": null, "payment:apple_pay": null, "payment:cards": null, "payment:cash": null, "payment:coins": null, "payment:contactless": null, "payment:credit_cards": null, "payment:debit_cards": null, "payment:electronic_purses": null, "payment:google_pay": null, "payment:maestro": null, "payment:mastercard": null, "payment:mastercard_contactless": null, "payment:visa": null, "payment:visa_debit": null, "payment:visa_electron": null, "phone": null, "self_service": null, "start_date": null, "website": null, "wheelchair": null, "name:en": null, "shop": null, "fee": null, "wikidata": null, "wikipedia": null, "int_name": null, "leisure": null, "healthcare": null, "internet_access": null, "denomination": null, "religion": null, "castle_type": null, "historic": null, "historic:civilization": null, "image": null, "source": null, "theatre:type": null, "natural": null, "ele": null, "male": null, "female": null, "brand:el": null, "brand:en": null, "operator:wikidata": null, "short_name": null, "short_name:el": null, "short_name:en": null, "brewery": null, "outdoor_seating": null, "colour": null, "parcel_locker:type": null, "parcel_mail_in": null, "parcel_pickup": null, "backrest": null, "access": null, "authentication:app": null, "authentication:membership_card": null, "branch": null, "capacity": null, "contact:phone": null, "contact:website": null, "covered": null, "motorcar": null, "parking:fee": null, "ref:EU:EVSE": null, "ref:GR:IDRO": null, "socket:type2": null, "socket:type2:output": null, "lit": null, "socket:type2_combo": null, "socket:type2_combo:output": null, "manufacturer": null, "building": null, "parking": null, "name:de": null, "leaf_type": null, "building:levels": null, "layer": null, "location": null, "intermittent": null, "seasonal": null, "waterway": null, "name:ru": null, "landuse": null, "sport": null, "industrial": null, "education": null, "emergency": null, "operator:type": null, "type": null, "leaf_cycle": null, "label": "amenity:fuel" }, "geometry": { "type": "Point", "coordinates": [ 24.055104, 35.4993279 ] } },
{ "type": "Feature", "properties": { "element": "node", "id": 6903739108, "amenity": "school", "brand": null, "brand:wikidata": null, "name": "10th Primary School of Chania", "operator": null, "brand:wikipedia": null, "compressed_air": null, "cuisine": null, "addr:street": null, "name:el": null, "tourism": null, "addr:city": null, "addr:housenumber": null, "addr:postcode": null, "contact:facebook": null, "description": null, "email": null, "fax": null, "fuel:diesel": null, "fuel:diesel_B": null, "fuel:e10": null, "fuel:e5": null, "fuel:gasoline": null, "fuel:heating_oil": null, "fuel:octane_95": null, "fuel:unleaded": null, "opening_hours": null, "payment:app": null, "payment:apple_pay": null, "payment:cards": null, "payment:cash": null, "payment:coins": null, "payment:contactless": null, "payment:credit_cards": null, "payment:debit_cards": null, "payment:electronic_purses": null, "payment:google_pay": null, "payment:maestro": null, "payment:mastercard": null, "payment:mastercard_contactless": null, "payment:visa": null, "payment:visa_debit": null, "payment:visa_electron": null, "phone": null, "self_service": null, "start_date": null, "website": null, "wheelchair": null, "name:en": null, "shop": null, "fee": null, "wikidata": null, "wikipedia": null, "int_name": null, "leisure": null, "healthcare": null, "internet_access": null, "denomination": null, "religion": null, "castle_type": null, "historic": null, "historic:civilization": null, "image": null, "source": null, "theatre:type": null, "natural": null, "ele": null, "male": null, "female": null, "brand:el": null, "brand:en": null, "operator:wikidata": null, "short_name": null, "short_name:el": null, "short_name:en": null, "brewery": null, "outdoor_seating": null, "colour": null, "parcel_locker:type": null, "parcel_mail_in": null, "parcel_pickup": null, "backrest": null, "access": null, "authentication:app": null, "authentication:membership_card": null, "branch": null, "capacity": null, "contact:phone": null, "contact:website": null, "covered": null, "motorcar": null, "parking:fee": null, "ref:EU:EVSE": null, "ref:GR:IDRO": null, "socket:type2": null, "socket:type2:output": null, "lit": null, "socket:type2_combo": null, "socket:type2_combo:output": null, "manufacturer": null, "building": null, "parking": null, "name:de": null, "leaf_type": null, "building:levels": null, "layer": null, "location": null, "intermittent": null, "seasonal": null, "waterway": null, "name:ru": null, "landuse": null, "sport": null, "industrial": null, "education": null, "emergency": null, "operator:type": null, "type": null, "leaf_cycle": null, "label": "amenity:school" }, "geometry": { "type": "Point", "coordinates": [ 24.0424926, 35.5187427 ] } },
{ "type": "Feature", "properties": { "element": "node", "id": 6903743142, "amenity": "university", "brand": null, "brand:wikidata": null, "name": "Hellenic Mediterranean University Department of Chania", "operator": null, "brand:wikipedia": null, "compressed_air": null, "cuisine": null, "addr:street": null, "name:el": null, "tourism": null, "addr:city": null, "addr:housenumber": null, "addr:postcode": null, "contact:facebook": null, "description": null, "email": null, "fax": null, "fuel:diesel": null, "fuel:diesel_B": null, "fuel:e10": null, "fuel:e5": null, "fuel:gasoline": null, "fuel:heating_oil": null, "fuel:octane_95": null, "fuel:unleaded": null, "opening_hours": null, "payment:app": null, "payment:apple_pay": null, "payment:cards": null, "payment:cash": null, "payment:coins": null, "payment:contactless": null, "payment:credit_cards": null, "payment:debit_cards": null, "payment:electronic_purses": null, "payment:google_pay": null, "payment:maestro": null, "payment:mastercard": null, "payment:mastercard_contactless": null, "payment:visa": null, "payment:visa_debit": null, "payment:visa_electron": null, "phone": null, "self_service": null, "start_date": null, "website": null, "wheelchair": null, "name:en": null, "shop": null, "fee": null, "wikidata": null, "wikipedia": null, "int_name": null, "leisure": null, "healthcare": null, "internet_access": null, "denomination": null, "religion": null, "castle_type": null, "historic": null, "historic:civilization": null, "image": null, "source": null, "theatre:type": null, "natural": null, "ele": null, "male": null, "female": null, "brand:el": null, "brand:en": null, "operator:wikidata": null, "short_name": null, "short_name:el": null, "short_name:en": null, "brewery": null, "outdoor_seating": null, "colour": null, "parcel_locker:type": null, "parcel_mail_in": null, "parcel_pickup": null, "backrest": null, "access": null, "authentication:app": null, "authentication:membership_card": null, "branch": null, "capacity": null, "contact:phone": null, "contact:website": null, "covered": null, "motorcar": null, "parking:fee": null, "ref:EU:EVSE": null, "ref:GR:IDRO": null, "socket:type2": null, "socket:type2:output": null, "lit": null, "socket:type2_combo": null, "socket:type2_combo:output": null, "manufacturer": null, "building": null, "parking": null, "name:de": null, "leaf_type": null, "building:levels": null, "layer": null, "location": null, "intermittent": null, "seasonal": null, "waterway": null, "name:ru": null, "landuse": null, "sport": null, "industrial": null, "education": null, "emergency": null, "operator:type": null, "type": null, "leaf_cycle": null, "label": "amenity:university" }, "geometry": { "type": "Point", "coordinates": [ 24.0426748, 35.5190967 ] } },
{ "type": "Feature", "properties": { "element": "node", "id": 7146103985, "amenity": "pharmacy", "brand": null, "brand:wikidata": null, "name": "Φαρμακειο Βρουλιδάκη", "operator": "Βρουλιδάκη", "brand:wikipedia": null, "compressed_air": null, "cuisine": null, "addr:street": "Παπαναστασίου", "name:el": "Φαρμακειο Βρουλιδάκη", "tourism": null, "addr:city": null, "addr:housenumber": null, "addr:postcode": "73100", "contact:facebook": null, "description": null, "email": null, "fax": null, "fuel:diesel": null, "fuel:diesel_B": null, "fuel:e10": null, "fuel:e5": null, "fuel:gasoline": null, "fuel:heating_oil": null, "fuel:octane_95": null, "fuel:unleaded": null, "opening_hours": null, "payment:app": null, "payment:apple_pay": null, "payment:cards": null, "payment:cash": null, "payment:coins": null, "payment:contactless": null, "payment:credit_cards": null, "payment:debit_cards": null, "payment:electronic_purses": null, "payment:google_pay": null, "payment:maestro": null, "payment:mastercard": null, "payment:mastercard_contactless": null, "payment:visa": null, "payment:visa_debit": null, "payment:visa_electron": null, "phone": "2821053565", "self_service": null, "start_date": null, "website": null, "wheelchair": null, "name:en": "Pharmacy Vroulidakh", "shop": null, "fee": null, "wikidata": null, "wikipedia": null, "int_name": null, "leisure": null, "healthcare": "pharmacy", "internet_access": null, "denomination": null, "religion": null, "castle_type": null, "historic": null, "historic:civilization": null, "image": null, "source": null, "theatre:type": null, "natural": null, "ele": null, "male": null, "female": null, "brand:el": null, "brand:en": null, "operator:wikidata": null, "short_name": null, "short_name:el": null, "short_name:en": null, "brewery": null, "outdoor_seating": null, "colour": null, "parcel_locker:type": null, "parcel_mail_in": null, "parcel_pickup": null, "backrest": null, "access": null, "authentication:app": null, "authentication:membership_card": null, "branch": null, "capacity": null, "contact:phone": null, "contact:website": null, "covered": null, "motorcar": null, "parking:fee": null, "ref:EU:EVSE": null, "ref:GR:IDRO": null, "socket:type2": null, "socket:type2:output": null, "lit": null, "socket:type2_combo": null, "socket:type2_combo:output": null, "manufacturer": null, "building": null, "parking": null, "name:de": null, "leaf_type": null, "building:levels": null, "layer": null, "location": null, "intermittent": null, "seasonal": null, "waterway": null, "name:ru": null, "landuse": null, "sport": null, "industrial": null, "education": null, "emergency": null, "operator:type": null, "type": null, "leaf_cycle": null, "label": "amenity:pharmacy" }, "geometry": { "type": "Point", "coordinates": [ 24.0353872, 35.5102529 ] } },
{ "type": "Feature", "properties": { "element": "node", "id": 7500189402, "amenity": null, "brand": null, "brand:wikidata": null, "name": "Πριναράκης Hyunday service", "operator": "Πριναράκης Κώστας", "brand:wikipedia": null, "compressed_air": null, "cuisine": null, "addr:street": "Αγίου Χριστοφόρου", "name:el": "Πριναράκης Hyunday service", "tourism": null, "addr:city": null, "addr:housenumber": "1", "addr:postcode": "73100", "contact:facebook": null, "description": null, "email": null, "fax": null, "fuel:diesel": null, "fuel:diesel_B": null, "fuel:e10": null, "fuel:e5": null, "fuel:gasoline": null, "fuel:heating_oil": null, "fuel:octane_95": null, "fuel:unleaded": null, "opening_hours": "Mo-Fr 08:00-17:00", "payment:app": null, "payment:apple_pay": null, "payment:cards": null, "payment:cash": null, "payment:coins": null, "payment:contactless": null, "payment:credit_cards": null, "payment:debit_cards": null, "payment:electronic_purses": null, "payment:google_pay": null, "payment:maestro": null, "payment:mastercard": null, "payment:mastercard_contactless": null, "payment:visa": null, "payment:visa_debit": null, "payment:visa_electron": null, "phone": "6983759473", "self_service": null, "start_date": null, "website": null, "wheelchair": null, "name:en": "Prinarakîs Hyunday service", "shop": "car_repair", "fee": null, "wikidata": null, "wikipedia": null, "int_name": null, "leisure": null, "healthcare": null, "internet_access": null, "denomination": null, "religion": null, "castle_type": null, "historic": null, "historic:civilization": null, "image": null, "source": null, "theatre:type": null, "natural": null, "ele": null, "male": null, "female": null, "brand:el": null, "brand:en": null, "operator:wikidata": null, "short_name": null, "short_name:el": null, "short_name:en": null, "brewery": null, "outdoor_seating": null, "colour": null, "parcel_locker:type": null, "parcel_mail_in": null, "parcel_pickup": null, "backrest": null, "access": null, "authentication:app": null, "authentication:membership_card": null, "branch": null, "capacity": null, "contact:phone": null, "contact:website": null, "covered": null, "motorcar": null, "parking:fee": null, "ref:EU:EVSE": null, "ref:GR:IDRO": null, "socket:type2": null, "socket:type2:output": null, "lit": null, "socket:type2_combo": null, "socket:type2_combo:output": null, "manufacturer": null, "building": null, "parking": null, "name:de": null, "leaf_type": null, "building:levels": null, "layer": null, "location": null, "intermittent": null, "seasonal": null, "waterway": null, "name:ru": null, "landuse": null, "sport": null, "industrial": null, "education": null, "emergency": null, "operator:type": null, "type": null, "leaf_cycle": null, "label": "shop:car_repair" }, "geometry": { "type": "Point", "coordinates": [ 24.0363258, 35.4981805 ] } },
{ "type": "Feature", "properties": { "element": "node", "id": 8155410418, "amenity": "cafe", "brand": null, "brand:wikidata": null, "name": "Απόλλων Καφέ", "operator": null, "brand:wikipedia": null, "compressed_air": null, "cuisine": null, "addr:street": "Μιχαήλ Μεφα", "name:el": "Απόλλων Καφέ", "tourism": null, "addr:city": null, "addr:housenumber": "10", "addr:postcode": "73134", "contact:facebook": null, "description": null, "email": null, "fax": null, "fuel:diesel": null, "fuel:diesel_B": null, "fuel:e10": null, "fuel:e5": null, "fuel:gasoline": null, "fuel:heating_oil": null, "fuel:octane_95": null, "fuel:unleaded": null, "opening_hours": null, "payment:app": null, "payment:apple_pay": null, "payment:cards": null, "payment:cash": null, "payment:coins": null, "payment:contactless": null, "payment:credit_cards": null, "payment:debit_cards": null, "payment:electronic_purses": null, "payment:google_pay": null, "payment:maestro": null, "payment:mastercard": null, "payment:mastercard_contactless": null, "payment:visa": null, "payment:visa_debit": null, "payment:visa_electron": null, "phone": "2821008588", "self_service": null, "start_date": null, "website": "https://www.apollon-chania.eu/", "wheelchair": null, "name:en": "Apollon Cafe", "shop": null, "fee": null, "wikidata": null, "wikipedia": null, "int_name": null, "leisure": null, "healthcare": null, "internet_access": "wlan", "denomination": null, "religion": null, "castle_type": null, "historic": null, "historic:civilization": null, "image": null, "source": null, "theatre:type": null, "natural": null, "ele": null, "male": null, "female": null, "brand:el": null, "brand:en": null, "operator:wikidata": null, "short_name": null, "short_name:el": null, "short_name:en": null, "brewery": null, "outdoor_seating": null, "colour": null, "parcel_locker:type": null, "parcel_mail_in": null, "parcel_pickup": null, "backrest": null, "access": null, "authentication:app": null, "authentication:membership_card": null, "branch": null, "capacity": null, "contact:phone": null, "contact:website": null, "covered": null, "motorcar": null, "parking:fee": null, "ref:EU:EVSE": null, "ref:GR:IDRO": null, "socket:type2": null, "socket:type2:output": null, "lit": null, "socket:type2_combo": null, "socket:type2_combo:output": null, "manufacturer": null, "building": null, "parking": null, "name:de": null, "leaf_type": null, "building:levels": null, "layer": null, "location": null, "intermittent": null, "seasonal": null, "waterway": null, "name:ru": null, "landuse": null, "sport": null, "industrial": null, "education": null, "emergency": null, "operator:type": null, "type": null, "leaf_cycle": null, "label": "amenity:cafe" }, "geometry": { "type": "Point", "coordinates": [ 24.0381267, 35.506644 ] } },
{ "type": "Feature", "properties": { "element": "node", "id": 8274346921, "amenity": "place_of_worship", "brand": null, "brand:wikidata": null, "name": "Agios Charalampos", "operator": null, "brand:wikipedia": null, "compressed_air": null, "cuisine": null, "addr:street": null, "name:el": "Άγιος Χαράλαμπος", "tourism": null, "addr:city": null, "addr:housenumber": null, "addr:postcode": null, "contact:facebook": null, "description": null, "email": null, "fax": null, "fuel:diesel": null, "fuel:diesel_B": null, "fuel:e10": null, "fuel:e5": null, "fuel:gasoline": null, "fuel:heating_oil": null, "fuel:octane_95": null, "fuel:unleaded": null, "opening_hours": null, "payment:app": null, "payment:apple_pay": null, "payment:cards": null, "payment:cash": null, "payment:coins": null, "payment:contactless": null, "payment:credit_cards": null, "payment:debit_cards": null, "payment:electronic_purses": null, "payment:google_pay": null, "payment:maestro": null, "payment:mastercard": null, "payment:mastercard_contactless": null, "payment:visa": null, "payment:visa_debit": null, "payment:visa_electron": null, "phone": null, "self_service": null, "start_date": null, "website": null, "wheelchair": null, "name:en": null, "shop": null, "fee": null, "wikidata": null, "wikipedia": null, "int_name": null, "leisure": null, "healthcare": null, "internet_access": null, "denomination": "orthodox", "religion": "christian", "castle_type": null, "historic": null, "historic:civilization": null, "image": null, "source": null, "theatre:type": null, "natural": null, "ele": null, "male": null, "female": null, "brand:el": null, "brand:en": null, "operator:wikidata": null, "short_name": null, "short_name:el": null, "short_name:en": null, "brewery": null, "outdoor_seating": null, "colour": null, "parcel_locker:type": null, "parcel_mail_in": null, "parcel_pickup": null, "backrest": null, "access": null, "authentication:app": null, "authentication:membership_card": null, "branch": null, "capacity": null, "contact:phone": null, "contact:website": null, "covered": null, "motorcar": null, "parking:fee": null, "ref:EU:EVSE": null, "ref:GR:IDRO": null, "socket:type2": null, "socket:type2:output": null, "lit": null, "socket:type2_combo": null, "socket:type2_combo:output": null, "manufacturer": null, "building": null, "parking": null, "name:de": null, "leaf_type": null, "building:levels": null, "layer": null, "location": null, "intermittent": null, "seasonal": null, "waterway": null, "name:ru": null, "landuse": null, "sport": null, "industrial": null, "education": null, "emergency": null, "operator:type": null, "type": null, "leaf_cycle": null, "label": "amenity:place_of_worship" }, "geometry": { "type": "Point", "coordinates": [ 24.0402114, 35.5103475 ] } },
{ "type": "Feature", "properties": { "element": "node", "id": 8274346922, "amenity": "place_of_worship", "brand": null, "brand:wikidata": null, "name": "Agia Anna", "operator": null, "brand:wikipedia": null, "compressed_air": null, "cuisine": null, "addr:street": null, "name:el": "Αγία Άννα", "tourism": null, "addr:city": null, "addr:housenumber": null, "addr:postcode": null, "contact:facebook": null, "description": null, "email": null, "fax": null, "fuel:diesel": null, "fuel:diesel_B": null, "fuel:e10": null, "fuel:e5": null, "fuel:gasoline": null, "fuel:heating_oil": null, "fuel:octane_95": null, "fuel:unleaded": null, "opening_hours": null, "payment:app": null, "payment:apple_pay": null, "payment:cards": null, "payment:cash": null, "payment:coins": null, "payment:contactless": null, "payment:credit_cards": null, "payment:debit_cards": null, "payment:electronic_purses": null, "payment:google_pay": null, "payment:maestro": null, "payment:mastercard": null, "payment:mastercard_contactless": null, "payment:visa": null, "payment:visa_debit": null, "payment:visa_electron": null, "phone": null, "self_service": null, "start_date": null, "website": null, "wheelchair": null, "name:en": null, "shop": null, "fee": null, "wikidata": null, "wikipedia": null, "int_name": null, "leisure": null, "healthcare": null, "internet_access": null, "denomination": "orthodox", "religion": "christian", "castle_type": null, "historic": null, "historic:civilization": null, "image": null, "source": null, "theatre:type": null, "natural": null, "ele": null, "male": null, "female": null, "brand:el": null, "brand:en": null, "operator:wikidata": null, "short_name": null, "short_name:el": null, "short_name:en": null, "brewery": null, "outdoor_seating": null, "colour": null, "parcel_locker:type": null, "parcel_mail_in": null, "parcel_pickup": null, "backrest": null, "access": null, "authentication:app": null, "authentication:membership_card": null, "branch": null, "capacity": null, "contact:phone": null, "contact:website": null, "covered": null, "motorcar": null, "parking:fee": null, "ref:EU:EVSE": null, "ref:GR:IDRO": null, "socket:type2": null, "socket:type2:output": null, "lit": null, "socket:type2_combo": null, "socket:type2_combo:output": null, "manufacturer": null, "building": null, "parking": null, "name:de": null, "leaf_type": null, "building:levels": null, "layer": null, "location": null, "intermittent": null, "seasonal": null, "waterway": null, "name:ru": null, "landuse": null, "sport": null, "industrial": null, "education": null, "emergency": null, "operator:type": null, "type": null, "leaf_cycle": null, "label": "amenity:place_of_worship" }, "geometry": { "type": "Point", "coordinates": [ 24.0351893, 35.50962 ] } },
{ "type": "Feature", "properties": { "element": "node", "id": 9116884917, "amenity": null, "brand": "Mercedes-Benz", "brand:wikidata": "Q36008", "name": "Mercedes-Benz", "operator": null, "brand:wikipedia": null, "compressed_air": null, "cuisine": null, "addr:street": null, "name:el": null, "tourism": null, "addr:city": null, "addr:housenumber": null, "addr:postcode": null, "contact:facebook": null, "description": null, "email": null, "fax": null, "fuel:diesel": null, "fuel:diesel_B": null, "fuel:e10": null, "fuel:e5": null, "fuel:gasoline": null, "fuel:heating_oil": null, "fuel:octane_95": null, "fuel:unleaded": null, "opening_hours": null, "payment:app": null, "payment:apple_pay": null, "payment:cards": null, "payment:cash": null, "payment:coins": null, "payment:contactless": null, "payment:credit_cards": null, "payment:debit_cards": null, "payment:electronic_purses": null, "payment:google_pay": null, "payment:maestro": null, "payment:mastercard": null, "payment:mastercard_contactless": null, "payment:visa": null, "payment:visa_debit": null, "payment:visa_electron": null, "phone": null, "self_service": null, "start_date": null, "website": null, "wheelchair": null, "name:en": "Mercedes", "shop": "car", "fee": null, "wikidata": null, "wikipedia": null, "int_name": null, "leisure": null, "healthcare": null, "internet_access": null, "denomination": null, "religion": null, "castle_type": null, "historic": null, "historic:civilization": null, "image": null, "source": null, "theatre:type": null, "natural": null, "ele": null, "male": null, "female": null, "brand:el": null, "brand:en": null, "operator:wikidata": null, "short_name": null, "short_name:el": null, "short_name:en": null, "brewery": null, "outdoor_seating": null, "colour": null, "parcel_locker:type": null, "parcel_mail_in": null, "parcel_pickup": null, "backrest": null, "access": null, "authentication:app": null, "authentication:membership_card": null, "branch": null, "capacity": null, "contact:phone": null, "contact:website": null, "covered": null, "motorcar": null, "parking:fee": null, "ref:EU:EVSE": null, "ref:GR:IDRO": null, "socket:type2": null, "socket:type2:output": null, "lit": null, "socket:type2_combo": null, "socket:type2_combo:output": null, "manufacturer": null, "building": null, "parking": null, "name:de": null, "leaf_type": null, "building:levels": null, "layer": null, "location": null, "intermittent": null, "seasonal": null, "waterway": null, "name:ru": null, "landuse": null, "sport": null, "industrial": null, "education": null, "emergency": null, "operator:type": null, "type": null, "leaf_cycle": null, "label": "shop:car" }, "geometry": { "type": "Point", "coordinates": [ 24.0333269, 35.4985966 ] } },
{ "type": "Feature", "properties": { "element": "node", "id": 9120769418, "amenity": null, "brand": null, "brand:wikidata": null, "name": null, "operator": null, "brand:wikipedia": null, "compressed_air": null, "cuisine": null, "addr:street": null, "name:el": null, "tourism": null, "addr:city": null, "addr:housenumber": null, "addr:postcode": null, "contact:facebook": null, "description": null, "email": null, "fax": null, "fuel:diesel": null, "fuel:diesel_B": null, "fuel:e10": null, "fuel:e5": null, "fuel:gasoline": null, "fuel:heating_oil": null, "fuel:octane_95": null, "fuel:unleaded": null, "opening_hours": "24/7", "payment:app": null, "payment:apple_pay": null, "payment:cards": null, "payment:cash": null, "payment:coins": null, "payment:contactless": null, "payment:credit_cards": null, "payment:debit_cards": null, "payment:electronic_purses": null, "payment:google_pay": null, "payment:maestro": null, "payment:mastercard": null, "payment:mastercard_contactless": null, "payment:visa": null, "payment:visa_debit": null, "payment:visa_electron": null, "phone": null, "self_service": null, "start_date": null, "website": null, "wheelchair": null, "name:en": "Supermarket", "shop": "supermarket", "fee": null, "wikidata": null, "wikipedia": null, "int_name": null, "leisure": null, "healthcare": null, "internet_access": null, "denomination": null, "religion": null, "castle_type": null, "historic": null, "historic:civilization": null, "image": null, "source": null, "theatre:type": null, "natural": null, "ele": null, "male": null, "female": null, "brand:el": null, "brand:en": null, "operator:wikidata": null, "short_name": null, "short_name:el": null, "short_name:en": null, "brewery": null, "outdoor_seating": null, "colour": null, "parcel_locker:type": null, "parcel_mail_in": null, "parcel_pickup": null, "backrest": null, "access": null, "authentication:app": null, "authentication:membership_card": null, "branch": null, "capacity": null, "contact:phone": null, "contact:website": null, "covered": null, "motorcar": null, "parking:fee": null, "ref:EU:EVSE": null, "ref:GR:IDRO": null, "socket:type2": null, "socket:type2:output": null, "lit": null, "socket:type2_combo": null, "socket:type2_combo:output": null, "manufacturer": null, "building": null, "parking": null, "name:de": null, "leaf_type": null, "building:levels": null, "layer": null, "location": null, "intermittent": null, "seasonal": null, "waterway": null, "name:ru": null, "landuse": null, "sport": null, "industrial": null, "education": null, "emergency": null, "operator:type": null, "type": null, "leaf_cycle": null, "label": "shop:supermarket" }, "geometry": { "type": "Point", "coordinates": [ 24.0368319, 35.5132997 ] } },
{ "type": "Feature", "properties": { "element": "node", "id": 9826480938, "amenity": "fuel", "brand": "Shell", "brand:wikidata": "Q110716465", "name": "SHELL", "operator": "ΕΡΜΗΣ ΑΕΜΕΕ ΥΠ/ΜΑ ΧΑΝΙΩΝ 3", "brand:wikipedia": null, "compressed_air": null, "cuisine": null, "addr:street": null, "name:el": null, "tourism": null, "addr:city": null, "addr:housenumber": null, "addr:postcode": null, "contact:facebook": null, "description": null, "email": null, "fax": null, "fuel:diesel": null, "fuel:diesel_B": null, "fuel:e10": null, "fuel:e5": null, "fuel:gasoline": null, "fuel:heating_oil": null, "fuel:octane_95": null, "fuel:unleaded": null, "opening_hours": null, "payment:app": null, "payment:apple_pay": null, "payment:cards": null, "payment:cash": null, "payment:coins": null, "payment:contactless": null, "payment:credit_cards": null, "payment:debit_cards": null, "payment:electronic_purses": null, "payment:google_pay": null, "payment:maestro": null, "payment:mastercard": null, "payment:mastercard_contactless": null, "payment:visa": null, "payment:visa_debit": null, "payment:visa_electron": null, "phone": null, "self_service": null, "start_date": null, "website": null, "wheelchair": null, "name:en": null, "shop": null, "fee": null, "wikidata": null, "wikipedia": null, "int_name": null, "leisure": null, "healthcare": null, "internet_access": null, "denomination": null, "religion": null, "castle_type": null, "historic": null, "historic:civilization": null, "image": null, "source": null, "theatre:type": null, "natural": null, "ele": null, "male": null, "female": null, "brand:el": null, "brand:en": null, "operator:wikidata": null, "short_name": null, "short_name:el": null, "short_name:en": null, "brewery": null, "outdoor_seating": null, "colour": null, "parcel_locker:type": null, "parcel_mail_in": null, "parcel_pickup": null, "backrest": null, "access": null, "authentication:app": null, "authentication:membership_card": null, "branch": null, "capacity": null, "contact:phone": null, "contact:website": null, "covered": null, "motorcar": null, "parking:fee": null, "ref:EU:EVSE": null, "ref:GR:IDRO": null, "socket:type2": null, "socket:type2:output": null, "lit": null, "socket:type2_combo": null, "socket:type2_combo:output": null, "manufacturer": null, "building": null, "parking": null, "name:de": null, "leaf_type": null, "building:levels": null, "layer": null, "location": null, "intermittent": null, "seasonal": null, "waterway": null, "name:ru": null, "landuse": null, "sport": null, "industrial": null, "education": null, "emergency": null, "operator:type": null, "type": null, "leaf_cycle": null, "label": "amenity:fuel" }, "geometry": { "type": "Point", "coordinates": [ 24.0455594, 35.5088493 ] } },
{ "type": "Feature", "properties": { "element": "node", "id": 9834426653, "amenity": "fuel", "brand": "Shell", "brand:wikidata": "Q110716465", "name": "SHELL", "operator": "ΕΡΜΗΣ Α.Ε.Μ.Ε.Ε", "brand:wikipedia": null, "compressed_air": null, "cuisine": null, "addr:street": null, "name:el": null, "tourism": null, "addr:city": null, "addr:housenumber": null, "addr:postcode": null, "contact:facebook": null, "description": null, "email": null, "fax": null, "fuel:diesel": null, "fuel:diesel_B": null, "fuel:e10": null, "fuel:e5": null, "fuel:gasoline": null, "fuel:heating_oil": null, "fuel:octane_95": null, "fuel:unleaded": null, "opening_hours": null, "payment:app": null, "payment:apple_pay": null, "payment:cards": null, "payment:cash": null, "payment:coins": null, "payment:contactless": null, "payment:credit_cards": null, "payment:debit_cards": null, "payment:electronic_purses": null, "payment:google_pay": null, "payment:maestro": null, "payment:mastercard": null, "payment:mastercard_contactless": null, "payment:visa": null, "payment:visa_debit": null, "payment:visa_electron": null, "phone": null, "self_service": null, "start_date": null, "website": null, "wheelchair": null, "name:en": null, "shop": null, "fee": null, "wikidata": null, "wikipedia": null, "int_name": null, "leisure": null, "healthcare": null, "internet_access": null, "denomination": null, "religion": null, "castle_type": null, "historic": null, "historic:civilization": null, "image": null, "source": null, "theatre:type": null, "natural": null, "ele": null, "male": null, "female": null, "brand:el": null, "brand:en": null, "operator:wikidata": null, "short_name": null, "short_name:el": null, "short_name:en": null, "brewery": null, "outdoor_seating": null, "colour": null, "parcel_locker:type": null, "parcel_mail_in": null, "parcel_pickup": null, "backrest": null, "access": null, "authentication:app": null, "authentication:membership_card": null, "branch": null, "capacity": null, "contact:phone": null, "contact:website": null, "covered": null, "motorcar": null, "parking:fee": null, "ref:EU:EVSE": null, "ref:GR:IDRO": null, "socket:type2": null, "socket:type2:output": null, "lit": null, "socket:type2_combo": null, "socket:type2_combo:output": null, "manufacturer": null, "building": null, "parking": null, "name:de": null, "leaf_type": null, "building:levels": null, "layer": null, "location": null, "intermittent": null, "seasonal": null, "waterway": null, "name:ru": null, "landuse": null, "sport": null, "industrial": null, "education": null, "emergency": null, "operator:type": null, "type": null, "leaf_cycle": null, "label": "amenity:fuel" }, "geometry": { "type": "Point", "coordinates": [ 24.0424073, 35.5008424 ] } },
{ "type": "Feature", "properties": { "element": "node", "id": 9958798511, "amenity": null, "brand": null, "brand:wikidata": null, "name": "Πύργος Χαλέπας", "operator": null, "brand:wikipedia": null, "compressed_air": null, "cuisine": null, "addr:street": null, "name:el": "Πύργος Χαλέπας", "tourism": null, "addr:city": null, "addr:housenumber": null, "addr:postcode": null, "contact:facebook": null, "description": null, "email": null, "fax": null, "fuel:diesel": null, "fuel:diesel_B": null, "fuel:e10": null, "fuel:e5": null, "fuel:gasoline": null, "fuel:heating_oil": null, "fuel:octane_95": null, "fuel:unleaded": null, "opening_hours": null, "payment:app": null, "payment:apple_pay": null, "payment:cards": null, "payment:cash": null, "payment:coins": null, "payment:contactless": null, "payment:credit_cards": null, "payment:debit_cards": null, "payment:electronic_purses": null, "payment:google_pay": null, "payment:maestro": null, "payment:mastercard": null, "payment:mastercard_contactless": null, "payment:visa": null, "payment:visa_debit": null, "payment:visa_electron": null, "phone": null, "self_service": null, "start_date": null, "website": null, "wheelchair": null, "name:en": "Tower of Chalepa", "shop": null, "fee": null, "wikidata": "Q108612743", "wikipedia": null, "int_name": null, "leisure": null, "healthcare": null, "internet_access": null, "denomination": null, "religion": null, "castle_type": "towerhouse", "historic": "castle", "historic:civilization": "ottoman", "image": "https://www.kastra.eu/pics/xalepa2.jpg", "source": "https://www.kastra.eu/castlegr.php?kastro=xalepa", "theatre:type": null, "natural": null, "ele": null, "male": null, "female": null, "brand:el": null, "brand:en": null, "operator:wikidata": null, "short_name": null, "short_name:el": null, "short_name:en": null, "brewery": null, "outdoor_seating": null, "colour": null, "parcel_locker:type": null, "parcel_mail_in": null, "parcel_pickup": null, "backrest": null, "access": null, "authentication:app": null, "authentication:membership_card": null, "branch": null, "capacity": null, "contact:phone": null, "contact:website": null, "covered": null, "motorcar": null, "parking:fee": null, "ref:EU:EVSE": null, "ref:GR:IDRO": null, "socket:type2": null, "socket:type2:output": null, "lit": null, "socket:type2_combo": null, "socket:type2_combo:output": null, "manufacturer": null, "building": null, "parking": null, "name:de": null, "leaf_type": null, "building:levels": null, "layer": null, "location": null, "intermittent": null, "seasonal": null, "waterway": null, "name:ru": null, "landuse": null, "sport": null, "industrial": null, "education": null, "emergency": null, "operator:type": null, "type": null, "leaf_cycle": null, "label": "historic:castle" }, "geometry": { "type": "Point", "coordinates": [ 24.0459422, 35.5143383 ] } },
{ "type": "Feature", "properties": { "element": "node", "id": 10008289522, "amenity": "theatre", "brand": null, "brand:wikidata": null, "name": "Αμφιθέατρο Λενταριανών", "operator": null, "brand:wikipedia": null, "compressed_air": null, "cuisine": null, "addr:street": null, "name:el": null, "tourism": null, "addr:city": "Χανιά", "addr:housenumber": null, "addr:postcode": null, "contact:facebook": null, "description": null, "email": null, "fax": null, "fuel:diesel": null, "fuel:diesel_B": null, "fuel:e10": null, "fuel:e5": null, "fuel:gasoline": null, "fuel:heating_oil": null, "fuel:octane_95": null, "fuel:unleaded": null, "opening_hours": null, "payment:app": null, "payment:apple_pay": null, "payment:cards": null, "payment:cash": null, "payment:coins": null, "payment:contactless": null, "payment:credit_cards": null, "payment:debit_cards": null, "payment:electronic_purses": null, "payment:google_pay": null, "payment:maestro": null, "payment:mastercard": null, "payment:mastercard_contactless": null, "payment:visa": null, "payment:visa_debit": null, "payment:visa_electron": null, "phone": null, "self_service": null, "start_date": null, "website": null, "wheelchair": null, "name:en": null, "shop": null, "fee": null, "wikidata": null, "wikipedia": null, "int_name": null, "leisure": null, "healthcare": null, "internet_access": null, "denomination": null, "religion": null, "castle_type": null, "historic": null, "historic:civilization": null, "image": null, "source": null, "theatre:type": "amphi", "natural": null, "ele": null, "male": null, "female": null, "brand:el": null, "brand:en": null, "operator:wikidata": null, "short_name": null, "short_name:el": null, "short_name:en": null, "brewery": null, "outdoor_seating": null, "colour": null, "parcel_locker:type": null, "parcel_mail_in": null, "parcel_pickup": null, "backrest": null, "access": null, "authentication:app": null, "authentication:membership_card": null, "branch": null, "capacity": null, "contact:phone": null, "contact:website": null, "covered": null, "motorcar": null, "parking:fee": null, "ref:EU:EVSE": null, "ref:GR:IDRO": null, "socket:type2": null, "socket:type2:output": null, "lit": null, "socket:type2_combo": null, "socket:type2_combo:output": null, "manufacturer": null, "building": null, "parking": null, "name:de": null, "leaf_type": null, "building:levels": null, "layer": null, "location": null, "intermittent": null, "seasonal": null, "waterway": null, "name:ru": null, "landuse": null, "sport": null, "industrial": null, "education": null, "emergency": null, "operator:type": null, "type": null, "leaf_cycle": null, "label": "amenity:theatre" }, "geometry": { "type": "Point", "coordinates": [ 24.0501499, 35.5087925 ] } },
{ "type": "Feature", "properties": { "element": "node", "id": 10059247280, "amenity": "post_office", "brand": "DHL", "brand:wikidata": "Q489815", "name": "DHL", "operator": "DHL", "brand:wikipedia": null, "compressed_air": null, "cuisine": null, "addr:street": null, "name:el": null, "tourism": null, "addr:city": null, "addr:housenumber": null, "addr:postcode": null, "contact:facebook": null, "description": null, "email": null, "fax": null, "fuel:diesel": null, "fuel:diesel_B": null, "fuel:e10": null, "fuel:e5": null, "fuel:gasoline": null, "fuel:heating_oil": null, "fuel:octane_95": null, "fuel:unleaded": null, "opening_hours": null, "payment:app": null, "payment:apple_pay": null, "payment:cards": null, "payment:cash": null, "payment:coins": null, "payment:contactless": null, "payment:credit_cards": null, "payment:debit_cards": null, "payment:electronic_purses": null, "payment:google_pay": null, "payment:maestro": null, "payment:mastercard": null, "payment:mastercard_contactless": null, "payment:visa": null, "payment:visa_debit": null, "payment:visa_electron": null, "phone": null, "self_service": null, "start_date": null, "website": null, "wheelchair": null, "name:en": null, "shop": null, "fee": null, "wikidata": null, "wikipedia": null, "int_name": null, "leisure": null, "healthcare": null, "internet_access": null, "denomination": null, "religion": null, "castle_type": null, "historic": null, "historic:civilization": null, "image": null, "source": null, "theatre:type": null, "natural": null, "ele": null, "male": null, "female": null, "brand:el": null, "brand:en": null, "operator:wikidata": null, "short_name": null, "short_name:el": null, "short_name:en": null, "brewery": null, "outdoor_seating": null, "colour": null, "parcel_locker:type": null, "parcel_mail_in": null, "parcel_pickup": null, "backrest": null, "access": null, "authentication:app": null, "authentication:membership_card": null, "branch": null, "capacity": null, "contact:phone": null, "contact:website": null, "covered": null, "motorcar": null, "parking:fee": null, "ref:EU:EVSE": null, "ref:GR:IDRO": null, "socket:type2": null, "socket:type2:output": null, "lit": null, "socket:type2_combo": null, "socket:type2_combo:output": null, "manufacturer": null, "building": null, "parking": null, "name:de": null, "leaf_type": null, "building:levels": null, "layer": null, "location": null, "intermittent": null, "seasonal": null, "waterway": null, "name:ru": null, "landuse": null, "sport": null, "industrial": null, "education": null, "emergency": null, "operator:type": null, "type": null, "leaf_cycle": null, "label": "amenity:post_office" }, "geometry": { "type": "Point", "coordinates": [ 24.0341765, 35.5070525 ] } },
{ "type": "Feature", "properties": { "element": "node", "id": 10090064435, "amenity": "restaurant", "brand": null, "brand:wikidata": null, "name": "Blue Restaurant", "operator": null, "brand:wikipedia": null, "compressed_air": null, "cuisine": null, "addr:street": null, "name:el": null, "tourism": null, "addr:city": null, "addr:housenumber": null, "addr:postcode": null, "contact:facebook": null, "description": null, "email": null, "fax": null, "fuel:diesel": null, "fuel:diesel_B": null, "fuel:e10": null, "fuel:e5": null, "fuel:gasoline": null, "fuel:heating_oil": null, "fuel:octane_95": null, "fuel:unleaded": null, "opening_hours": null, "payment:app": null, "payment:apple_pay": null, "payment:cards": null, "payment:cash": null, "payment:coins": null, "payment:contactless": null, "payment:credit_cards": null, "payment:debit_cards": null, "payment:electronic_purses": null, "payment:google_pay": null, "payment:maestro": null, "payment:mastercard": null, "payment:mastercard_contactless": null, "payment:visa": null, "payment:visa_debit": null, "payment:visa_electron": null, "phone": null, "self_service": null, "start_date": null, "website": null, "wheelchair": null, "name:en": null, "shop": null, "fee": null, "wikidata": null, "wikipedia": null, "int_name": null, "leisure": null, "healthcare": null, "internet_access": null, "denomination": null, "religion": null, "castle_type": null, "historic": null, "historic:civilization": null, "image": null, "source": null, "theatre:type": null, "natural": null, "ele": null, "male": null, "female": null, "brand:el": null, "brand:en": null, "operator:wikidata": null, "short_name": null, "short_name:el": null, "short_name:en": null, "brewery": null, "outdoor_seating": null, "colour": null, "parcel_locker:type": null, "parcel_mail_in": null, "parcel_pickup": null, "backrest": null, "access": null, "authentication:app": null, "authentication:membership_card": null, "branch": null, "capacity": null, "contact:phone": null, "contact:website": null, "covered": null, "motorcar": null, "parking:fee": null, "ref:EU:EVSE": null, "ref:GR:IDRO": null, "socket:type2": null, "socket:type2:output": null, "lit": null, "socket:type2_combo": null, "socket:type2_combo:output": null, "manufacturer": null, "building": null, "parking": null, "name:de": null, "leaf_type": null, "building:levels": null, "layer": null, "location": null, "intermittent": null, "seasonal": null, "waterway": null, "name:ru": null, "landuse": null, "sport": null, "industrial": null, "education": null, "emergency": null, "operator:type": null, "type": null, "leaf_cycle": null, "label": "amenity:restaurant" }, "geometry": { "type": "Point", "coordinates": [ 24.0339159, 35.5175122 ] } },
{ "type": "Feature", "properties": { "element": "node", "id": 10594790052, "amenity": null, "brand": null, "brand:wikidata": null, "name": "Βιολογική Αγορά", "operator": null, "brand:wikipedia": null, "compressed_air": null, "cuisine": null, "addr:street": null, "name:el": null, "tourism": null, "addr:city": null, "addr:housenumber": null, "addr:postcode": null, "contact:facebook": null, "description": null, "email": null, "fax": null, "fuel:diesel": null, "fuel:diesel_B": null, "fuel:e10": null, "fuel:e5": null, "fuel:gasoline": null, "fuel:heating_oil": null, "fuel:octane_95": null, "fuel:unleaded": null, "opening_hours": null, "payment:app": null, "payment:apple_pay": null, "payment:cards": null, "payment:cash": null, "payment:coins": null, "payment:contactless": null, "payment:credit_cards": null, "payment:debit_cards": null, "payment:electronic_purses": null, "payment:google_pay": null, "payment:maestro": null, "payment:mastercard": null, "payment:mastercard_contactless": null, "payment:visa": null, "payment:visa_debit": null, "payment:visa_electron": null, "phone": "+302821069727", "self_service": null, "start_date": null, "website": null, "wheelchair": null, "name:en": null, "shop": "greengrocer", "fee": null, "wikidata": null, "wikipedia": null, "int_name": null, "leisure": null, "healthcare": null, "internet_access": null, "denomination": null, "religion": null, "castle_type": null, "historic": null, "historic:civilization": null, "image": null, "source": "https://bioagora.gr/", "theatre:type": null, "natural": null, "ele": null, "male": null, "female": null, "brand:el": null, "brand:en": null, "operator:wikidata": null, "short_name": null, "short_name:el": null, "short_name:en": null, "brewery": null, "outdoor_seating": null, "colour": null, "parcel_locker:type": null, "parcel_mail_in": null, "parcel_pickup": null, "backrest": null, "access": null, "authentication:app": null, "authentication:membership_card": null, "branch": null, "capacity": null, "contact:phone": null, "contact:website": null, "covered": null, "motorcar": null, "parking:fee": null, "ref:EU:EVSE": null, "ref:GR:IDRO": null, "socket:type2": null, "socket:type2:output": null, "lit": null, "socket:type2_combo": null, "socket:type2_combo:output": null, "manufacturer": null, "building": null, "parking": null, "name:de": null, "leaf_type": null, "building:levels": null, "layer": null, "location": null, "intermittent": null, "seasonal": null, "waterway": null, "name:ru": null, "landuse": null, "sport": null, "industrial": null, "education": null, "emergency": null, "operator:type": null, "type": null, "leaf_cycle": null, "label": "shop:greengrocer" }, "geometry": { "type": "Point", "coordinates": [ 24.0440606, 35.5145749 ] } },
{ "type": "Feature", "properties": { "element": "node", "id": 10880908705, "amenity": "bench", "brand": null, "brand:wikidata": null, "name": null, "operator": null, "brand:wikipedia": null, "compressed_air": null, "cuisine": null, "addr:street": null, "name:el": null, "tourism": null, "addr:city": null, "addr:housenumber": null, "addr:postcode": null, "contact:facebook": null, "description": null, "email": null, "fax": null, "fuel:diesel": null, "fuel:diesel_B": null, "fuel:e10": null, "fuel:e5": null, "fuel:gasoline": null, "fuel:heating_oil": null, "fuel:octane_95": null, "fuel:unleaded": null, "opening_hours": null, "payment:app": null, "payment:apple_pay": null, "payment:cards": null, "payment:cash": null, "payment:coins": null, "payment:contactless": null, "payment:credit_cards": null, "payment:debit_cards": null, "payment:electronic_purses": null, "payment:google_pay": null, "payment:maestro": null, "payment:mastercard": null, "payment:mastercard_contactless": null, "payment:visa": null, "payment:visa_debit": null, "payment:visa_electron": null, "phone": null, "self_service": null, "start_date": null, "website": null, "wheelchair": null, "name:en": null, "shop": null, "fee": null, "wikidata": null, "wikipedia": null, "int_name": null, "leisure": null, "healthcare": null, "internet_access": null, "denomination": null, "religion": null, "castle_type": null, "historic": null, "historic:civilization": null, "image": null, "source": null, "theatre:type": null, "natural": null, "ele": null, "male": null, "female": null, "brand:el": null, "brand:en": null, "operator:wikidata": null, "short_name": null, "short_name:el": null, "short_name:en": null, "brewery": null, "outdoor_seating": null, "colour": null, "parcel_locker:type": null, "parcel_mail_in": null, "parcel_pickup": null, "backrest": null, "access": null, "authentication:app": null, "authentication:membership_card": null, "branch": null, "capacity": null, "contact:phone": null, "contact:website": null, "covered": null, "motorcar": null, "parking:fee": null, "ref:EU:EVSE": null, "ref:GR:IDRO": null, "socket:type2": null, "socket:type2:output": null, "lit": null, "socket:type2_combo": null, "socket:type2_combo:output": null, "manufacturer": null, "building": null, "parking": null, "name:de": null, "leaf_type": null, "building:levels": null, "layer": null, "location": null, "intermittent": null, "seasonal": null, "waterway": null, "name:ru": null, "landuse": null, "sport": null, "industrial": null, "education": null, "emergency": null, "operator:type": null, "type": null, "leaf_cycle": null, "label": "amenity:bench" }, "geometry": { "type": "Point", "coordinates": [ 24.0422671, 35.5195313 ] } },
{ "type": "Feature", "properties": { "element": "node", "id": 11367528500, "amenity": null, "brand": null, "brand:wikidata": null, "name": "Holidays Apartment", "operator": null, "brand:wikipedia": null, "compressed_air": null, "cuisine": null, "addr:street": "Αρτεμισία Λανδράκη", "name:el": null, "tourism": "apartment", "addr:city": "Χανιά", "addr:housenumber": null, "addr:postcode": "731 33", "contact:facebook": null, "description": null, "email": null, "fax": null, "fuel:diesel": null, "fuel:diesel_B": null, "fuel:e10": null, "fuel:e5": null, "fuel:gasoline": null, "fuel:heating_oil": null, "fuel:octane_95": null, "fuel:unleaded": null, "opening_hours": null, "payment:app": null, "payment:apple_pay": null, "payment:cards": null, "payment:cash": null, "payment:coins": null, "payment:contactless": null, "payment:credit_cards": null, "payment:debit_cards": null, "payment:electronic_purses": null, "payment:google_pay": null, "payment:maestro": null, "payment:mastercard": null, "payment:mastercard_contactless": null, "payment:visa": null, "payment:visa_debit": null, "payment:visa_electron": null, "phone": null, "self_service": null, "start_date": null, "website": null, "wheelchair": null, "name:en": null, "shop": null, "fee": null, "wikidata": null, "wikipedia": null, "int_name": null, "leisure": null, "healthcare": null, "internet_access": null, "denomination": null, "religion": null, "castle_type": null, "historic": null, "historic:civilization": null, "image": null, "source": null, "theatre:type": null, "natural": null, "ele": null, "male": null, "female": null, "brand:el": null, "brand:en": null, "operator:wikidata": null, "short_name": null, "short_name:el": null, "short_name:en": null, "brewery": null, "outdoor_seating": null, "colour": null, "parcel_locker:type": null, "parcel_mail_in": null, "parcel_pickup": null, "backrest": null, "access": null, "authentication:app": null, "authentication:membership_card": null, "branch": null, "capacity": null, "contact:phone": null, "contact:website": null, "covered": null, "motorcar": null, "parking:fee": null, "ref:EU:EVSE": null, "ref:GR:IDRO": null, "socket:type2": null, "socket:type2:output": null, "lit": null, "socket:type2_combo": null, "socket:type2_combo:output": null, "manufacturer": null, "building": null, "parking": null, "name:de": null, "leaf_type": null, "building:levels": null, "layer": null, "location": null, "intermittent": null, "seasonal": null, "waterway": null, "name:ru": null, "landuse": null, "sport": null, "industrial": null, "education": null, "emergency": null, "operator:type": null, "type": null, "leaf_cycle": null, "label": "tourism:apartment" }, "geometry": { "type": "Point", "coordinates": [ 24.0485042, 35.5123692 ] } },
{ "type": "Feature", "properties": { "element": "node", "id": 11367528501, "amenity": null, "brand": null, "brand:wikidata": null, "name": "Summer Studio", "operator": null, "brand:wikipedia": null, "compressed_air": null, "cuisine": null, "addr:street": "Αρτεμισία Λανδράκη", "name:el": null, "tourism": "apartment", "addr:city": "Χανιά", "addr:housenumber": null, "addr:postcode": "731 33", "contact:facebook": null, "description": null, "email": null, "fax": null, "fuel:diesel": null, "fuel:diesel_B": null, "fuel:e10": null, "fuel:e5": null, "fuel:gasoline": null, "fuel:heating_oil": null, "fuel:octane_95": null, "fuel:unleaded": null, "opening_hours": null, "payment:app": null, "payment:apple_pay": null, "payment:cards": null, "payment:cash": null, "payment:coins": null, "payment:contactless": null, "payment:credit_cards": null, "payment:debit_cards": null, "payment:electronic_purses": null, "payment:google_pay": null, "payment:maestro": null, "payment:mastercard": null, "payment:mastercard_contactless": null, "payment:visa": null, "payment:visa_debit": null, "payment:visa_electron": null, "phone": null, "self_service": null, "start_date": null, "website": null, "wheelchair": null, "name:en": null, "shop": null, "fee": null, "wikidata": null, "wikipedia": null, "int_name": null, "leisure": null, "healthcare": null, "internet_access": null, "denomination": null, "religion": null, "castle_type": null, "historic": null, "historic:civilization": null, "image": null, "source": null, "theatre:type": null, "natural": null, "ele": null, "male": null, "female": null, "brand:el": null, "brand:en": null, "operator:wikidata": null, "short_name": null, "short_name:el": null, "short_name:en": null, "brewery": null, "outdoor_seating": null, "colour": null, "parcel_locker:type": null, "parcel_mail_in": null, "parcel_pickup": null, "backrest": null, "access": null, "authentication:app": null, "authentication:membership_card": null, "branch": null, "capacity": null, "contact:phone": null, "contact:website": null, "covered": null, "motorcar": null, "parking:fee": null, "ref:EU:EVSE": null, "ref:GR:IDRO": null, "socket:type2": null, "socket:type2:output": null, "lit": null, "socket:type2_combo": null, "socket:type2_combo:output": null, "manufacturer": null, "building": null, "parking": null, "name:de": null, "leaf_type": null, "building:levels": null, "layer": null, "location": null, "intermittent": null, "seasonal": null, "waterway": null, "name:ru": null, "landuse": null, "sport": null, "industrial": null, "education": null, "emergency": null, "operator:type": null, "type": null, "leaf_cycle": null, "label": "tourism:apartment" }, "geometry": { "type": "Point", "coordinates": [ 24.048505, 35.5124137 ] } },
{ "type": "Feature", "properties": { "element": "node", "id": 11367532053, "amenity": null, "brand": null, "brand:wikidata": null, "name": null, "operator": null, "brand:wikipedia": null, "compressed_air": null, "cuisine": null, "addr:street": null, "name:el": null, "tourism": null, "addr:city": null, "addr:housenumber": null, "addr:postcode": null, "contact:facebook": null, "description": null, "email": null, "fax": null, "fuel:diesel": null, "fuel:diesel_B": null, "fuel:e10": null, "fuel:e5": null, "fuel:gasoline": null, "fuel:heating_oil": null, "fuel:octane_95": null, "fuel:unleaded": null, "opening_hours": null, "payment:app": null, "payment:apple_pay": null, "payment:cards": null, "payment:cash": null, "payment:coins": null, "payment:contactless": null, "payment:credit_cards": null, "payment:debit_cards": null, "payment:electronic_purses": null, "payment:google_pay": null, "payment:maestro": null, "payment:mastercard": null, "payment:mastercard_contactless": null, "payment:visa": null, "payment:visa_debit": null, "payment:visa_electron": null, "phone": null, "self_service": null, "start_date": null, "website": null, "wheelchair": null, "name:en": null, "shop": null, "fee": null, "wikidata": null, "wikipedia": null, "int_name": null, "leisure": null, "healthcare": null, "internet_access": null, "denomination": null, "religion": null, "castle_type": null, "historic": null, "historic:civilization": null, "image": null, "source": null, "theatre:type": null, "natural": "peak", "ele": "115", "male": null, "female": null, "brand:el": null, "brand:en": null, "operator:wikidata": null, "short_name": null, "short_name:el": null, "short_name:en": null, "brewery": null, "outdoor_seating": null, "colour": null, "parcel_locker:type": null, "parcel_mail_in": null, "parcel_pickup": null, "backrest": null, "access": null, "authentication:app": null, "authentication:membership_card": null, "branch": null, "capacity": null, "contact:phone": null, "contact:website": null, "covered": null, "motorcar": null, "parking:fee": null, "ref:EU:EVSE": null, "ref:GR:IDRO": null, "socket:type2": null, "socket:type2:output": null, "lit": null, "socket:type2_combo": null, "socket:type2_combo:output": null, "manufacturer": null, "building": null, "parking": null, "name:de": null, "leaf_type": null, "building:levels": null, "layer": null, "location": null, "intermittent": null, "seasonal": null, "waterway": null, "name:ru": null, "landuse": null, "sport": null, "industrial": null, "education": null, "emergency": null, "operator:type": null, "type": null, "leaf_cycle": null, "label": "natural:peak" }, "geometry": { "type": "Point", "coordinates": [ 24.0464362, 35.5049633 ] } },
{ "type": "Feature", "properties": { "element": "node", "id": 11368227044, "amenity": null, "brand": null, "brand:wikidata": null, "name": "Το Μπαρμπέρικο", "operator": null, "brand:wikipedia": null, "compressed_air": null, "cuisine": null, "addr:street": "Κωνσταντίνου Μητσοτάκη", "name:el": null, "tourism": null, "addr:city": "Χανιά", "addr:housenumber": "35", "addr:postcode": "731 32", "contact:facebook": null, "description": null, "email": null, "fax": null, "fuel:diesel": null, "fuel:diesel_B": null, "fuel:e10": null, "fuel:e5": null, "fuel:gasoline": null, "fuel:heating_oil": null, "fuel:octane_95": null, "fuel:unleaded": null, "opening_hours": null, "payment:app": null, "payment:apple_pay": null, "payment:cards": null, "payment:cash": null, "payment:coins": null, "payment:contactless": null, "payment:credit_cards": null, "payment:debit_cards": null, "payment:electronic_purses": null, "payment:google_pay": null, "payment:maestro": null, "payment:mastercard": null, "payment:mastercard_contactless": null, "payment:visa": null, "payment:visa_debit": null, "payment:visa_electron": null, "phone": null, "self_service": null, "start_date": null, "website": null, "wheelchair": null, "name:en": null, "shop": "hairdresser", "fee": null, "wikidata": null, "wikipedia": null, "int_name": null, "leisure": null, "healthcare": null, "internet_access": null, "denomination": null, "religion": null, "castle_type": null, "historic": null, "historic:civilization": null, "image": null, "source": null, "theatre:type": null, "natural": null, "ele": null, "male": "yes", "female": null, "brand:el": null, "brand:en": null, "operator:wikidata": null, "short_name": null, "short_name:el": null, "short_name:en": null, "brewery": null, "outdoor_seating": null, "colour": null, "parcel_locker:type": null, "parcel_mail_in": null, "parcel_pickup": null, "backrest": null, "access": null, "authentication:app": null, "authentication:membership_card": null, "branch": null, "capacity": null, "contact:phone": null, "contact:website": null, "covered": null, "motorcar": null, "parking:fee": null, "ref:EU:EVSE": null, "ref:GR:IDRO": null, "socket:type2": null, "socket:type2:output": null, "lit": null, "socket:type2_combo": null, "socket:type2_combo:output": null, "manufacturer": null, "building": null, "parking": null, "name:de": null, "leaf_type": null, "building:levels": null, "layer": null, "location": null, "intermittent": null, "seasonal": null, "waterway": null, "name:ru": null, "landuse": null, "sport": null, "industrial": null, "education": null, "emergency": null, "operator:type": null, "type": null, "leaf_cycle": null, "label": "shop:hairdresser" }, "geometry": { "type": "Point", "coordinates": [ 24.0418195, 35.5149493 ] } },
{ "type": "Feature", "properties": { "element": "node", "id": 11368227057, "amenity": null, "brand": null, "brand:wikidata": null, "name": "Κοσμαδάκι", "operator": null, "brand:wikipedia": null, "compressed_air": null, "cuisine": null, "addr:street": null, "name:el": null, "tourism": null, "addr:city": null, "addr:housenumber": null, "addr:postcode": null, "contact:facebook": null, "description": null, "email": null, "fax": null, "fuel:diesel": null, "fuel:diesel_B": null, "fuel:e10": null, "fuel:e5": null, "fuel:gasoline": null, "fuel:heating_oil": null, "fuel:octane_95": null, "fuel:unleaded": null, "opening_hours": null, "payment:app": null, "payment:apple_pay": null, "payment:cards": null, "payment:cash": null, "payment:coins": null, "payment:contactless": null, "payment:credit_cards": null, "payment:debit_cards": null, "payment:electronic_purses": null, "payment:google_pay": null, "payment:maestro": null, "payment:mastercard": null, "payment:mastercard_contactless": null, "payment:visa": null, "payment:visa_debit": null, "payment:visa_electron": null, "phone": null, "self_service": null, "start_date": null, "website": null, "wheelchair": null, "name:en": null, "shop": "bakery", "fee": null, "wikidata": null, "wikipedia": null, "int_name": null, "leisure": null, "healthcare": null, "internet_access": null, "denomination": null, "religion": null, "castle_type": null, "historic": null, "historic:civilization": null, "image": null, "source": null, "theatre:type": null, "natural": null, "ele": null, "male": null, "female": null, "brand:el": null, "brand:en": null, "operator:wikidata": null, "short_name": null, "short_name:el": null, "short_name:en": null, "brewery": null, "outdoor_seating": null, "colour": null, "parcel_locker:type": null, "parcel_mail_in": null, "parcel_pickup": null, "backrest": null, "access": null, "authentication:app": null, "authentication:membership_card": null, "branch": null, "capacity": null, "contact:phone": null, "contact:website": null, "covered": null, "motorcar": null, "parking:fee": null, "ref:EU:EVSE": null, "ref:GR:IDRO": null, "socket:type2": null, "socket:type2:output": null, "lit": null, "socket:type2_combo": null, "socket:type2_combo:output": null, "manufacturer": null, "building": null, "parking": null, "name:de": null, "leaf_type": null, "building:levels": null, "layer": null, "location": null, "intermittent": null, "seasonal": null, "waterway": null, "name:ru": null, "landuse": null, "sport": null, "industrial": null, "education": null, "emergency": null, "operator:type": null, "type": null, "leaf_cycle": null, "label": "shop:bakery" }, "geometry": { "type": "Point", "coordinates": [ 24.0414615, 35.5147487 ] } },
{ "type": "Feature", "properties": { "element": "node", "id": 11368239476, "amenity": null, "brand": null, "brand:wikidata": null, "name": "Mr & Mrs Barber", "operator": null, "brand:wikipedia": null, "compressed_air": null, "cuisine": null, "addr:street": "Κωνσταντίνου Μητσοτάκη", "name:el": null, "tourism": null, "addr:city": null, "addr:housenumber": "1", "addr:postcode": null, "contact:facebook": null, "description": null, "email": null, "fax": null, "fuel:diesel": null, "fuel:diesel_B": null, "fuel:e10": null, "fuel:e5": null, "fuel:gasoline": null, "fuel:heating_oil": null, "fuel:octane_95": null, "fuel:unleaded": null, "opening_hours": null, "payment:app": null, "payment:apple_pay": null, "payment:cards": null, "payment:cash": null, "payment:coins": null, "payment:contactless": null, "payment:credit_cards": null, "payment:debit_cards": null, "payment:electronic_purses": null, "payment:google_pay": null, "payment:maestro": null, "payment:mastercard": null, "payment:mastercard_contactless": null, "payment:visa": null, "payment:visa_debit": null, "payment:visa_electron": null, "phone": null, "self_service": null, "start_date": null, "website": null, "wheelchair": null, "name:en": "Mr & Mrs Barber & Salon", "shop": "hairdresser", "fee": null, "wikidata": null, "wikipedia": null, "int_name": null, "leisure": null, "healthcare": null, "internet_access": null, "denomination": null, "religion": null, "castle_type": null, "historic": null, "historic:civilization": null, "image": null, "source": null, "theatre:type": null, "natural": null, "ele": null, "male": "yes", "female": "yes", "brand:el": null, "brand:en": null, "operator:wikidata": null, "short_name": null, "short_name:el": null, "short_name:en": null, "brewery": null, "outdoor_seating": null, "colour": null, "parcel_locker:type": null, "parcel_mail_in": null, "parcel_pickup": null, "backrest": null, "access": null, "authentication:app": null, "authentication:membership_card": null, "branch": null, "capacity": null, "contact:phone": null, "contact:website": null, "covered": null, "motorcar": null, "parking:fee": null, "ref:EU:EVSE": null, "ref:GR:IDRO": null, "socket:type2": null, "socket:type2:output": null, "lit": null, "socket:type2_combo": null, "socket:type2_combo:output": null, "manufacturer": null, "building": null, "parking": null, "name:de": null, "leaf_type": null, "building:levels": null, "layer": null, "location": null, "intermittent": null, "seasonal": null, "waterway": null, "name:ru": null, "landuse": null, "sport": null, "industrial": null, "education": null, "emergency": null, "operator:type": null, "type": null, "leaf_cycle": null, "label": "shop:hairdresser" }, "geometry": { "type": "Point", "coordinates": [ 24.0384482, 35.5151322 ] } },
{ "type": "Feature", "properties": { "element": "node", "id": 11368855179, "amenity": "atm", "brand": "Τράπεζα Πειραιώς", "brand:wikidata": "Q3312", "name": null, "operator": "Τράπεζα Πειραιώς", "brand:wikipedia": null, "compressed_air": null, "cuisine": null, "addr:street": null, "name:el": "Τράπεζα Πειραιώς", "tourism": null, "addr:city": null, "addr:housenumber": null, "addr:postcode": null, "contact:facebook": null, "description": null, "email": null, "fax": null, "fuel:diesel": null, "fuel:diesel_B": null, "fuel:e10": null, "fuel:e5": null, "fuel:gasoline": null, "fuel:heating_oil": null, "fuel:octane_95": null, "fuel:unleaded": null, "opening_hours": null, "payment:app": null, "payment:apple_pay": null, "payment:cards": null, "payment:cash": null, "payment:coins": null, "payment:contactless": null, "payment:credit_cards": null, "payment:debit_cards": null, "payment:electronic_purses": null, "payment:google_pay": null, "payment:maestro": null, "payment:mastercard": null, "payment:mastercard_contactless": null, "payment:visa": null, "payment:visa_debit": null, "payment:visa_electron": null, "phone": null, "self_service": null, "start_date": null, "website": null, "wheelchair": null, "name:en": "Piraeus Bank", "shop": null, "fee": null, "wikidata": null, "wikipedia": null, "int_name": null, "leisure": null, "healthcare": null, "internet_access": null, "denomination": null, "religion": null, "castle_type": null, "historic": null, "historic:civilization": null, "image": null, "source": null, "theatre:type": null, "natural": null, "ele": null, "male": null, "female": null, "brand:el": "Τράπεζα Πειραιώς", "brand:en": "Piraeus Bank", "operator:wikidata": "Q3312", "short_name": "Πειραιώς", "short_name:el": "Πειραιώς", "short_name:en": "Piraeus", "brewery": null, "outdoor_seating": null, "colour": null, "parcel_locker:type": null, "parcel_mail_in": null, "parcel_pickup": null, "backrest": null, "access": null, "authentication:app": null, "authentication:membership_card": null, "branch": null, "capacity": null, "contact:phone": null, "contact:website": null, "covered": null, "motorcar": null, "parking:fee": null, "ref:EU:EVSE": null, "ref:GR:IDRO": null, "socket:type2": null, "socket:type2:output": null, "lit": null, "socket:type2_combo": null, "socket:type2_combo:output": null, "manufacturer": null, "building": null, "parking": null, "name:de": null, "leaf_type": null, "building:levels": null, "layer": null, "location": null, "intermittent": null, "seasonal": null, "waterway": null, "name:ru": null, "landuse": null, "sport": null, "industrial": null, "education": null, "emergency": null, "operator:type": null, "type": null, "leaf_cycle": null, "label": "amenity:atm" }, "geometry": { "type": "Point", "coordinates": [ 24.0473538, 35.5134524 ] } },
{ "type": "Feature", "properties": { "element": "node", "id": 11368870277, "amenity": null, "brand": null, "brand:wikidata": null, "name": "Casa Dei Sogni", "operator": null, "brand:wikipedia": null, "compressed_air": null, "cuisine": null, "addr:street": "Οδύσσεα Ανδρούτσου", "name:el": null, "tourism": "apartment", "addr:city": "Χανιά", "addr:housenumber": null, "addr:postcode": "731 33", "contact:facebook": null, "description": null, "email": null, "fax": null, "fuel:diesel": null, "fuel:diesel_B": null, "fuel:e10": null, "fuel:e5": null, "fuel:gasoline": null, "fuel:heating_oil": null, "fuel:octane_95": null, "fuel:unleaded": null, "opening_hours": null, "payment:app": null, "payment:apple_pay": null, "payment:cards": null, "payment:cash": null, "payment:coins": null, "payment:contactless": null, "payment:credit_cards": null, "payment:debit_cards": null, "payment:electronic_purses": null, "payment:google_pay": null, "payment:maestro": null, "payment:mastercard": null, "payment:mastercard_contactless": null, "payment:visa": null, "payment:visa_debit": null, "payment:visa_electron": null, "phone": null, "self_service": null, "start_date": null, "website": null, "wheelchair": null, "name:en": null, "shop": null, "fee": null, "wikidata": null, "wikipedia": null, "int_name": null, "leisure": null, "healthcare": null, "internet_access": null, "denomination": null, "religion": null, "castle_type": null, "historic": null, "historic:civilization": null, "image": null, "source": null, "theatre:type": null, "natural": null, "ele": null, "male": null, "female": null, "brand:el": null, "brand:en": null, "operator:wikidata": null, "short_name": null, "short_name:el": null, "short_name:en": null, "brewery": null, "outdoor_seating": null, "colour": null, "parcel_locker:type": null, "parcel_mail_in": null, "parcel_pickup": null, "backrest": null, "access": null, "authentication:app": null, "authentication:membership_card": null, "branch": null, "capacity": null, "contact:phone": null, "contact:website": null, "covered": null, "motorcar": null, "parking:fee": null, "ref:EU:EVSE": null, "ref:GR:IDRO": null, "socket:type2": null, "socket:type2:output": null, "lit": null, "socket:type2_combo": null, "socket:type2_combo:output": null, "manufacturer": null, "building": null, "parking": null, "name:de": null, "leaf_type": null, "building:levels": null, "layer": null, "location": null, "intermittent": null, "seasonal": null, "waterway": null, "name:ru": null, "landuse": null, "sport": null, "industrial": null, "education": null, "emergency": null, "operator:type": null, "type": null, "leaf_cycle": null, "label": "tourism:apartment" }, "geometry": { "type": "Point", "coordinates": [ 24.0482813, 35.5121546 ] } },
{ "type": "Feature", "properties": { "element": "node", "id": 11487290240, "amenity": "bar", "brand": null, "brand:wikidata": null, "name": "Melitis", "operator": null, "brand:wikipedia": null, "compressed_air": null, "cuisine": null, "addr:street": "Παπαναστασίου", "name:el": null, "tourism": null, "addr:city": "CHANIA", "addr:housenumber": "80", "addr:postcode": "73134", "contact:facebook": null, "description": null, "email": null, "fax": null, "fuel:diesel": null, "fuel:diesel_B": null, "fuel:e10": null, "fuel:e5": null, "fuel:gasoline": null, "fuel:heating_oil": null, "fuel:octane_95": null, "fuel:unleaded": null, "opening_hours": "Mo-Su 07:00-23:30", "payment:app": null, "payment:apple_pay": null, "payment:cards": null, "payment:cash": null, "payment:coins": null, "payment:contactless": null, "payment:credit_cards": null, "payment:debit_cards": null, "payment:electronic_purses": null, "payment:google_pay": null, "payment:maestro": null, "payment:mastercard": null, "payment:mastercard_contactless": null, "payment:visa": null, "payment:visa_debit": null, "payment:visa_electron": null, "phone": null, "self_service": null, "start_date": null, "website": null, "wheelchair": null, "name:en": null, "shop": null, "fee": null, "wikidata": null, "wikipedia": null, "int_name": null, "leisure": null, "healthcare": null, "internet_access": null, "denomination": null, "religion": null, "castle_type": null, "historic": null, "historic:civilization": null, "image": null, "source": null, "theatre:type": null, "natural": null, "ele": null, "male": null, "female": null, "brand:el": null, "brand:en": null, "operator:wikidata": null, "short_name": null, "short_name:el": null, "short_name:en": null, "brewery": "various;yes", "outdoor_seating": null, "colour": null, "parcel_locker:type": null, "parcel_mail_in": null, "parcel_pickup": null, "backrest": null, "access": null, "authentication:app": null, "authentication:membership_card": null, "branch": null, "capacity": null, "contact:phone": null, "contact:website": null, "covered": null, "motorcar": null, "parking:fee": null, "ref:EU:EVSE": null, "ref:GR:IDRO": null, "socket:type2": null, "socket:type2:output": null, "lit": null, "socket:type2_combo": null, "socket:type2_combo:output": null, "manufacturer": null, "building": null, "parking": null, "name:de": null, "leaf_type": null, "building:levels": null, "layer": null, "location": null, "intermittent": null, "seasonal": null, "waterway": null, "name:ru": null, "landuse": null, "sport": null, "industrial": null, "education": null, "emergency": null, "operator:type": null, "type": null, "leaf_cycle": null, "label": "amenity:bar" }, "geometry": { "type": "Point", "coordinates": [ 24.0387634, 35.5097453 ] } },
{ "type": "Feature", "properties": { "element": "node", "id": 11575856047, "amenity": null, "brand": null, "brand:wikidata": null, "name": null, "operator": null, "brand:wikipedia": null, "compressed_air": null, "cuisine": null, "addr:street": null, "name:el": null, "tourism": null, "addr:city": null, "addr:housenumber": null, "addr:postcode": null, "contact:facebook": null, "description": null, "email": null, "fax": null, "fuel:diesel": null, "fuel:diesel_B": null, "fuel:e10": null, "fuel:e5": null, "fuel:gasoline": null, "fuel:heating_oil": null, "fuel:octane_95": null, "fuel:unleaded": null, "opening_hours": null, "payment:app": null, "payment:apple_pay": null, "payment:cards": null, "payment:cash": null, "payment:coins": null, "payment:contactless": null, "payment:credit_cards": null, "payment:debit_cards": null, "payment:electronic_purses": null, "payment:google_pay": null, "payment:maestro": null, "payment:mastercard": null, "payment:mastercard_contactless": null, "payment:visa": null, "payment:visa_debit": null, "payment:visa_electron": null, "phone": null, "self_service": null, "start_date": null, "website": null, "wheelchair": null, "name:en": null, "shop": "supermarket", "fee": null, "wikidata": null, "wikipedia": null, "int_name": null, "leisure": null, "healthcare": null, "internet_access": null, "denomination": null, "religion": null, "castle_type": null, "historic": null, "historic:civilization": null, "image": null, "source": null, "theatre:type": null, "natural": null, "ele": null, "male": null, "female": null, "brand:el": null, "brand:en": null, "operator:wikidata": null, "short_name": null, "short_name:el": null, "short_name:en": null, "brewery": null, "outdoor_seating": null, "colour": null, "parcel_locker:type": null, "parcel_mail_in": null, "parcel_pickup": null, "backrest": null, "access": null, "authentication:app": null, "authentication:membership_card": null, "branch": null, "capacity": null, "contact:phone": null, "contact:website": null, "covered": null, "motorcar": null, "parking:fee": null, "ref:EU:EVSE": null, "ref:GR:IDRO": null, "socket:type2": null, "socket:type2:output": null, "lit": null, "socket:type2_combo": null, "socket:type2_combo:output": null, "manufacturer": null, "building": null, "parking": null, "name:de": null, "leaf_type": null, "building:levels": null, "layer": null, "location": null, "intermittent": null, "seasonal": null, "waterway": null, "name:ru": null, "landuse": null, "sport": null, "industrial": null, "education": null, "emergency": null, "operator:type": null, "type": null, "leaf_cycle": null, "label": "shop:supermarket" }, "geometry": { "type": "Point", "coordinates": [ 24.0584654, 35.4976156 ] } },
{ "type": "Feature", "properties": { "element": "node", "id": 11898373069, "amenity": null, "brand": null, "brand:wikidata": null, "name": "Πάρκο Μόρφου", "operator": null, "brand:wikipedia": null, "compressed_air": null, "cuisine": null, "addr:street": null, "name:el": "Πάρκο Μόρφου", "tourism": null, "addr:city": null, "addr:housenumber": null, "addr:postcode": null, "contact:facebook": null, "description": null, "email": null, "fax": null, "fuel:diesel": null, "fuel:diesel_B": null, "fuel:e10": null, "fuel:e5": null, "fuel:gasoline": null, "fuel:heating_oil": null, "fuel:octane_95": null, "fuel:unleaded": null, "opening_hours": null, "payment:app": null, "payment:apple_pay": null, "payment:cards": null, "payment:cash": null, "payment:coins": null, "payment:contactless": null, "payment:credit_cards": null, "payment:debit_cards": null, "payment:electronic_purses": null, "payment:google_pay": null, "payment:maestro": null, "payment:mastercard": null, "payment:mastercard_contactless": null, "payment:visa": null, "payment:visa_debit": null, "payment:visa_electron": null, "phone": null, "self_service": null, "start_date": null, "website": null, "wheelchair": null, "name:en": "Morfou Park", "shop": null, "fee": null, "wikidata": null, "wikipedia": null, "int_name": null, "leisure": "park", "healthcare": null, "internet_access": null, "denomination": null, "religion": null, "castle_type": null, "historic": null, "historic:civilization": null, "image": null, "source": null, "theatre:type": null, "natural": null, "ele": null, "male": null, "female": null, "brand:el": null, "brand:en": null, "operator:wikidata": null, "short_name": null, "short_name:el": null, "short_name:en": null, "brewery": null, "outdoor_seating": null, "colour": null, "parcel_locker:type": null, "parcel_mail_in": null, "parcel_pickup": null, "backrest": null, "access": null, "authentication:app": null, "authentication:membership_card": null, "branch": null, "capacity": null, "contact:phone": null, "contact:website": null, "covered": null, "motorcar": null, "parking:fee": null, "ref:EU:EVSE": null, "ref:GR:IDRO": null, "socket:type2": null, "socket:type2:output": null, "lit": null, "socket:type2_combo": null, "socket:type2_combo:output": null, "manufacturer": null, "building": null, "parking": null, "name:de": null, "leaf_type": null, "building:levels": null, "layer": null, "location": null, "intermittent": null, "seasonal": null, "waterway": null, "name:ru": null, "landuse": null, "sport": null, "industrial": null, "education": null, "emergency": null, "operator:type": null, "type": null, "leaf_cycle": null, "label": "leisure:park" }, "geometry": { "type": "Point", "coordinates": [ 24.0434384, 35.51139 ] } },
{ "type": "Feature", "properties": { "element": "node", "id": 12009389475, "amenity": "place_of_worship", "brand": null, "brand:wikidata": null, "name": null, "operator": null, "brand:wikipedia": null, "compressed_air": null, "cuisine": null, "addr:street": null, "name:el": null, "tourism": null, "addr:city": null, "addr:housenumber": null, "addr:postcode": null, "contact:facebook": null, "description": null, "email": null, "fax": null, "fuel:diesel": null, "fuel:diesel_B": null, "fuel:e10": null, "fuel:e5": null, "fuel:gasoline": null, "fuel:heating_oil": null, "fuel:octane_95": null, "fuel:unleaded": null, "opening_hours": null, "payment:app": null, "payment:apple_pay": null, "payment:cards": null, "payment:cash": null, "payment:coins": null, "payment:contactless": null, "payment:credit_cards": null, "payment:debit_cards": null, "payment:electronic_purses": null, "payment:google_pay": null, "payment:maestro": null, "payment:mastercard": null, "payment:mastercard_contactless": null, "payment:visa": null, "payment:visa_debit": null, "payment:visa_electron": null, "phone": null, "self_service": null, "start_date": null, "website": null, "wheelchair": null, "name:en": null, "shop": null, "fee": null, "wikidata": null, "wikipedia": null, "int_name": null, "leisure": null, "healthcare": null, "internet_access": null, "denomination": null, "religion": "christian", "castle_type": null, "historic": null, "historic:civilization": null, "image": null, "source": null, "theatre:type": null, "natural": null, "ele": null, "male": null, "female": null, "brand:el": null, "brand:en": null, "operator:wikidata": null, "short_name": null, "short_name:el": null, "short_name:en": null, "brewery": null, "outdoor_seating": null, "colour": null, "parcel_locker:type": null, "parcel_mail_in": null, "parcel_pickup": null, "backrest": null, "access": null, "authentication:app": null, "authentication:membership_card": null, "branch": null, "capacity": null, "contact:phone": null, "contact:website": null, "covered": null, "motorcar": null, "parking:fee": null, "ref:EU:EVSE": null, "ref:GR:IDRO": null, "socket:type2": null, "socket:type2:output": null, "lit": null, "socket:type2_combo": null, "socket:type2_combo:output": null, "manufacturer": null, "building": null, "parking": null, "name:de": null, "leaf_type": null, "building:levels": null, "layer": null, "location": null, "intermittent": null, "seasonal": null, "waterway": null, "name:ru": null, "landuse": null, "sport": null, "industrial": null, "education": null, "emergency": null, "operator:type": null, "type": null, "leaf_cycle": null, "label": "amenity:place_of_worship" }, "geometry": { "type": "Point", "coordinates": [ 24.0497442, 35.5033302 ] } },
{ "type": "Feature", "properties": { "element": "node", "id": 12325776377, "amenity": "cafe", "brand": null, "brand:wikidata": null, "name": "Αρτοπωλείο Καλογρίδης", "operator": null, "brand:wikipedia": null, "compressed_air": null, "cuisine": null, "addr:street": "Εμμ. Μουντάκη", "name:el": null, "tourism": null, "addr:city": "Χανιά", "addr:housenumber": "36", "addr:postcode": "73100", "contact:facebook": null, "description": null, "email": null, "fax": null, "fuel:diesel": null, "fuel:diesel_B": null, "fuel:e10": null, "fuel:e5": null, "fuel:gasoline": null, "fuel:heating_oil": null, "fuel:octane_95": null, "fuel:unleaded": null, "opening_hours": "Mo-Sa 06:00-22:00", "payment:app": null, "payment:apple_pay": null, "payment:cards": null, "payment:cash": null, "payment:coins": null, "payment:contactless": null, "payment:credit_cards": null, "payment:debit_cards": null, "payment:electronic_purses": null, "payment:google_pay": null, "payment:maestro": null, "payment:mastercard": null, "payment:mastercard_contactless": null, "payment:visa": null, "payment:visa_debit": null, "payment:visa_electron": null, "phone": "+30 2821 046882", "self_service": null, "start_date": null, "website": "https://www.facebook.com/profile.php?id=61565544632691", "wheelchair": null, "name:en": null, "shop": null, "fee": null, "wikidata": null, "wikipedia": null, "int_name": null, "leisure": null, "healthcare": null, "internet_access": "yes", "denomination": null, "religion": null, "castle_type": null, "historic": null, "historic:civilization": null, "image": null, "source": null, "theatre:type": null, "natural": null, "ele": null, "male": null, "female": null, "brand:el": null, "brand:en": null, "operator:wikidata": null, "short_name": null, "short_name:el": null, "short_name:en": null, "brewery": null, "outdoor_seating": "yes", "colour": null, "parcel_locker:type": null, "parcel_mail_in": null, "parcel_pickup": null, "backrest": null, "access": null, "authentication:app": null, "authentication:membership_card": null, "branch": null, "capacity": null, "contact:phone": null, "contact:website": null, "covered": null, "motorcar": null, "parking:fee": null, "ref:EU:EVSE": null, "ref:GR:IDRO": null, "socket:type2": null, "socket:type2:output": null, "lit": null, "socket:type2_combo": null, "socket:type2_combo:output": null, "manufacturer": null, "building": null, "parking": null, "name:de": null, "leaf_type": null, "building:levels": null, "layer": null, "location": null, "intermittent": null, "seasonal": null, "waterway": null, "name:ru": null, "landuse": null, "sport": null, "industrial": null, "education": null, "emergency": null, "operator:type": null, "type": null, "leaf_cycle": null, "label": "amenity:cafe" }, "geometry": { "type": "Point", "coordinates": [ 24.0354587, 35.5105819 ] } },
{ "type": "Feature", "properties": { "element": "node", "id": 12750515401, "amenity": null, "brand": null, "brand:wikidata": null, "name": "Halepa Hotel", "operator": null, "brand:wikipedia": null, "compressed_air": null, "cuisine": null, "addr:street": "Ελευθερίου Βενιζέλου", "name:el": null, "tourism": "hotel", "addr:city": "Χανιά", "addr:housenumber": "164", "addr:postcode": "73133", "contact:facebook": null, "description": null, "email": null, "fax": null, "fuel:diesel": null, "fuel:diesel_B": null, "fuel:e10": null, "fuel:e5": null, "fuel:gasoline": null, "fuel:heating_oil": null, "fuel:octane_95": null, "fuel:unleaded": null, "opening_hours": null, "payment:app": null, "payment:apple_pay": null, "payment:cards": null, "payment:cash": null, "payment:coins": null, "payment:contactless": null, "payment:credit_cards": null, "payment:debit_cards": null, "payment:electronic_purses": null, "payment:google_pay": null, "payment:maestro": null, "payment:mastercard": null, "payment:mastercard_contactless": null, "payment:visa": null, "payment:visa_debit": null, "payment:visa_electron": null, "phone": null, "self_service": null, "start_date": null, "website": null, "wheelchair": null, "name:en": null, "shop": null, "fee": null, "wikidata": null, "wikipedia": null, "int_name": null, "leisure": null, "healthcare": null, "internet_access": null, "denomination": null, "religion": null, "castle_type": null, "historic": null, "historic:civilization": null, "image": null, "source": null, "theatre:type": null, "natural": null, "ele": null, "male": null, "female": null, "brand:el": null, "brand:en": null, "operator:wikidata": null, "short_name": null, "short_name:el": null, "short_name:en": null, "brewery": null, "outdoor_seating": null, "colour": null, "parcel_locker:type": null, "parcel_mail_in": null, "parcel_pickup": null, "backrest": null, "access": null, "authentication:app": null, "authentication:membership_card": null, "branch": null, "capacity": null, "contact:phone": null, "contact:website": null, "covered": null, "motorcar": null, "parking:fee": null, "ref:EU:EVSE": null, "ref:GR:IDRO": null, "socket:type2": null, "socket:type2:output": null, "lit": null, "socket:type2_combo": null, "socket:type2_combo:output": null, "manufacturer": null, "building": null, "parking": null, "name:de": null, "leaf_type": null, "building:levels": null, "layer": null, "location": null, "intermittent": null, "seasonal": null, "waterway": null, "name:ru": null, "landuse": null, "sport": null, "industrial": null, "education": null, "emergency": null, "operator:type": null, "type": null, "leaf_cycle": null, "label": "tourism:hotel" }, "geometry": { "type": "Point", "coordinates": [ 24.0361859, 35.5179169 ] } },
{ "type": "Feature", "properties": { "element": "node", "id": 13061359801, "amenity": null, "brand": null, "brand:wikidata": null, "name": "The Tanneries Hotel & Spa", "operator": null, "brand:wikipedia": null, "compressed_air": null, "cuisine": null, "addr:street": "Βυβιλάκη", "name:el": null, "tourism": "hotel", "addr:city": null, "addr:housenumber": "19-25", "addr:postcode": "73133", "contact:facebook": null, "description": null, "email": "info@thetannerieshotel.gr", "fax": null, "fuel:diesel": null, "fuel:diesel_B": null, "fuel:e10": null, "fuel:e5": null, "fuel:gasoline": null, "fuel:heating_oil": null, "fuel:octane_95": null, "fuel:unleaded": null, "opening_hours": null, "payment:app": null, "payment:apple_pay": null, "payment:cards": null, "payment:cash": null, "payment:coins": null, "payment:contactless": null, "payment:credit_cards": null, "payment:debit_cards": null, "payment:electronic_purses": null, "payment:google_pay": null, "payment:maestro": null, "payment:mastercard": null, "payment:mastercard_contactless": null, "payment:visa": null, "payment:visa_debit": null, "payment:visa_electron": null, "phone": "+302821043900", "self_service": null, "start_date": null, "website": "https://thetannerieshotel.gr", "wheelchair": null, "name:en": null, "shop": null, "fee": null, "wikidata": null, "wikipedia": null, "int_name": null, "leisure": null, "healthcare": null, "internet_access": "wlan", "denomination": null, "religion": null, "castle_type": null, "historic": null, "historic:civilization": null, "image": null, "source": null, "theatre:type": null, "natural": null, "ele": null, "male": null, "female": null, "brand:el": null, "brand:en": null, "operator:wikidata": null, "short_name": null, "short_name:el": null, "short_name:en": null, "brewery": null, "outdoor_seating": null, "colour": null, "parcel_locker:type": null, "parcel_mail_in": null, "parcel_pickup": null, "backrest": null, "access": null, "authentication:app": null, "authentication:membership_card": null, "branch": null, "capacity": null, "contact:phone": null, "contact:website": null, "covered": null, "motorcar": null, "parking:fee": null, "ref:EU:EVSE": null, "ref:GR:IDRO": null, "socket:type2": null, "socket:type2:output": null, "lit": null, "socket:type2_combo": null, "socket:type2_combo:output": null, "manufacturer": null, "building": null, "parking": null, "name:de": null, "leaf_type": null, "building:levels": null, "layer": null, "location": null, "intermittent": null, "seasonal": null, "waterway": null, "name:ru": null, "landuse": null, "sport": null, "industrial": null, "education": null, "emergency": null, "operator:type": null, "type": null, "leaf_cycle": null, "label": "tourism:hotel" }, "geometry": { "type": "Point", "coordinates": [ 24.0370042, 35.5194986 ] } },
{ "type": "Feature", "properties": { "element": "node", "id": 13140714667, "amenity": "bench", "brand": null, "brand:wikidata": null, "name": null, "operator": null, "brand:wikipedia": null, "compressed_air": null, "cuisine": null, "addr:street": null, "name:el": null, "tourism": null, "addr:city": null, "addr:housenumber": null, "addr:postcode": null, "contact:facebook": null, "description": null, "email": null, "fax": null, "fuel:diesel": null, "fuel:diesel_B": null, "fuel:e10": null, "fuel:e5": null, "fuel:gasoline": null, "fuel:heating_oil": null, "fuel:octane_95": null, "fuel:unleaded": null, "opening_hours": null, "payment:app": null, "payment:apple_pay": null, "payment:cards": null, "payment:cash": null, "payment:coins": null, "payment:contactless": null, "payment:credit_cards": null, "payment:debit_cards": null, "payment:electronic_purses": null, "payment:google_pay": null, "payment:maestro": null, "payment:mastercard": null, "payment:mastercard_contactless": null, "payment:visa": null, "payment:visa_debit": null, "payment:visa_electron": null, "phone": null, "self_service": null, "start_date": null, "website": null, "wheelchair": null, "name:en": null, "shop": null, "fee": null, "wikidata": null, "wikipedia": null, "int_name": null, "leisure": null, "healthcare": null, "internet_access": null, "denomination": null, "religion": null, "castle_type": null, "historic": null, "historic:civilization": null, "image": null, "source": null, "theatre:type": null, "natural": null, "ele": null, "male": null, "female": null, "brand:el": null, "brand:en": null, "operator:wikidata": null, "short_name": null, "short_name:el": null, "short_name:en": null, "brewery": null, "outdoor_seating": null, "colour": null, "parcel_locker:type": null, "parcel_mail_in": null, "parcel_pickup": null, "backrest": "yes", "access": null, "authentication:app": null, "authentication:membership_card": null, "branch": null, "capacity": null, "contact:phone": null, "contact:website": null, "covered": null, "motorcar": null, "parking:fee": null, "ref:EU:EVSE": null, "ref:GR:IDRO": null, "socket:type2": null, "socket:type2:output": null, "lit": null, "socket:type2_combo": null, "socket:type2_combo:output": null, "manufacturer": null, "building": null, "parking": null, "name:de": null, "leaf_type": null, "building:levels": null, "layer": null, "location": null, "intermittent": null, "seasonal": null, "waterway": null, "name:ru": null, "landuse": null, "sport": null, "industrial": null, "education": null, "emergency": null, "operator:type": null, "type": null, "leaf_cycle": null, "label": "amenity:bench" }, "geometry": { "type": "Point", "coordinates": [ 24.0349729, 35.5175764 ] } },
{ "type": "Feature", "properties": { "element": "node", "id": 13140742684, "amenity": "bench", "brand": null, "brand:wikidata": null, "name": null, "operator": null, "brand:wikipedia": null, "compressed_air": null, "cuisine": null, "addr:street": null, "name:el": null, "tourism": null, "addr:city": null, "addr:housenumber": null, "addr:postcode": null, "contact:facebook": null, "description": null, "email": null, "fax": null, "fuel:diesel": null, "fuel:diesel_B": null, "fuel:e10": null, "fuel:e5": null, "fuel:gasoline": null, "fuel:heating_oil": null, "fuel:octane_95": null, "fuel:unleaded": null, "opening_hours": null, "payment:app": null, "payment:apple_pay": null, "payment:cards": null, "payment:cash": null, "payment:coins": null, "payment:contactless": null, "payment:credit_cards": null, "payment:debit_cards": null, "payment:electronic_purses": null, "payment:google_pay": null, "payment:maestro": null, "payment:mastercard": null, "payment:mastercard_contactless": null, "payment:visa": null, "payment:visa_debit": null, "payment:visa_electron": null, "phone": null, "self_service": null, "start_date": null, "website": null, "wheelchair": null, "name:en": null, "shop": null, "fee": null, "wikidata": null, "wikipedia": null, "int_name": null, "leisure": null, "healthcare": null, "internet_access": null, "denomination": null, "religion": null, "castle_type": null, "historic": null, "historic:civilization": null, "image": null, "source": null, "theatre:type": null, "natural": null, "ele": null, "male": null, "female": null, "brand:el": null, "brand:en": null, "operator:wikidata": null, "short_name": null, "short_name:el": null, "short_name:en": null, "brewery": null, "outdoor_seating": null, "colour": null, "parcel_locker:type": null, "parcel_mail_in": null, "parcel_pickup": null, "backrest": "yes", "access": null, "authentication:app": null, "authentication:membership_card": null, "branch": null, "capacity": null, "contact:phone": null, "contact:website": null, "covered": null, "motorcar": null, "parking:fee": null, "ref:EU:EVSE": null, "ref:GR:IDRO": null, "socket:type2": null, "socket:type2:output": null, "lit": null, "socket:type2_combo": null, "socket:type2_combo:output": null, "manufacturer": null, "building": null, "parking": null, "name:de": null, "leaf_type": null, "building:levels": null, "layer": null, "location": null, "intermittent": null, "seasonal": null, "waterway": null, "name:ru": null, "landuse": null, "sport": null, "industrial": null, "education": null, "emergency": null, "operator:type": null, "type": null, "leaf_cycle": null, "label": "amenity:bench" }, "geometry": { "type": "Point", "coordinates": [ 24.0352512, 35.5178159 ] } },
{ "type": "Feature", "properties": { "element": "node", "id": 13140744463, "amenity": "bench", "brand": null, "brand:wikidata": null, "name": null, "operator": null, "brand:wikipedia": null, "compressed_air": null, "cuisine": null, "addr:street": null, "name:el": null, "tourism": null, "addr:city": null, "addr:housenumber": null, "addr:postcode": null, "contact:facebook": null, "description": null, "email": null, "fax": null, "fuel:diesel": null, "fuel:diesel_B": null, "fuel:e10": null, "fuel:e5": null, "fuel:gasoline": null, "fuel:heating_oil": null, "fuel:octane_95": null, "fuel:unleaded": null, "opening_hours": null, "payment:app": null, "payment:apple_pay": null, "payment:cards": null, "payment:cash": null, "payment:coins": null, "payment:contactless": null, "payment:credit_cards": null, "payment:debit_cards": null, "payment:electronic_purses": null, "payment:google_pay": null, "payment:maestro": null, "payment:mastercard": null, "payment:mastercard_contactless": null, "payment:visa": null, "payment:visa_debit": null, "payment:visa_electron": null, "phone": null, "self_service": null, "start_date": null, "website": null, "wheelchair": null, "name:en": null, "shop": null, "fee": null, "wikidata": null, "wikipedia": null, "int_name": null, "leisure": null, "healthcare": null, "internet_access": null, "denomination": null, "religion": null, "castle_type": null, "historic": null, "historic:civilization": null, "image": null, "source": null, "theatre:type": null, "natural": null, "ele": null, "male": null, "female": null, "brand:el": null, "brand:en": null, "operator:wikidata": null, "short_name": null, "short_name:el": null, "short_name:en": null, "brewery": null, "outdoor_seating": null, "colour": null, "parcel_locker:type": null, "parcel_mail_in": null, "parcel_pickup": null, "backrest": "yes", "access": null, "authentication:app": null, "authentication:membership_card": null, "branch": null, "capacity": null, "contact:phone": null, "contact:website": null, "covered": null, "motorcar": null, "parking:fee": null, "ref:EU:EVSE": null, "ref:GR:IDRO": null, "socket:type2": null, "socket:type2:output": null, "lit": null, "socket:type2_combo": null, "socket:type2_combo:output": null, "manufacturer": null, "building": null, "parking": null, "name:de": null, "leaf_type": null, "building:levels": null, "layer": null, "location": null, "intermittent": null, "seasonal": null, "waterway": null, "name:ru": null, "landuse": null, "sport": null, "industrial": null, "education": null, "emergency": null, "operator:type": null, "type": null, "leaf_cycle": null, "label": "amenity:bench" }, "geometry": { "type": "Point", "coordinates": [ 24.0350133, 35.5176411 ] } },
{ "type": "Feature", "properties": { "element": "node", "id": 13140747730, "amenity": "bench", "brand": null, "brand:wikidata": null, "name": null, "operator": null, "brand:wikipedia": null, "compressed_air": null, "cuisine": null, "addr:street": null, "name:el": null, "tourism": null, "addr:city": null, "addr:housenumber": null, "addr:postcode": null, "contact:facebook": null, "description": null, "email": null, "fax": null, "fuel:diesel": null, "fuel:diesel_B": null, "fuel:e10": null, "fuel:e5": null, "fuel:gasoline": null, "fuel:heating_oil": null, "fuel:octane_95": null, "fuel:unleaded": null, "opening_hours": null, "payment:app": null, "payment:apple_pay": null, "payment:cards": null, "payment:cash": null, "payment:coins": null, "payment:contactless": null, "payment:credit_cards": null, "payment:debit_cards": null, "payment:electronic_purses": null, "payment:google_pay": null, "payment:maestro": null, "payment:mastercard": null, "payment:mastercard_contactless": null, "payment:visa": null, "payment:visa_debit": null, "payment:visa_electron": null, "phone": null, "self_service": null, "start_date": null, "website": null, "wheelchair": null, "name:en": null, "shop": null, "fee": null, "wikidata": null, "wikipedia": null, "int_name": null, "leisure": null, "healthcare": null, "internet_access": null, "denomination": null, "religion": null, "castle_type": null, "historic": null, "historic:civilization": null, "image": null, "source": null, "theatre:type": null, "natural": null, "ele": null, "male": null, "female": null, "brand:el": null, "brand:en": null, "operator:wikidata": null, "short_name": null, "short_name:el": null, "short_name:en": null, "brewery": null, "outdoor_seating": null, "colour": null, "parcel_locker:type": null, "parcel_mail_in": null, "parcel_pickup": null, "backrest": "yes", "access": null, "authentication:app": null, "authentication:membership_card": null, "branch": null, "capacity": null, "contact:phone": null, "contact:website": null, "covered": null, "motorcar": null, "parking:fee": null, "ref:EU:EVSE": null, "ref:GR:IDRO": null, "socket:type2": null, "socket:type2:output": null, "lit": null, "socket:type2_combo": null, "socket:type2_combo:output": null, "manufacturer": null, "building": null, "parking": null, "name:de": null, "leaf_type": null, "building:levels": null, "layer": null, "location": null, "intermittent": null, "seasonal": null, "waterway": null, "name:ru": null, "landuse": null, "sport": null, "industrial": null, "education": null, "emergency": null, "operator:type": null, "type": null, "leaf_cycle": null, "label": "amenity:bench" }, "geometry": { "type": "Point", "coordinates": [ 24.035078, 35.5176978 ] } },
{ "type": "Feature", "properties": { "element": "node", "id": 13140747871, "amenity": "bench", "brand": null, "brand:wikidata": null, "name": null, "operator": null, "brand:wikipedia": null, "compressed_air": null, "cuisine": null, "addr:street": null, "name:el": null, "tourism": null, "addr:city": null, "addr:housenumber": null, "addr:postcode": null, "contact:facebook": null, "description": null, "email": null, "fax": null, "fuel:diesel": null, "fuel:diesel_B": null, "fuel:e10": null, "fuel:e5": null, "fuel:gasoline": null, "fuel:heating_oil": null, "fuel:octane_95": null, "fuel:unleaded": null, "opening_hours": null, "payment:app": null, "payment:apple_pay": null, "payment:cards": null, "payment:cash": null, "payment:coins": null, "payment:contactless": null, "payment:credit_cards": null, "payment:debit_cards": null, "payment:electronic_purses": null, "payment:google_pay": null, "payment:maestro": null, "payment:mastercard": null, "payment:mastercard_contactless": null, "payment:visa": null, "payment:visa_debit": null, "payment:visa_electron": null, "phone": null, "self_service": null, "start_date": null, "website": null, "wheelchair": null, "name:en": null, "shop": null, "fee": null, "wikidata": null, "wikipedia": null, "int_name": null, "leisure": null, "healthcare": null, "internet_access": null, "denomination": null, "religion": null, "castle_type": null, "historic": null, "historic:civilization": null, "image": null, "source": null, "theatre:type": null, "natural": null, "ele": null, "male": null, "female": null, "brand:el": null, "brand:en": null, "operator:wikidata": null, "short_name": null, "short_name:el": null, "short_name:en": null, "brewery": null, "outdoor_seating": null, "colour": null, "parcel_locker:type": null, "parcel_mail_in": null, "parcel_pickup": null, "backrest": "yes", "access": null, "authentication:app": null, "authentication:membership_card": null, "branch": null, "capacity": null, "contact:phone": null, "contact:website": null, "covered": null, "motorcar": null, "parking:fee": null, "ref:EU:EVSE": null, "ref:GR:IDRO": null, "socket:type2": null, "socket:type2:output": null, "lit": null, "socket:type2_combo": null, "socket:type2_combo:output": null, "manufacturer": null, "building": null, "parking": null, "name:de": null, "leaf_type": null, "building:levels": null, "layer": null, "location": null, "intermittent": null, "seasonal": null, "waterway": null, "name:ru": null, "landuse": null, "sport": null, "industrial": null, "education": null, "emergency": null, "operator:type": null, "type": null, "leaf_cycle": null, "label": "amenity:bench" }, "geometry": { "type": "Point", "coordinates": [ 24.0351548, 35.5177513 ] } },
{ "type": "Feature", "properties": { "element": "node", "id": 13142065395, "amenity": "charging_station", "brand": "Electrip", "brand:wikidata": null, "name": "Electrip - Halepa Hotel", "operator": "Halepa Hotel", "brand:wikipedia": null, "compressed_air": null, "cuisine": null, "addr:street": "Ελευθερίου Βενιζέλου", "name:el": null, "tourism": null, "addr:city": "Χανιά", "addr:housenumber": "164", "addr:postcode": "73133", "contact:facebook": null, "description": "Hotel customers only", "email": null, "fax": null, "fuel:diesel": null, "fuel:diesel_B": null, "fuel:e10": null, "fuel:e5": null, "fuel:gasoline": null, "fuel:heating_oil": null, "fuel:octane_95": null, "fuel:unleaded": null, "opening_hours": "24/7", "payment:app": "yes", "payment:apple_pay": null, "payment:cards": null, "payment:cash": null, "payment:coins": null, "payment:contactless": null, "payment:credit_cards": null, "payment:debit_cards": null, "payment:electronic_purses": null, "payment:google_pay": null, "payment:maestro": null, "payment:mastercard": null, "payment:mastercard_contactless": null, "payment:visa": null, "payment:visa_debit": null, "payment:visa_electron": null, "phone": null, "self_service": null, "start_date": null, "website": null, "wheelchair": null, "name:en": null, "shop": null, "fee": "yes", "wikidata": null, "wikipedia": null, "int_name": null, "leisure": null, "healthcare": null, "internet_access": null, "denomination": null, "religion": null, "castle_type": null, "historic": null, "historic:civilization": null, "image": null, "source": null, "theatre:type": null, "natural": null, "ele": null, "male": null, "female": null, "brand:el": null, "brand:en": null, "operator:wikidata": null, "short_name": null, "short_name:el": null, "short_name:en": null, "brewery": null, "outdoor_seating": null, "colour": null, "parcel_locker:type": null, "parcel_mail_in": null, "parcel_pickup": null, "backrest": null, "access": "customers", "authentication:app": "yes", "authentication:membership_card": "yes", "branch": "Greece", "capacity": "3", "contact:phone": "+30 2111984476; 8006000665", "contact:website": "https://electripglobal.com/", "covered": "no", "motorcar": "yes", "parking:fee": "no", "ref:EU:EVSE": "GR-ELE-E20240923073238V0V0PE.1;GR-ELE-E202409230730388K2B2D.1", "ref:GR:IDRO": "GR-ELE-S20240923064419K7HYBB", "socket:type2": "3", "socket:type2:output": "22", "lit": null, "socket:type2_combo": null, "socket:type2_combo:output": null, "manufacturer": null, "building": null, "parking": null, "name:de": null, "leaf_type": null, "building:levels": null, "layer": null, "location": null, "intermittent": null, "seasonal": null, "waterway": null, "name:ru": null, "landuse": null, "sport": null, "industrial": null, "education": null, "emergency": null, "operator:type": null, "type": null, "leaf_cycle": null, "label": "amenity:charging_station" }, "geometry": { "type": "Point", "coordinates": [ 24.0363224, 35.5174706 ] } },
{ "type": "Feature", "properties": { "element": "node", "id": 13243001818, "amenity": "charging_station", "brand": "Chargespot", "brand:wikidata": null, "name": "Chargespot - ΣYN.KA Λιβάδια", "operator": "ΣYN.KA Σούπερ Μάρκετ", "brand:wikipedia": null, "compressed_air": null, "cuisine": null, "addr:street": "Δεληγιαννάκη", "name:el": "Chargespot - ΣYN.KA Λιβάδια", "tourism": null, "addr:city": "Χανιά", "addr:housenumber": null, "addr:postcode": "73134", "contact:facebook": null, "description": null, "email": null, "fax": null, "fuel:diesel": null, "fuel:diesel_B": null, "fuel:e10": null, "fuel:e5": null, "fuel:gasoline": null, "fuel:heating_oil": null, "fuel:octane_95": null, "fuel:unleaded": null, "opening_hours": "24/7", "payment:app": "yes", "payment:apple_pay": null, "payment:cards": null, "payment:cash": null, "payment:coins": null, "payment:contactless": null, "payment:credit_cards": null, "payment:debit_cards": null, "payment:electronic_purses": null, "payment:google_pay": null, "payment:maestro": null, "payment:mastercard": null, "payment:mastercard_contactless": null, "payment:visa": null, "payment:visa_debit": null, "payment:visa_electron": null, "phone": null, "self_service": null, "start_date": null, "website": null, "wheelchair": null, "name:en": "Chargespot - SYN.KA Livadia", "shop": null, "fee": "yes", "wikidata": null, "wikipedia": null, "int_name": "Chargespot - SYN.KA Livadia", "leisure": null, "healthcare": null, "internet_access": null, "denomination": null, "religion": null, "castle_type": null, "historic": null, "historic:civilization": null, "image": null, "source": null, "theatre:type": null, "natural": null, "ele": null, "male": null, "female": null, "brand:el": null, "brand:en": null, "operator:wikidata": null, "short_name": null, "short_name:el": null, "short_name:en": null, "brewery": null, "outdoor_seating": null, "colour": null, "parcel_locker:type": null, "parcel_mail_in": null, "parcel_pickup": null, "backrest": null, "access": "yes", "authentication:app": "yes", "authentication:membership_card": "yes", "branch": null, "capacity": "2", "contact:phone": "18311", "contact:website": "https://www.chargespot.gr/", "covered": "no", "motorcar": "yes", "parking:fee": "no", "ref:EU:EVSE": "GR*WAV*E62115;GR*WAV*E9392", "ref:GR:IDRO": "GR-WAV-S31290", "socket:type2": "1", "socket:type2:output": "22", "lit": "yes", "socket:type2_combo": "1", "socket:type2_combo:output": "25", "manufacturer": null, "building": null, "parking": null, "name:de": null, "leaf_type": null, "building:levels": null, "layer": null, "location": null, "intermittent": null, "seasonal": null, "waterway": null, "name:ru": null, "landuse": null, "sport": null, "industrial": null, "education": null, "emergency": null, "operator:type": null, "type": null, "leaf_cycle": null, "label": "amenity:charging_station" }, "geometry": { "type": "Point", "coordinates": [ 24.0461339, 35.4960444 ] } },
{ "type": "Feature", "properties": { "element": "node", "id": 13243001819, "amenity": "charging_station", "brand": "DEI Blue", "brand:wikidata": null, "name": "DEI blue - ΑΒ Βασιλόπουλος", "operator": "ΑΒ Βασιλόπουλος", "brand:wikipedia": null, "compressed_air": null, "cuisine": null, "addr:street": "Δεληγιαννάκη", "name:el": "DEI blue - ΑΒ Βασιλόπουλος", "tourism": null, "addr:city": "Χανιά", "addr:housenumber": "112 Α", "addr:postcode": "73134", "contact:facebook": null, "description": null, "email": null, "fax": null, "fuel:diesel": null, "fuel:diesel_B": null, "fuel:e10": null, "fuel:e5": null, "fuel:gasoline": null, "fuel:heating_oil": null, "fuel:octane_95": null, "fuel:unleaded": null, "opening_hours": "24/7", "payment:app": "yes", "payment:apple_pay": null, "payment:cards": null, "payment:cash": null, "payment:coins": null, "payment:contactless": null, "payment:credit_cards": null, "payment:debit_cards": null, "payment:electronic_purses": null, "payment:google_pay": null, "payment:maestro": null, "payment:mastercard": null, "payment:mastercard_contactless": null, "payment:visa": null, "payment:visa_debit": null, "payment:visa_electron": null, "phone": null, "self_service": null, "start_date": null, "website": null, "wheelchair": null, "name:en": "DEI blue - AB Vassilopoulos", "shop": null, "fee": "yes", "wikidata": null, "wikipedia": null, "int_name": "DEI blue - AB Vassilopoulos", "leisure": null, "healthcare": null, "internet_access": null, "denomination": null, "religion": null, "castle_type": null, "historic": null, "historic:civilization": null, "image": null, "source": null, "theatre:type": null, "natural": null, "ele": null, "male": null, "female": null, "brand:el": null, "brand:en": null, "operator:wikidata": null, "short_name": null, "short_name:el": null, "short_name:en": null, "brewery": null, "outdoor_seating": null, "colour": null, "parcel_locker:type": null, "parcel_mail_in": null, "parcel_pickup": null, "backrest": null, "access": "yes", "authentication:app": "yes", "authentication:membership_card": null, "branch": null, "capacity": "4", "contact:phone": "+30 2112110900", "contact:website": "https://www.deiblue.gr/", "covered": "no", "motorcar": "yes", "parking:fee": null, "ref:EU:EVSE": "GR*PPC*ETACW2245120T0154*1;GR*PPC*ETACW2245120T0172*1;GR*PPC*ETACW2243021T1750*1", "ref:GR:IDRO": "GR-PPC-Scs32652-L", "socket:type2": "4", "socket:type2:output": "22", "lit": "yes", "socket:type2_combo": null, "socket:type2_combo:output": null, "manufacturer": "ABB", "building": null, "parking": null, "name:de": null, "leaf_type": null, "building:levels": null, "layer": null, "location": null, "intermittent": null, "seasonal": null, "waterway": null, "name:ru": null, "landuse": null, "sport": null, "industrial": null, "education": null, "emergency": null, "operator:type": null, "type": null, "leaf_cycle": null, "label": "amenity:charging_station" }, "geometry": { "type": "Point", "coordinates": [ 24.0433605, 35.4995744 ] } },
{ "type": "Feature", "properties": { "element": "node", "id": 13306338501, "amenity": null, "brand": null, "brand:wikidata": null, "name": "Σκέτη Γλύκα", "operator": null, "brand:wikipedia": null, "compressed_air": null, "cuisine": null, "addr:street": null, "name:el": null, "tourism": null, "addr:city": null, "addr:housenumber": null, "addr:postcode": null, "contact:facebook": null, "description": null, "email": null, "fax": null, "fuel:diesel": null, "fuel:diesel_B": null, "fuel:e10": null, "fuel:e5": null, "fuel:gasoline": null, "fuel:heating_oil": null, "fuel:octane_95": null, "fuel:unleaded": null, "opening_hours": null, "payment:app": null, "payment:apple_pay": null, "payment:cards": null, "payment:cash": null, "payment:coins": null, "payment:contactless": null, "payment:credit_cards": null, "payment:debit_cards": null, "payment:electronic_purses": null, "payment:google_pay": null, "payment:maestro": null, "payment:mastercard": null, "payment:mastercard_contactless": null, "payment:visa": null, "payment:visa_debit": null, "payment:visa_electron": null, "phone": null, "self_service": null, "start_date": null, "website": null, "wheelchair": null, "name:en": null, "shop": "confectionery", "fee": null, "wikidata": null, "wikipedia": null, "int_name": null, "leisure": null, "healthcare": null, "internet_access": null, "denomination": null, "religion": null, "castle_type": null, "historic": null, "historic:civilization": null, "image": null, "source": null, "theatre:type": null, "natural": null, "ele": null, "male": null, "female": null, "brand:el": null, "brand:en": null, "operator:wikidata": null, "short_name": null, "short_name:el": null, "short_name:en": null, "brewery": null, "outdoor_seating": null, "colour": null, "parcel_locker:type": null, "parcel_mail_in": null, "parcel_pickup": null, "backrest": null, "access": null, "authentication:app": null, "authentication:membership_card": null, "branch": null, "capacity": null, "contact:phone": null, "contact:website": null, "covered": null, "motorcar": null, "parking:fee": null, "ref:EU:EVSE": null, "ref:GR:IDRO": null, "socket:type2": null, "socket:type2:output": null, "lit": null, "socket:type2_combo": null, "socket:type2_combo:output": null, "manufacturer": null, "building": null, "parking": null, "name:de": null, "leaf_type": null, "building:levels": null, "layer": null, "location": null, "intermittent": null, "seasonal": null, "waterway": null, "name:ru": null, "landuse": null, "sport": null, "industrial": null, "education": null, "emergency": null, "operator:type": null, "type": null, "leaf_cycle": null, "label": "shop:confectionery" }, "geometry": { "type": "Point", "coordinates": [ 24.0427135, 35.5107776 ] } },
{ "type": "Feature", "properties": { "element": "node", "id": 13404753005, "amenity": null, "brand": null, "brand:wikidata": null, "name": "Planet Fitness", "operator": null, "brand:wikipedia": null, "compressed_air": null, "cuisine": null, "addr:street": null, "name:el": null, "tourism": null, "addr:city": null, "addr:housenumber": null, "addr:postcode": null, "contact:facebook": null, "description": null, "email": null, "fax": null, "fuel:diesel": null, "fuel:diesel_B": null, "fuel:e10": null, "fuel:e5": null, "fuel:gasoline": null, "fuel:heating_oil": null, "fuel:octane_95": null, "fuel:unleaded": null, "opening_hours": null, "payment:app": null, "payment:apple_pay": null, "payment:cards": null, "payment:cash": null, "payment:coins": null, "payment:contactless": null, "payment:credit_cards": null, "payment:debit_cards": null, "payment:electronic_purses": null, "payment:google_pay": null, "payment:maestro": null, "payment:mastercard": null, "payment:mastercard_contactless": null, "payment:visa": null, "payment:visa_debit": null, "payment:visa_electron": null, "phone": null, "self_service": null, "start_date": null, "website": null, "wheelchair": null, "name:en": null, "shop": null, "fee": null, "wikidata": null, "wikipedia": null, "int_name": null, "leisure": "fitness_centre", "healthcare": null, "internet_access": null, "denomination": null, "religion": null, "castle_type": null, "historic": null, "historic:civilization": null, "image": null, "source": null, "theatre:type": null, "natural": null, "ele": null, "male": null, "female": null, "brand:el": null, "brand:en": null, "operator:wikidata": null, "short_name": null, "short_name:el": null, "short_name:en": null, "brewery": null, "outdoor_seating": null, "colour": null, "parcel_locker:type": null, "parcel_mail_in": null, "parcel_pickup": null, "backrest": null, "access": null, "authentication:app": null, "authentication:membership_card": null, "branch": null, "capacity": null, "contact:phone": null, "contact:website": null, "covered": null, "motorcar": null, "parking:fee": null, "ref:EU:EVSE": null, "ref:GR:IDRO": null, "socket:type2": null, "socket:type2:output": null, "lit": null, "socket:type2_combo": null, "socket:type2_combo:output": null, "manufacturer": null, "building": null, "parking": null, "name:de": null, "leaf_type": null, "building:levels": null, "layer": null, "location": null, "intermittent": null, "seasonal": null, "waterway": null, "name:ru": null, "landuse": null, "sport": null, "industrial": null, "education": null, "emergency": null, "operator:type": null, "type": null, "leaf_cycle": null, "label": "leisure:fitness_centre" }, "geometry": { "type": "Point", "coordinates": [ 24.0344717, 35.5083956 ] } },
{ "type": "Feature", "properties": { "element": "node", "id": 13754510141, "amenity": "place_of_worship", "brand": null, "brand:wikidata": null, "name": null, "operator": null, "brand:wikipedia": null, "compressed_air": null, "cuisine": null, "addr:street": null, "name:el": null, "tourism": null, "addr:city": null, "addr:housenumber": null, "addr:postcode": null, "contact:facebook": null, "description": null, "email": null, "fax": null, "fuel:diesel": null, "fuel:diesel_B": null, "fuel:e10": null, "fuel:e5": null, "fuel:gasoline": null, "fuel:heating_oil": null, "fuel:octane_95": null, "fuel:unleaded": null, "opening_hours": null, "payment:app": null, "payment:apple_pay": null, "payment:cards": null, "payment:cash": null, "payment:coins": null, "payment:contactless": null, "payment:credit_cards": null, "payment:debit_cards": null, "payment:electronic_purses": null, "payment:google_pay": null, "payment:maestro": null, "payment:mastercard": null, "payment:mastercard_contactless": null, "payment:visa": null, "payment:visa_debit": null, "payment:visa_electron": null, "phone": null, "self_service": null, "start_date": null, "website": null, "wheelchair": null, "name:en": null, "shop": null, "fee": null, "wikidata": null, "wikipedia": null, "int_name": null, "leisure": null, "healthcare": null, "internet_access": null, "denomination": "greek_catholic", "religion": null, "castle_type": null, "historic": null, "historic:civilization": null, "image": null, "source": null, "theatre:type": null, "natural": null, "ele": null, "male": null, "female": null, "brand:el": null, "brand:en": null, "operator:wikidata": null, "short_name": null, "short_name:el": null, "short_name:en": null, "brewery": null, "outdoor_seating": null, "colour": null, "parcel_locker:type": null, "parcel_mail_in": null, "parcel_pickup": null, "backrest": null, "access": null, "authentication:app": null, "authentication:membership_card": null, "branch": null, "capacity": null, "contact:phone": null, "contact:website": null, "covered": null, "motorcar": null, "parking:fee": null, "ref:EU:EVSE": null, "ref:GR:IDRO": null, "socket:type2": null, "socket:type2:output": null, "lit": null, "socket:type2_combo": null, "socket:type2_combo:output": null, "manufacturer": null, "building": "chapel", "parking": null, "name:de": null, "leaf_type": null, "building:levels": null, "layer": null, "location": null, "intermittent": null, "seasonal": null, "waterway": null, "name:ru": null, "landuse": null, "sport": null, "industrial": null, "education": null, "emergency": null, "operator:type": null, "type": null, "leaf_cycle": null, "label": "building:chapel;amenity:place_of_worship" }, "geometry": { "type": "Point", "coordinates": [ 24.0549329, 35.5117027 ] } },
{ "type": "Feature", "properties": { "element": "relation", "id": 11960523, "amenity": null, "brand": null, "brand:wikidata": null, "name": "Κόλπος Χανίων", "operator": null, "brand:wikipedia": null, "compressed_air": null, "cuisine": null, "addr:street": null, "name:el": "Κόλπος Χανίων", "tourism": null, "addr:city": null, "addr:housenumber": null, "addr:postcode": null, "contact:facebook": null, "description": null, "email": null, "fax": null, "fuel:diesel": null, "fuel:diesel_B": null, "fuel:e10": null, "fuel:e5": null, "fuel:gasoline": null, "fuel:heating_oil": null, "fuel:octane_95": null, "fuel:unleaded": null, "opening_hours": null, "payment:app": null, "payment:apple_pay": null, "payment:cards": null, "payment:cash": null, "payment:coins": null, "payment:contactless": null, "payment:credit_cards": null, "payment:debit_cards": null, "payment:electronic_purses": null, "payment:google_pay": null, "payment:maestro": null, "payment:mastercard": null, "payment:mastercard_contactless": null, "payment:visa": null, "payment:visa_debit": null, "payment:visa_electron": null, "phone": null, "self_service": null, "start_date": null, "website": null, "wheelchair": null, "name:en": "Chania Gulf", "shop": null, "fee": null, "wikidata": "Q5617567", "wikipedia": "el:Κόλπος των Χανίων", "int_name": null, "leisure": null, "healthcare": null, "internet_access": null, "denomination": null, "religion": null, "castle_type": null, "historic": null, "historic:civilization": null, "image": null, "source": null, "theatre:type": null, "natural": "bay", "ele": null, "male": null, "female": null, "brand:el": null, "brand:en": null, "operator:wikidata": null, "short_name": null, "short_name:el": null, "short_name:en": null, "brewery": null, "outdoor_seating": null, "colour": null, "parcel_locker:type": null, "parcel_mail_in": null, "parcel_pickup": null, "backrest": null, "access": null, "authentication:app": null, "authentication:membership_card": null, "branch": null, "capacity": null, "contact:phone": null, "contact:website": null, "covered": null, "motorcar": null, "parking:fee": null, "ref:EU:EVSE": null, "ref:GR:IDRO": null, "socket:type2": null, "socket:type2:output": null, "lit": null, "socket:type2_combo": null, "socket:type2_combo:output": null, "manufacturer": null, "building": null, "parking": null, "name:de": null, "leaf_type": null, "building:levels": null, "layer": null, "location": null, "intermittent": null, "seasonal": null, "waterway": null, "name:ru": null, "landuse": null, "sport": null, "industrial": null, "education": null, "emergency": null, "operator:type": null, "type": "multipolygon", "leaf_cycle": null, "label": "natural:bay" }, "geometry": { "type": "Polygon", "coordinates": [ [ [ 24.0367449, 35.5194894 ], [ 24.0367446, 35.519436 ], [ 24.0365192, 35.5193685 ], [ 24.0364947, 35.5194205 ], [ 24.0364169, 35.5194007 ], [ 24.0364244, 35.5193869 ], [ 24.0363501, 35.5193703 ], [ 24.0363594, 35.51935 ], [ 24.0360367, 35.5192873 ], [ 24.0360315, 35.5193118 ], [ 24.0360058, 35.5193195 ], [ 24.0359534, 35.519271 ], [ 24.0359071, 35.5192216 ], [ 24.0359271, 35.519208 ], [ 24.0357301, 35.5190323 ], [ 24.035586, 35.5189703 ], [ 24.0355032, 35.5188806 ], [ 24.0354909, 35.5187838 ], [ 24.0356577, 35.5187153 ], [ 24.0355382, 35.51843 ], [ 24.0355161, 35.5181981 ], [ 24.0354146, 35.5182283 ], [ 24.0354142, 35.5181949 ], [ 24.0350919, 35.517934 ], [ 24.0348795, 35.5177551 ], [ 24.0346355, 35.517664 ], [ 24.0343926, 35.5176098 ], [ 24.0343413, 35.5176233 ], [ 24.0343038, 35.5176256 ], [ 24.0342583, 35.5175912 ], [ 24.0341822, 35.5175652 ], [ 24.0341557, 35.5175708 ], [ 24.0341281, 35.5175582 ], [ 24.0340237, 35.5175448 ], [ 24.0338513, 35.5175373 ], [ 24.0336598, 35.5175456 ], [ 24.033515, 35.5175568 ], [ 24.0334174, 35.5175709 ], [ 24.0333496, 35.5175762 ], [ 24.0332591, 35.5175774 ], [ 24.0331958, 35.5175687 ], [ 24.0331388, 35.5175514 ], [ 24.0330914, 35.5175142 ], [ 24.0330656, 35.5174754 ], [ 24.033054680649734, 35.517459698973475 ], [ 24.033054680649734, 35.519534523691348 ], [ 24.036787219539491, 35.519534523691348 ], [ 24.0367449, 35.5194894 ] ] ] } },
{ "type": "Feature", "properties": { "element": "relation", "id": 12473250, "amenity": null, "brand": null, "brand:wikidata": null, "name": null, "operator": null, "brand:wikipedia": null, "compressed_air": null, "cuisine": null, "addr:street": null, "name:el": null, "tourism": null, "addr:city": null, "addr:housenumber": null, "addr:postcode": null, "contact:facebook": null, "description": null, "email": null, "fax": null, "fuel:diesel": null, "fuel:diesel_B": null, "fuel:e10": null, "fuel:e5": null, "fuel:gasoline": null, "fuel:heating_oil": null, "fuel:octane_95": null, "fuel:unleaded": null, "opening_hours": null, "payment:app": null, "payment:apple_pay": null, "payment:cards": null, "payment:cash": null, "payment:coins": null, "payment:contactless": null, "payment:credit_cards": null, "payment:debit_cards": null, "payment:electronic_purses": null, "payment:google_pay": null, "payment:maestro": null, "payment:mastercard": null, "payment:mastercard_contactless": null, "payment:visa": null, "payment:visa_debit": null, "payment:visa_electron": null, "phone": null, "self_service": null, "start_date": null, "website": null, "wheelchair": null, "name:en": null, "shop": null, "fee": null, "wikidata": null, "wikipedia": null, "int_name": null, "leisure": null, "healthcare": null, "internet_access": null, "denomination": null, "religion": null, "castle_type": null, "historic": null, "historic:civilization": null, "image": null, "source": null, "theatre:type": null, "natural": null, "ele": null, "male": null, "female": null, "brand:el": null, "brand:en": null, "operator:wikidata": null, "short_name": null, "short_name:el": null, "short_name:en": null, "brewery": null, "outdoor_seating": null, "colour": null, "parcel_locker:type": null, "parcel_mail_in": null, "parcel_pickup": null, "backrest": null, "access": null, "authentication:app": null, "authentication:membership_card": null, "branch": null, "capacity": null, "contact:phone": null, "contact:website": null, "covered": null, "motorcar": null, "parking:fee": null, "ref:EU:EVSE": null, "ref:GR:IDRO": null, "socket:type2": null, "socket:type2:output": null, "lit": null, "socket:type2_combo": null, "socket:type2_combo:output": null, "manufacturer": null, "building": null, "parking": null, "name:de": null, "leaf_type": null, "building:levels": null, "layer": null, "location": null, "intermittent": null, "seasonal": null, "waterway": null, "name:ru": null, "landuse": "residential", "sport": null, "industrial": null, "education": null, "emergency": null, "operator:type": null, "type": "multipolygon", "leaf_cycle": null, "label": "landuse:residential" }, "geometry": { "type": "MultiPolygon", "coordinates": [ [ [ [ 24.0331955, 35.5171352 ], [ 24.0333545, 35.5171946 ], [ 24.0335047, 35.5172359 ], [ 24.0338052, 35.5173222 ], [ 24.0339178, 35.5173438 ], [ 24.0340548, 35.5173546 ], [ 24.0340655, 35.5172619 ], [ 24.0345758, 35.5172101 ], [ 24.0349706, 35.517252 ], [ 24.0351251, 35.5173637 ], [ 24.0356371, 35.5179838 ], [ 24.0356188, 35.5181154 ], [ 24.0356126, 35.5182508 ], [ 24.0356617, 35.5184294 ], [ 24.0356997, 35.5185259 ], [ 24.0357453, 35.5186417 ], [ 24.0357853, 35.5187402 ], [ 24.0357267, 35.5187618 ], [ 24.035564, 35.5188272 ], [ 24.0356582, 35.5189259 ], [ 24.0360135, 35.5192368 ], [ 24.0367482, 35.5193689 ], [ 24.03689410559268, 35.519534523691348 ], [ 24.045679492334802, 35.519534523691348 ], [ 24.0456819, 35.5195216 ], [ 24.045124, 35.5194998 ], [ 24.0453172, 35.5186178 ], [ 24.0456176, 35.5186178 ], [ 24.0456176, 35.5182554 ], [ 24.0448826, 35.5182903 ], [ 24.0449417, 35.5185698 ], [ 24.0446895, 35.5185698 ], [ 24.044534, 35.5190282 ], [ 24.0439868, 35.5190151 ], [ 24.0440565, 35.5186484 ], [ 24.0423506, 35.5184432 ], [ 24.0423882, 35.518155 ], [ 24.0427315, 35.5181812 ], [ 24.0429354, 35.517666 ], [ 24.0426671, 35.5175131 ], [ 24.0426671, 35.5173909 ], [ 24.0427691, 35.5173734 ], [ 24.0429246, 35.5171376 ], [ 24.0431392, 35.5171333 ], [ 24.0432787, 35.5174389 ], [ 24.0435415, 35.5174389 ], [ 24.0434664, 35.517094 ], [ 24.0433592, 35.5170154 ], [ 24.0435415, 35.5167621 ], [ 24.0438366, 35.5165656 ], [ 24.0440297, 35.5163997 ], [ 24.0442443, 35.5164478 ], [ 24.044196, 35.516618 ], [ 24.0445393, 35.516618 ], [ 24.0445608, 35.5164783 ], [ 24.0443355, 35.5163779 ], [ 24.0443087, 35.5162425 ], [ 24.0442121, 35.5161508 ], [ 24.0444428, 35.5159806 ], [ 24.0445441, 35.5159879 ], [ 24.0454674, 35.5160548 ], [ 24.0453789, 35.5156793 ], [ 24.0450785, 35.5156061 ], [ 24.0446614, 35.5152415 ], [ 24.0445729, 35.5152404 ], [ 24.0445554, 35.5150374 ], [ 24.044829, 35.5149413 ], [ 24.0448129, 35.5145134 ], [ 24.0447754, 35.5140986 ], [ 24.0443194, 35.5140899 ], [ 24.0443945, 35.5133432 ], [ 24.0447056, 35.5133388 ], [ 24.0446466, 35.5128236 ], [ 24.0441263, 35.5128498 ], [ 24.0438527, 35.512959 ], [ 24.0437776, 35.5131947 ], [ 24.0433806, 35.5132166 ], [ 24.0427852, 35.5134611 ], [ 24.0422487, 35.51371 ], [ 24.0417927, 35.5139196 ], [ 24.0416533, 35.5139633 ], [ 24.0412027, 35.5140026 ], [ 24.0410525, 35.5139327 ], [ 24.0407681, 35.5139109 ], [ 24.0407091, 35.51402 ], [ 24.0403551, 35.5140637 ], [ 24.0403551, 35.5142252 ], [ 24.0401083, 35.5142252 ], [ 24.0401083, 35.5141335 ], [ 24.0397596, 35.5140375 ], [ 24.0392768, 35.5139633 ], [ 24.0387243, 35.5139109 ], [ 24.0387243, 35.5138235 ], [ 24.0390032, 35.5138323 ], [ 24.0400761, 35.5140157 ], [ 24.0401298, 35.5139109 ], [ 24.039706, 35.5137886 ], [ 24.0389389, 35.5136358 ], [ 24.0389389, 35.5135703 ], [ 24.0395236, 35.5135004 ], [ 24.0399903, 35.5134786 ], [ 24.0401727, 35.5132952 ], [ 24.0401727, 35.5131773 ], [ 24.0403014, 35.5130812 ], [ 24.0403926, 35.5132602 ], [ 24.0405965, 35.5133345 ], [ 24.0408486, 35.513448 ], [ 24.0412188, 35.5134829 ], [ 24.041664, 35.5132952 ], [ 24.0419161, 35.5131642 ], [ 24.042415, 35.5129808 ], [ 24.0428066, 35.5127494 ], [ 24.0430105, 35.5123826 ], [ 24.0437937, 35.5123258 ], [ 24.0441155, 35.5121031 ], [ 24.0444428, 35.5121162 ], [ 24.0446144, 35.5113957 ], [ 24.0444106, 35.5113346 ], [ 24.044314, 35.5111774 ], [ 24.0440351, 35.51109 ], [ 24.0441531, 35.5109328 ], [ 24.0445715, 35.5110027 ], [ 24.044593, 35.5107756 ], [ 24.0443033, 35.5107582 ], [ 24.0443516, 35.5106534 ], [ 24.0441906, 35.5104874 ], [ 24.0441906, 35.5103433 ], [ 24.0443891, 35.5103477 ], [ 24.0447861, 35.5098848 ], [ 24.0446734, 35.5095617 ], [ 24.0447807, 35.5095006 ], [ 24.0445983, 35.5092953 ], [ 24.04477, 35.5092036 ], [ 24.0451294, 35.5093521 ], [ 24.0451401, 35.5091425 ], [ 24.0450758, 35.5089722 ], [ 24.0452743, 35.5089023 ], [ 24.0453815, 35.5090552 ], [ 24.0455908, 35.5091469 ], [ 24.0459073, 35.5089067 ], [ 24.0464276, 35.5094394 ], [ 24.0462291, 35.5096534 ], [ 24.0463954, 35.5097364 ], [ 24.0466046, 35.5095573 ], [ 24.0467119, 35.5096272 ], [ 24.0474039, 35.5089285 ], [ 24.0469801, 35.5087015 ], [ 24.0471357, 35.5086054 ], [ 24.0469104, 35.5081469 ], [ 24.0475541, 35.5079111 ], [ 24.0476614, 35.507994 ], [ 24.0477902, 35.5078325 ], [ 24.0476561, 35.5077189 ], [ 24.0479404, 35.5075311 ], [ 24.0483481, 35.5070333 ], [ 24.0481549, 35.5069547 ], [ 24.0480852, 35.5070159 ], [ 24.0478599, 35.5070857 ], [ 24.0478653, 35.507291 ], [ 24.0476346, 35.5071512 ], [ 24.0475488, 35.5072342 ], [ 24.0473127, 35.5071207 ], [ 24.0471893, 35.5070071 ], [ 24.0474744, 35.5069639 ], [ 24.0475059, 35.5069591 ], [ 24.0474929, 35.5068003 ], [ 24.0474844, 35.5066971 ], [ 24.0472269, 35.5067582 ], [ 24.0469794, 35.5067987 ], [ 24.0461594, 35.5069329 ], [ 24.0454459, 35.5070159 ], [ 24.0453976, 35.5071556 ], [ 24.0451509, 35.5071381 ], [ 24.0451723, 35.5070202 ], [ 24.0448183, 35.506946 ], [ 24.0446949, 35.5073958 ], [ 24.0443462, 35.5074045 ], [ 24.044432, 35.5071381 ], [ 24.044255, 35.5070595 ], [ 24.0437454, 35.5070814 ], [ 24.0434504, 35.5070988 ], [ 24.0434055, 35.5067177 ], [ 24.0433994, 35.5066654 ], [ 24.0432841, 35.5062189 ], [ 24.042238, 35.506291 ], [ 24.0419188, 35.5062429 ], [ 24.0415728, 35.5063041 ], [ 24.0414387, 35.506232 ], [ 24.0411839, 35.5061687 ], [ 24.0411571, 35.5060726 ], [ 24.041031, 35.5060595 ], [ 24.0409988, 35.5059045 ], [ 24.0407386, 35.5058979 ], [ 24.0407574, 35.5057516 ], [ 24.0409639, 35.5057473 ], [ 24.040972, 35.5053652 ], [ 24.0402934, 35.5053957 ], [ 24.0400439, 35.5055049 ], [ 24.0391964, 35.5056272 ], [ 24.0366268, 35.5060377 ], [ 24.0366536, 35.5063521 ], [ 24.036997, 35.5063434 ], [ 24.036997, 35.5065442 ], [ 24.0363371, 35.5065049 ], [ 24.0363371, 35.5063084 ], [ 24.0355754, 35.506387 ], [ 24.0355271, 35.5060115 ], [ 24.0356988, 35.5060115 ], [ 24.0356988, 35.5057888 ], [ 24.035908, 35.5057058 ], [ 24.0358382, 35.5053652 ], [ 24.0357363, 35.5053564 ], [ 24.035731, 35.505208 ], [ 24.0354681, 35.5052211 ], [ 24.0354413, 35.5050376 ], [ 24.035216, 35.5050376 ], [ 24.0351731, 35.50478 ], [ 24.0342879, 35.5048455 ], [ 24.0342343, 35.5046402 ], [ 24.0337676, 35.5046883 ], [ 24.0337998, 35.5047582 ], [ 24.0334403, 35.5048149 ], [ 24.0333223, 35.5049765 ], [ 24.0330702, 35.504911 ], [ 24.033054680649734, 35.504930486223685 ], [ 24.033054680649734, 35.517054451585572 ], [ 24.0331955, 35.5171352 ] ] ], [ [ [ 24.04948, 35.5195172 ], [ 24.0495604, 35.5193557 ], [ 24.0499252, 35.5193863 ], [ 24.049938867820337, 35.519534523691348 ], [ 24.050154480672209, 35.519534523691348 ], [ 24.05007, 35.5192029 ], [ 24.0500567, 35.5191022 ], [ 24.0500486, 35.5190413 ], [ 24.0495926, 35.5189322 ], [ 24.0496409, 35.5188143 ], [ 24.0497214, 35.5185654 ], [ 24.0499198, 35.5186702 ], [ 24.0503552, 35.5180081 ], [ 24.0501505, 35.5179061 ], [ 24.050113, 35.5177009 ], [ 24.0500003, 35.5174826 ], [ 24.0499306, 35.5172555 ], [ 24.0498877, 35.5169848 ], [ 24.0498716, 35.5167447 ], [ 24.0499628, 35.5164696 ], [ 24.049834, 35.516391 ], [ 24.0495014, 35.5164827 ], [ 24.0491527, 35.5165918 ], [ 24.048965, 35.5169848 ], [ 24.0496623, 35.5171245 ], [ 24.0497267, 35.5174957 ], [ 24.0493727, 35.5175699 ], [ 24.0496731, 35.5177577 ], [ 24.0494102, 35.5178624 ], [ 24.0495819, 35.5180415 ], [ 24.0498072, 35.5179672 ], [ 24.0500271, 35.5179803 ], [ 24.0498018, 35.5182379 ], [ 24.049083, 35.5182947 ], [ 24.048391, 35.5181986 ], [ 24.0483642, 35.5186964 ], [ 24.0480959, 35.5186222 ], [ 24.0481067, 35.5182598 ], [ 24.0478492, 35.5182379 ], [ 24.0478921, 35.5180764 ], [ 24.0475219, 35.5180633 ], [ 24.0474361, 35.5186003 ], [ 24.0478599, 35.5186964 ], [ 24.0478653, 35.5189365 ], [ 24.0482783, 35.5189889 ], [ 24.048214, 35.5193339 ], [ 24.0477741, 35.5193033 ], [ 24.047761182923558, 35.519534523691348 ], [ 24.04919589146191, 35.519534523691348 ], [ 24.04948, 35.5195172 ] ] ], [ [ [ 24.047184, 35.5195216 ], [ 24.04717707209528, 35.519534523691348 ], [ 24.047290125877474, 35.519534523691348 ], [ 24.047184, 35.5195216 ] ] ], [ [ [ 24.0332821, 35.5005046 ], [ 24.0331963, 35.5003386 ], [ 24.0332982, 35.5002011 ], [ 24.0332297, 35.4999919 ], [ 24.0331909, 35.4998735 ], [ 24.0337488, 35.499653 ], [ 24.0336844, 35.4994564 ], [ 24.0331104, 35.4996595 ], [ 24.033054680649734, 35.499457738279247 ], [ 24.033054680649734, 35.500618309675133 ], [ 24.0332821, 35.5005046 ] ] ], [ [ [ 24.0336442, 35.4966329 ], [ 24.0336442, 35.4964168 ], [ 24.0331078, 35.4964124 ], [ 24.033054680649734, 35.496408200542589 ], [ 24.033054680649734, 35.496688165244628 ], [ 24.0336442, 35.4966329 ] ] ] ] } },
{ "type": "Feature", "properties": { "element": "relation", "id": 12476564, "amenity": null, "brand": null, "brand:wikidata": null, "name": null, "operator": null, "brand:wikipedia": null, "compressed_air": null, "cuisine": null, "addr:street": null, "name:el": null, "tourism": null, "addr:city": null, "addr:housenumber": null, "addr:postcode": null, "contact:facebook": null, "description": null, "email": null, "fax": null, "fuel:diesel": null, "fuel:diesel_B": null, "fuel:e10": null, "fuel:e5": null, "fuel:gasoline": null, "fuel:heating_oil": null, "fuel:octane_95": null, "fuel:unleaded": null, "opening_hours": null, "payment:app": null, "payment:apple_pay": null, "payment:cards": null, "payment:cash": null, "payment:coins": null, "payment:contactless": null, "payment:credit_cards": null, "payment:debit_cards": null, "payment:electronic_purses": null, "payment:google_pay": null, "payment:maestro": null, "payment:mastercard": null, "payment:mastercard_contactless": null, "payment:visa": null, "payment:visa_debit": null, "payment:visa_electron": null, "phone": null, "self_service": null, "start_date": null, "website": null, "wheelchair": null, "name:en": null, "shop": null, "fee": null, "wikidata": null, "wikipedia": null, "int_name": null, "leisure": null, "healthcare": null, "internet_access": null, "denomination": null, "religion": null, "castle_type": null, "historic": null, "historic:civilization": null, "image": null, "source": null, "theatre:type": null, "natural": null, "ele": null, "male": null, "female": null, "brand:el": null, "brand:en": null, "operator:wikidata": null, "short_name": null, "short_name:el": null, "short_name:en": null, "brewery": null, "outdoor_seating": null, "colour": null, "parcel_locker:type": null, "parcel_mail_in": null, "parcel_pickup": null, "backrest": null, "access": null, "authentication:app": null, "authentication:membership_card": null, "branch": null, "capacity": null, "contact:phone": null, "contact:website": null, "covered": null, "motorcar": null, "parking:fee": null, "ref:EU:EVSE": null, "ref:GR:IDRO": null, "socket:type2": null, "socket:type2:output": null, "lit": null, "socket:type2_combo": null, "socket:type2_combo:output": null, "manufacturer": null, "building": null, "parking": null, "name:de": null, "leaf_type": null, "building:levels": null, "layer": null, "location": null, "intermittent": null, "seasonal": null, "waterway": null, "name:ru": null, "landuse": "residential", "sport": null, "industrial": null, "education": null, "emergency": null, "operator:type": null, "type": "multipolygon", "leaf_cycle": null, "label": "landuse:residential" }, "geometry": { "type": "Polygon", "coordinates": [ [ [ 24.0469775, 35.5137995 ], [ 24.0463471, 35.5140157 ], [ 24.0461057, 35.5133345 ], [ 24.0459609, 35.5133825 ], [ 24.0459931, 35.5137187 ], [ 24.0458858, 35.5137668 ], [ 24.0458858, 35.5138803 ], [ 24.0453708, 35.5140811 ], [ 24.0452099, 35.5141728 ], [ 24.0453601, 35.5144654 ], [ 24.0450382, 35.5145615 ], [ 24.0452269, 35.5147004 ], [ 24.0455157, 35.5145963 ], [ 24.0456068, 35.5146619 ], [ 24.045757, 35.5146139 ], [ 24.0457463, 35.5149719 ], [ 24.0460682, 35.515068 ], [ 24.0463418, 35.5150068 ], [ 24.0465724, 35.5149195 ], [ 24.0465939, 35.514806 ], [ 24.0465885, 35.5146313 ], [ 24.0463579, 35.5146139 ], [ 24.0463149, 35.5144392 ], [ 24.0464705, 35.5144305 ], [ 24.0465027, 35.514234 ], [ 24.0475219, 35.5142733 ], [ 24.0475219, 35.5146313 ], [ 24.0473825, 35.5146401 ], [ 24.0474039, 35.5149413 ], [ 24.047597, 35.5149282 ], [ 24.047597, 35.5146532 ], [ 24.0478545, 35.5146313 ], [ 24.0479135, 35.5148496 ], [ 24.0476882, 35.5149282 ], [ 24.0477526, 35.5151815 ], [ 24.0480477, 35.5151553 ], [ 24.0480101, 35.5149239 ], [ 24.0487182, 35.5147449 ], [ 24.0487558, 35.5150068 ], [ 24.048847, 35.5150811 ], [ 24.0492707, 35.5150767 ], [ 24.0492761, 35.5152907 ], [ 24.0497267, 35.5152819 ], [ 24.0498608, 35.515605 ], [ 24.0502095, 35.5158583 ], [ 24.0498823, 35.5161858 ], [ 24.0505314, 35.5165525 ], [ 24.0503061, 35.516784 ], [ 24.0500379, 35.516784 ], [ 24.0501344, 35.5169848 ], [ 24.0505314, 35.5169673 ], [ 24.050864, 35.5171638 ], [ 24.0511483, 35.5169717 ], [ 24.0510839, 35.516701 ], [ 24.0514916, 35.5165831 ], [ 24.0516579, 35.5161989 ], [ 24.0518242, 35.5156836 ], [ 24.0515935, 35.5154653 ], [ 24.0514925, 35.5154729 ], [ 24.0512608, 35.5154904 ], [ 24.0510732, 35.5155046 ], [ 24.0507728, 35.5153343 ], [ 24.0506226, 35.5147012 ], [ 24.050467, 35.5146444 ], [ 24.0504885, 35.5145353 ], [ 24.0508318, 35.5145702 ], [ 24.0508372, 35.5146881 ], [ 24.0511678, 35.5147399 ], [ 24.05126, 35.514548 ], [ 24.05134, 35.514362 ], [ 24.0504456, 35.5143169 ], [ 24.0505099, 35.5141816 ], [ 24.0508103, 35.5141816 ], [ 24.0508801, 35.5140157 ], [ 24.0505905, 35.513988 ], [ 24.0507245, 35.5138672 ], [ 24.0510035, 35.5139152 ], [ 24.0512502, 35.5136358 ], [ 24.0515614, 35.5137449 ], [ 24.0517276, 35.5139109 ], [ 24.0520388, 35.5137362 ], [ 24.0517437, 35.5135397 ], [ 24.0517598, 35.5133345 ], [ 24.0518832, 35.5132602 ], [ 24.0514715, 35.5126256 ], [ 24.0511107, 35.5128018 ], [ 24.0513039, 35.5131292 ], [ 24.0512821, 35.5131585 ], [ 24.0508747, 35.5137056 ], [ 24.0506977, 35.5136401 ], [ 24.0506816, 35.5132602 ], [ 24.0507186, 35.5131529 ], [ 24.0509176, 35.5125747 ], [ 24.0507567, 35.5125572 ], [ 24.0507567, 35.5124175 ], [ 24.0502953, 35.5123083 ], [ 24.0502149, 35.5126227 ], [ 24.0506226, 35.5127756 ], [ 24.0506065, 35.5129502 ], [ 24.0503597, 35.512924 ], [ 24.0503329, 35.5131947 ], [ 24.0502095, 35.5131947 ], [ 24.0501773, 35.5129983 ], [ 24.05007, 35.5129022 ], [ 24.0497214, 35.5129022 ], [ 24.0496248, 35.5129633 ], [ 24.0490401, 35.5129459 ], [ 24.0490401, 35.5131642 ], [ 24.0487719, 35.5131642 ], [ 24.0487772, 35.5129022 ], [ 24.0490776, 35.5128673 ], [ 24.0490776, 35.5127406 ], [ 24.0492976, 35.5127406 ], [ 24.0493137, 35.5125834 ], [ 24.0487933, 35.5124874 ], [ 24.0488094, 35.5123171 ], [ 24.0492493, 35.5123826 ], [ 24.0493449, 35.5121996 ], [ 24.0495229, 35.5118586 ], [ 24.0490293, 35.5116621 ], [ 24.0485305, 35.5115311 ], [ 24.0481085, 35.5116039 ], [ 24.0481093, 35.5121056 ], [ 24.04811, 35.5125716 ], [ 24.048002, 35.5125989 ], [ 24.0480691, 35.5130332 ], [ 24.0479699, 35.5130616 ], [ 24.0477991, 35.5126946 ], [ 24.0473969, 35.5128272 ], [ 24.047192, 35.5126162 ], [ 24.0470207, 35.5126624 ], [ 24.0471557, 35.5129588 ], [ 24.0466495, 35.5131352 ], [ 24.0469775, 35.5137995 ] ] ] } },
{ "type": "Feature", "properties": { "element": "relation", "id": 12476565, "amenity": null, "brand": null, "brand:wikidata": null, "name": null, "operator": null, "brand:wikipedia": null, "compressed_air": null, "cuisine": null, "addr:street": null, "name:el": null, "tourism": null, "addr:city": null, "addr:housenumber": null, "addr:postcode": null, "contact:facebook": null, "description": null, "email": null, "fax": null, "fuel:diesel": null, "fuel:diesel_B": null, "fuel:e10": null, "fuel:e5": null, "fuel:gasoline": null, "fuel:heating_oil": null, "fuel:octane_95": null, "fuel:unleaded": null, "opening_hours": null, "payment:app": null, "payment:apple_pay": null, "payment:cards": null, "payment:cash": null, "payment:coins": null, "payment:contactless": null, "payment:credit_cards": null, "payment:debit_cards": null, "payment:electronic_purses": null, "payment:google_pay": null, "payment:maestro": null, "payment:mastercard": null, "payment:mastercard_contactless": null, "payment:visa": null, "payment:visa_debit": null, "payment:visa_electron": null, "phone": null, "self_service": null, "start_date": null, "website": null, "wheelchair": null, "name:en": null, "shop": null, "fee": null, "wikidata": null, "wikipedia": null, "int_name": null, "leisure": null, "healthcare": null, "internet_access": null, "denomination": null, "religion": null, "castle_type": null, "historic": null, "historic:civilization": null, "image": null, "source": null, "theatre:type": null, "natural": "scrub", "ele": null, "male": null, "female": null, "brand:el": null, "brand:en": null, "operator:wikidata": null, "short_name": null, "short_name:el": null, "short_name:en": null, "brewery": null, "outdoor_seating": null, "colour": null, "parcel_locker:type": null, "parcel_mail_in": null, "parcel_pickup": null, "backrest": null, "access": null, "authentication:app": null, "authentication:membership_card": null, "branch": null, "capacity": null, "contact:phone": null, "contact:website": null, "covered": null, "motorcar": null, "parking:fee": null, "ref:EU:EVSE": null, "ref:GR:IDRO": null, "socket:type2": null, "socket:type2:output": null, "lit": null, "socket:type2_combo": null, "socket:type2_combo:output": null, "manufacturer": null, "building": null, "parking": null, "name:de": null, "leaf_type": null, "building:levels": null, "layer": null, "location": null, "intermittent": null, "seasonal": null, "waterway": null, "name:ru": null, "landuse": null, "sport": null, "industrial": null, "education": null, "emergency": null, "operator:type": null, "type": "multipolygon", "leaf_cycle": null, "label": "natural:scrub" }, "geometry": { "type": "Polygon", "coordinates": [ [ [ 24.0403202, 35.5052014 ], [ 24.0402934, 35.5053957 ], [ 24.040972, 35.5053652 ], [ 24.0409639, 35.5057473 ], [ 24.0407574, 35.5057516 ], [ 24.0407386, 35.5058979 ], [ 24.0409988, 35.5059045 ], [ 24.041031, 35.5060595 ], [ 24.0411571, 35.5060726 ], [ 24.0411839, 35.5061687 ], [ 24.0414387, 35.506232 ], [ 24.0415728, 35.5063041 ], [ 24.0419188, 35.5062429 ], [ 24.042238, 35.506291 ], [ 24.0432841, 35.5062189 ], [ 24.0433994, 35.5066654 ], [ 24.0434055, 35.5067177 ], [ 24.0436917, 35.5064962 ], [ 24.0438473, 35.5063041 ], [ 24.0438044, 35.5059241 ], [ 24.0436864, 35.5057058 ], [ 24.0437078, 35.5054307 ], [ 24.0437615, 35.5049459 ], [ 24.0440941, 35.5046315 ], [ 24.044491, 35.5042079 ], [ 24.0441745, 35.5042297 ], [ 24.0440404, 35.5043389 ], [ 24.0437481, 35.5044219 ], [ 24.0435845, 35.5043782 ], [ 24.0429139, 35.5043083 ], [ 24.0424901, 35.504221 ], [ 24.0420234, 35.5042035 ], [ 24.0419054, 35.5041904 ], [ 24.0418062, 35.5046009 ], [ 24.0414333, 35.5047232 ], [ 24.0411375, 35.5045938 ], [ 24.0406126, 35.5046926 ], [ 24.0413314, 35.5051599 ], [ 24.040339, 35.5051162 ], [ 24.0401328, 35.5051674 ], [ 24.0403202, 35.5052014 ] ] ] } },
{ "type": "Feature", "properties": { "element": "relation", "id": 12476566, "amenity": null, "brand": null, "brand:wikidata": null, "name": null, "operator": null, "brand:wikipedia": null, "compressed_air": null, "cuisine": null, "addr:street": null, "name:el": null, "tourism": null, "addr:city": null, "addr:housenumber": null, "addr:postcode": null, "contact:facebook": null, "description": null, "email": null, "fax": null, "fuel:diesel": null, "fuel:diesel_B": null, "fuel:e10": null, "fuel:e5": null, "fuel:gasoline": null, "fuel:heating_oil": null, "fuel:octane_95": null, "fuel:unleaded": null, "opening_hours": null, "payment:app": null, "payment:apple_pay": null, "payment:cards": null, "payment:cash": null, "payment:coins": null, "payment:contactless": null, "payment:credit_cards": null, "payment:debit_cards": null, "payment:electronic_purses": null, "payment:google_pay": null, "payment:maestro": null, "payment:mastercard": null, "payment:mastercard_contactless": null, "payment:visa": null, "payment:visa_debit": null, "payment:visa_electron": null, "phone": null, "self_service": null, "start_date": null, "website": null, "wheelchair": null, "name:en": null, "shop": null, "fee": null, "wikidata": null, "wikipedia": null, "int_name": null, "leisure": null, "healthcare": null, "internet_access": null, "denomination": null, "religion": null, "castle_type": null, "historic": null, "historic:civilization": null, "image": null, "source": null, "theatre:type": null, "natural": "scrub", "ele": null, "male": null, "female": null, "brand:el": null, "brand:en": null, "operator:wikidata": null, "short_name": null, "short_name:el": null, "short_name:en": null, "brewery": null, "outdoor_seating": null, "colour": null, "parcel_locker:type": null, "parcel_mail_in": null, "parcel_pickup": null, "backrest": null, "access": null, "authentication:app": null, "authentication:membership_card": null, "branch": null, "capacity": null, "contact:phone": null, "contact:website": null, "covered": null, "motorcar": null, "parking:fee": null, "ref:EU:EVSE": null, "ref:GR:IDRO": null, "socket:type2": null, "socket:type2:output": null, "lit": null, "socket:type2_combo": null, "socket:type2_combo:output": null, "manufacturer": null, "building": null, "parking": null, "name:de": null, "leaf_type": null, "building:levels": null, "layer": null, "location": null, "intermittent": null, "seasonal": null, "waterway": null, "name:ru": null, "landuse": null, "sport": null, "industrial": null, "education": null, "emergency": null, "operator:type": null, "type": "multipolygon", "leaf_cycle": null, "label": "natural:scrub" }, "geometry": { "type": "Polygon", "coordinates": [ [ [ 24.0419644, 35.5023781 ], [ 24.0421039, 35.50271 ], [ 24.0425599, 35.5026969 ], [ 24.0433377, 35.5024742 ], [ 24.0436488, 35.5024392 ], [ 24.0439761, 35.5023432 ], [ 24.0443408, 35.5023737 ], [ 24.0447217, 35.5023956 ], [ 24.0449148, 35.502317 ], [ 24.0452045, 35.5024174 ], [ 24.0455693, 35.5023344 ], [ 24.0459931, 35.5023344 ], [ 24.0464598, 35.5023563 ], [ 24.0469104, 35.5022602 ], [ 24.046551, 35.5020942 ], [ 24.045977, 35.5020113 ], [ 24.0453762, 35.5019676 ], [ 24.0446788, 35.5018147 ], [ 24.0443355, 35.5019763 ], [ 24.0439707, 35.50202 ], [ 24.0434396, 35.5020156 ], [ 24.0430266, 35.502151 ], [ 24.0427262, 35.5022602 ], [ 24.0421092, 35.5022558 ], [ 24.0424257, 35.5020244 ], [ 24.043048, 35.5019676 ], [ 24.043504, 35.5017405 ], [ 24.0440029, 35.5015658 ], [ 24.0445876, 35.5016532 ], [ 24.0453976, 35.5015396 ], [ 24.0461433, 35.501544 ], [ 24.0463149, 35.5013169 ], [ 24.0465295, 35.5014741 ], [ 24.0465671, 35.5015833 ], [ 24.0468997, 35.5018147 ], [ 24.0473235, 35.5017056 ], [ 24.0478116, 35.501675 ], [ 24.0481067, 35.5018453 ], [ 24.0483427, 35.5021816 ], [ 24.0489221, 35.5021423 ], [ 24.0493137, 35.5021248 ], [ 24.049378, 35.5025572 ], [ 24.0497214, 35.502531 ], [ 24.0496302, 35.5021292 ], [ 24.0495175, 35.5018409 ], [ 24.0498501, 35.5014654 ], [ 24.0492976, 35.5014217 ], [ 24.0491259, 35.5014697 ], [ 24.0487289, 35.5014828 ], [ 24.0487236, 35.5013649 ], [ 24.0484232, 35.5012907 ], [ 24.0482193, 35.5011378 ], [ 24.0481174, 35.5005701 ], [ 24.0479589, 35.5005784 ], [ 24.0467012, 35.5006443 ], [ 24.0466153, 35.5004959 ], [ 24.0463042, 35.4999587 ], [ 24.0460521, 35.499998 ], [ 24.0459877, 35.4998975 ], [ 24.0453118, 35.5002862 ], [ 24.0448022, 35.5005701 ], [ 24.0446091, 35.5006967 ], [ 24.0451938, 35.5006836 ], [ 24.0451455, 35.5007972 ], [ 24.0446895, 35.5008452 ], [ 24.0443838, 35.5009457 ], [ 24.0439761, 35.5009631 ], [ 24.0434986, 35.5009631 ], [ 24.0431231, 35.5011073 ], [ 24.0428764, 35.5012295 ], [ 24.0425867, 35.5015702 ], [ 24.0422326, 35.5015571 ], [ 24.0418196, 35.5017754 ], [ 24.0416533, 35.5019152 ], [ 24.0415809, 35.5021466 ], [ 24.0419644, 35.5023781 ] ] ] } },
{ "type": "Feature", "properties": { "element": "relation", "id": 12476567, "amenity": null, "brand": null, "brand:wikidata": null, "name": null, "operator": null, "brand:wikipedia": null, "compressed_air": null, "cuisine": null, "addr:street": null, "name:el": null, "tourism": null, "addr:city": null, "addr:housenumber": null, "addr:postcode": null, "contact:facebook": null, "description": null, "email": null, "fax": null, "fuel:diesel": null, "fuel:diesel_B": null, "fuel:e10": null, "fuel:e5": null, "fuel:gasoline": null, "fuel:heating_oil": null, "fuel:octane_95": null, "fuel:unleaded": null, "opening_hours": null, "payment:app": null, "payment:apple_pay": null, "payment:cards": null, "payment:cash": null, "payment:coins": null, "payment:contactless": null, "payment:credit_cards": null, "payment:debit_cards": null, "payment:electronic_purses": null, "payment:google_pay": null, "payment:maestro": null, "payment:mastercard": null, "payment:mastercard_contactless": null, "payment:visa": null, "payment:visa_debit": null, "payment:visa_electron": null, "phone": null, "self_service": null, "start_date": null, "website": null, "wheelchair": null, "name:en": null, "shop": null, "fee": null, "wikidata": null, "wikipedia": null, "int_name": null, "leisure": null, "healthcare": null, "internet_access": null, "denomination": null, "religion": null, "castle_type": null, "historic": null, "historic:civilization": null, "image": null, "source": null, "theatre:type": null, "natural": "scree", "ele": null, "male": null, "female": null, "brand:el": null, "brand:en": null, "operator:wikidata": null, "short_name": null, "short_name:el": null, "short_name:en": null, "brewery": null, "outdoor_seating": null, "colour": null, "parcel_locker:type": null, "parcel_mail_in": null, "parcel_pickup": null, "backrest": null, "access": null, "authentication:app": null, "authentication:membership_card": null, "branch": null, "capacity": null, "contact:phone": null, "contact:website": null, "covered": null, "motorcar": null, "parking:fee": null, "ref:EU:EVSE": null, "ref:GR:IDRO": null, "socket:type2": null, "socket:type2:output": null, "lit": null, "socket:type2_combo": null, "socket:type2_combo:output": null, "manufacturer": null, "building": null, "parking": null, "name:de": null, "leaf_type": null, "building:levels": null, "layer": null, "location": null, "intermittent": null, "seasonal": null, "waterway": null, "name:ru": null, "landuse": null, "sport": null, "industrial": null, "education": null, "emergency": null, "operator:type": null, "type": "multipolygon", "leaf_cycle": null, "label": "natural:scree" }, "geometry": { "type": "Polygon", "coordinates": [ [ [ 24.0420234, 35.5042035 ], [ 24.0424901, 35.504221 ], [ 24.0429139, 35.5043083 ], [ 24.0435845, 35.5043782 ], [ 24.0436837, 35.5041184 ], [ 24.0437856, 35.5040179 ], [ 24.0440136, 35.5040027 ], [ 24.044424, 35.5040136 ], [ 24.044491, 35.5042079 ], [ 24.0448236, 35.504269 ], [ 24.0449202, 35.5045005 ], [ 24.0450704, 35.5048673 ], [ 24.0453976, 35.5049852 ], [ 24.0456122, 35.5040158 ], [ 24.045698, 35.5040114 ], [ 24.0461594, 35.5038716 ], [ 24.0465724, 35.503697 ], [ 24.0467602, 35.5032777 ], [ 24.0472698, 35.5032865 ], [ 24.0473288, 35.5036533 ], [ 24.0477794, 35.5037232 ], [ 24.048171, 35.5034611 ], [ 24.0481871, 35.5028148 ], [ 24.0483427, 35.5021816 ], [ 24.0481067, 35.5018453 ], [ 24.0478116, 35.501675 ], [ 24.0473235, 35.5017056 ], [ 24.0468997, 35.5018147 ], [ 24.0465671, 35.5015833 ], [ 24.0465295, 35.5014741 ], [ 24.0463149, 35.5013169 ], [ 24.0461433, 35.501544 ], [ 24.0453976, 35.5015396 ], [ 24.0445876, 35.5016532 ], [ 24.0440029, 35.5015658 ], [ 24.043504, 35.5017405 ], [ 24.043048, 35.5019676 ], [ 24.0424257, 35.5020244 ], [ 24.0421092, 35.5022558 ], [ 24.0427262, 35.5022602 ], [ 24.0430266, 35.502151 ], [ 24.0434396, 35.5020156 ], [ 24.0439707, 35.50202 ], [ 24.0443355, 35.5019763 ], [ 24.0446788, 35.5018147 ], [ 24.0453762, 35.5019676 ], [ 24.045977, 35.5020113 ], [ 24.046551, 35.5020942 ], [ 24.0469104, 35.5022602 ], [ 24.0464598, 35.5023563 ], [ 24.0459931, 35.5023344 ], [ 24.0455693, 35.5023344 ], [ 24.0452045, 35.5024174 ], [ 24.0449148, 35.502317 ], [ 24.0447217, 35.5023956 ], [ 24.0443408, 35.5023737 ], [ 24.0439761, 35.5023432 ], [ 24.0436488, 35.5024392 ], [ 24.0433377, 35.5024742 ], [ 24.0425599, 35.5026969 ], [ 24.0421039, 35.50271 ], [ 24.0421522, 35.503055 ], [ 24.0420663, 35.5034873 ], [ 24.0415782, 35.5033607 ], [ 24.0413797, 35.5035135 ], [ 24.0417927, 35.5036402 ], [ 24.0419644, 35.5037843 ], [ 24.0419698, 35.5039808 ], [ 24.0419054, 35.5041904 ], [ 24.0420234, 35.5042035 ] ] ] } },
{ "type": "Feature", "properties": { "element": "relation", "id": 12476568, "amenity": null, "brand": null, "brand:wikidata": null, "name": null, "operator": null, "brand:wikipedia": null, "compressed_air": null, "cuisine": null, "addr:street": null, "name:el": null, "tourism": null, "addr:city": null, "addr:housenumber": null, "addr:postcode": null, "contact:facebook": null, "description": null, "email": null, "fax": null, "fuel:diesel": null, "fuel:diesel_B": null, "fuel:e10": null, "fuel:e5": null, "fuel:gasoline": null, "fuel:heating_oil": null, "fuel:octane_95": null, "fuel:unleaded": null, "opening_hours": null, "payment:app": null, "payment:apple_pay": null, "payment:cards": null, "payment:cash": null, "payment:coins": null, "payment:contactless": null, "payment:credit_cards": null, "payment:debit_cards": null, "payment:electronic_purses": null, "payment:google_pay": null, "payment:maestro": null, "payment:mastercard": null, "payment:mastercard_contactless": null, "payment:visa": null, "payment:visa_debit": null, "payment:visa_electron": null, "phone": null, "self_service": null, "start_date": null, "website": null, "wheelchair": null, "name:en": null, "shop": null, "fee": null, "wikidata": null, "wikipedia": null, "int_name": null, "leisure": null, "healthcare": null, "internet_access": null, "denomination": null, "religion": null, "castle_type": null, "historic": null, "historic:civilization": null, "image": null, "source": null, "theatre:type": null, "natural": "bare_rock", "ele": null, "male": null, "female": null, "brand:el": null, "brand:en": null, "operator:wikidata": null, "short_name": null, "short_name:el": null, "short_name:en": null, "brewery": null, "outdoor_seating": null, "colour": null, "parcel_locker:type": null, "parcel_mail_in": null, "parcel_pickup": null, "backrest": null, "access": null, "authentication:app": null, "authentication:membership_card": null, "branch": null, "capacity": null, "contact:phone": null, "contact:website": null, "covered": null, "motorcar": null, "parking:fee": null, "ref:EU:EVSE": null, "ref:GR:IDRO": null, "socket:type2": null, "socket:type2:output": null, "lit": null, "socket:type2_combo": null, "socket:type2_combo:output": null, "manufacturer": null, "building": null, "parking": null, "name:de": null, "leaf_type": null, "building:levels": null, "layer": null, "location": null, "intermittent": null, "seasonal": null, "waterway": null, "name:ru": null, "landuse": null, "sport": null, "industrial": null, "education": null, "emergency": null, "operator:type": null, "type": "multipolygon", "leaf_cycle": null, "label": "natural:bare_rock" }, "geometry": { "type": "Polygon", "coordinates": [ [ [ 24.0437481, 35.5044219 ], [ 24.0440404, 35.5043389 ], [ 24.0441745, 35.5042297 ], [ 24.044491, 35.5042079 ], [ 24.044424, 35.5040136 ], [ 24.0440136, 35.5040027 ], [ 24.0437856, 35.5040179 ], [ 24.0436837, 35.5041184 ], [ 24.0435845, 35.5043782 ], [ 24.0437481, 35.5044219 ] ] ] } },
{ "type": "Feature", "properties": { "element": "relation", "id": 12476569, "amenity": null, "brand": null, "brand:wikidata": null, "name": null, "operator": null, "brand:wikipedia": null, "compressed_air": null, "cuisine": null, "addr:street": null, "name:el": null, "tourism": null, "addr:city": null, "addr:housenumber": null, "addr:postcode": null, "contact:facebook": null, "description": null, "email": null, "fax": null, "fuel:diesel": null, "fuel:diesel_B": null, "fuel:e10": null, "fuel:e5": null, "fuel:gasoline": null, "fuel:heating_oil": null, "fuel:octane_95": null, "fuel:unleaded": null, "opening_hours": null, "payment:app": null, "payment:apple_pay": null, "payment:cards": null, "payment:cash": null, "payment:coins": null, "payment:contactless": null, "payment:credit_cards": null, "payment:debit_cards": null, "payment:electronic_purses": null, "payment:google_pay": null, "payment:maestro": null, "payment:mastercard": null, "payment:mastercard_contactless": null, "payment:visa": null, "payment:visa_debit": null, "payment:visa_electron": null, "phone": null, "self_service": null, "start_date": null, "website": null, "wheelchair": null, "name:en": null, "shop": null, "fee": null, "wikidata": null, "wikipedia": null, "int_name": null, "leisure": null, "healthcare": null, "internet_access": null, "denomination": null, "religion": null, "castle_type": null, "historic": null, "historic:civilization": null, "image": null, "source": null, "theatre:type": null, "natural": "scrub", "ele": null, "male": null, "female": null, "brand:el": null, "brand:en": null, "operator:wikidata": null, "short_name": null, "short_name:el": null, "short_name:en": null, "brewery": null, "outdoor_seating": null, "colour": null, "parcel_locker:type": null, "parcel_mail_in": null, "parcel_pickup": null, "backrest": null, "access": null, "authentication:app": null, "authentication:membership_card": null, "branch": null, "capacity": null, "contact:phone": null, "contact:website": null, "covered": null, "motorcar": null, "parking:fee": null, "ref:EU:EVSE": null, "ref:GR:IDRO": null, "socket:type2": null, "socket:type2:output": null, "lit": null, "socket:type2_combo": null, "socket:type2_combo:output": null, "manufacturer": null, "building": null, "parking": null, "name:de": null, "leaf_type": null, "building:levels": null, "layer": null, "location": null, "intermittent": null, "seasonal": null, "waterway": null, "name:ru": null, "landuse": null, "sport": null, "industrial": null, "education": null, "emergency": null, "operator:type": null, "type": "multipolygon", "leaf_cycle": null, "label": "natural:scrub" }, "geometry": { "type": "Polygon", "coordinates": [ [ [ 24.0414333, 35.5047232 ], [ 24.0418062, 35.5046009 ], [ 24.0419054, 35.5041904 ], [ 24.0419698, 35.5039808 ], [ 24.0419644, 35.5037843 ], [ 24.0417927, 35.5036402 ], [ 24.0413797, 35.5035135 ], [ 24.0415782, 35.5033607 ], [ 24.0420663, 35.5034873 ], [ 24.0421522, 35.503055 ], [ 24.0421039, 35.50271 ], [ 24.0419644, 35.5023781 ], [ 24.0415809, 35.5021466 ], [ 24.0415433, 35.5024196 ], [ 24.041326, 35.5026401 ], [ 24.0411222, 35.502972 ], [ 24.0407306, 35.5032843 ], [ 24.0412939, 35.503614 ], [ 24.0418035, 35.5038149 ], [ 24.041605, 35.5041031 ], [ 24.0417391, 35.5044263 ], [ 24.0414011, 35.5045442 ], [ 24.0411375, 35.5045938 ], [ 24.0414333, 35.5047232 ] ] ] } },
{ "type": "Feature", "properties": { "element": "relation", "id": 12476570, "amenity": null, "brand": null, "brand:wikidata": null, "name": "Λόφος \"Κάρμηρος\"", "operator": null, "brand:wikipedia": null, "compressed_air": null, "cuisine": null, "addr:street": null, "name:el": null, "tourism": null, "addr:city": null, "addr:housenumber": null, "addr:postcode": null, "contact:facebook": null, "description": "Πολύ ωραίος λόφος για περπάτημα", "email": null, "fax": null, "fuel:diesel": null, "fuel:diesel_B": null, "fuel:e10": null, "fuel:e5": null, "fuel:gasoline": null, "fuel:heating_oil": null, "fuel:octane_95": null, "fuel:unleaded": null, "opening_hours": null, "payment:app": null, "payment:apple_pay": null, "payment:cards": null, "payment:cash": null, "payment:coins": null, "payment:contactless": null, "payment:credit_cards": null, "payment:debit_cards": null, "payment:electronic_purses": null, "payment:google_pay": null, "payment:maestro": null, "payment:mastercard": null, "payment:mastercard_contactless": null, "payment:visa": null, "payment:visa_debit": null, "payment:visa_electron": null, "phone": null, "self_service": null, "start_date": null, "website": null, "wheelchair": null, "name:en": null, "shop": null, "fee": null, "wikidata": null, "wikipedia": null, "int_name": null, "leisure": null, "healthcare": null, "internet_access": null, "denomination": null, "religion": null, "castle_type": null, "historic": null, "historic:civilization": null, "image": null, "source": null, "theatre:type": null, "natural": "wood", "ele": null, "male": null, "female": null, "brand:el": null, "brand:en": null, "operator:wikidata": null, "short_name": null, "short_name:el": null, "short_name:en": null, "brewery": null, "outdoor_seating": null, "colour": null, "parcel_locker:type": null, "parcel_mail_in": null, "parcel_pickup": null, "backrest": null, "access": null, "authentication:app": null, "authentication:membership_card": null, "branch": null, "capacity": null, "contact:phone": null, "contact:website": null, "covered": null, "motorcar": null, "parking:fee": null, "ref:EU:EVSE": null, "ref:GR:IDRO": null, "socket:type2": null, "socket:type2:output": null, "lit": null, "socket:type2_combo": null, "socket:type2_combo:output": null, "manufacturer": null, "building": null, "parking": null, "name:de": null, "leaf_type": "needleleaved", "building:levels": null, "layer": null, "location": null, "intermittent": null, "seasonal": null, "waterway": null, "name:ru": null, "landuse": null, "sport": null, "industrial": null, "education": null, "emergency": null, "operator:type": null, "type": "multipolygon", "leaf_cycle": "evergreen", "label": "natural:wood" }, "geometry": { "type": "Polygon", "coordinates": [ [ [ 24.0373939, 35.5044918 ], [ 24.038904, 35.504364 ], [ 24.0391105, 35.505339 ], [ 24.0393573, 35.5054045 ], [ 24.039706, 35.5052735 ], [ 24.0401328, 35.5051674 ], [ 24.040339, 35.5051162 ], [ 24.0413314, 35.5051599 ], [ 24.0406126, 35.5046926 ], [ 24.0411375, 35.5045938 ], [ 24.0414011, 35.5045442 ], [ 24.0417391, 35.5044263 ], [ 24.041605, 35.5041031 ], [ 24.0418035, 35.5038149 ], [ 24.0412939, 35.503614 ], [ 24.0407306, 35.5032843 ], [ 24.0411222, 35.502972 ], [ 24.041326, 35.5026401 ], [ 24.0415433, 35.5024196 ], [ 24.0415809, 35.5021466 ], [ 24.041377, 35.5018322 ], [ 24.041149, 35.5020462 ], [ 24.0408808, 35.5024567 ], [ 24.0404946, 35.5028017 ], [ 24.0398347, 35.5031423 ], [ 24.0393519, 35.5033607 ], [ 24.0392607, 35.5032166 ], [ 24.0386546, 35.5034 ], [ 24.0379518, 35.5035791 ], [ 24.0371633, 35.5036227 ], [ 24.0371257, 35.5045049 ], [ 24.0373939, 35.5044918 ] ] ] } },
{ "type": "Feature", "properties": { "element": "relation", "id": 12476571, "amenity": null, "brand": null, "brand:wikidata": null, "name": null, "operator": null, "brand:wikipedia": null, "compressed_air": null, "cuisine": null, "addr:street": null, "name:el": null, "tourism": null, "addr:city": null, "addr:housenumber": null, "addr:postcode": null, "contact:facebook": null, "description": null, "email": null, "fax": null, "fuel:diesel": null, "fuel:diesel_B": null, "fuel:e10": null, "fuel:e5": null, "fuel:gasoline": null, "fuel:heating_oil": null, "fuel:octane_95": null, "fuel:unleaded": null, "opening_hours": null, "payment:app": null, "payment:apple_pay": null, "payment:cards": null, "payment:cash": null, "payment:coins": null, "payment:contactless": null, "payment:credit_cards": null, "payment:debit_cards": null, "payment:electronic_purses": null, "payment:google_pay": null, "payment:maestro": null, "payment:mastercard": null, "payment:mastercard_contactless": null, "payment:visa": null, "payment:visa_debit": null, "payment:visa_electron": null, "phone": null, "self_service": null, "start_date": null, "website": null, "wheelchair": null, "name:en": null, "shop": null, "fee": null, "wikidata": null, "wikipedia": null, "int_name": null, "leisure": null, "healthcare": null, "internet_access": null, "denomination": null, "religion": null, "castle_type": null, "historic": null, "historic:civilization": null, "image": null, "source": null, "theatre:type": null, "natural": "wood", "ele": null, "male": null, "female": null, "brand:el": null, "brand:en": null, "operator:wikidata": null, "short_name": null, "short_name:el": null, "short_name:en": null, "brewery": null, "outdoor_seating": null, "colour": null, "parcel_locker:type": null, "parcel_mail_in": null, "parcel_pickup": null, "backrest": null, "access": null, "authentication:app": null, "authentication:membership_card": null, "branch": null, "capacity": null, "contact:phone": null, "contact:website": null, "covered": null, "motorcar": null, "parking:fee": null, "ref:EU:EVSE": null, "ref:GR:IDRO": null, "socket:type2": null, "socket:type2:output": null, "lit": null, "socket:type2_combo": null, "socket:type2_combo:output": null, "manufacturer": null, "building": null, "parking": null, "name:de": null, "leaf_type": "needleleaved", "building:levels": null, "layer": null, "location": null, "intermittent": null, "seasonal": null, "waterway": null, "name:ru": null, "landuse": null, "sport": null, "industrial": null, "education": null, "emergency": null, "operator:type": null, "type": "multipolygon", "leaf_cycle": null, "label": "natural:wood" }, "geometry": { "type": "Polygon", "coordinates": [ [ [ 24.051113, 35.514854 ], [ 24.0510732, 35.5151509 ], [ 24.0512395, 35.5153125 ], [ 24.0512608, 35.5154904 ], [ 24.0514925, 35.5154729 ], [ 24.0515399, 35.5152208 ], [ 24.0521407, 35.5153081 ], [ 24.0522891, 35.515275 ], [ 24.052398, 35.514858 ], [ 24.052135, 35.514644 ], [ 24.052019, 35.514477 ], [ 24.051727, 35.514167 ], [ 24.051503, 35.514173 ], [ 24.05134, 35.514362 ], [ 24.05126, 35.514548 ], [ 24.0511678, 35.5147399 ], [ 24.051113, 35.514854 ] ] ] } },
{ "type": "Feature", "properties": { "element": "relation", "id": 12476572, "amenity": null, "brand": null, "brand:wikidata": null, "name": null, "operator": null, "brand:wikipedia": null, "compressed_air": null, "cuisine": null, "addr:street": null, "name:el": null, "tourism": null, "addr:city": null, "addr:housenumber": null, "addr:postcode": null, "contact:facebook": null, "description": null, "email": null, "fax": null, "fuel:diesel": null, "fuel:diesel_B": null, "fuel:e10": null, "fuel:e5": null, "fuel:gasoline": null, "fuel:heating_oil": null, "fuel:octane_95": null, "fuel:unleaded": null, "opening_hours": null, "payment:app": null, "payment:apple_pay": null, "payment:cards": null, "payment:cash": null, "payment:coins": null, "payment:contactless": null, "payment:credit_cards": null, "payment:debit_cards": null, "payment:electronic_purses": null, "payment:google_pay": null, "payment:maestro": null, "payment:mastercard": null, "payment:mastercard_contactless": null, "payment:visa": null, "payment:visa_debit": null, "payment:visa_electron": null, "phone": null, "self_service": null, "start_date": null, "website": null, "wheelchair": null, "name:en": null, "shop": null, "fee": null, "wikidata": null, "wikipedia": null, "int_name": null, "leisure": null, "healthcare": null, "internet_access": null, "denomination": null, "religion": null, "castle_type": null, "historic": null, "historic:civilization": null, "image": null, "source": null, "theatre:type": null, "natural": "wood", "ele": null, "male": null, "female": null, "brand:el": null, "brand:en": null, "operator:wikidata": null, "short_name": null, "short_name:el": null, "short_name:en": null, "brewery": null, "outdoor_seating": null, "colour": null, "parcel_locker:type": null, "parcel_mail_in": null, "parcel_pickup": null, "backrest": null, "access": null, "authentication:app": null, "authentication:membership_card": null, "branch": null, "capacity": null, "contact:phone": null, "contact:website": null, "covered": null, "motorcar": null, "parking:fee": null, "ref:EU:EVSE": null, "ref:GR:IDRO": null, "socket:type2": null, "socket:type2:output": null, "lit": null, "socket:type2_combo": null, "socket:type2_combo:output": null, "manufacturer": null, "building": null, "parking": null, "name:de": null, "leaf_type": "needleleaved", "building:levels": null, "layer": null, "location": null, "intermittent": null, "seasonal": null, "waterway": null, "name:ru": null, "landuse": null, "sport": null, "industrial": null, "education": null, "emergency": null, "operator:type": null, "type": "multipolygon", "leaf_cycle": null, "label": "natural:wood" }, "geometry": { "type": "Polygon", "coordinates": [ [ [ 24.0516204, 35.516677 ], [ 24.051816, 35.516695 ], [ 24.052312, 35.517101 ], [ 24.052429, 35.517339 ], [ 24.052365, 35.517533 ], [ 24.052108, 35.517566 ], [ 24.051766, 35.5175 ], [ 24.051367, 35.517383 ], [ 24.051087, 35.517447 ], [ 24.051058, 35.517829 ], [ 24.051496, 35.518151 ], [ 24.051823, 35.518383 ], [ 24.052126, 35.5185446 ], [ 24.0522296, 35.5191886 ], [ 24.052341211323366, 35.519534523691348 ], [ 24.05779082238746, 35.519534523691348 ], [ 24.0580455, 35.5191961 ], [ 24.0583584, 35.5191681 ], [ 24.0585252, 35.519158 ], [ 24.0586, 35.518695 ], [ 24.058248, 35.518733 ], [ 24.057921, 35.5186 ], [ 24.057823, 35.518359 ], [ 24.057986, 35.518092 ], [ 24.058309, 35.517839 ], [ 24.058443, 35.517565 ], [ 24.058411, 35.517343 ], [ 24.058129, 35.517286 ], [ 24.057463, 35.517344 ], [ 24.057038, 35.517478 ], [ 24.055902, 35.517546 ], [ 24.055581, 35.517666 ], [ 24.055522, 35.517785 ], [ 24.05526, 35.517881 ], [ 24.05512, 35.517954 ], [ 24.055077, 35.518116 ], [ 24.055281, 35.518359 ], [ 24.055348, 35.518609 ], [ 24.055202, 35.518859 ], [ 24.054589, 35.519002 ], [ 24.054313, 35.518938 ], [ 24.054286, 35.518752 ], [ 24.05426, 35.518388 ], [ 24.053999, 35.518067 ], [ 24.053735, 35.51761 ], [ 24.053638, 35.516838 ], [ 24.053683, 35.51648 ], [ 24.053758, 35.51608 ], [ 24.0536004, 35.5158797 ], [ 24.052999, 35.5159806 ], [ 24.0529883, 35.5161989 ], [ 24.0528381, 35.5162294 ], [ 24.0527844, 35.5165438 ], [ 24.0526235, 35.5165525 ], [ 24.052645, 35.5163168 ], [ 24.0524465, 35.5162425 ], [ 24.052248, 35.5162644 ], [ 24.0520817, 35.5160766 ], [ 24.0520602, 35.5158539 ], [ 24.0520495, 35.5156618 ], [ 24.051969, 35.5156094 ], [ 24.0518242, 35.5156836 ], [ 24.0516579, 35.5161989 ], [ 24.0514916, 35.5165831 ], [ 24.0516204, 35.516677 ] ] ] } },
{ "type": "Feature", "properties": { "element": "relation", "id": 12476573, "amenity": null, "brand": null, "brand:wikidata": null, "name": "Rodon", "operator": null, "brand:wikipedia": null, "compressed_air": null, "cuisine": null, "addr:street": null, "name:el": null, "tourism": "hotel", "addr:city": null, "addr:housenumber": null, "addr:postcode": null, "contact:facebook": null, "description": null, "email": null, "fax": null, "fuel:diesel": null, "fuel:diesel_B": null, "fuel:e10": null, "fuel:e5": null, "fuel:gasoline": null, "fuel:heating_oil": null, "fuel:octane_95": null, "fuel:unleaded": null, "opening_hours": null, "payment:app": null, "payment:apple_pay": null, "payment:cards": null, "payment:cash": null, "payment:coins": null, "payment:contactless": null, "payment:credit_cards": null, "payment:debit_cards": null, "payment:electronic_purses": null, "payment:google_pay": null, "payment:maestro": null, "payment:mastercard": null, "payment:mastercard_contactless": null, "payment:visa": null, "payment:visa_debit": null, "payment:visa_electron": null, "phone": null, "self_service": null, "start_date": null, "website": null, "wheelchair": null, "name:en": null, "shop": null, "fee": null, "wikidata": null, "wikipedia": null, "int_name": null, "leisure": null, "healthcare": null, "internet_access": null, "denomination": null, "religion": null, "castle_type": null, "historic": null, "historic:civilization": null, "image": null, "source": null, "theatre:type": null, "natural": null, "ele": null, "male": null, "female": null, "brand:el": null, "brand:en": null, "operator:wikidata": null, "short_name": null, "short_name:el": null, "short_name:en": null, "brewery": null, "outdoor_seating": null, "colour": null, "parcel_locker:type": null, "parcel_mail_in": null, "parcel_pickup": null, "backrest": null, "access": null, "authentication:app": null, "authentication:membership_card": null, "branch": null, "capacity": null, "contact:phone": null, "contact:website": null, "covered": null, "motorcar": null, "parking:fee": null, "ref:EU:EVSE": null, "ref:GR:IDRO": null, "socket:type2": null, "socket:type2:output": null, "lit": null, "socket:type2_combo": null, "socket:type2_combo:output": null, "manufacturer": null, "building": null, "parking": null, "name:de": null, "leaf_type": null, "building:levels": null, "layer": null, "location": null, "intermittent": null, "seasonal": null, "waterway": null, "name:ru": null, "landuse": null, "sport": null, "industrial": null, "education": null, "emergency": null, "operator:type": null, "type": "multipolygon", "leaf_cycle": null, "label": "tourism:hotel" }, "geometry": { "type": "Polygon", "coordinates": [ [ [ 24.0471557, 35.5129588 ], [ 24.0470207, 35.5126624 ], [ 24.0466958, 35.5127863 ], [ 24.0463741, 35.5128387 ], [ 24.0461685, 35.5128898 ], [ 24.0460225, 35.5129562 ], [ 24.0459315, 35.5130559 ], [ 24.0462705, 35.5132846 ], [ 24.0464102, 35.5136921 ], [ 24.0464724, 35.5136757 ], [ 24.0466864, 35.5136193 ], [ 24.0465478, 35.5132758 ], [ 24.0465106, 35.5131836 ], [ 24.0466495, 35.5131352 ], [ 24.0471557, 35.5129588 ] ] ] } },
{ "type": "Feature", "properties": { "element": "relation", "id": 12476574, "amenity": null, "brand": null, "brand:wikidata": null, "name": null, "operator": null, "brand:wikipedia": null, "compressed_air": null, "cuisine": null, "addr:street": null, "name:el": null, "tourism": null, "addr:city": null, "addr:housenumber": null, "addr:postcode": null, "contact:facebook": null, "description": null, "email": null, "fax": null, "fuel:diesel": null, "fuel:diesel_B": null, "fuel:e10": null, "fuel:e5": null, "fuel:gasoline": null, "fuel:heating_oil": null, "fuel:octane_95": null, "fuel:unleaded": null, "opening_hours": null, "payment:app": null, "payment:apple_pay": null, "payment:cards": null, "payment:cash": null, "payment:coins": null, "payment:contactless": null, "payment:credit_cards": null, "payment:debit_cards": null, "payment:electronic_purses": null, "payment:google_pay": null, "payment:maestro": null, "payment:mastercard": null, "payment:mastercard_contactless": null, "payment:visa": null, "payment:visa_debit": null, "payment:visa_electron": null, "phone": null, "self_service": null, "start_date": null, "website": null, "wheelchair": null, "name:en": null, "shop": null, "fee": null, "wikidata": null, "wikipedia": null, "int_name": null, "leisure": null, "healthcare": null, "internet_access": null, "denomination": "greek_orthodox", "religion": "christian", "castle_type": null, "historic": null, "historic:civilization": null, "image": null, "source": null, "theatre:type": null, "natural": null, "ele": null, "male": null, "female": null, "brand:el": null, "brand:en": null, "operator:wikidata": null, "short_name": null, "short_name:el": null, "short_name:en": null, "brewery": null, "outdoor_seating": null, "colour": null, "parcel_locker:type": null, "parcel_mail_in": null, "parcel_pickup": null, "backrest": null, "access": null, "authentication:app": null, "authentication:membership_card": null, "branch": null, "capacity": null, "contact:phone": null, "contact:website": null, "covered": null, "motorcar": null, "parking:fee": null, "ref:EU:EVSE": null, "ref:GR:IDRO": null, "socket:type2": null, "socket:type2:output": null, "lit": null, "socket:type2_combo": null, "socket:type2_combo:output": null, "manufacturer": null, "building": null, "parking": null, "name:de": null, "leaf_type": null, "building:levels": null, "layer": null, "location": null, "intermittent": null, "seasonal": null, "waterway": null, "name:ru": null, "landuse": "cemetery", "sport": null, "industrial": null, "education": null, "emergency": null, "operator:type": null, "type": "multipolygon", "leaf_cycle": null, "label": "landuse:cemetery" }, "geometry": { "type": "Polygon", "coordinates": [ [ [ 24.0454674, 35.5160548 ], [ 24.0453789, 35.5156793 ], [ 24.0450785, 35.5156061 ], [ 24.0446614, 35.5152415 ], [ 24.0445729, 35.5152404 ], [ 24.0444589, 35.5152393 ], [ 24.0445441, 35.5159879 ], [ 24.0454674, 35.5160548 ] ] ] } },
{ "type": "Feature", "properties": { "element": "relation", "id": 18464099, "amenity": null, "brand": null, "brand:wikidata": null, "name": null, "operator": null, "brand:wikipedia": null, "compressed_air": null, "cuisine": null, "addr:street": null, "name:el": null, "tourism": null, "addr:city": null, "addr:housenumber": null, "addr:postcode": null, "contact:facebook": null, "description": null, "email": null, "fax": null, "fuel:diesel": null, "fuel:diesel_B": null, "fuel:e10": null, "fuel:e5": null, "fuel:gasoline": null, "fuel:heating_oil": null, "fuel:octane_95": null, "fuel:unleaded": null, "opening_hours": null, "payment:app": null, "payment:apple_pay": null, "payment:cards": null, "payment:cash": null, "payment:coins": null, "payment:contactless": null, "payment:credit_cards": null, "payment:debit_cards": null, "payment:electronic_purses": null, "payment:google_pay": null, "payment:maestro": null, "payment:mastercard": null, "payment:mastercard_contactless": null, "payment:visa": null, "payment:visa_debit": null, "payment:visa_electron": null, "phone": null, "self_service": null, "start_date": null, "website": null, "wheelchair": null, "name:en": null, "shop": null, "fee": null, "wikidata": null, "wikipedia": null, "int_name": null, "leisure": null, "healthcare": null, "internet_access": null, "denomination": null, "religion": null, "castle_type": null, "historic": null, "historic:civilization": null, "image": null, "source": null, "theatre:type": null, "natural": null, "ele": null, "male": null, "female": null, "brand:el": null, "brand:en": null, "operator:wikidata": null, "short_name": null, "short_name:el": null, "short_name:en": null, "brewery": null, "outdoor_seating": null, "colour": null, "parcel_locker:type": null, "parcel_mail_in": null, "parcel_pickup": null, "backrest": null, "access": null, "authentication:app": null, "authentication:membership_card": null, "branch": null, "capacity": null, "contact:phone": null, "contact:website": null, "covered": null, "motorcar": null, "parking:fee": null, "ref:EU:EVSE": null, "ref:GR:IDRO": null, "socket:type2": null, "socket:type2:output": null, "lit": null, "socket:type2_combo": null, "socket:type2_combo:output": null, "manufacturer": null, "building": null, "parking": null, "name:de": null, "leaf_type": null, "building:levels": null, "layer": null, "location": null, "intermittent": null, "seasonal": null, "waterway": null, "name:ru": null, "landuse": "orchard", "sport": null, "industrial": null, "education": null, "emergency": null, "operator:type": null, "type": "multipolygon", "leaf_cycle": null, "label": "landuse:orchard" }, "geometry": { "type": "Polygon", "coordinates": [ [ [ 24.0601739, 35.4957966 ], [ 24.060177748542245, 35.495791824308938 ], [ 24.0601674522742, 35.495791824308938 ], [ 24.0601739, 35.4957966 ] ] ] } },
{ "type": "Feature", "properties": { "element": "way", "id": 30166287, "amenity": "parking", "brand": null, "brand:wikidata": null, "name": null, "operator": null, "brand:wikipedia": null, "compressed_air": null, "cuisine": null, "addr:street": null, "name:el": null, "tourism": null, "addr:city": null, "addr:housenumber": null, "addr:postcode": null, "contact:facebook": null, "description": null, "email": null, "fax": null, "fuel:diesel": null, "fuel:diesel_B": null, "fuel:e10": null, "fuel:e5": null, "fuel:gasoline": null, "fuel:heating_oil": null, "fuel:octane_95": null, "fuel:unleaded": null, "opening_hours": null, "payment:app": null, "payment:apple_pay": null, "payment:cards": null, "payment:cash": null, "payment:coins": null, "payment:contactless": null, "payment:credit_cards": null, "payment:debit_cards": null, "payment:electronic_purses": null, "payment:google_pay": null, "payment:maestro": null, "payment:mastercard": null, "payment:mastercard_contactless": null, "payment:visa": null, "payment:visa_debit": null, "payment:visa_electron": null, "phone": null, "self_service": null, "start_date": null, "website": null, "wheelchair": null, "name:en": null, "shop": null, "fee": null, "wikidata": null, "wikipedia": null, "int_name": null, "leisure": null, "healthcare": null, "internet_access": null, "denomination": null, "religion": null, "castle_type": null, "historic": null, "historic:civilization": null, "image": null, "source": null, "theatre:type": null, "natural": null, "ele": null, "male": null, "female": null, "brand:el": null, "brand:en": null, "operator:wikidata": null, "short_name": null, "short_name:el": null, "short_name:en": null, "brewery": null, "outdoor_seating": null, "colour": null, "parcel_locker:type": null, "parcel_mail_in": null, "parcel_pickup": null, "backrest": null, "access": null, "authentication:app": null, "authentication:membership_card": null, "branch": null, "capacity": null, "contact:phone": null, "contact:website": null, "covered": null, "motorcar": null, "parking:fee": null, "ref:EU:EVSE": null, "ref:GR:IDRO": null, "socket:type2": null, "socket:type2:output": null, "lit": null, "socket:type2_combo": null, "socket:type2_combo:output": null, "manufacturer": null, "building": null, "parking": "surface", "name:de": null, "leaf_type": null, "building:levels": null, "layer": null, "location": null, "intermittent": null, "seasonal": null, "waterway": null, "name:ru": null, "landuse": null, "sport": null, "industrial": null, "education": null, "emergency": null, "operator:type": null, "type": null, "leaf_cycle": null, "label": "amenity:parking" }, "geometry": { "type": "Polygon", "coordinates": [ [ [ 24.0602745, 35.5000703 ], [ 24.0602249, 35.5001001 ], [ 24.0602021, 35.5001574 ], [ 24.0601348, 35.5002322 ], [ 24.0601847, 35.5003424 ], [ 24.060402065526969, 35.500290370682833 ], [ 24.060402065526969, 35.500039980077645 ], [ 24.0602745, 35.5000703 ] ] ] } },
{ "type": "Feature", "properties": { "element": "way", "id": 59180477, "amenity": "place_of_worship", "brand": null, "brand:wikidata": null, "name": "Ευαγγελίστρια", "operator": null, "brand:wikipedia": null, "compressed_air": null, "cuisine": null, "addr:street": null, "name:el": null, "tourism": null, "addr:city": null, "addr:housenumber": null, "addr:postcode": null, "contact:facebook": null, "description": null, "email": null, "fax": null, "fuel:diesel": null, "fuel:diesel_B": null, "fuel:e10": null, "fuel:e5": null, "fuel:gasoline": null, "fuel:heating_oil": null, "fuel:octane_95": null, "fuel:unleaded": null, "opening_hours": null, "payment:app": null, "payment:apple_pay": null, "payment:cards": null, "payment:cash": null, "payment:coins": null, "payment:contactless": null, "payment:credit_cards": null, "payment:debit_cards": null, "payment:electronic_purses": null, "payment:google_pay": null, "payment:maestro": null, "payment:mastercard": null, "payment:mastercard_contactless": null, "payment:visa": null, "payment:visa_debit": null, "payment:visa_electron": null, "phone": null, "self_service": null, "start_date": null, "website": null, "wheelchair": null, "name:en": null, "shop": null, "fee": null, "wikidata": null, "wikipedia": null, "int_name": null, "leisure": null, "healthcare": null, "internet_access": null, "denomination": "greek_orthodox", "religion": "christian", "castle_type": null, "historic": null, "historic:civilization": null, "image": null, "source": null, "theatre:type": null, "natural": null, "ele": null, "male": null, "female": null, "brand:el": null, "brand:en": null, "operator:wikidata": null, "short_name": null, "short_name:el": null, "short_name:en": null, "brewery": null, "outdoor_seating": null, "colour": null, "parcel_locker:type": null, "parcel_mail_in": null, "parcel_pickup": null, "backrest": null, "access": null, "authentication:app": null, "authentication:membership_card": null, "branch": null, "capacity": null, "contact:phone": null, "contact:website": null, "covered": null, "motorcar": null, "parking:fee": null, "ref:EU:EVSE": null, "ref:GR:IDRO": null, "socket:type2": null, "socket:type2:output": null, "lit": null, "socket:type2_combo": null, "socket:type2_combo:output": null, "manufacturer": null, "building": "church", "parking": null, "name:de": null, "leaf_type": null, "building:levels": null, "layer": null, "location": null, "intermittent": null, "seasonal": null, "waterway": null, "name:ru": null, "landuse": null, "sport": null, "industrial": null, "education": null, "emergency": null, "operator:type": null, "type": null, "leaf_cycle": null, "label": "building:church;amenity:place_of_worship" }, "geometry": { "type": "Polygon", "coordinates": [ [ [ 24.0425208, 35.5195005 ], [ 24.042619, 35.5195058 ], [ 24.042626, 35.5194193 ], [ 24.0425278, 35.519414 ], [ 24.0425327, 35.519353 ], [ 24.0423891, 35.5193453 ], [ 24.0423842, 35.5194063 ], [ 24.0423129, 35.5194025 ], [ 24.0423059, 35.519489 ], [ 24.0423772, 35.5194928 ], [ 24.042373812531988, 35.519534523691348 ], [ 24.042518037680505, 35.519534523691348 ], [ 24.0425208, 35.5195005 ] ] ] } },
{ "type": "Feature", "properties": { "element": "way", "id": 123275854, "amenity": null, "brand": null, "brand:wikidata": null, "name": null, "operator": null, "brand:wikipedia": null, "compressed_air": null, "cuisine": null, "addr:street": null, "name:el": null, "tourism": null, "addr:city": null, "addr:housenumber": null, "addr:postcode": null, "contact:facebook": null, "description": null, "email": null, "fax": null, "fuel:diesel": null, "fuel:diesel_B": null, "fuel:e10": null, "fuel:e5": null, "fuel:gasoline": null, "fuel:heating_oil": null, "fuel:octane_95": null, "fuel:unleaded": null, "opening_hours": null, "payment:app": null, "payment:apple_pay": null, "payment:cards": null, "payment:cash": null, "payment:coins": null, "payment:contactless": null, "payment:credit_cards": null, "payment:debit_cards": null, "payment:electronic_purses": null, "payment:google_pay": null, "payment:maestro": null, "payment:mastercard": null, "payment:mastercard_contactless": null, "payment:visa": null, "payment:visa_debit": null, "payment:visa_electron": null, "phone": null, "self_service": null, "start_date": null, "website": null, "wheelchair": null, "name:en": null, "shop": null, "fee": null, "wikidata": null, "wikipedia": null, "int_name": null, "leisure": "swimming_pool", "healthcare": null, "internet_access": null, "denomination": null, "religion": null, "castle_type": null, "historic": null, "historic:civilization": null, "image": null, "source": "Bing", "theatre:type": null, "natural": null, "ele": null, "male": null, "female": null, "brand:el": null, "brand:en": null, "operator:wikidata": null, "short_name": null, "short_name:el": null, "short_name:en": null, "brewery": null, "outdoor_seating": null, "colour": null, "parcel_locker:type": null, "parcel_mail_in": null, "parcel_pickup": null, "backrest": null, "access": null, "authentication:app": null, "authentication:membership_card": null, "branch": null, "capacity": null, "contact:phone": null, "contact:website": null, "covered": null, "motorcar": null, "parking:fee": null, "ref:EU:EVSE": null, "ref:GR:IDRO": null, "socket:type2": null, "socket:type2:output": null, "lit": null, "socket:type2_combo": null, "socket:type2_combo:output": null, "manufacturer": null, "building": null, "parking": null, "name:de": null, "leaf_type": null, "building:levels": null, "layer": null, "location": null, "intermittent": null, "seasonal": null, "waterway": null, "name:ru": null, "landuse": null, "sport": null, "industrial": null, "education": null, "emergency": null, "operator:type": null, "type": null, "leaf_cycle": null, "label": "leisure:swimming_pool" }, "geometry": { "type": "Polygon", "coordinates": [ [ [ 24.0543457, 35.5118301 ], [ 24.054376, 35.5118793 ], [ 24.0544163, 35.5119335 ], [ 24.0544339, 35.5119581 ], [ 24.05445, 35.511972 ], [ 24.0544666, 35.5119753 ], [ 24.0544853, 35.5119732 ], [ 24.0545316, 35.5119519 ], [ 24.0545432, 35.51194 ], [ 24.0545483, 35.5119269 ], [ 24.0545432, 35.5119101 ], [ 24.0545266, 35.511892 ], [ 24.0544787, 35.5118408 ], [ 24.0544692, 35.5118227 ], [ 24.0544661, 35.5118055 ], [ 24.0544666, 35.5117891 ], [ 24.0544797, 35.5117698 ], [ 24.0545044, 35.5117424 ], [ 24.0545407, 35.5117054 ], [ 24.0545382, 35.511696 ], [ 24.0544843, 35.5116599 ], [ 24.0544636, 35.5116624 ], [ 24.0543508, 35.5117493 ], [ 24.0543392, 35.5117625 ], [ 24.0543372, 35.5117686 ], [ 24.0543412, 35.5117776 ], [ 24.0543488, 35.5117813 ], [ 24.0543503, 35.5117883 ], [ 24.0543407, 35.5117936 ], [ 24.0543347, 35.5117985 ], [ 24.0543457, 35.5118301 ] ] ] } },
{ "type": "Feature", "properties": { "element": "way", "id": 123275855, "amenity": null, "brand": null, "brand:wikidata": null, "name": null, "operator": null, "brand:wikipedia": null, "compressed_air": null, "cuisine": null, "addr:street": null, "name:el": null, "tourism": null, "addr:city": null, "addr:housenumber": null, "addr:postcode": null, "contact:facebook": null, "description": null, "email": null, "fax": null, "fuel:diesel": null, "fuel:diesel_B": null, "fuel:e10": null, "fuel:e5": null, "fuel:gasoline": null, "fuel:heating_oil": null, "fuel:octane_95": null, "fuel:unleaded": null, "opening_hours": null, "payment:app": null, "payment:apple_pay": null, "payment:cards": null, "payment:cash": null, "payment:coins": null, "payment:contactless": null, "payment:credit_cards": null, "payment:debit_cards": null, "payment:electronic_purses": null, "payment:google_pay": null, "payment:maestro": null, "payment:mastercard": null, "payment:mastercard_contactless": null, "payment:visa": null, "payment:visa_debit": null, "payment:visa_electron": null, "phone": null, "self_service": null, "start_date": null, "website": null, "wheelchair": null, "name:en": null, "shop": null, "fee": null, "wikidata": null, "wikipedia": null, "int_name": null, "leisure": null, "healthcare": null, "internet_access": null, "denomination": null, "religion": null, "castle_type": null, "historic": null, "historic:civilization": null, "image": null, "source": null, "theatre:type": null, "natural": null, "ele": null, "male": null, "female": null, "brand:el": null, "brand:en": null, "operator:wikidata": null, "short_name": null, "short_name:el": null, "short_name:en": null, "brewery": null, "outdoor_seating": null, "colour": null, "parcel_locker:type": null, "parcel_mail_in": null, "parcel_pickup": null, "backrest": null, "access": null, "authentication:app": null, "authentication:membership_card": null, "branch": null, "capacity": null, "contact:phone": null, "contact:website": null, "covered": null, "motorcar": null, "parking:fee": null, "ref:EU:EVSE": null, "ref:GR:IDRO": null, "socket:type2": null, "socket:type2:output": null, "lit": null, "socket:type2_combo": null, "socket:type2_combo:output": null, "manufacturer": null, "building": "yes", "parking": null, "name:de": null, "leaf_type": null, "building:levels": null, "layer": null, "location": null, "intermittent": null, "seasonal": null, "waterway": null, "name:ru": null, "landuse": null, "sport": null, "industrial": null, "education": null, "emergency": null, "operator:type": null, "type": null, "leaf_cycle": null, "label": "building:yes" }, "geometry": { "type": "Polygon", "coordinates": [ [ [ 24.0484329, 35.5126789 ], [ 24.048397, 35.5125246 ], [ 24.0482598, 35.5125458 ], [ 24.0482957, 35.5127001 ], [ 24.0484329, 35.5126789 ] ] ] } },
{ "type": "Feature", "properties": { "element": "way", "id": 123275856, "amenity": null, "brand": null, "brand:wikidata": null, "name": null, "operator": null, "brand:wikipedia": null, "compressed_air": null, "cuisine": null, "addr:street": null, "name:el": null, "tourism": null, "addr:city": null, "addr:housenumber": null, "addr:postcode": null, "contact:facebook": null, "description": null, "email": null, "fax": null, "fuel:diesel": null, "fuel:diesel_B": null, "fuel:e10": null, "fuel:e5": null, "fuel:gasoline": null, "fuel:heating_oil": null, "fuel:octane_95": null, "fuel:unleaded": null, "opening_hours": null, "payment:app": null, "payment:apple_pay": null, "payment:cards": null, "payment:cash": null, "payment:coins": null, "payment:contactless": null, "payment:credit_cards": null, "payment:debit_cards": null, "payment:electronic_purses": null, "payment:google_pay": null, "payment:maestro": null, "payment:mastercard": null, "payment:mastercard_contactless": null, "payment:visa": null, "payment:visa_debit": null, "payment:visa_electron": null, "phone": null, "self_service": null, "start_date": null, "website": null, "wheelchair": null, "name:en": null, "shop": null, "fee": null, "wikidata": null, "wikipedia": null, "int_name": null, "leisure": null, "healthcare": null, "internet_access": null, "denomination": null, "religion": null, "castle_type": null, "historic": null, "historic:civilization": null, "image": null, "source": "Bing", "theatre:type": null, "natural": null, "ele": null, "male": null, "female": null, "brand:el": null, "brand:en": null, "operator:wikidata": null, "short_name": null, "short_name:el": null, "short_name:en": null, "brewery": null, "outdoor_seating": null, "colour": null, "parcel_locker:type": null, "parcel_mail_in": null, "parcel_pickup": null, "backrest": null, "access": null, "authentication:app": null, "authentication:membership_card": null, "branch": null, "capacity": null, "contact:phone": null, "contact:website": null, "covered": null, "motorcar": null, "parking:fee": null, "ref:EU:EVSE": null, "ref:GR:IDRO": null, "socket:type2": null, "socket:type2:output": null, "lit": null, "socket:type2_combo": null, "socket:type2_combo:output": null, "manufacturer": null, "building": "yes", "parking": null, "name:de": null, "leaf_type": null, "building:levels": null, "layer": null, "location": null, "intermittent": null, "seasonal": null, "waterway": null, "name:ru": null, "landuse": null, "sport": null, "industrial": null, "education": null, "emergency": null, "operator:type": null, "type": null, "leaf_cycle": null, "label": "building:yes" }, "geometry": { "type": "Polygon", "coordinates": [ [ [ 24.0484899, 35.5128533 ], [ 24.0484594, 35.5127221 ], [ 24.0483087, 35.5127454 ], [ 24.0483393, 35.5128765 ], [ 24.0484899, 35.5128533 ] ] ] } },
{ "type": "Feature", "properties": { "element": "way", "id": 123275857, "amenity": null, "brand": null, "brand:wikidata": null, "name": null, "operator": null, "brand:wikipedia": null, "compressed_air": null, "cuisine": null, "addr:street": null, "name:el": null, "tourism": null, "addr:city": null, "addr:housenumber": null, "addr:postcode": null, "contact:facebook": null, "description": null, "email": null, "fax": null, "fuel:diesel": null, "fuel:diesel_B": null, "fuel:e10": null, "fuel:e5": null, "fuel:gasoline": null, "fuel:heating_oil": null, "fuel:octane_95": null, "fuel:unleaded": null, "opening_hours": null, "payment:app": null, "payment:apple_pay": null, "payment:cards": null, "payment:cash": null, "payment:coins": null, "payment:contactless": null, "payment:credit_cards": null, "payment:debit_cards": null, "payment:electronic_purses": null, "payment:google_pay": null, "payment:maestro": null, "payment:mastercard": null, "payment:mastercard_contactless": null, "payment:visa": null, "payment:visa_debit": null, "payment:visa_electron": null, "phone": null, "self_service": null, "start_date": null, "website": null, "wheelchair": null, "name:en": null, "shop": null, "fee": null, "wikidata": null, "wikipedia": null, "int_name": null, "leisure": null, "healthcare": null, "internet_access": null, "denomination": null, "religion": null, "castle_type": null, "historic": null, "historic:civilization": null, "image": null, "source": "Bing", "theatre:type": null, "natural": null, "ele": null, "male": null, "female": null, "brand:el": null, "brand:en": null, "operator:wikidata": null, "short_name": null, "short_name:el": null, "short_name:en": null, "brewery": null, "outdoor_seating": null, "colour": null, "parcel_locker:type": null, "parcel_mail_in": null, "parcel_pickup": null, "backrest": null, "access": null, "authentication:app": null, "authentication:membership_card": null, "branch": null, "capacity": null, "contact:phone": null, "contact:website": null, "covered": null, "motorcar": null, "parking:fee": null, "ref:EU:EVSE": null, "ref:GR:IDRO": null, "socket:type2": null, "socket:type2:output": null, "lit": null, "socket:type2_combo": null, "socket:type2_combo:output": null, "manufacturer": null, "building": "yes", "parking": null, "name:de": null, "leaf_type": null, "building:levels": null, "layer": null, "location": null, "intermittent": null, "seasonal": null, "waterway": null, "name:ru": null, "landuse": null, "sport": null, "industrial": null, "education": null, "emergency": null, "operator:type": null, "type": null, "leaf_cycle": null, "label": "building:yes" }, "geometry": { "type": "Polygon", "coordinates": [ [ [ 24.0378314, 35.512601 ], [ 24.0377637, 35.5124547 ], [ 24.0373254, 35.512589 ], [ 24.037393, 35.5127353 ], [ 24.0378314, 35.512601 ] ] ] } },
{ "type": "Feature", "properties": { "element": "way", "id": 123275858, "amenity": null, "brand": null, "brand:wikidata": null, "name": null, "operator": null, "brand:wikipedia": null, "compressed_air": null, "cuisine": null, "addr:street": null, "name:el": null, "tourism": null, "addr:city": null, "addr:housenumber": null, "addr:postcode": null, "contact:facebook": null, "description": null, "email": null, "fax": null, "fuel:diesel": null, "fuel:diesel_B": null, "fuel:e10": null, "fuel:e5": null, "fuel:gasoline": null, "fuel:heating_oil": null, "fuel:octane_95": null, "fuel:unleaded": null, "opening_hours": null, "payment:app": null, "payment:apple_pay": null, "payment:cards": null, "payment:cash": null, "payment:coins": null, "payment:contactless": null, "payment:credit_cards": null, "payment:debit_cards": null, "payment:electronic_purses": null, "payment:google_pay": null, "payment:maestro": null, "payment:mastercard": null, "payment:mastercard_contactless": null, "payment:visa": null, "payment:visa_debit": null, "payment:visa_electron": null, "phone": null, "self_service": null, "start_date": null, "website": null, "wheelchair": null, "name:en": null, "shop": null, "fee": null, "wikidata": null, "wikipedia": null, "int_name": null, "leisure": null, "healthcare": null, "internet_access": null, "denomination": null, "religion": null, "castle_type": null, "historic": null, "historic:civilization": null, "image": null, "source": "Bing", "theatre:type": null, "natural": null, "ele": null, "male": null, "female": null, "brand:el": null, "brand:en": null, "operator:wikidata": null, "short_name": null, "short_name:el": null, "short_name:en": null, "brewery": null, "outdoor_seating": null, "colour": null, "parcel_locker:type": null, "parcel_mail_in": null, "parcel_pickup": null, "backrest": null, "access": null, "authentication:app": null, "authentication:membership_card": null, "branch": null, "capacity": null, "contact:phone": null, "contact:website": null, "covered": null, "motorcar": null, "parking:fee": null, "ref:EU:EVSE": null, "ref:GR:IDRO": null, "socket:type2": null, "socket:type2:output": null, "lit": null, "socket:type2_combo": null, "socket:type2_combo:output": null, "manufacturer": null, "building": "yes", "parking": null, "name:de": null, "leaf_type": null, "building:levels": null, "layer": null, "location": null, "intermittent": null, "seasonal": null, "waterway": null, "name:ru": null, "landuse": null, "sport": null, "industrial": null, "education": null, "emergency": null, "operator:type": null, "type": null, "leaf_cycle": null, "label": "building:yes" }, "geometry": { "type": "Polygon", "coordinates": [ [ [ 24.0485189, 35.5129771 ], [ 24.0484948, 35.5128736 ], [ 24.0483328, 35.5128985 ], [ 24.0483569, 35.5130021 ], [ 24.0485189, 35.5129771 ] ] ] } },
{ "type": "Feature", "properties": { "element": "way", "id": 123275859, "amenity": null, "brand": null, "brand:wikidata": null, "name": null, "operator": null, "brand:wikipedia": null, "compressed_air": null, "cuisine": null, "addr:street": null, "name:el": null, "tourism": null, "addr:city": null, "addr:housenumber": null, "addr:postcode": null, "contact:facebook": null, "description": null, "email": null, "fax": null, "fuel:diesel": null, "fuel:diesel_B": null, "fuel:e10": null, "fuel:e5": null, "fuel:gasoline": null, "fuel:heating_oil": null, "fuel:octane_95": null, "fuel:unleaded": null, "opening_hours": null, "payment:app": null, "payment:apple_pay": null, "payment:cards": null, "payment:cash": null, "payment:coins": null, "payment:contactless": null, "payment:credit_cards": null, "payment:debit_cards": null, "payment:electronic_purses": null, "payment:google_pay": null, "payment:maestro": null, "payment:mastercard": null, "payment:mastercard_contactless": null, "payment:visa": null, "payment:visa_debit": null, "payment:visa_electron": null, "phone": null, "self_service": null, "start_date": null, "website": null, "wheelchair": null, "name:en": null, "shop": null, "fee": null, "wikidata": null, "wikipedia": null, "int_name": null, "leisure": null, "healthcare": null, "internet_access": null, "denomination": null, "religion": null, "castle_type": null, "historic": null, "historic:civilization": null, "image": null, "source": "Bing", "theatre:type": null, "natural": null, "ele": null, "male": null, "female": null, "brand:el": null, "brand:en": null, "operator:wikidata": null, "short_name": null, "short_name:el": null, "short_name:en": null, "brewery": null, "outdoor_seating": null, "colour": null, "parcel_locker:type": null, "parcel_mail_in": null, "parcel_pickup": null, "backrest": null, "access": null, "authentication:app": null, "authentication:membership_card": null, "branch": null, "capacity": null, "contact:phone": null, "contact:website": null, "covered": null, "motorcar": null, "parking:fee": null, "ref:EU:EVSE": null, "ref:GR:IDRO": null, "socket:type2": null, "socket:type2:output": null, "lit": null, "socket:type2_combo": null, "socket:type2_combo:output": null, "manufacturer": null, "building": "yes", "parking": null, "name:de": null, "leaf_type": null, "building:levels": null, "layer": null, "location": null, "intermittent": null, "seasonal": null, "waterway": null, "name:ru": null, "landuse": null, "sport": null, "industrial": null, "education": null, "emergency": null, "operator:type": null, "type": null, "leaf_cycle": null, "label": "building:yes" }, "geometry": { "type": "Polygon", "coordinates": [ [ [ 24.0502928, 35.5134366 ], [ 24.050289, 35.5133001 ], [ 24.0501615, 35.5133024 ], [ 24.0501653, 35.5134389 ], [ 24.0502928, 35.5134366 ] ] ] } },
{ "type": "Feature", "properties": { "element": "way", "id": 123275860, "amenity": null, "brand": null, "brand:wikidata": null, "name": null, "operator": null, "brand:wikipedia": null, "compressed_air": null, "cuisine": null, "addr:street": null, "name:el": null, "tourism": null, "addr:city": null, "addr:housenumber": null, "addr:postcode": null, "contact:facebook": null, "description": null, "email": null, "fax": null, "fuel:diesel": null, "fuel:diesel_B": null, "fuel:e10": null, "fuel:e5": null, "fuel:gasoline": null, "fuel:heating_oil": null, "fuel:octane_95": null, "fuel:unleaded": null, "opening_hours": null, "payment:app": null, "payment:apple_pay": null, "payment:cards": null, "payment:cash": null, "payment:coins": null, "payment:contactless": null, "payment:credit_cards": null, "payment:debit_cards": null, "payment:electronic_purses": null, "payment:google_pay": null, "payment:maestro": null, "payment:mastercard": null, "payment:mastercard_contactless": null, "payment:visa": null, "payment:visa_debit": null, "payment:visa_electron": null, "phone": null, "self_service": null, "start_date": null, "website": null, "wheelchair": null, "name:en": null, "shop": null, "fee": null, "wikidata": null, "wikipedia": null, "int_name": null, "leisure": null, "healthcare": null, "internet_access": null, "denomination": null, "religion": null, "castle_type": null, "historic": null, "historic:civilization": null, "image": null, "source": null, "theatre:type": null, "natural": null, "ele": null, "male": null, "female": null, "brand:el": null, "brand:en": null, "operator:wikidata": null, "short_name": null, "short_name:el": null, "short_name:en": null, "brewery": null, "outdoor_seating": null, "colour": null, "parcel_locker:type": null, "parcel_mail_in": null, "parcel_pickup": null, "backrest": null, "access": null, "authentication:app": null, "authentication:membership_card": null, "branch": null, "capacity": null, "contact:phone": null, "contact:website": null, "covered": null, "motorcar": null, "parking:fee": null, "ref:EU:EVSE": null, "ref:GR:IDRO": null, "socket:type2": null, "socket:type2:output": null, "lit": null, "socket:type2_combo": null, "socket:type2_combo:output": null, "manufacturer": null, "building": "yes", "parking": null, "name:de": null, "leaf_type": null, "building:levels": null, "layer": null, "location": null, "intermittent": null, "seasonal": null, "waterway": null, "name:ru": null, "landuse": null, "sport": null, "industrial": null, "education": null, "emergency": null, "operator:type": null, "type": null, "leaf_cycle": null, "label": "building:yes" }, "geometry": { "type": "Polygon", "coordinates": [ [ [ 24.0366402, 35.5123257 ], [ 24.0371995, 35.5121594 ], [ 24.0371526, 35.5120549 ], [ 24.0365933, 35.5122212 ], [ 24.0366402, 35.5123257 ] ] ] } },
{ "type": "Feature", "properties": { "element": "way", "id": 123275861, "amenity": null, "brand": null, "brand:wikidata": null, "name": null, "operator": null, "brand:wikipedia": null, "compressed_air": null, "cuisine": null, "addr:street": null, "name:el": null, "tourism": null, "addr:city": null, "addr:housenumber": null, "addr:postcode": null, "contact:facebook": null, "description": null, "email": null, "fax": null, "fuel:diesel": null, "fuel:diesel_B": null, "fuel:e10": null, "fuel:e5": null, "fuel:gasoline": null, "fuel:heating_oil": null, "fuel:octane_95": null, "fuel:unleaded": null, "opening_hours": null, "payment:app": null, "payment:apple_pay": null, "payment:cards": null, "payment:cash": null, "payment:coins": null, "payment:contactless": null, "payment:credit_cards": null, "payment:debit_cards": null, "payment:electronic_purses": null, "payment:google_pay": null, "payment:maestro": null, "payment:mastercard": null, "payment:mastercard_contactless": null, "payment:visa": null, "payment:visa_debit": null, "payment:visa_electron": null, "phone": null, "self_service": null, "start_date": null, "website": null, "wheelchair": null, "name:en": null, "shop": null, "fee": null, "wikidata": null, "wikipedia": null, "int_name": null, "leisure": null, "healthcare": null, "internet_access": null, "denomination": null, "religion": null, "castle_type": null, "historic": null, "historic:civilization": null, "image": null, "source": "Bing", "theatre:type": null, "natural": null, "ele": null, "male": null, "female": null, "brand:el": null, "brand:en": null, "operator:wikidata": null, "short_name": null, "short_name:el": null, "short_name:en": null, "brewery": null, "outdoor_seating": null, "colour": null, "parcel_locker:type": null, "parcel_mail_in": null, "parcel_pickup": null, "backrest": null, "access": null, "authentication:app": null, "authentication:membership_card": null, "branch": null, "capacity": null, "contact:phone": null, "contact:website": null, "covered": null, "motorcar": null, "parking:fee": null, "ref:EU:EVSE": null, "ref:GR:IDRO": null, "socket:type2": null, "socket:type2:output": null, "lit": null, "socket:type2_combo": null, "socket:type2_combo:output": null, "manufacturer": null, "building": "yes", "parking": null, "name:de": null, "leaf_type": null, "building:levels": null, "layer": null, "location": null, "intermittent": null, "seasonal": null, "waterway": null, "name:ru": null, "landuse": null, "sport": null, "industrial": null, "education": null, "emergency": null, "operator:type": null, "type": null, "leaf_cycle": null, "label": "building:yes" }, "geometry": { "type": "Polygon", "coordinates": [ [ [ 24.0377723, 35.5127887 ], [ 24.0377421, 35.5127221 ], [ 24.0375521, 35.5127794 ], [ 24.0375824, 35.5128459 ], [ 24.0377723, 35.5127887 ] ] ] } },
{ "type": "Feature", "properties": { "element": "way", "id": 123275862, "amenity": null, "brand": null, "brand:wikidata": null, "name": null, "operator": null, "brand:wikipedia": null, "compressed_air": null, "cuisine": null, "addr:street": null, "name:el": null, "tourism": null, "addr:city": null, "addr:housenumber": null, "addr:postcode": null, "contact:facebook": null, "description": null, "email": null, "fax": null, "fuel:diesel": null, "fuel:diesel_B": null, "fuel:e10": null, "fuel:e5": null, "fuel:gasoline": null, "fuel:heating_oil": null, "fuel:octane_95": null, "fuel:unleaded": null, "opening_hours": null, "payment:app": null, "payment:apple_pay": null, "payment:cards": null, "payment:cash": null, "payment:coins": null, "payment:contactless": null, "payment:credit_cards": null, "payment:debit_cards": null, "payment:electronic_purses": null, "payment:google_pay": null, "payment:maestro": null, "payment:mastercard": null, "payment:mastercard_contactless": null, "payment:visa": null, "payment:visa_debit": null, "payment:visa_electron": null, "phone": null, "self_service": null, "start_date": null, "website": null, "wheelchair": null, "name:en": null, "shop": null, "fee": null, "wikidata": null, "wikipedia": null, "int_name": null, "leisure": null, "healthcare": null, "internet_access": null, "denomination": null, "religion": null, "castle_type": null, "historic": null, "historic:civilization": null, "image": null, "source": "Bing", "theatre:type": null, "natural": null, "ele": null, "male": null, "female": null, "brand:el": null, "brand:en": null, "operator:wikidata": null, "short_name": null, "short_name:el": null, "short_name:en": null, "brewery": null, "outdoor_seating": null, "colour": null, "parcel_locker:type": null, "parcel_mail_in": null, "parcel_pickup": null, "backrest": null, "access": null, "authentication:app": null, "authentication:membership_card": null, "branch": null, "capacity": null, "contact:phone": null, "contact:website": null, "covered": null, "motorcar": null, "parking:fee": null, "ref:EU:EVSE": null, "ref:GR:IDRO": null, "socket:type2": null, "socket:type2:output": null, "lit": null, "socket:type2_combo": null, "socket:type2_combo:output": null, "manufacturer": null, "building": "yes", "parking": null, "name:de": null, "leaf_type": null, "building:levels": null, "layer": null, "location": null, "intermittent": null, "seasonal": null, "waterway": null, "name:ru": null, "landuse": null, "sport": null, "industrial": null, "education": null, "emergency": null, "operator:type": null, "type": null, "leaf_cycle": null, "label": "building:yes" }, "geometry": { "type": "Polygon", "coordinates": [ [ [ 24.0482648, 35.5128929 ], [ 24.048242, 35.5127948 ], [ 24.0481217, 35.5128134 ], [ 24.0481445, 35.5129115 ], [ 24.0482648, 35.5128929 ] ] ] } },
{ "type": "Feature", "properties": { "element": "way", "id": 123275863, "amenity": null, "brand": null, "brand:wikidata": null, "name": null, "operator": null, "brand:wikipedia": null, "compressed_air": null, "cuisine": null, "addr:street": null, "name:el": null, "tourism": null, "addr:city": null, "addr:housenumber": null, "addr:postcode": null, "contact:facebook": null, "description": null, "email": null, "fax": null, "fuel:diesel": null, "fuel:diesel_B": null, "fuel:e10": null, "fuel:e5": null, "fuel:gasoline": null, "fuel:heating_oil": null, "fuel:octane_95": null, "fuel:unleaded": null, "opening_hours": null, "payment:app": null, "payment:apple_pay": null, "payment:cards": null, "payment:cash": null, "payment:coins": null, "payment:contactless": null, "payment:credit_cards": null, "payment:debit_cards": null, "payment:electronic_purses": null, "payment:google_pay": null, "payment:maestro": null, "payment:mastercard": null, "payment:mastercard_contactless": null, "payment:visa": null, "payment:visa_debit": null, "payment:visa_electron": null, "phone": null, "self_service": null, "start_date": null, "website": null, "wheelchair": null, "name:en": null, "shop": null, "fee": null, "wikidata": null, "wikipedia": null, "int_name": null, "leisure": null, "healthcare": null, "internet_access": null, "denomination": null, "religion": null, "castle_type": null, "historic": null, "historic:civilization": null, "image": null, "source": "Bing", "theatre:type": null, "natural": null, "ele": null, "male": null, "female": null, "brand:el": null, "brand:en": null, "operator:wikidata": null, "short_name": null, "short_name:el": null, "short_name:en": null, "brewery": null, "outdoor_seating": null, "colour": null, "parcel_locker:type": null, "parcel_mail_in": null, "parcel_pickup": null, "backrest": null, "access": null, "authentication:app": null, "authentication:membership_card": null, "branch": null, "capacity": null, "contact:phone": null, "contact:website": null, "covered": null, "motorcar": null, "parking:fee": null, "ref:EU:EVSE": null, "ref:GR:IDRO": null, "socket:type2": null, "socket:type2:output": null, "lit": null, "socket:type2_combo": null, "socket:type2_combo:output": null, "manufacturer": null, "building": "yes", "parking": null, "name:de": null, "leaf_type": null, "building:levels": null, "layer": null, "location": null, "intermittent": null, "seasonal": null, "waterway": null, "name:ru": null, "landuse": null, "sport": null, "industrial": null, "education": null, "emergency": null, "operator:type": null, "type": null, "leaf_cycle": null, "label": "building:yes" }, "geometry": { "type": "Polygon", "coordinates": [ [ [ 24.0485563, 35.513129 ], [ 24.0485299, 35.5130155 ], [ 24.0483894, 35.5130371 ], [ 24.0484158, 35.5131507 ], [ 24.0485563, 35.513129 ] ] ] } },
{ "type": "Feature", "properties": { "element": "way", "id": 123275864, "amenity": null, "brand": null, "brand:wikidata": null, "name": null, "operator": null, "brand:wikipedia": null, "compressed_air": null, "cuisine": null, "addr:street": null, "name:el": null, "tourism": null, "addr:city": null, "addr:housenumber": null, "addr:postcode": null, "contact:facebook": null, "description": null, "email": null, "fax": null, "fuel:diesel": null, "fuel:diesel_B": null, "fuel:e10": null, "fuel:e5": null, "fuel:gasoline": null, "fuel:heating_oil": null, "fuel:octane_95": null, "fuel:unleaded": null, "opening_hours": null, "payment:app": null, "payment:apple_pay": null, "payment:cards": null, "payment:cash": null, "payment:coins": null, "payment:contactless": null, "payment:credit_cards": null, "payment:debit_cards": null, "payment:electronic_purses": null, "payment:google_pay": null, "payment:maestro": null, "payment:mastercard": null, "payment:mastercard_contactless": null, "payment:visa": null, "payment:visa_debit": null, "payment:visa_electron": null, "phone": null, "self_service": null, "start_date": null, "website": null, "wheelchair": null, "name:en": null, "shop": null, "fee": null, "wikidata": null, "wikipedia": null, "int_name": null, "leisure": null, "healthcare": null, "internet_access": null, "denomination": null, "religion": null, "castle_type": null, "historic": null, "historic:civilization": null, "image": null, "source": "Bing", "theatre:type": null, "natural": null, "ele": null, "male": null, "female": null, "brand:el": null, "brand:en": null, "operator:wikidata": null, "short_name": null, "short_name:el": null, "short_name:en": null, "brewery": null, "outdoor_seating": null, "colour": null, "parcel_locker:type": null, "parcel_mail_in": null, "parcel_pickup": null, "backrest": null, "access": null, "authentication:app": null, "authentication:membership_card": null, "branch": null, "capacity": null, "contact:phone": null, "contact:website": null, "covered": null, "motorcar": null, "parking:fee": null, "ref:EU:EVSE": null, "ref:GR:IDRO": null, "socket:type2": null, "socket:type2:output": null, "lit": null, "socket:type2_combo": null, "socket:type2_combo:output": null, "manufacturer": null, "building": "yes", "parking": null, "name:de": null, "leaf_type": null, "building:levels": null, "layer": null, "location": null, "intermittent": null, "seasonal": null, "waterway": null, "name:ru": null, "landuse": null, "sport": null, "industrial": null, "education": null, "emergency": null, "operator:type": null, "type": null, "leaf_cycle": null, "label": "building:yes" }, "geometry": { "type": "Polygon", "coordinates": [ [ [ 24.0375117, 35.5128407 ], [ 24.0374643, 35.5127365 ], [ 24.0368939, 35.5129085 ], [ 24.0369414, 35.5130127 ], [ 24.0375117, 35.5128407 ] ] ] } },
{ "type": "Feature", "properties": { "element": "way", "id": 123275865, "amenity": null, "brand": null, "brand:wikidata": null, "name": null, "operator": null, "brand:wikipedia": null, "compressed_air": null, "cuisine": null, "addr:street": null, "name:el": null, "tourism": null, "addr:city": null, "addr:housenumber": null, "addr:postcode": null, "contact:facebook": null, "description": null, "email": null, "fax": null, "fuel:diesel": null, "fuel:diesel_B": null, "fuel:e10": null, "fuel:e5": null, "fuel:gasoline": null, "fuel:heating_oil": null, "fuel:octane_95": null, "fuel:unleaded": null, "opening_hours": null, "payment:app": null, "payment:apple_pay": null, "payment:cards": null, "payment:cash": null, "payment:coins": null, "payment:contactless": null, "payment:credit_cards": null, "payment:debit_cards": null, "payment:electronic_purses": null, "payment:google_pay": null, "payment:maestro": null, "payment:mastercard": null, "payment:mastercard_contactless": null, "payment:visa": null, "payment:visa_debit": null, "payment:visa_electron": null, "phone": null, "self_service": null, "start_date": null, "website": null, "wheelchair": null, "name:en": null, "shop": null, "fee": null, "wikidata": null, "wikipedia": null, "int_name": null, "leisure": null, "healthcare": null, "internet_access": null, "denomination": null, "religion": null, "castle_type": null, "historic": null, "historic:civilization": null, "image": null, "source": null, "theatre:type": null, "natural": null, "ele": null, "male": null, "female": null, "brand:el": null, "brand:en": null, "operator:wikidata": null, "short_name": null, "short_name:el": null, "short_name:en": null, "brewery": null, "outdoor_seating": null, "colour": null, "parcel_locker:type": null, "parcel_mail_in": null, "parcel_pickup": null, "backrest": null, "access": null, "authentication:app": null, "authentication:membership_card": null, "branch": null, "capacity": null, "contact:phone": null, "contact:website": null, "covered": null, "motorcar": null, "parking:fee": null, "ref:EU:EVSE": null, "ref:GR:IDRO": null, "socket:type2": null, "socket:type2:output": null, "lit": null, "socket:type2_combo": null, "socket:type2_combo:output": null, "manufacturer": null, "building": "yes", "parking": null, "name:de": null, "leaf_type": null, "building:levels": null, "layer": null, "location": null, "intermittent": null, "seasonal": null, "waterway": null, "name:ru": null, "landuse": null, "sport": null, "industrial": null, "education": null, "emergency": null, "operator:type": null, "type": null, "leaf_cycle": null, "label": "building:yes" }, "geometry": { "type": "Polygon", "coordinates": [ [ [ 24.0368052, 35.5126678 ], [ 24.0373594, 35.5125006 ], [ 24.0373729, 35.5125302 ], [ 24.0374207, 35.5125158 ], [ 24.0373572, 35.5123762 ], [ 24.0367552, 35.5125577 ], [ 24.0368052, 35.5126678 ] ] ] } },
{ "type": "Feature", "properties": { "element": "way", "id": 123275866, "amenity": null, "brand": null, "brand:wikidata": null, "name": null, "operator": null, "brand:wikipedia": null, "compressed_air": null, "cuisine": null, "addr:street": null, "name:el": null, "tourism": null, "addr:city": null, "addr:housenumber": null, "addr:postcode": null, "contact:facebook": null, "description": null, "email": null, "fax": null, "fuel:diesel": null, "fuel:diesel_B": null, "fuel:e10": null, "fuel:e5": null, "fuel:gasoline": null, "fuel:heating_oil": null, "fuel:octane_95": null, "fuel:unleaded": null, "opening_hours": null, "payment:app": null, "payment:apple_pay": null, "payment:cards": null, "payment:cash": null, "payment:coins": null, "payment:contactless": null, "payment:credit_cards": null, "payment:debit_cards": null, "payment:electronic_purses": null, "payment:google_pay": null, "payment:maestro": null, "payment:mastercard": null, "payment:mastercard_contactless": null, "payment:visa": null, "payment:visa_debit": null, "payment:visa_electron": null, "phone": null, "self_service": null, "start_date": null, "website": null, "wheelchair": null, "name:en": null, "shop": null, "fee": null, "wikidata": null, "wikipedia": null, "int_name": null, "leisure": "swimming_pool", "healthcare": null, "internet_access": null, "denomination": null, "religion": null, "castle_type": null, "historic": null, "historic:civilization": null, "image": null, "source": null, "theatre:type": null, "natural": null, "ele": null, "male": null, "female": null, "brand:el": null, "brand:en": null, "operator:wikidata": null, "short_name": null, "short_name:el": null, "short_name:en": null, "brewery": null, "outdoor_seating": null, "colour": null, "parcel_locker:type": null, "parcel_mail_in": null, "parcel_pickup": null, "backrest": null, "access": null, "authentication:app": null, "authentication:membership_card": null, "branch": null, "capacity": null, "contact:phone": null, "contact:website": null, "covered": null, "motorcar": null, "parking:fee": null, "ref:EU:EVSE": null, "ref:GR:IDRO": null, "socket:type2": null, "socket:type2:output": null, "lit": null, "socket:type2_combo": null, "socket:type2_combo:output": null, "manufacturer": null, "building": null, "parking": null, "name:de": null, "leaf_type": null, "building:levels": null, "layer": null, "location": null, "intermittent": null, "seasonal": null, "waterway": null, "name:ru": null, "landuse": null, "sport": null, "industrial": null, "education": null, "emergency": null, "operator:type": null, "type": null, "leaf_cycle": null, "label": "leisure:swimming_pool" }, "geometry": { "type": "Polygon", "coordinates": [ [ [ 24.0525844, 35.5128836 ], [ 24.0525879, 35.5128615 ], [ 24.0525869, 35.5128365 ], [ 24.0525748, 35.5128147 ], [ 24.0524851, 35.5128537 ], [ 24.0525023, 35.5128771 ], [ 24.0525844, 35.5128836 ] ] ] } },
{ "type": "Feature", "properties": { "element": "way", "id": 123275867, "amenity": null, "brand": null, "brand:wikidata": null, "name": null, "operator": null, "brand:wikipedia": null, "compressed_air": null, "cuisine": null, "addr:street": null, "name:el": null, "tourism": null, "addr:city": null, "addr:housenumber": null, "addr:postcode": null, "contact:facebook": null, "description": null, "email": null, "fax": null, "fuel:diesel": null, "fuel:diesel_B": null, "fuel:e10": null, "fuel:e5": null, "fuel:gasoline": null, "fuel:heating_oil": null, "fuel:octane_95": null, "fuel:unleaded": null, "opening_hours": null, "payment:app": null, "payment:apple_pay": null, "payment:cards": null, "payment:cash": null, "payment:coins": null, "payment:contactless": null, "payment:credit_cards": null, "payment:debit_cards": null, "payment:electronic_purses": null, "payment:google_pay": null, "payment:maestro": null, "payment:mastercard": null, "payment:mastercard_contactless": null, "payment:visa": null, "payment:visa_debit": null, "payment:visa_electron": null, "phone": null, "self_service": null, "start_date": null, "website": null, "wheelchair": null, "name:en": null, "shop": null, "fee": null, "wikidata": null, "wikipedia": null, "int_name": null, "leisure": null, "healthcare": null, "internet_access": null, "denomination": null, "religion": null, "castle_type": null, "historic": null, "historic:civilization": null, "image": null, "source": "Bing", "theatre:type": null, "natural": null, "ele": null, "male": null, "female": null, "brand:el": null, "brand:en": null, "operator:wikidata": null, "short_name": null, "short_name:el": null, "short_name:en": null, "brewery": null, "outdoor_seating": null, "colour": null, "parcel_locker:type": null, "parcel_mail_in": null, "parcel_pickup": null, "backrest": null, "access": null, "authentication:app": null, "authentication:membership_card": null, "branch": null, "capacity": null, "contact:phone": null, "contact:website": null, "covered": null, "motorcar": null, "parking:fee": null, "ref:EU:EVSE": null, "ref:GR:IDRO": null, "socket:type2": null, "socket:type2:output": null, "lit": null, "socket:type2_combo": null, "socket:type2_combo:output": null, "manufacturer": null, "building": "yes", "parking": null, "name:de": null, "leaf_type": null, "building:levels": null, "layer": null, "location": null, "intermittent": null, "seasonal": null, "waterway": null, "name:ru": null, "landuse": null, "sport": null, "industrial": null, "education": null, "emergency": null, "operator:type": null, "type": null, "leaf_cycle": null, "label": "building:yes" }, "geometry": { "type": "Polygon", "coordinates": [ [ [ 24.0537833, 35.5124306 ], [ 24.0539561, 35.5122764 ], [ 24.0539315, 35.5122581 ], [ 24.0539544, 35.5122376 ], [ 24.0538748, 35.5121785 ], [ 24.053679, 35.5123532 ], [ 24.0537833, 35.5124306 ] ] ] } },
{ "type": "Feature", "properties": { "element": "way", "id": 123275868, "amenity": null, "brand": null, "brand:wikidata": null, "name": null, "operator": null, "brand:wikipedia": null, "compressed_air": null, "cuisine": null, "addr:street": null, "name:el": null, "tourism": null, "addr:city": null, "addr:housenumber": null, "addr:postcode": null, "contact:facebook": null, "description": null, "email": null, "fax": null, "fuel:diesel": null, "fuel:diesel_B": null, "fuel:e10": null, "fuel:e5": null, "fuel:gasoline": null, "fuel:heating_oil": null, "fuel:octane_95": null, "fuel:unleaded": null, "opening_hours": null, "payment:app": null, "payment:apple_pay": null, "payment:cards": null, "payment:cash": null, "payment:coins": null, "payment:contactless": null, "payment:credit_cards": null, "payment:debit_cards": null, "payment:electronic_purses": null, "payment:google_pay": null, "payment:maestro": null, "payment:mastercard": null, "payment:mastercard_contactless": null, "payment:visa": null, "payment:visa_debit": null, "payment:visa_electron": null, "phone": null, "self_service": null, "start_date": null, "website": null, "wheelchair": null, "name:en": null, "shop": null, "fee": null, "wikidata": null, "wikipedia": null, "int_name": null, "leisure": null, "healthcare": null, "internet_access": null, "denomination": null, "religion": null, "castle_type": null, "historic": null, "historic:civilization": null, "image": null, "source": "Bing", "theatre:type": null, "natural": null, "ele": null, "male": null, "female": null, "brand:el": null, "brand:en": null, "operator:wikidata": null, "short_name": null, "short_name:el": null, "short_name:en": null, "brewery": null, "outdoor_seating": null, "colour": null, "parcel_locker:type": null, "parcel_mail_in": null, "parcel_pickup": null, "backrest": null, "access": null, "authentication:app": null, "authentication:membership_card": null, "branch": null, "capacity": null, "contact:phone": null, "contact:website": null, "covered": null, "motorcar": null, "parking:fee": null, "ref:EU:EVSE": null, "ref:GR:IDRO": null, "socket:type2": null, "socket:type2:output": null, "lit": null, "socket:type2_combo": null, "socket:type2_combo:output": null, "manufacturer": null, "building": "yes", "parking": null, "name:de": null, "leaf_type": null, "building:levels": null, "layer": null, "location": null, "intermittent": null, "seasonal": null, "waterway": null, "name:ru": null, "landuse": null, "sport": null, "industrial": null, "education": null, "emergency": null, "operator:type": null, "type": null, "leaf_cycle": null, "label": "building:yes" }, "geometry": { "type": "Polygon", "coordinates": [ [ [ 24.0481457, 35.5130307 ], [ 24.0481485, 35.5130423 ], [ 24.0482947, 35.5130198 ], [ 24.0482674, 35.5129024 ], [ 24.0481211, 35.5129249 ], [ 24.0481391, 35.5130023 ], [ 24.0481254, 35.5130044 ], [ 24.048132, 35.5130328 ], [ 24.0481457, 35.5130307 ] ] ] } },
{ "type": "Feature", "properties": { "element": "way", "id": 136869639, "amenity": null, "brand": null, "brand:wikidata": null, "name": null, "operator": null, "brand:wikipedia": null, "compressed_air": null, "cuisine": null, "addr:street": null, "name:el": "Δάσος Αγίου Ματθαίου", "tourism": null, "addr:city": null, "addr:housenumber": null, "addr:postcode": null, "contact:facebook": null, "description": null, "email": null, "fax": null, "fuel:diesel": null, "fuel:diesel_B": null, "fuel:e10": null, "fuel:e5": null, "fuel:gasoline": null, "fuel:heating_oil": null, "fuel:octane_95": null, "fuel:unleaded": null, "opening_hours": null, "payment:app": null, "payment:apple_pay": null, "payment:cards": null, "payment:cash": null, "payment:coins": null, "payment:contactless": null, "payment:credit_cards": null, "payment:debit_cards": null, "payment:electronic_purses": null, "payment:google_pay": null, "payment:maestro": null, "payment:mastercard": null, "payment:mastercard_contactless": null, "payment:visa": null, "payment:visa_debit": null, "payment:visa_electron": null, "phone": null, "self_service": null, "start_date": null, "website": null, "wheelchair": null, "name:en": "Saint Mathew Forest", "shop": null, "fee": null, "wikidata": null, "wikipedia": null, "int_name": null, "leisure": null, "healthcare": null, "internet_access": null, "denomination": null, "religion": null, "castle_type": null, "historic": null, "historic:civilization": null, "image": null, "source": "http://geodata.gov.gr/", "theatre:type": null, "natural": "wood", "ele": null, "male": null, "female": null, "brand:el": null, "brand:en": null, "operator:wikidata": null, "short_name": null, "short_name:el": null, "short_name:en": null, "brewery": null, "outdoor_seating": null, "colour": null, "parcel_locker:type": null, "parcel_mail_in": null, "parcel_pickup": null, "backrest": null, "access": null, "authentication:app": null, "authentication:membership_card": null, "branch": null, "capacity": null, "contact:phone": null, "contact:website": null, "covered": null, "motorcar": null, "parking:fee": null, "ref:EU:EVSE": null, "ref:GR:IDRO": null, "socket:type2": null, "socket:type2:output": null, "lit": null, "socket:type2_combo": null, "socket:type2_combo:output": null, "manufacturer": null, "building": null, "parking": null, "name:de": null, "leaf_type": "needleleaved", "building:levels": null, "layer": null, "location": null, "intermittent": null, "seasonal": null, "waterway": null, "name:ru": null, "landuse": null, "sport": null, "industrial": null, "education": null, "emergency": null, "operator:type": null, "type": null, "leaf_cycle": null, "label": "natural:wood" }, "geometry": { "type": "Polygon", "coordinates": [ [ [ 24.0581338, 35.5142315 ], [ 24.0588857, 35.5141153 ], [ 24.0581544, 35.513593 ], [ 24.057963, 35.513339 ], [ 24.0574351, 35.5131191 ], [ 24.0575449, 35.5127953 ], [ 24.0578677, 35.5127653 ], [ 24.05787, 35.511836 ], [ 24.0575893, 35.5115469 ], [ 24.057703, 35.511355 ], [ 24.05738, 35.510996 ], [ 24.05707, 35.510722 ], [ 24.056655, 35.510729 ], [ 24.05651, 35.51092 ], [ 24.056247, 35.51092 ], [ 24.055722, 35.511183 ], [ 24.055343, 35.51104 ], [ 24.055051, 35.510825 ], [ 24.055021, 35.510634 ], [ 24.054729, 35.510372 ], [ 24.054233, 35.51011 ], [ 24.053795, 35.509824 ], [ 24.053678, 35.50949 ], [ 24.053241, 35.509037 ], [ 24.052424, 35.50893 ], [ 24.051731, 35.508878 ], [ 24.051169, 35.509133 ], [ 24.050702, 35.50942 ], [ 24.050527, 35.50961 ], [ 24.0506077, 35.5097518 ], [ 24.050825, 35.5101333 ], [ 24.0509961, 35.5101426 ], [ 24.0521885, 35.5102076 ], [ 24.0526121, 35.5105234 ], [ 24.0534992, 35.5105632 ], [ 24.0546677, 35.5108582 ], [ 24.0551871, 35.511166 ], [ 24.05437, 35.5113579 ], [ 24.0537219, 35.5114028 ], [ 24.0531339, 35.5116093 ], [ 24.0532042, 35.5119212 ], [ 24.0535885, 35.5123037 ], [ 24.0541582, 35.5119594 ], [ 24.0542453, 35.5117728 ], [ 24.054584, 35.511613 ], [ 24.054939, 35.511792 ], [ 24.054962, 35.511911 ], [ 24.0551184, 35.512184 ], [ 24.054953, 35.5123643 ], [ 24.0547551, 35.512501 ], [ 24.054318, 35.5127012 ], [ 24.054093, 35.5128629 ], [ 24.0535273, 35.5132696 ], [ 24.0531973, 35.5133948 ], [ 24.0533185, 35.5135907 ], [ 24.0534902, 35.5137185 ], [ 24.0539462, 35.5138462 ], [ 24.0543709, 35.5139275 ], [ 24.0545067, 35.5139935 ], [ 24.0548052, 35.5138284 ], [ 24.05501, 35.5138363 ], [ 24.0552349, 35.5139926 ], [ 24.0550296, 35.5142982 ], [ 24.0555325, 35.5143999 ], [ 24.0557365, 35.5145515 ], [ 24.055607, 35.514759 ], [ 24.0555896, 35.5150549 ], [ 24.0552666, 35.5151485 ], [ 24.055083, 35.515334 ], [ 24.054937, 35.515716 ], [ 24.054709, 35.515903 ], [ 24.054527, 35.516302 ], [ 24.05453, 35.516813 ], [ 24.05442, 35.517214 ], [ 24.054595, 35.517401 ], [ 24.05493, 35.517455 ], [ 24.05524, 35.517238 ], [ 24.05593, 35.516974 ], [ 24.056122, 35.516676 ], [ 24.056369, 35.516596 ], [ 24.056645, 35.516649 ], [ 24.05707, 35.51689 ], [ 24.057397, 35.516916 ], [ 24.05756, 35.516756 ], [ 24.057697, 35.516553 ], [ 24.057858, 35.51629 ], [ 24.057966, 35.515993 ], [ 24.058138, 35.515897 ], [ 24.058369, 35.515982 ], [ 24.058463, 35.516279 ], [ 24.058557, 35.51663 ], [ 24.058772, 35.516762 ], [ 24.058906, 35.516718 ], [ 24.059027, 35.516641 ], [ 24.0591097, 35.5166651 ], [ 24.059247, 35.516705 ], [ 24.0596955, 35.5168879 ], [ 24.0598489, 35.516669 ], [ 24.0597068, 35.5165725 ], [ 24.0598289, 35.5161477 ], [ 24.0596377, 35.5160798 ], [ 24.0598767, 35.5155205 ], [ 24.0602603, 35.5150843 ], [ 24.0597234, 35.5150705 ], [ 24.0590529, 35.5151526 ], [ 24.0585961, 35.515101 ], [ 24.0583334, 35.5148246 ], [ 24.0585971, 35.5146256 ], [ 24.05814, 35.5146335 ], [ 24.0581338, 35.5142315 ] ] ] } },
{ "type": "Feature", "properties": { "element": "way", "id": 142722409, "amenity": "school", "brand": null, "brand:wikidata": null, "name": null, "operator": null, "brand:wikipedia": null, "compressed_air": null, "cuisine": null, "addr:street": null, "name:el": null, "tourism": null, "addr:city": null, "addr:housenumber": null, "addr:postcode": null, "contact:facebook": null, "description": null, "email": null, "fax": null, "fuel:diesel": null, "fuel:diesel_B": null, "fuel:e10": null, "fuel:e5": null, "fuel:gasoline": null, "fuel:heating_oil": null, "fuel:octane_95": null, "fuel:unleaded": null, "opening_hours": null, "payment:app": null, "payment:apple_pay": null, "payment:cards": null, "payment:cash": null, "payment:coins": null, "payment:contactless": null, "payment:credit_cards": null, "payment:debit_cards": null, "payment:electronic_purses": null, "payment:google_pay": null, "payment:maestro": null, "payment:mastercard": null, "payment:mastercard_contactless": null, "payment:visa": null, "payment:visa_debit": null, "payment:visa_electron": null, "phone": null, "self_service": null, "start_date": null, "website": null, "wheelchair": null, "name:en": null, "shop": null, "fee": null, "wikidata": null, "wikipedia": null, "int_name": null, "leisure": null, "healthcare": null, "internet_access": null, "denomination": null, "religion": null, "castle_type": null, "historic": null, "historic:civilization": null, "image": null, "source": null, "theatre:type": null, "natural": null, "ele": null, "male": null, "female": null, "brand:el": null, "brand:en": null, "operator:wikidata": null, "short_name": null, "short_name:el": null, "short_name:en": null, "brewery": null, "outdoor_seating": null, "colour": null, "parcel_locker:type": null, "parcel_mail_in": null, "parcel_pickup": null, "backrest": null, "access": null, "authentication:app": null, "authentication:membership_card": null, "branch": null, "capacity": null, "contact:phone": null, "contact:website": null, "covered": null, "motorcar": null, "parking:fee": null, "ref:EU:EVSE": null, "ref:GR:IDRO": null, "socket:type2": null, "socket:type2:output": null, "lit": null, "socket:type2_combo": null, "socket:type2_combo:output": null, "manufacturer": null, "building": null, "parking": null, "name:de": null, "leaf_type": null, "building:levels": null, "layer": null, "location": null, "intermittent": null, "seasonal": null, "waterway": null, "name:ru": null, "landuse": null, "sport": null, "industrial": null, "education": null, "emergency": null, "operator:type": null, "type": null, "leaf_cycle": null, "label": "amenity:school" }, "geometry": { "type": "Polygon", "coordinates": [ [ [ 24.0368986, 35.5131053 ], [ 24.0379719, 35.5127652 ], [ 24.0375115, 35.5116681 ], [ 24.0363741, 35.5119015 ], [ 24.0368986, 35.5131053 ] ] ] } },
{ "type": "Feature", "properties": { "element": "way", "id": 217513640, "amenity": null, "brand": null, "brand:wikidata": null, "name": "Πρώην Γαλλική Σχολή", "operator": null, "brand:wikipedia": null, "compressed_air": null, "cuisine": null, "addr:street": null, "name:el": "Πρώην Γαλλική Σχολή", "tourism": null, "addr:city": null, "addr:housenumber": null, "addr:postcode": null, "contact:facebook": null, "description": null, "email": null, "fax": null, "fuel:diesel": null, "fuel:diesel_B": null, "fuel:e10": null, "fuel:e5": null, "fuel:gasoline": null, "fuel:heating_oil": null, "fuel:octane_95": null, "fuel:unleaded": null, "opening_hours": null, "payment:app": null, "payment:apple_pay": null, "payment:cards": null, "payment:cash": null, "payment:coins": null, "payment:contactless": null, "payment:credit_cards": null, "payment:debit_cards": null, "payment:electronic_purses": null, "payment:google_pay": null, "payment:maestro": null, "payment:mastercard": null, "payment:mastercard_contactless": null, "payment:visa": null, "payment:visa_debit": null, "payment:visa_electron": null, "phone": null, "self_service": null, "start_date": null, "website": null, "wheelchair": null, "name:en": "Former French School", "shop": null, "fee": null, "wikidata": null, "wikipedia": null, "int_name": null, "leisure": null, "healthcare": null, "internet_access": null, "denomination": null, "religion": null, "castle_type": null, "historic": null, "historic:civilization": null, "image": null, "source": null, "theatre:type": null, "natural": null, "ele": null, "male": null, "female": null, "brand:el": null, "brand:en": null, "operator:wikidata": null, "short_name": null, "short_name:el": null, "short_name:en": null, "brewery": null, "outdoor_seating": null, "colour": null, "parcel_locker:type": null, "parcel_mail_in": null, "parcel_pickup": null, "backrest": null, "access": null, "authentication:app": null, "authentication:membership_card": null, "branch": null, "capacity": null, "contact:phone": null, "contact:website": null, "covered": null, "motorcar": null, "parking:fee": null, "ref:EU:EVSE": null, "ref:GR:IDRO": null, "socket:type2": null, "socket:type2:output": null, "lit": null, "socket:type2_combo": null, "socket:type2_combo:output": null, "manufacturer": null, "building": "university", "parking": null, "name:de": null, "leaf_type": null, "building:levels": null, "layer": null, "location": null, "intermittent": null, "seasonal": null, "waterway": null, "name:ru": null, "landuse": null, "sport": null, "industrial": null, "education": null, "emergency": null, "operator:type": null, "type": null, "leaf_cycle": null, "label": "building:university" }, "geometry": { "type": "Polygon", "coordinates": [ [ [ 24.0375057, 35.5188289 ], [ 24.0380583, 35.518818 ], [ 24.0380552, 35.5187004 ], [ 24.0375084, 35.5187154 ], [ 24.0375057, 35.5188289 ] ] ] } },
{ "type": "Feature", "properties": { "element": "way", "id": 217513642, "amenity": null, "brand": null, "brand:wikidata": null, "name": null, "operator": null, "brand:wikipedia": null, "compressed_air": null, "cuisine": null, "addr:street": null, "name:el": null, "tourism": null, "addr:city": null, "addr:housenumber": null, "addr:postcode": null, "contact:facebook": null, "description": null, "email": null, "fax": null, "fuel:diesel": null, "fuel:diesel_B": null, "fuel:e10": null, "fuel:e5": null, "fuel:gasoline": null, "fuel:heating_oil": null, "fuel:octane_95": null, "fuel:unleaded": null, "opening_hours": null, "payment:app": null, "payment:apple_pay": null, "payment:cards": null, "payment:cash": null, "payment:coins": null, "payment:contactless": null, "payment:credit_cards": null, "payment:debit_cards": null, "payment:electronic_purses": null, "payment:google_pay": null, "payment:maestro": null, "payment:mastercard": null, "payment:mastercard_contactless": null, "payment:visa": null, "payment:visa_debit": null, "payment:visa_electron": null, "phone": null, "self_service": null, "start_date": null, "website": null, "wheelchair": null, "name:en": null, "shop": null, "fee": null, "wikidata": null, "wikipedia": null, "int_name": null, "leisure": null, "healthcare": null, "internet_access": null, "denomination": null, "religion": null, "castle_type": null, "historic": null, "historic:civilization": null, "image": null, "source": null, "theatre:type": null, "natural": null, "ele": null, "male": null, "female": null, "brand:el": null, "brand:en": null, "operator:wikidata": null, "short_name": null, "short_name:el": null, "short_name:en": null, "brewery": null, "outdoor_seating": null, "colour": null, "parcel_locker:type": null, "parcel_mail_in": null, "parcel_pickup": null, "backrest": null, "access": null, "authentication:app": null, "authentication:membership_card": null, "branch": null, "capacity": null, "contact:phone": null, "contact:website": null, "covered": null, "motorcar": null, "parking:fee": null, "ref:EU:EVSE": null, "ref:GR:IDRO": null, "socket:type2": null, "socket:type2:output": null, "lit": null, "socket:type2_combo": null, "socket:type2_combo:output": null, "manufacturer": null, "building": "university", "parking": null, "name:de": null, "leaf_type": null, "building:levels": null, "layer": null, "location": null, "intermittent": null, "seasonal": null, "waterway": null, "name:ru": null, "landuse": null, "sport": null, "industrial": null, "education": null, "emergency": null, "operator:type": null, "type": null, "leaf_cycle": null, "label": "building:university" }, "geometry": { "type": "Polygon", "coordinates": [ [ [ 24.037379, 35.5188074 ], [ 24.0374651, 35.5188089 ], [ 24.037474, 35.518466 ], [ 24.0373879, 35.5184645 ], [ 24.037379, 35.5188074 ] ] ] } },
{ "type": "Feature", "properties": { "element": "way", "id": 241960748, "amenity": null, "brand": null, "brand:wikidata": null, "name": null, "operator": null, "brand:wikipedia": null, "compressed_air": null, "cuisine": null, "addr:street": null, "name:el": null, "tourism": null, "addr:city": null, "addr:housenumber": null, "addr:postcode": null, "contact:facebook": null, "description": null, "email": null, "fax": null, "fuel:diesel": null, "fuel:diesel_B": null, "fuel:e10": null, "fuel:e5": null, "fuel:gasoline": null, "fuel:heating_oil": null, "fuel:octane_95": null, "fuel:unleaded": null, "opening_hours": null, "payment:app": null, "payment:apple_pay": null, "payment:cards": null, "payment:cash": null, "payment:coins": null, "payment:contactless": null, "payment:credit_cards": null, "payment:debit_cards": null, "payment:electronic_purses": null, "payment:google_pay": null, "payment:maestro": null, "payment:mastercard": null, "payment:mastercard_contactless": null, "payment:visa": null, "payment:visa_debit": null, "payment:visa_electron": null, "phone": null, "self_service": null, "start_date": null, "website": null, "wheelchair": null, "name:en": null, "shop": null, "fee": null, "wikidata": null, "wikipedia": null, "int_name": null, "leisure": null, "healthcare": null, "internet_access": null, "denomination": null, "religion": null, "castle_type": null, "historic": null, "historic:civilization": null, "image": null, "source": null, "theatre:type": null, "natural": null, "ele": null, "male": null, "female": null, "brand:el": null, "brand:en": null, "operator:wikidata": null, "short_name": null, "short_name:el": null, "short_name:en": null, "brewery": null, "outdoor_seating": null, "colour": null, "parcel_locker:type": null, "parcel_mail_in": null, "parcel_pickup": null, "backrest": null, "access": null, "authentication:app": null, "authentication:membership_card": null, "branch": null, "capacity": null, "contact:phone": null, "contact:website": null, "covered": null, "motorcar": null, "parking:fee": null, "ref:EU:EVSE": null, "ref:GR:IDRO": null, "socket:type2": null, "socket:type2:output": null, "lit": null, "socket:type2_combo": null, "socket:type2_combo:output": null, "manufacturer": null, "building": "yes", "parking": null, "name:de": null, "leaf_type": null, "building:levels": null, "layer": null, "location": null, "intermittent": null, "seasonal": null, "waterway": null, "name:ru": null, "landuse": null, "sport": null, "industrial": null, "education": null, "emergency": null, "operator:type": null, "type": null, "leaf_cycle": null, "label": "building:yes" }, "geometry": { "type": "Polygon", "coordinates": [ [ [ 24.0523726, 35.5193347 ], [ 24.0523733, 35.5193658 ], [ 24.0523882, 35.5193963 ], [ 24.0524138, 35.5194193 ], [ 24.0524406, 35.5194318 ], [ 24.052478, 35.5194381 ], [ 24.0525025, 35.5194365 ], [ 24.0525382, 35.5194253 ], [ 24.0525617, 35.5194097 ], [ 24.0525825, 35.5193837 ], [ 24.0525913, 35.5193494 ], [ 24.0525849, 35.5193188 ], [ 24.0525703, 35.519296 ], [ 24.0525428, 35.5192744 ], [ 24.0525084, 35.5192619 ], [ 24.0524703, 35.5192596 ], [ 24.0524222, 35.5192731 ], [ 24.052394, 35.5192941 ], [ 24.0523726, 35.5193347 ] ] ] } },
{ "type": "Feature", "properties": { "element": "way", "id": 370757135, "amenity": "parking", "brand": null, "brand:wikidata": null, "name": null, "operator": null, "brand:wikipedia": null, "compressed_air": null, "cuisine": null, "addr:street": null, "name:el": null, "tourism": null, "addr:city": null, "addr:housenumber": null, "addr:postcode": null, "contact:facebook": null, "description": null, "email": null, "fax": null, "fuel:diesel": null, "fuel:diesel_B": null, "fuel:e10": null, "fuel:e5": null, "fuel:gasoline": null, "fuel:heating_oil": null, "fuel:octane_95": null, "fuel:unleaded": null, "opening_hours": null, "payment:app": null, "payment:apple_pay": null, "payment:cards": null, "payment:cash": null, "payment:coins": null, "payment:contactless": null, "payment:credit_cards": null, "payment:debit_cards": null, "payment:electronic_purses": null, "payment:google_pay": null, "payment:maestro": null, "payment:mastercard": null, "payment:mastercard_contactless": null, "payment:visa": null, "payment:visa_debit": null, "payment:visa_electron": null, "phone": null, "self_service": null, "start_date": null, "website": null, "wheelchair": null, "name:en": null, "shop": null, "fee": null, "wikidata": null, "wikipedia": null, "int_name": null, "leisure": null, "healthcare": null, "internet_access": null, "denomination": null, "religion": null, "castle_type": null, "historic": null, "historic:civilization": null, "image": null, "source": null, "theatre:type": null, "natural": null, "ele": null, "male": null, "female": null, "brand:el": null, "brand:en": null, "operator:wikidata": null, "short_name": null, "short_name:el": null, "short_name:en": null, "brewery": null, "outdoor_seating": null, "colour": null, "parcel_locker:type": null, "parcel_mail_in": null, "parcel_pickup": null, "backrest": null, "access": "customers", "authentication:app": null, "authentication:membership_card": null, "branch": null, "capacity": null, "contact:phone": null, "contact:website": null, "covered": null, "motorcar": null, "parking:fee": null, "ref:EU:EVSE": null, "ref:GR:IDRO": null, "socket:type2": null, "socket:type2:output": null, "lit": null, "socket:type2_combo": null, "socket:type2_combo:output": null, "manufacturer": null, "building": null, "parking": "surface", "name:de": null, "leaf_type": null, "building:levels": null, "layer": null, "location": null, "intermittent": null, "seasonal": null, "waterway": null, "name:ru": null, "landuse": null, "sport": null, "industrial": null, "education": null, "emergency": null, "operator:type": null, "type": null, "leaf_cycle": null, "label": "amenity:parking" }, "geometry": { "type": "Polygon", "coordinates": [ [ [ 24.0466864, 35.5136193 ], [ 24.0465478, 35.5132758 ], [ 24.0463521, 35.5133191 ], [ 24.0464724, 35.5136757 ], [ 24.0466864, 35.5136193 ] ] ] } },
{ "type": "Feature", "properties": { "element": "way", "id": 370757136, "amenity": null, "brand": null, "brand:wikidata": null, "name": null, "operator": null, "brand:wikipedia": null, "compressed_air": null, "cuisine": null, "addr:street": null, "name:el": null, "tourism": null, "addr:city": null, "addr:housenumber": null, "addr:postcode": null, "contact:facebook": null, "description": null, "email": null, "fax": null, "fuel:diesel": null, "fuel:diesel_B": null, "fuel:e10": null, "fuel:e5": null, "fuel:gasoline": null, "fuel:heating_oil": null, "fuel:octane_95": null, "fuel:unleaded": null, "opening_hours": null, "payment:app": null, "payment:apple_pay": null, "payment:cards": null, "payment:cash": null, "payment:coins": null, "payment:contactless": null, "payment:credit_cards": null, "payment:debit_cards": null, "payment:electronic_purses": null, "payment:google_pay": null, "payment:maestro": null, "payment:mastercard": null, "payment:mastercard_contactless": null, "payment:visa": null, "payment:visa_debit": null, "payment:visa_electron": null, "phone": null, "self_service": null, "start_date": null, "website": null, "wheelchair": null, "name:en": null, "shop": null, "fee": null, "wikidata": null, "wikipedia": null, "int_name": null, "leisure": "swimming_pool", "healthcare": null, "internet_access": null, "denomination": null, "religion": null, "castle_type": null, "historic": null, "historic:civilization": null, "image": null, "source": null, "theatre:type": null, "natural": null, "ele": null, "male": null, "female": null, "brand:el": null, "brand:en": null, "operator:wikidata": null, "short_name": null, "short_name:el": null, "short_name:en": null, "brewery": null, "outdoor_seating": null, "colour": null, "parcel_locker:type": null, "parcel_mail_in": null, "parcel_pickup": null, "backrest": null, "access": null, "authentication:app": null, "authentication:membership_card": null, "branch": null, "capacity": null, "contact:phone": null, "contact:website": null, "covered": null, "motorcar": null, "parking:fee": null, "ref:EU:EVSE": null, "ref:GR:IDRO": null, "socket:type2": null, "socket:type2:output": null, "lit": null, "socket:type2_combo": null, "socket:type2_combo:output": null, "manufacturer": null, "building": null, "parking": null, "name:de": null, "leaf_type": null, "building:levels": null, "layer": null, "location": null, "intermittent": null, "seasonal": null, "waterway": null, "name:ru": null, "landuse": null, "sport": null, "industrial": null, "education": null, "emergency": null, "operator:type": null, "type": null, "leaf_cycle": null, "label": "leisure:swimming_pool" }, "geometry": { "type": "Polygon", "coordinates": [ [ [ 24.0464062, 35.5128674 ], [ 24.0464108, 35.5128973 ], [ 24.0465932, 35.512879 ], [ 24.0466089, 35.5129184 ], [ 24.0467352, 35.5128852 ], [ 24.0467084, 35.5128176 ], [ 24.0465881, 35.5128492 ], [ 24.0464062, 35.5128674 ] ] ] } },
{ "type": "Feature", "properties": { "element": "way", "id": 370757138, "amenity": null, "brand": null, "brand:wikidata": null, "name": null, "operator": null, "brand:wikipedia": null, "compressed_air": null, "cuisine": null, "addr:street": null, "name:el": null, "tourism": null, "addr:city": null, "addr:housenumber": null, "addr:postcode": null, "contact:facebook": null, "description": null, "email": null, "fax": null, "fuel:diesel": null, "fuel:diesel_B": null, "fuel:e10": null, "fuel:e5": null, "fuel:gasoline": null, "fuel:heating_oil": null, "fuel:octane_95": null, "fuel:unleaded": null, "opening_hours": null, "payment:app": null, "payment:apple_pay": null, "payment:cards": null, "payment:cash": null, "payment:coins": null, "payment:contactless": null, "payment:credit_cards": null, "payment:debit_cards": null, "payment:electronic_purses": null, "payment:google_pay": null, "payment:maestro": null, "payment:mastercard": null, "payment:mastercard_contactless": null, "payment:visa": null, "payment:visa_debit": null, "payment:visa_electron": null, "phone": null, "self_service": null, "start_date": null, "website": null, "wheelchair": null, "name:en": null, "shop": null, "fee": null, "wikidata": null, "wikipedia": null, "int_name": null, "leisure": null, "healthcare": null, "internet_access": null, "denomination": null, "religion": null, "castle_type": null, "historic": null, "historic:civilization": null, "image": null, "source": null, "theatre:type": null, "natural": null, "ele": null, "male": null, "female": null, "brand:el": null, "brand:en": null, "operator:wikidata": null, "short_name": null, "short_name:el": null, "short_name:en": null, "brewery": null, "outdoor_seating": null, "colour": null, "parcel_locker:type": null, "parcel_mail_in": null, "parcel_pickup": null, "backrest": null, "access": null, "authentication:app": null, "authentication:membership_card": null, "branch": null, "capacity": null, "contact:phone": null, "contact:website": null, "covered": null, "motorcar": null, "parking:fee": null, "ref:EU:EVSE": null, "ref:GR:IDRO": null, "socket:type2": null, "socket:type2:output": null, "lit": null, "socket:type2_combo": null, "socket:type2_combo:output": null, "manufacturer": null, "building": "hotel", "parking": null, "name:de": null, "leaf_type": null, "building:levels": null, "layer": null, "location": null, "intermittent": null, "seasonal": null, "waterway": null, "name:ru": null, "landuse": null, "sport": null, "industrial": null, "education": null, "emergency": null, "operator:type": null, "type": null, "leaf_cycle": null, "label": "building:hotel" }, "geometry": { "type": "Polygon", "coordinates": [ [ [ 24.0465021, 35.5129913 ], [ 24.046469, 35.5129056 ], [ 24.0462928, 35.5129507 ], [ 24.0463194, 35.5130194 ], [ 24.0462103, 35.5130474 ], [ 24.0461736, 35.5129523 ], [ 24.0460496, 35.512984 ], [ 24.0459892, 35.5130521 ], [ 24.0461089, 35.5131225 ], [ 24.0461434, 35.5130836 ], [ 24.0465021, 35.5129913 ] ] ] } },
{ "type": "Feature", "properties": { "element": "way", "id": 370757139, "amenity": null, "brand": null, "brand:wikidata": null, "name": null, "operator": null, "brand:wikipedia": null, "compressed_air": null, "cuisine": null, "addr:street": null, "name:el": null, "tourism": null, "addr:city": null, "addr:housenumber": null, "addr:postcode": null, "contact:facebook": null, "description": null, "email": null, "fax": null, "fuel:diesel": null, "fuel:diesel_B": null, "fuel:e10": null, "fuel:e5": null, "fuel:gasoline": null, "fuel:heating_oil": null, "fuel:octane_95": null, "fuel:unleaded": null, "opening_hours": null, "payment:app": null, "payment:apple_pay": null, "payment:cards": null, "payment:cash": null, "payment:coins": null, "payment:contactless": null, "payment:credit_cards": null, "payment:debit_cards": null, "payment:electronic_purses": null, "payment:google_pay": null, "payment:maestro": null, "payment:mastercard": null, "payment:mastercard_contactless": null, "payment:visa": null, "payment:visa_debit": null, "payment:visa_electron": null, "phone": null, "self_service": null, "start_date": null, "website": null, "wheelchair": null, "name:en": null, "shop": null, "fee": null, "wikidata": null, "wikipedia": null, "int_name": null, "leisure": null, "healthcare": null, "internet_access": null, "denomination": null, "religion": null, "castle_type": null, "historic": null, "historic:civilization": null, "image": null, "source": null, "theatre:type": null, "natural": null, "ele": null, "male": null, "female": null, "brand:el": null, "brand:en": null, "operator:wikidata": null, "short_name": null, "short_name:el": null, "short_name:en": null, "brewery": null, "outdoor_seating": null, "colour": null, "parcel_locker:type": null, "parcel_mail_in": null, "parcel_pickup": null, "backrest": null, "access": null, "authentication:app": null, "authentication:membership_card": null, "branch": null, "capacity": null, "contact:phone": null, "contact:website": null, "covered": null, "motorcar": null, "parking:fee": null, "ref:EU:EVSE": null, "ref:GR:IDRO": null, "socket:type2": null, "socket:type2:output": null, "lit": null, "socket:type2_combo": null, "socket:type2_combo:output": null, "manufacturer": null, "building": "yes", "parking": null, "name:de": null, "leaf_type": null, "building:levels": null, "layer": null, "location": null, "intermittent": null, "seasonal": null, "waterway": null, "name:ru": null, "landuse": null, "sport": null, "industrial": null, "education": null, "emergency": null, "operator:type": null, "type": null, "leaf_cycle": null, "label": "building:yes" }, "geometry": { "type": "Polygon", "coordinates": [ [ [ 24.0466411, 35.5130235 ], [ 24.0466168, 35.5129606 ], [ 24.0465093, 35.5129881 ], [ 24.0465336, 35.513051 ], [ 24.0466411, 35.5130235 ] ] ] } },
{ "type": "Feature", "properties": { "element": "way", "id": 370757140, "amenity": null, "brand": null, "brand:wikidata": null, "name": null, "operator": null, "brand:wikipedia": null, "compressed_air": null, "cuisine": null, "addr:street": null, "name:el": null, "tourism": null, "addr:city": null, "addr:housenumber": null, "addr:postcode": null, "contact:facebook": null, "description": null, "email": null, "fax": null, "fuel:diesel": null, "fuel:diesel_B": null, "fuel:e10": null, "fuel:e5": null, "fuel:gasoline": null, "fuel:heating_oil": null, "fuel:octane_95": null, "fuel:unleaded": null, "opening_hours": null, "payment:app": null, "payment:apple_pay": null, "payment:cards": null, "payment:cash": null, "payment:coins": null, "payment:contactless": null, "payment:credit_cards": null, "payment:debit_cards": null, "payment:electronic_purses": null, "payment:google_pay": null, "payment:maestro": null, "payment:mastercard": null, "payment:mastercard_contactless": null, "payment:visa": null, "payment:visa_debit": null, "payment:visa_electron": null, "phone": null, "self_service": null, "start_date": null, "website": null, "wheelchair": null, "name:en": null, "shop": null, "fee": null, "wikidata": null, "wikipedia": null, "int_name": null, "leisure": null, "healthcare": null, "internet_access": null, "denomination": null, "religion": null, "castle_type": null, "historic": null, "historic:civilization": null, "image": null, "source": null, "theatre:type": null, "natural": null, "ele": null, "male": null, "female": null, "brand:el": null, "brand:en": null, "operator:wikidata": null, "short_name": null, "short_name:el": null, "short_name:en": null, "brewery": null, "outdoor_seating": null, "colour": null, "parcel_locker:type": null, "parcel_mail_in": null, "parcel_pickup": null, "backrest": null, "access": null, "authentication:app": null, "authentication:membership_card": null, "branch": null, "capacity": null, "contact:phone": null, "contact:website": null, "covered": null, "motorcar": null, "parking:fee": null, "ref:EU:EVSE": null, "ref:GR:IDRO": null, "socket:type2": null, "socket:type2:output": null, "lit": null, "socket:type2_combo": null, "socket:type2_combo:output": null, "manufacturer": null, "building": "yes", "parking": null, "name:de": null, "leaf_type": null, "building:levels": null, "layer": null, "location": null, "intermittent": null, "seasonal": null, "waterway": null, "name:ru": null, "landuse": null, "sport": null, "industrial": null, "education": null, "emergency": null, "operator:type": null, "type": null, "leaf_cycle": null, "label": "building:yes" }, "geometry": { "type": "Polygon", "coordinates": [ [ [ 24.0464816, 35.5131673 ], [ 24.0465718, 35.513136 ], [ 24.0465367, 35.5130688 ], [ 24.0464464, 35.5131001 ], [ 24.0464816, 35.5131673 ] ] ] } },
{ "type": "Feature", "properties": { "element": "way", "id": 370757141, "amenity": null, "brand": null, "brand:wikidata": null, "name": null, "operator": null, "brand:wikipedia": null, "compressed_air": null, "cuisine": null, "addr:street": null, "name:el": null, "tourism": null, "addr:city": null, "addr:housenumber": null, "addr:postcode": null, "contact:facebook": null, "description": null, "email": null, "fax": null, "fuel:diesel": null, "fuel:diesel_B": null, "fuel:e10": null, "fuel:e5": null, "fuel:gasoline": null, "fuel:heating_oil": null, "fuel:octane_95": null, "fuel:unleaded": null, "opening_hours": null, "payment:app": null, "payment:apple_pay": null, "payment:cards": null, "payment:cash": null, "payment:coins": null, "payment:contactless": null, "payment:credit_cards": null, "payment:debit_cards": null, "payment:electronic_purses": null, "payment:google_pay": null, "payment:maestro": null, "payment:mastercard": null, "payment:mastercard_contactless": null, "payment:visa": null, "payment:visa_debit": null, "payment:visa_electron": null, "phone": null, "self_service": null, "start_date": null, "website": null, "wheelchair": null, "name:en": null, "shop": null, "fee": null, "wikidata": null, "wikipedia": null, "int_name": null, "leisure": null, "healthcare": null, "internet_access": null, "denomination": null, "religion": null, "castle_type": null, "historic": null, "historic:civilization": null, "image": null, "source": null, "theatre:type": null, "natural": null, "ele": null, "male": null, "female": null, "brand:el": null, "brand:en": null, "operator:wikidata": null, "short_name": null, "short_name:el": null, "short_name:en": null, "brewery": null, "outdoor_seating": null, "colour": null, "parcel_locker:type": null, "parcel_mail_in": null, "parcel_pickup": null, "backrest": null, "access": null, "authentication:app": null, "authentication:membership_card": null, "branch": null, "capacity": null, "contact:phone": null, "contact:website": null, "covered": null, "motorcar": null, "parking:fee": null, "ref:EU:EVSE": null, "ref:GR:IDRO": null, "socket:type2": null, "socket:type2:output": null, "lit": null, "socket:type2_combo": null, "socket:type2_combo:output": null, "manufacturer": null, "building": "yes", "parking": null, "name:de": null, "leaf_type": null, "building:levels": null, "layer": null, "location": null, "intermittent": null, "seasonal": null, "waterway": null, "name:ru": null, "landuse": null, "sport": null, "industrial": null, "education": null, "emergency": null, "operator:type": null, "type": null, "leaf_cycle": null, "label": "building:yes" }, "geometry": { "type": "Polygon", "coordinates": [ [ [ 24.046685, 35.5130461 ], [ 24.0468012, 35.5130165 ], [ 24.0467784, 35.5129574 ], [ 24.0466623, 35.5129871 ], [ 24.046685, 35.5130461 ] ] ] } },
{ "type": "Feature", "properties": { "element": "way", "id": 370757142, "amenity": null, "brand": null, "brand:wikidata": null, "name": null, "operator": null, "brand:wikipedia": null, "compressed_air": null, "cuisine": null, "addr:street": null, "name:el": null, "tourism": null, "addr:city": null, "addr:housenumber": null, "addr:postcode": null, "contact:facebook": null, "description": null, "email": null, "fax": null, "fuel:diesel": null, "fuel:diesel_B": null, "fuel:e10": null, "fuel:e5": null, "fuel:gasoline": null, "fuel:heating_oil": null, "fuel:octane_95": null, "fuel:unleaded": null, "opening_hours": null, "payment:app": null, "payment:apple_pay": null, "payment:cards": null, "payment:cash": null, "payment:coins": null, "payment:contactless": null, "payment:credit_cards": null, "payment:debit_cards": null, "payment:electronic_purses": null, "payment:google_pay": null, "payment:maestro": null, "payment:mastercard": null, "payment:mastercard_contactless": null, "payment:visa": null, "payment:visa_debit": null, "payment:visa_electron": null, "phone": null, "self_service": null, "start_date": null, "website": null, "wheelchair": null, "name:en": null, "shop": null, "fee": null, "wikidata": null, "wikipedia": null, "int_name": null, "leisure": null, "healthcare": null, "internet_access": null, "denomination": null, "religion": null, "castle_type": null, "historic": null, "historic:civilization": null, "image": null, "source": null, "theatre:type": null, "natural": null, "ele": null, "male": null, "female": null, "brand:el": null, "brand:en": null, "operator:wikidata": null, "short_name": null, "short_name:el": null, "short_name:en": null, "brewery": null, "outdoor_seating": null, "colour": null, "parcel_locker:type": null, "parcel_mail_in": null, "parcel_pickup": null, "backrest": null, "access": null, "authentication:app": null, "authentication:membership_card": null, "branch": null, "capacity": null, "contact:phone": null, "contact:website": null, "covered": null, "motorcar": null, "parking:fee": null, "ref:EU:EVSE": null, "ref:GR:IDRO": null, "socket:type2": null, "socket:type2:output": null, "lit": null, "socket:type2_combo": null, "socket:type2_combo:output": null, "manufacturer": null, "building": "yes", "parking": null, "name:de": null, "leaf_type": null, "building:levels": null, "layer": null, "location": null, "intermittent": null, "seasonal": null, "waterway": null, "name:ru": null, "landuse": null, "sport": null, "industrial": null, "education": null, "emergency": null, "operator:type": null, "type": null, "leaf_cycle": null, "label": "building:yes" }, "geometry": { "type": "Polygon", "coordinates": [ [ [ 24.0470532, 35.5128117 ], [ 24.0470277, 35.5127488 ], [ 24.0468707, 35.5127909 ], [ 24.0468836, 35.5128228 ], [ 24.0467484, 35.5128592 ], [ 24.0467734, 35.512921 ], [ 24.0469397, 35.5128763 ], [ 24.0469273, 35.5128455 ], [ 24.0470532, 35.5128117 ] ] ] } },
{ "type": "Feature", "properties": { "element": "way", "id": 370757387, "amenity": null, "brand": null, "brand:wikidata": null, "name": null, "operator": null, "brand:wikipedia": null, "compressed_air": null, "cuisine": null, "addr:street": "Κωνσταντίνου Μητσοτάκη", "name:el": null, "tourism": null, "addr:city": null, "addr:housenumber": "80", "addr:postcode": null, "contact:facebook": null, "description": null, "email": null, "fax": null, "fuel:diesel": null, "fuel:diesel_B": null, "fuel:e10": null, "fuel:e5": null, "fuel:gasoline": null, "fuel:heating_oil": null, "fuel:octane_95": null, "fuel:unleaded": null, "opening_hours": null, "payment:app": null, "payment:apple_pay": null, "payment:cards": null, "payment:cash": null, "payment:coins": null, "payment:contactless": null, "payment:credit_cards": null, "payment:debit_cards": null, "payment:electronic_purses": null, "payment:google_pay": null, "payment:maestro": null, "payment:mastercard": null, "payment:mastercard_contactless": null, "payment:visa": null, "payment:visa_debit": null, "payment:visa_electron": null, "phone": null, "self_service": null, "start_date": null, "website": null, "wheelchair": null, "name:en": null, "shop": null, "fee": null, "wikidata": null, "wikipedia": null, "int_name": null, "leisure": null, "healthcare": null, "internet_access": null, "denomination": null, "religion": null, "castle_type": null, "historic": null, "historic:civilization": null, "image": null, "source": null, "theatre:type": null, "natural": null, "ele": null, "male": null, "female": null, "brand:el": null, "brand:en": null, "operator:wikidata": null, "short_name": null, "short_name:el": null, "short_name:en": null, "brewery": null, "outdoor_seating": null, "colour": null, "parcel_locker:type": null, "parcel_mail_in": null, "parcel_pickup": null, "backrest": null, "access": null, "authentication:app": null, "authentication:membership_card": null, "branch": null, "capacity": null, "contact:phone": null, "contact:website": null, "covered": null, "motorcar": null, "parking:fee": null, "ref:EU:EVSE": null, "ref:GR:IDRO": null, "socket:type2": null, "socket:type2:output": null, "lit": null, "socket:type2_combo": null, "socket:type2_combo:output": null, "manufacturer": null, "building": "yes", "parking": null, "name:de": null, "leaf_type": null, "building:levels": null, "layer": null, "location": null, "intermittent": null, "seasonal": null, "waterway": null, "name:ru": null, "landuse": null, "sport": null, "industrial": null, "education": null, "emergency": null, "operator:type": null, "type": null, "leaf_cycle": null, "label": "building:yes" }, "geometry": { "type": "Polygon", "coordinates": [ [ [ 24.0441877, 35.5143871 ], [ 24.0440134, 35.5144046 ], [ 24.0440234, 35.5144702 ], [ 24.0438771, 35.514486 ], [ 24.043902, 35.5146388 ], [ 24.0442206, 35.5146043 ], [ 24.0441877, 35.5143871 ] ] ] } },
{ "type": "Feature", "properties": { "element": "way", "id": 376837102, "amenity": null, "brand": null, "brand:wikidata": null, "name": null, "operator": null, "brand:wikipedia": null, "compressed_air": null, "cuisine": null, "addr:street": null, "name:el": null, "tourism": null, "addr:city": null, "addr:housenumber": null, "addr:postcode": null, "contact:facebook": null, "description": null, "email": null, "fax": null, "fuel:diesel": null, "fuel:diesel_B": null, "fuel:e10": null, "fuel:e5": null, "fuel:gasoline": null, "fuel:heating_oil": null, "fuel:octane_95": null, "fuel:unleaded": null, "opening_hours": null, "payment:app": null, "payment:apple_pay": null, "payment:cards": null, "payment:cash": null, "payment:coins": null, "payment:contactless": null, "payment:credit_cards": null, "payment:debit_cards": null, "payment:electronic_purses": null, "payment:google_pay": null, "payment:maestro": null, "payment:mastercard": null, "payment:mastercard_contactless": null, "payment:visa": null, "payment:visa_debit": null, "payment:visa_electron": null, "phone": null, "self_service": null, "start_date": null, "website": null, "wheelchair": null, "name:en": null, "shop": null, "fee": null, "wikidata": null, "wikipedia": null, "int_name": null, "leisure": null, "healthcare": null, "internet_access": null, "denomination": null, "religion": null, "castle_type": null, "historic": null, "historic:civilization": null, "image": null, "source": null, "theatre:type": null, "natural": "coastline", "ele": null, "male": null, "female": null, "brand:el": null, "brand:en": null, "operator:wikidata": null, "short_name": null, "short_name:el": null, "short_name:en": null, "brewery": null, "outdoor_seating": null, "colour": null, "parcel_locker:type": null, "parcel_mail_in": null, "parcel_pickup": null, "backrest": null, "access": null, "authentication:app": null, "authentication:membership_card": null, "branch": null, "capacity": null, "contact:phone": null, "contact:website": null, "covered": null, "motorcar": null, "parking:fee": null, "ref:EU:EVSE": null, "ref:GR:IDRO": null, "socket:type2": null, "socket:type2:output": null, "lit": null, "socket:type2_combo": null, "socket:type2_combo:output": null, "manufacturer": null, "building": null, "parking": null, "name:de": null, "leaf_type": null, "building:levels": null, "layer": null, "location": null, "intermittent": null, "seasonal": null, "waterway": null, "name:ru": null, "landuse": null, "sport": null, "industrial": null, "education": null, "emergency": null, "operator:type": null, "type": null, "leaf_cycle": null, "label": "natural:coastline" }, "geometry": { "type": "MultiLineString", "coordinates": [ [ [ 24.0353206, 35.5193885 ], [ 24.0353689, 35.5193579 ], [ 24.0353716, 35.5193164 ], [ 24.0354225, 35.5193164 ], [ 24.0354573, 35.5192896 ], [ 24.0355218, 35.5193099 ], [ 24.0355272, 35.5193754 ], [ 24.0355728, 35.5194452 ], [ 24.0356479, 35.519467 ], [ 24.0357095, 35.5195238 ], [ 24.035695163205098, 35.519534523691348 ] ], [ [ 24.03541886800738, 35.519534523691348 ], [ 24.0354091, 35.5195282 ], [ 24.0353206, 35.5193885 ] ] ] } },
{ "type": "Feature", "properties": { "element": "way", "id": 376838141, "amenity": null, "brand": null, "brand:wikidata": null, "name": null, "operator": null, "brand:wikipedia": null, "compressed_air": null, "cuisine": null, "addr:street": null, "name:el": null, "tourism": null, "addr:city": null, "addr:housenumber": null, "addr:postcode": null, "contact:facebook": null, "description": null, "email": null, "fax": null, "fuel:diesel": null, "fuel:diesel_B": null, "fuel:e10": null, "fuel:e5": null, "fuel:gasoline": null, "fuel:heating_oil": null, "fuel:octane_95": null, "fuel:unleaded": null, "opening_hours": null, "payment:app": null, "payment:apple_pay": null, "payment:cards": null, "payment:cash": null, "payment:coins": null, "payment:contactless": null, "payment:credit_cards": null, "payment:debit_cards": null, "payment:electronic_purses": null, "payment:google_pay": null, "payment:maestro": null, "payment:mastercard": null, "payment:mastercard_contactless": null, "payment:visa": null, "payment:visa_debit": null, "payment:visa_electron": null, "phone": null, "self_service": null, "start_date": null, "website": null, "wheelchair": null, "name:en": null, "shop": null, "fee": null, "wikidata": null, "wikipedia": null, "int_name": null, "leisure": null, "healthcare": null, "internet_access": null, "denomination": null, "religion": null, "castle_type": null, "historic": null, "historic:civilization": null, "image": null, "source": null, "theatre:type": null, "natural": "coastline", "ele": null, "male": null, "female": null, "brand:el": null, "brand:en": null, "operator:wikidata": null, "short_name": null, "short_name:el": null, "short_name:en": null, "brewery": null, "outdoor_seating": null, "colour": null, "parcel_locker:type": null, "parcel_mail_in": null, "parcel_pickup": null, "backrest": null, "access": null, "authentication:app": null, "authentication:membership_card": null, "branch": null, "capacity": null, "contact:phone": null, "contact:website": null, "covered": null, "motorcar": null, "parking:fee": null, "ref:EU:EVSE": null, "ref:GR:IDRO": null, "socket:type2": null, "socket:type2:output": null, "lit": null, "socket:type2_combo": null, "socket:type2_combo:output": null, "manufacturer": null, "building": null, "parking": null, "name:de": null, "leaf_type": null, "building:levels": null, "layer": null, "location": null, "intermittent": null, "seasonal": null, "waterway": null, "name:ru": null, "landuse": null, "sport": null, "industrial": null, "education": null, "emergency": null, "operator:type": null, "type": null, "leaf_cycle": null, "label": "natural:coastline" }, "geometry": { "type": "MultiLineString", "coordinates": [ [ [ 24.033054680649734, 35.517628344902832 ], [ 24.0330595, 35.5176572 ], [ 24.033054680649734, 35.517661262728723 ] ], [ [ 24.033054680649734, 35.517782702526155 ], [ 24.0331239, 35.5178559 ], [ 24.033054680649734, 35.517945606686702 ] ] ] } },
{ "type": "Feature", "properties": { "element": "way", "id": 376838145, "amenity": null, "brand": null, "brand:wikidata": null, "name": null, "operator": null, "brand:wikipedia": null, "compressed_air": null, "cuisine": null, "addr:street": null, "name:el": null, "tourism": null, "addr:city": null, "addr:housenumber": null, "addr:postcode": null, "contact:facebook": null, "description": null, "email": null, "fax": null, "fuel:diesel": null, "fuel:diesel_B": null, "fuel:e10": null, "fuel:e5": null, "fuel:gasoline": null, "fuel:heating_oil": null, "fuel:octane_95": null, "fuel:unleaded": null, "opening_hours": null, "payment:app": null, "payment:apple_pay": null, "payment:cards": null, "payment:cash": null, "payment:coins": null, "payment:contactless": null, "payment:credit_cards": null, "payment:debit_cards": null, "payment:electronic_purses": null, "payment:google_pay": null, "payment:maestro": null, "payment:mastercard": null, "payment:mastercard_contactless": null, "payment:visa": null, "payment:visa_debit": null, "payment:visa_electron": null, "phone": null, "self_service": null, "start_date": null, "website": null, "wheelchair": null, "name:en": null, "shop": null, "fee": null, "wikidata": null, "wikipedia": null, "int_name": null, "leisure": null, "healthcare": null, "internet_access": null, "denomination": null, "religion": null, "castle_type": null, "historic": null, "historic:civilization": null, "image": null, "source": null, "theatre:type": null, "natural": "coastline", "ele": null, "male": null, "female": null, "brand:el": null, "brand:en": null, "operator:wikidata": null, "short_name": null, "short_name:el": null, "short_name:en": null, "brewery": null, "outdoor_seating": null, "colour": null, "parcel_locker:type": null, "parcel_mail_in": null, "parcel_pickup": null, "backrest": null, "access": null, "authentication:app": null, "authentication:membership_card": null, "branch": null, "capacity": null, "contact:phone": null, "contact:website": null, "covered": null, "motorcar": null, "parking:fee": null, "ref:EU:EVSE": null, "ref:GR:IDRO": null, "socket:type2": null, "socket:type2:output": null, "lit": null, "socket:type2_combo": null, "socket:type2_combo:output": null, "manufacturer": null, "building": null, "parking": null, "name:de": null, "leaf_type": null, "building:levels": null, "layer": null, "location": null, "intermittent": null, "seasonal": null, "waterway": null, "name:ru": null, "landuse": null, "sport": null, "industrial": null, "education": null, "emergency": null, "operator:type": null, "type": null, "leaf_cycle": null, "label": "natural:coastline" }, "geometry": { "type": "LineString", "coordinates": [ [ 24.0337971, 35.5183449 ], [ 24.0337247, 35.5184803 ], [ 24.0336603, 35.5183951 ], [ 24.0337113, 35.5183427 ], [ 24.0337596, 35.5183209 ], [ 24.0337971, 35.5183449 ] ] } },
{ "type": "Feature", "properties": { "element": "way", "id": 376838148, "amenity": null, "brand": null, "brand:wikidata": null, "name": null, "operator": null, "brand:wikipedia": null, "compressed_air": null, "cuisine": null, "addr:street": null, "name:el": null, "tourism": null, "addr:city": null, "addr:housenumber": null, "addr:postcode": null, "contact:facebook": null, "description": null, "email": null, "fax": null, "fuel:diesel": null, "fuel:diesel_B": null, "fuel:e10": null, "fuel:e5": null, "fuel:gasoline": null, "fuel:heating_oil": null, "fuel:octane_95": null, "fuel:unleaded": null, "opening_hours": null, "payment:app": null, "payment:apple_pay": null, "payment:cards": null, "payment:cash": null, "payment:coins": null, "payment:contactless": null, "payment:credit_cards": null, "payment:debit_cards": null, "payment:electronic_purses": null, "payment:google_pay": null, "payment:maestro": null, "payment:mastercard": null, "payment:mastercard_contactless": null, "payment:visa": null, "payment:visa_debit": null, "payment:visa_electron": null, "phone": null, "self_service": null, "start_date": null, "website": null, "wheelchair": null, "name:en": null, "shop": null, "fee": null, "wikidata": null, "wikipedia": null, "int_name": null, "leisure": null, "healthcare": null, "internet_access": null, "denomination": null, "religion": null, "castle_type": null, "historic": null, "historic:civilization": null, "image": null, "source": null, "theatre:type": null, "natural": "coastline", "ele": null, "male": null, "female": null, "brand:el": null, "brand:en": null, "operator:wikidata": null, "short_name": null, "short_name:el": null, "short_name:en": null, "brewery": null, "outdoor_seating": null, "colour": null, "parcel_locker:type": null, "parcel_mail_in": null, "parcel_pickup": null, "backrest": null, "access": null, "authentication:app": null, "authentication:membership_card": null, "branch": null, "capacity": null, "contact:phone": null, "contact:website": null, "covered": null, "motorcar": null, "parking:fee": null, "ref:EU:EVSE": null, "ref:GR:IDRO": null, "socket:type2": null, "socket:type2:output": null, "lit": null, "socket:type2_combo": null, "socket:type2_combo:output": null, "manufacturer": null, "building": null, "parking": null, "name:de": null, "leaf_type": null, "building:levels": null, "layer": null, "location": null, "intermittent": null, "seasonal": null, "waterway": null, "name:ru": null, "landuse": null, "sport": null, "industrial": null, "education": null, "emergency": null, "operator:type": null, "type": null, "leaf_cycle": null, "label": "natural:coastline" }, "geometry": { "type": "LineString", "coordinates": [ [ 24.0334753, 35.5183646 ], [ 24.0334458, 35.5183842 ], [ 24.0334699, 35.5184322 ], [ 24.0333519, 35.5184257 ], [ 24.0333277, 35.5183668 ], [ 24.0333787, 35.5183296 ], [ 24.0333304, 35.5182816 ], [ 24.0334028, 35.5182969 ], [ 24.0334161, 35.5183334 ], [ 24.0334753, 35.5183646 ] ] } },
{ "type": "Feature", "properties": { "element": "way", "id": 376838150, "amenity": null, "brand": null, "brand:wikidata": null, "name": null, "operator": null, "brand:wikipedia": null, "compressed_air": null, "cuisine": null, "addr:street": null, "name:el": null, "tourism": null, "addr:city": null, "addr:housenumber": null, "addr:postcode": null, "contact:facebook": null, "description": null, "email": null, "fax": null, "fuel:diesel": null, "fuel:diesel_B": null, "fuel:e10": null, "fuel:e5": null, "fuel:gasoline": null, "fuel:heating_oil": null, "fuel:octane_95": null, "fuel:unleaded": null, "opening_hours": null, "payment:app": null, "payment:apple_pay": null, "payment:cards": null, "payment:cash": null, "payment:coins": null, "payment:contactless": null, "payment:credit_cards": null, "payment:debit_cards": null, "payment:electronic_purses": null, "payment:google_pay": null, "payment:maestro": null, "payment:mastercard": null, "payment:mastercard_contactless": null, "payment:visa": null, "payment:visa_debit": null, "payment:visa_electron": null, "phone": null, "self_service": null, "start_date": null, "website": null, "wheelchair": null, "name:en": null, "shop": null, "fee": null, "wikidata": null, "wikipedia": null, "int_name": null, "leisure": null, "healthcare": null, "internet_access": null, "denomination": null, "religion": null, "castle_type": null, "historic": null, "historic:civilization": null, "image": null, "source": null, "theatre:type": null, "natural": "coastline", "ele": null, "male": null, "female": null, "brand:el": null, "brand:en": null, "operator:wikidata": null, "short_name": null, "short_name:el": null, "short_name:en": null, "brewery": null, "outdoor_seating": null, "colour": null, "parcel_locker:type": null, "parcel_mail_in": null, "parcel_pickup": null, "backrest": null, "access": null, "authentication:app": null, "authentication:membership_card": null, "branch": null, "capacity": null, "contact:phone": null, "contact:website": null, "covered": null, "motorcar": null, "parking:fee": null, "ref:EU:EVSE": null, "ref:GR:IDRO": null, "socket:type2": null, "socket:type2:output": null, "lit": null, "socket:type2_combo": null, "socket:type2_combo:output": null, "manufacturer": null, "building": null, "parking": null, "name:de": null, "leaf_type": null, "building:levels": null, "layer": null, "location": null, "intermittent": null, "seasonal": null, "waterway": null, "name:ru": null, "landuse": null, "sport": null, "industrial": null, "education": null, "emergency": null, "operator:type": null, "type": null, "leaf_cycle": null, "label": "natural:coastline" }, "geometry": { "type": "LineString", "coordinates": [ [ 24.0340975, 35.5182991 ], [ 24.034068, 35.5182445 ], [ 24.0341109, 35.5181441 ], [ 24.0341995, 35.5181768 ], [ 24.0340975, 35.5182991 ] ] } },
{ "type": "Feature", "properties": { "element": "way", "id": 376838152, "amenity": null, "brand": null, "brand:wikidata": null, "name": null, "operator": null, "brand:wikipedia": null, "compressed_air": null, "cuisine": null, "addr:street": null, "name:el": null, "tourism": null, "addr:city": null, "addr:housenumber": null, "addr:postcode": null, "contact:facebook": null, "description": null, "email": null, "fax": null, "fuel:diesel": null, "fuel:diesel_B": null, "fuel:e10": null, "fuel:e5": null, "fuel:gasoline": null, "fuel:heating_oil": null, "fuel:octane_95": null, "fuel:unleaded": null, "opening_hours": null, "payment:app": null, "payment:apple_pay": null, "payment:cards": null, "payment:cash": null, "payment:coins": null, "payment:contactless": null, "payment:credit_cards": null, "payment:debit_cards": null, "payment:electronic_purses": null, "payment:google_pay": null, "payment:maestro": null, "payment:mastercard": null, "payment:mastercard_contactless": null, "payment:visa": null, "payment:visa_debit": null, "payment:visa_electron": null, "phone": null, "self_service": null, "start_date": null, "website": null, "wheelchair": null, "name:en": null, "shop": null, "fee": null, "wikidata": null, "wikipedia": null, "int_name": null, "leisure": null, "healthcare": null, "internet_access": null, "denomination": null, "religion": null, "castle_type": null, "historic": null, "historic:civilization": null, "image": null, "source": null, "theatre:type": null, "natural": "coastline", "ele": null, "male": null, "female": null, "brand:el": null, "brand:en": null, "operator:wikidata": null, "short_name": null, "short_name:el": null, "short_name:en": null, "brewery": null, "outdoor_seating": null, "colour": null, "parcel_locker:type": null, "parcel_mail_in": null, "parcel_pickup": null, "backrest": null, "access": null, "authentication:app": null, "authentication:membership_card": null, "branch": null, "capacity": null, "contact:phone": null, "contact:website": null, "covered": null, "motorcar": null, "parking:fee": null, "ref:EU:EVSE": null, "ref:GR:IDRO": null, "socket:type2": null, "socket:type2:output": null, "lit": null, "socket:type2_combo": null, "socket:type2_combo:output": null, "manufacturer": null, "building": null, "parking": null, "name:de": null, "leaf_type": null, "building:levels": null, "layer": null, "location": null, "intermittent": null, "seasonal": null, "waterway": null, "name:ru": null, "landuse": null, "sport": null, "industrial": null, "education": null, "emergency": null, "operator:type": null, "type": null, "leaf_cycle": null, "label": "natural:coastline" }, "geometry": { "type": "LineString", "coordinates": [ [ 24.033054680649734, 35.518156478716961 ], [ 24.0331641, 35.5181746 ], [ 24.0332446, 35.5182554 ], [ 24.0332981, 35.5182635 ], [ 24.0332632, 35.5183115 ], [ 24.033054680649734, 35.518221460257735 ] ] } },
{ "type": "Feature", "properties": { "element": "way", "id": 416594702, "amenity": null, "brand": null, "brand:wikidata": null, "name": "Pantheon Apartments", "operator": null, "brand:wikipedia": null, "compressed_air": null, "cuisine": null, "addr:street": "Στυλιανού Σφακιωτάκη", "name:el": null, "tourism": null, "addr:city": "Chania", "addr:housenumber": "42", "addr:postcode": null, "contact:facebook": null, "description": null, "email": null, "fax": null, "fuel:diesel": null, "fuel:diesel_B": null, "fuel:e10": null, "fuel:e5": null, "fuel:gasoline": null, "fuel:heating_oil": null, "fuel:octane_95": null, "fuel:unleaded": null, "opening_hours": null, "payment:app": null, "payment:apple_pay": null, "payment:cards": null, "payment:cash": null, "payment:coins": null, "payment:contactless": null, "payment:credit_cards": null, "payment:debit_cards": null, "payment:electronic_purses": null, "payment:google_pay": null, "payment:maestro": null, "payment:mastercard": null, "payment:mastercard_contactless": null, "payment:visa": null, "payment:visa_debit": null, "payment:visa_electron": null, "phone": null, "self_service": null, "start_date": null, "website": null, "wheelchair": null, "name:en": null, "shop": null, "fee": null, "wikidata": null, "wikipedia": null, "int_name": null, "leisure": null, "healthcare": null, "internet_access": null, "denomination": null, "religion": null, "castle_type": null, "historic": null, "historic:civilization": null, "image": null, "source": null, "theatre:type": null, "natural": null, "ele": null, "male": null, "female": null, "brand:el": null, "brand:en": null, "operator:wikidata": null, "short_name": null, "short_name:el": null, "short_name:en": null, "brewery": null, "outdoor_seating": null, "colour": null, "parcel_locker:type": null, "parcel_mail_in": null, "parcel_pickup": null, "backrest": null, "access": null, "authentication:app": null, "authentication:membership_card": null, "branch": null, "capacity": null, "contact:phone": null, "contact:website": null, "covered": null, "motorcar": null, "parking:fee": null, "ref:EU:EVSE": null, "ref:GR:IDRO": null, "socket:type2": null, "socket:type2:output": null, "lit": null, "socket:type2_combo": null, "socket:type2_combo:output": null, "manufacturer": null, "building": "apartments", "parking": null, "name:de": null, "leaf_type": null, "building:levels": "3", "layer": null, "location": null, "intermittent": null, "seasonal": null, "waterway": null, "name:ru": null, "landuse": null, "sport": null, "industrial": null, "education": null, "emergency": null, "operator:type": null, "type": null, "leaf_cycle": null, "label": "building:apartments" }, "geometry": { "type": "Polygon", "coordinates": [ [ [ 24.0435602, 35.5105724 ], [ 24.0435732, 35.5105418 ], [ 24.0436071, 35.5105503 ], [ 24.0436329, 35.5104861 ], [ 24.0435162, 35.5104547 ], [ 24.043474, 35.51055 ], [ 24.0435602, 35.5105724 ] ] ] } },
{ "type": "Feature", "properties": { "element": "way", "id": 434989676, "amenity": null, "brand": null, "brand:wikidata": null, "name": null, "operator": null, "brand:wikipedia": null, "compressed_air": null, "cuisine": null, "addr:street": null, "name:el": null, "tourism": null, "addr:city": null, "addr:housenumber": null, "addr:postcode": null, "contact:facebook": null, "description": null, "email": null, "fax": null, "fuel:diesel": null, "fuel:diesel_B": null, "fuel:e10": null, "fuel:e5": null, "fuel:gasoline": null, "fuel:heating_oil": null, "fuel:octane_95": null, "fuel:unleaded": null, "opening_hours": null, "payment:app": null, "payment:apple_pay": null, "payment:cards": null, "payment:cash": null, "payment:coins": null, "payment:contactless": null, "payment:credit_cards": null, "payment:debit_cards": null, "payment:electronic_purses": null, "payment:google_pay": null, "payment:maestro": null, "payment:mastercard": null, "payment:mastercard_contactless": null, "payment:visa": null, "payment:visa_debit": null, "payment:visa_electron": null, "phone": null, "self_service": null, "start_date": null, "website": null, "wheelchair": null, "name:en": null, "shop": null, "fee": null, "wikidata": null, "wikipedia": null, "int_name": null, "leisure": null, "healthcare": null, "internet_access": null, "denomination": null, "religion": null, "castle_type": null, "historic": null, "historic:civilization": null, "image": null, "source": null, "theatre:type": null, "natural": "coastline", "ele": null, "male": null, "female": null, "brand:el": null, "brand:en": null, "operator:wikidata": null, "short_name": null, "short_name:el": null, "short_name:en": null, "brewery": null, "outdoor_seating": null, "colour": null, "parcel_locker:type": null, "parcel_mail_in": null, "parcel_pickup": null, "backrest": null, "access": null, "authentication:app": null, "authentication:membership_card": null, "branch": null, "capacity": null, "contact:phone": null, "contact:website": null, "covered": null, "motorcar": null, "parking:fee": null, "ref:EU:EVSE": null, "ref:GR:IDRO": null, "socket:type2": null, "socket:type2:output": null, "lit": null, "socket:type2_combo": null, "socket:type2_combo:output": null, "manufacturer": null, "building": null, "parking": null, "name:de": null, "leaf_type": null, "building:levels": null, "layer": null, "location": null, "intermittent": null, "seasonal": null, "waterway": null, "name:ru": null, "landuse": null, "sport": null, "industrial": null, "education": null, "emergency": null, "operator:type": null, "type": null, "leaf_cycle": null, "label": "natural:coastline" }, "geometry": { "type": "LineString", "coordinates": [ [ 24.036787219539491, 35.519534523691348 ], [ 24.0367449, 35.5194894 ], [ 24.0367446, 35.519436 ], [ 24.0365192, 35.5193685 ], [ 24.0364947, 35.5194205 ], [ 24.0364169, 35.5194007 ], [ 24.0364244, 35.5193869 ], [ 24.0363501, 35.5193703 ], [ 24.0363594, 35.51935 ], [ 24.0360367, 35.5192873 ], [ 24.0360315, 35.5193118 ], [ 24.0360058, 35.5193195 ], [ 24.0359534, 35.519271 ], [ 24.0359071, 35.5192216 ], [ 24.0359271, 35.519208 ], [ 24.0357301, 35.5190323 ], [ 24.035586, 35.5189703 ], [ 24.0355032, 35.5188806 ], [ 24.0354909, 35.5187838 ], [ 24.0356577, 35.5187153 ], [ 24.0355382, 35.51843 ], [ 24.0355161, 35.5181981 ], [ 24.0354146, 35.5182283 ], [ 24.0354142, 35.5181949 ], [ 24.0350919, 35.517934 ], [ 24.0348795, 35.5177551 ], [ 24.0346355, 35.517664 ], [ 24.0343926, 35.5176098 ], [ 24.0343413, 35.5176233 ], [ 24.0343038, 35.5176256 ], [ 24.0342583, 35.5175912 ], [ 24.0341822, 35.5175652 ], [ 24.0341557, 35.5175708 ], [ 24.0341281, 35.5175582 ], [ 24.0340237, 35.5175448 ], [ 24.0338513, 35.5175373 ], [ 24.0336598, 35.5175456 ], [ 24.033515, 35.5175568 ], [ 24.0334174, 35.5175709 ], [ 24.0333496, 35.5175762 ], [ 24.0332591, 35.5175774 ], [ 24.0331958, 35.5175687 ], [ 24.0331388, 35.5175514 ], [ 24.0330914, 35.5175142 ], [ 24.0330656, 35.5174754 ], [ 24.033054680649734, 35.517459698973475 ] ] } },
{ "type": "Feature", "properties": { "element": "way", "id": 626404935, "amenity": null, "brand": null, "brand:wikidata": null, "name": "Αρχαιολογικό Μουσείο Χανίων", "operator": null, "brand:wikipedia": null, "compressed_air": null, "cuisine": null, "addr:street": "Σκρα", "name:el": "Αρχαιολογικό Μουσείο Χανίων", "tourism": "museum", "addr:city": null, "addr:housenumber": "15", "addr:postcode": null, "contact:facebook": null, "description": null, "email": null, "fax": null, "fuel:diesel": null, "fuel:diesel_B": null, "fuel:e10": null, "fuel:e5": null, "fuel:gasoline": null, "fuel:heating_oil": null, "fuel:octane_95": null, "fuel:unleaded": null, "opening_hours": "We-Mo 08:00-20:00", "payment:app": null, "payment:apple_pay": null, "payment:cards": null, "payment:cash": null, "payment:coins": null, "payment:contactless": null, "payment:credit_cards": null, "payment:debit_cards": null, "payment:electronic_purses": null, "payment:google_pay": null, "payment:maestro": null, "payment:mastercard": null, "payment:mastercard_contactless": null, "payment:visa": null, "payment:visa_debit": null, "payment:visa_electron": null, "phone": null, "self_service": null, "start_date": null, "website": "https://amch.gr/", "wheelchair": null, "name:en": "Archaeological Museum of Chania", "shop": null, "fee": "yes", "wikidata": "Q4785399", "wikipedia": "en:Archaeological Museum of Chania", "int_name": null, "leisure": null, "healthcare": null, "internet_access": null, "denomination": null, "religion": null, "castle_type": null, "historic": null, "historic:civilization": null, "image": null, "source": null, "theatre:type": null, "natural": null, "ele": null, "male": null, "female": null, "brand:el": null, "brand:en": null, "operator:wikidata": null, "short_name": null, "short_name:el": null, "short_name:en": null, "brewery": null, "outdoor_seating": null, "colour": null, "parcel_locker:type": null, "parcel_mail_in": null, "parcel_pickup": null, "backrest": null, "access": null, "authentication:app": null, "authentication:membership_card": null, "branch": null, "capacity": null, "contact:phone": null, "contact:website": null, "covered": null, "motorcar": null, "parking:fee": null, "ref:EU:EVSE": null, "ref:GR:IDRO": null, "socket:type2": null, "socket:type2:output": null, "lit": null, "socket:type2_combo": null, "socket:type2_combo:output": null, "manufacturer": null, "building": "yes", "parking": null, "name:de": null, "leaf_type": null, "building:levels": null, "layer": null, "location": null, "intermittent": null, "seasonal": null, "waterway": null, "name:ru": null, "landuse": null, "sport": null, "industrial": null, "education": null, "emergency": null, "operator:type": null, "type": null, "leaf_cycle": null, "label": "building:yes;tourism:museum" }, "geometry": { "type": "Polygon", "coordinates": [ [ [ 24.0367062, 35.5171646 ], [ 24.0369984, 35.516633 ], [ 24.037195, 35.516296 ], [ 24.036596, 35.516324 ], [ 24.0365581, 35.5162624 ], [ 24.0363619, 35.5162988 ], [ 24.0365134, 35.5167359 ], [ 24.0366649, 35.5167135 ], [ 24.0367337, 35.5167135 ], [ 24.0365099, 35.5171001 ], [ 24.0367062, 35.5171646 ] ] ] } },
{ "type": "Feature", "properties": { "element": "way", "id": 637438187, "amenity": null, "brand": null, "brand:wikidata": null, "name": "Πάρκο Αμπεριάς", "operator": null, "brand:wikipedia": null, "compressed_air": null, "cuisine": null, "addr:street": null, "name:el": null, "tourism": null, "addr:city": null, "addr:housenumber": null, "addr:postcode": null, "contact:facebook": null, "description": null, "email": null, "fax": null, "fuel:diesel": null, "fuel:diesel_B": null, "fuel:e10": null, "fuel:e5": null, "fuel:gasoline": null, "fuel:heating_oil": null, "fuel:octane_95": null, "fuel:unleaded": null, "opening_hours": null, "payment:app": null, "payment:apple_pay": null, "payment:cards": null, "payment:cash": null, "payment:coins": null, "payment:contactless": null, "payment:credit_cards": null, "payment:debit_cards": null, "payment:electronic_purses": null, "payment:google_pay": null, "payment:maestro": null, "payment:mastercard": null, "payment:mastercard_contactless": null, "payment:visa": null, "payment:visa_debit": null, "payment:visa_electron": null, "phone": null, "self_service": null, "start_date": null, "website": null, "wheelchair": null, "name:en": null, "shop": null, "fee": null, "wikidata": null, "wikipedia": null, "int_name": null, "leisure": "park", "healthcare": null, "internet_access": null, "denomination": null, "religion": null, "castle_type": null, "historic": null, "historic:civilization": null, "image": null, "source": null, "theatre:type": null, "natural": null, "ele": null, "male": null, "female": null, "brand:el": null, "brand:en": null, "operator:wikidata": null, "short_name": null, "short_name:el": null, "short_name:en": null, "brewery": null, "outdoor_seating": null, "colour": null, "parcel_locker:type": null, "parcel_mail_in": null, "parcel_pickup": null, "backrest": null, "access": null, "authentication:app": null, "authentication:membership_card": null, "branch": null, "capacity": null, "contact:phone": null, "contact:website": null, "covered": null, "motorcar": null, "parking:fee": null, "ref:EU:EVSE": null, "ref:GR:IDRO": null, "socket:type2": null, "socket:type2:output": null, "lit": null, "socket:type2_combo": null, "socket:type2_combo:output": null, "manufacturer": null, "building": null, "parking": null, "name:de": null, "leaf_type": null, "building:levels": null, "layer": null, "location": null, "intermittent": null, "seasonal": null, "waterway": null, "name:ru": null, "landuse": null, "sport": null, "industrial": null, "education": null, "emergency": null, "operator:type": null, "type": null, "leaf_cycle": null, "label": "leisure:park" }, "geometry": { "type": "Polygon", "coordinates": [ [ [ 24.0377612, 35.5121391 ], [ 24.0388127, 35.5117942 ], [ 24.0389789, 35.5122134 ], [ 24.0392311, 35.5118859 ], [ 24.0395583, 35.5117156 ], [ 24.0395261, 35.5116588 ], [ 24.0392686, 35.5117985 ], [ 24.0391238, 35.5112484 ], [ 24.0385659, 35.5113095 ], [ 24.037552, 35.5116282 ], [ 24.0377612, 35.5121391 ] ] ] } },
{ "type": "Feature", "properties": { "element": "way", "id": 703031358, "amenity": null, "brand": null, "brand:wikidata": null, "name": null, "operator": null, "brand:wikipedia": null, "compressed_air": null, "cuisine": null, "addr:street": null, "name:el": null, "tourism": null, "addr:city": null, "addr:housenumber": null, "addr:postcode": null, "contact:facebook": null, "description": null, "email": null, "fax": null, "fuel:diesel": null, "fuel:diesel_B": null, "fuel:e10": null, "fuel:e5": null, "fuel:gasoline": null, "fuel:heating_oil": null, "fuel:octane_95": null, "fuel:unleaded": null, "opening_hours": null, "payment:app": null, "payment:apple_pay": null, "payment:cards": null, "payment:cash": null, "payment:coins": null, "payment:contactless": null, "payment:credit_cards": null, "payment:debit_cards": null, "payment:electronic_purses": null, "payment:google_pay": null, "payment:maestro": null, "payment:mastercard": null, "payment:mastercard_contactless": null, "payment:visa": null, "payment:visa_debit": null, "payment:visa_electron": null, "phone": null, "self_service": null, "start_date": null, "website": null, "wheelchair": null, "name:en": null, "shop": null, "fee": null, "wikidata": null, "wikipedia": null, "int_name": null, "leisure": "swimming_pool", "healthcare": null, "internet_access": null, "denomination": null, "religion": null, "castle_type": null, "historic": null, "historic:civilization": null, "image": null, "source": null, "theatre:type": null, "natural": null, "ele": null, "male": null, "female": null, "brand:el": null, "brand:en": null, "operator:wikidata": null, "short_name": null, "short_name:el": null, "short_name:en": null, "brewery": null, "outdoor_seating": null, "colour": null, "parcel_locker:type": null, "parcel_mail_in": null, "parcel_pickup": null, "backrest": null, "access": null, "authentication:app": null, "authentication:membership_card": null, "branch": null, "capacity": null, "contact:phone": null, "contact:website": null, "covered": null, "motorcar": null, "parking:fee": null, "ref:EU:EVSE": null, "ref:GR:IDRO": null, "socket:type2": null, "socket:type2:output": null, "lit": null, "socket:type2_combo": null, "socket:type2_combo:output": null, "manufacturer": null, "building": null, "parking": null, "name:de": null, "leaf_type": null, "building:levels": null, "layer": null, "location": null, "intermittent": null, "seasonal": null, "waterway": null, "name:ru": null, "landuse": null, "sport": null, "industrial": null, "education": null, "emergency": null, "operator:type": null, "type": null, "leaf_cycle": null, "label": "leisure:swimming_pool" }, "geometry": { "type": "Polygon", "coordinates": [ [ [ 24.0576256, 35.509146 ], [ 24.0574422, 35.50914 ], [ 24.057436, 35.5091981 ], [ 24.0576232, 35.5092031 ], [ 24.0576256, 35.509146 ] ] ] } },
{ "type": "Feature", "properties": { "element": "way", "id": 703031359, "amenity": null, "brand": null, "brand:wikidata": null, "name": null, "operator": null, "brand:wikipedia": null, "compressed_air": null, "cuisine": null, "addr:street": null, "name:el": null, "tourism": null, "addr:city": null, "addr:housenumber": null, "addr:postcode": null, "contact:facebook": null, "description": null, "email": null, "fax": null, "fuel:diesel": null, "fuel:diesel_B": null, "fuel:e10": null, "fuel:e5": null, "fuel:gasoline": null, "fuel:heating_oil": null, "fuel:octane_95": null, "fuel:unleaded": null, "opening_hours": null, "payment:app": null, "payment:apple_pay": null, "payment:cards": null, "payment:cash": null, "payment:coins": null, "payment:contactless": null, "payment:credit_cards": null, "payment:debit_cards": null, "payment:electronic_purses": null, "payment:google_pay": null, "payment:maestro": null, "payment:mastercard": null, "payment:mastercard_contactless": null, "payment:visa": null, "payment:visa_debit": null, "payment:visa_electron": null, "phone": null, "self_service": null, "start_date": null, "website": null, "wheelchair": null, "name:en": null, "shop": null, "fee": null, "wikidata": null, "wikipedia": null, "int_name": null, "leisure": "swimming_pool", "healthcare": null, "internet_access": null, "denomination": null, "religion": null, "castle_type": null, "historic": null, "historic:civilization": null, "image": null, "source": null, "theatre:type": null, "natural": null, "ele": null, "male": null, "female": null, "brand:el": null, "brand:en": null, "operator:wikidata": null, "short_name": null, "short_name:el": null, "short_name:en": null, "brewery": null, "outdoor_seating": null, "colour": null, "parcel_locker:type": null, "parcel_mail_in": null, "parcel_pickup": null, "backrest": null, "access": null, "authentication:app": null, "authentication:membership_card": null, "branch": null, "capacity": null, "contact:phone": null, "contact:website": null, "covered": null, "motorcar": null, "parking:fee": null, "ref:EU:EVSE": null, "ref:GR:IDRO": null, "socket:type2": null, "socket:type2:output": null, "lit": null, "socket:type2_combo": null, "socket:type2_combo:output": null, "manufacturer": null, "building": null, "parking": null, "name:de": null, "leaf_type": null, "building:levels": null, "layer": null, "location": null, "intermittent": null, "seasonal": null, "waterway": null, "name:ru": null, "landuse": null, "sport": null, "industrial": null, "education": null, "emergency": null, "operator:type": null, "type": null, "leaf_cycle": null, "label": "leisure:swimming_pool" }, "geometry": { "type": "Polygon", "coordinates": [ [ [ 24.0567399, 35.5089072 ], [ 24.0568918, 35.5088493 ], [ 24.0568611, 35.508788 ], [ 24.0567036, 35.5088402 ], [ 24.0567399, 35.5089072 ] ] ] } },
{ "type": "Feature", "properties": { "element": "way", "id": 703031360, "amenity": null, "brand": null, "brand:wikidata": null, "name": null, "operator": null, "brand:wikipedia": null, "compressed_air": null, "cuisine": null, "addr:street": null, "name:el": null, "tourism": null, "addr:city": null, "addr:housenumber": null, "addr:postcode": null, "contact:facebook": null, "description": null, "email": null, "fax": null, "fuel:diesel": null, "fuel:diesel_B": null, "fuel:e10": null, "fuel:e5": null, "fuel:gasoline": null, "fuel:heating_oil": null, "fuel:octane_95": null, "fuel:unleaded": null, "opening_hours": null, "payment:app": null, "payment:apple_pay": null, "payment:cards": null, "payment:cash": null, "payment:coins": null, "payment:contactless": null, "payment:credit_cards": null, "payment:debit_cards": null, "payment:electronic_purses": null, "payment:google_pay": null, "payment:maestro": null, "payment:mastercard": null, "payment:mastercard_contactless": null, "payment:visa": null, "payment:visa_debit": null, "payment:visa_electron": null, "phone": null, "self_service": null, "start_date": null, "website": null, "wheelchair": null, "name:en": null, "shop": null, "fee": null, "wikidata": null, "wikipedia": null, "int_name": null, "leisure": "swimming_pool", "healthcare": null, "internet_access": null, "denomination": null, "religion": null, "castle_type": null, "historic": null, "historic:civilization": null, "image": null, "source": null, "theatre:type": null, "natural": null, "ele": null, "male": null, "female": null, "brand:el": null, "brand:en": null, "operator:wikidata": null, "short_name": null, "short_name:el": null, "short_name:en": null, "brewery": null, "outdoor_seating": null, "colour": null, "parcel_locker:type": null, "parcel_mail_in": null, "parcel_pickup": null, "backrest": null, "access": null, "authentication:app": null, "authentication:membership_card": null, "branch": null, "capacity": null, "contact:phone": null, "contact:website": null, "covered": null, "motorcar": null, "parking:fee": null, "ref:EU:EVSE": null, "ref:GR:IDRO": null, "socket:type2": null, "socket:type2:output": null, "lit": null, "socket:type2_combo": null, "socket:type2_combo:output": null, "manufacturer": null, "building": null, "parking": null, "name:de": null, "leaf_type": null, "building:levels": null, "layer": null, "location": null, "intermittent": null, "seasonal": null, "waterway": null, "name:ru": null, "landuse": null, "sport": null, "industrial": null, "education": null, "emergency": null, "operator:type": null, "type": null, "leaf_cycle": null, "label": "leisure:swimming_pool" }, "geometry": { "type": "Polygon", "coordinates": [ [ [ 24.0567009, 35.509707 ], [ 24.056764, 35.5096749 ], [ 24.0566851, 35.5095503 ], [ 24.0566125, 35.5095772 ], [ 24.0567009, 35.509707 ] ] ] } },
{ "type": "Feature", "properties": { "element": "way", "id": 703031361, "amenity": null, "brand": null, "brand:wikidata": null, "name": null, "operator": null, "brand:wikipedia": null, "compressed_air": null, "cuisine": null, "addr:street": null, "name:el": null, "tourism": null, "addr:city": null, "addr:housenumber": null, "addr:postcode": null, "contact:facebook": null, "description": null, "email": null, "fax": null, "fuel:diesel": null, "fuel:diesel_B": null, "fuel:e10": null, "fuel:e5": null, "fuel:gasoline": null, "fuel:heating_oil": null, "fuel:octane_95": null, "fuel:unleaded": null, "opening_hours": null, "payment:app": null, "payment:apple_pay": null, "payment:cards": null, "payment:cash": null, "payment:coins": null, "payment:contactless": null, "payment:credit_cards": null, "payment:debit_cards": null, "payment:electronic_purses": null, "payment:google_pay": null, "payment:maestro": null, "payment:mastercard": null, "payment:mastercard_contactless": null, "payment:visa": null, "payment:visa_debit": null, "payment:visa_electron": null, "phone": null, "self_service": null, "start_date": null, "website": null, "wheelchair": null, "name:en": null, "shop": null, "fee": null, "wikidata": null, "wikipedia": null, "int_name": null, "leisure": "swimming_pool", "healthcare": null, "internet_access": null, "denomination": null, "religion": null, "castle_type": null, "historic": null, "historic:civilization": null, "image": null, "source": null, "theatre:type": null, "natural": null, "ele": null, "male": null, "female": null, "brand:el": null, "brand:en": null, "operator:wikidata": null, "short_name": null, "short_name:el": null, "short_name:en": null, "brewery": null, "outdoor_seating": null, "colour": null, "parcel_locker:type": null, "parcel_mail_in": null, "parcel_pickup": null, "backrest": null, "access": null, "authentication:app": null, "authentication:membership_card": null, "branch": null, "capacity": null, "contact:phone": null, "contact:website": null, "covered": null, "motorcar": null, "parking:fee": null, "ref:EU:EVSE": null, "ref:GR:IDRO": null, "socket:type2": null, "socket:type2:output": null, "lit": null, "socket:type2_combo": null, "socket:type2_combo:output": null, "manufacturer": null, "building": null, "parking": null, "name:de": null, "leaf_type": null, "building:levels": null, "layer": null, "location": null, "intermittent": null, "seasonal": null, "waterway": null, "name:ru": null, "landuse": null, "sport": null, "industrial": null, "education": null, "emergency": null, "operator:type": null, "type": null, "leaf_cycle": null, "label": "leisure:swimming_pool" }, "geometry": { "type": "Polygon", "coordinates": [ [ [ 24.0580736, 35.5104069 ], [ 24.0581129, 35.5103807 ], [ 24.0580182, 35.5102759 ], [ 24.0579789, 35.5102992 ], [ 24.0580736, 35.5104069 ] ] ] } },
{ "type": "Feature", "properties": { "element": "way", "id": 703031362, "amenity": null, "brand": null, "brand:wikidata": null, "name": null, "operator": null, "brand:wikipedia": null, "compressed_air": null, "cuisine": null, "addr:street": null, "name:el": null, "tourism": null, "addr:city": null, "addr:housenumber": null, "addr:postcode": null, "contact:facebook": null, "description": null, "email": null, "fax": null, "fuel:diesel": null, "fuel:diesel_B": null, "fuel:e10": null, "fuel:e5": null, "fuel:gasoline": null, "fuel:heating_oil": null, "fuel:octane_95": null, "fuel:unleaded": null, "opening_hours": null, "payment:app": null, "payment:apple_pay": null, "payment:cards": null, "payment:cash": null, "payment:coins": null, "payment:contactless": null, "payment:credit_cards": null, "payment:debit_cards": null, "payment:electronic_purses": null, "payment:google_pay": null, "payment:maestro": null, "payment:mastercard": null, "payment:mastercard_contactless": null, "payment:visa": null, "payment:visa_debit": null, "payment:visa_electron": null, "phone": null, "self_service": null, "start_date": null, "website": null, "wheelchair": null, "name:en": null, "shop": null, "fee": null, "wikidata": null, "wikipedia": null, "int_name": null, "leisure": "swimming_pool", "healthcare": null, "internet_access": null, "denomination": null, "religion": null, "castle_type": null, "historic": null, "historic:civilization": null, "image": null, "source": null, "theatre:type": null, "natural": null, "ele": null, "male": null, "female": null, "brand:el": null, "brand:en": null, "operator:wikidata": null, "short_name": null, "short_name:el": null, "short_name:en": null, "brewery": null, "outdoor_seating": null, "colour": null, "parcel_locker:type": null, "parcel_mail_in": null, "parcel_pickup": null, "backrest": null, "access": null, "authentication:app": null, "authentication:membership_card": null, "branch": null, "capacity": null, "contact:phone": null, "contact:website": null, "covered": null, "motorcar": null, "parking:fee": null, "ref:EU:EVSE": null, "ref:GR:IDRO": null, "socket:type2": null, "socket:type2:output": null, "lit": null, "socket:type2_combo": null, "socket:type2_combo:output": null, "manufacturer": null, "building": null, "parking": null, "name:de": null, "leaf_type": null, "building:levels": null, "layer": null, "location": null, "intermittent": null, "seasonal": null, "waterway": null, "name:ru": null, "landuse": null, "sport": null, "industrial": null, "education": null, "emergency": null, "operator:type": null, "type": null, "leaf_cycle": null, "label": "leisure:swimming_pool" }, "geometry": { "type": "Polygon", "coordinates": [ [ [ 24.0573269, 35.5107957 ], [ 24.0574212, 35.5107573 ], [ 24.0574055, 35.5107298 ], [ 24.0574123, 35.5107225 ], [ 24.057416, 35.5107097 ], [ 24.0574093, 35.5107024 ], [ 24.057398, 35.5106994 ], [ 24.057386, 35.5107018 ], [ 24.0573801, 35.5107128 ], [ 24.0573816, 35.5107231 ], [ 24.0573037, 35.5107567 ], [ 24.0573269, 35.5107957 ] ] ] } },
{ "type": "Feature", "properties": { "element": "way", "id": 703031363, "amenity": null, "brand": null, "brand:wikidata": null, "name": null, "operator": null, "brand:wikipedia": null, "compressed_air": null, "cuisine": null, "addr:street": null, "name:el": null, "tourism": null, "addr:city": null, "addr:housenumber": null, "addr:postcode": null, "contact:facebook": null, "description": null, "email": null, "fax": null, "fuel:diesel": null, "fuel:diesel_B": null, "fuel:e10": null, "fuel:e5": null, "fuel:gasoline": null, "fuel:heating_oil": null, "fuel:octane_95": null, "fuel:unleaded": null, "opening_hours": null, "payment:app": null, "payment:apple_pay": null, "payment:cards": null, "payment:cash": null, "payment:coins": null, "payment:contactless": null, "payment:credit_cards": null, "payment:debit_cards": null, "payment:electronic_purses": null, "payment:google_pay": null, "payment:maestro": null, "payment:mastercard": null, "payment:mastercard_contactless": null, "payment:visa": null, "payment:visa_debit": null, "payment:visa_electron": null, "phone": null, "self_service": null, "start_date": null, "website": null, "wheelchair": null, "name:en": null, "shop": null, "fee": null, "wikidata": null, "wikipedia": null, "int_name": null, "leisure": "swimming_pool", "healthcare": null, "internet_access": null, "denomination": null, "religion": null, "castle_type": null, "historic": null, "historic:civilization": null, "image": null, "source": null, "theatre:type": null, "natural": null, "ele": null, "male": null, "female": null, "brand:el": null, "brand:en": null, "operator:wikidata": null, "short_name": null, "short_name:el": null, "short_name:en": null, "brewery": null, "outdoor_seating": null, "colour": null, "parcel_locker:type": null, "parcel_mail_in": null, "parcel_pickup": null, "backrest": null, "access": null, "authentication:app": null, "authentication:membership_card": null, "branch": null, "capacity": null, "contact:phone": null, "contact:website": null, "covered": null, "motorcar": null, "parking:fee": null, "ref:EU:EVSE": null, "ref:GR:IDRO": null, "socket:type2": null, "socket:type2:output": null, "lit": null, "socket:type2_combo": null, "socket:type2_combo:output": null, "manufacturer": null, "building": null, "parking": null, "name:de": null, "leaf_type": null, "building:levels": null, "layer": null, "location": null, "intermittent": null, "seasonal": null, "waterway": null, "name:ru": null, "landuse": null, "sport": null, "industrial": null, "education": null, "emergency": null, "operator:type": null, "type": null, "leaf_cycle": null, "label": "leisure:swimming_pool" }, "geometry": { "type": "Polygon", "coordinates": [ [ [ 24.0573915, 35.5105671 ], [ 24.0574797, 35.5105043 ], [ 24.0574737, 35.5104953 ], [ 24.0574924, 35.5104809 ], [ 24.0574941, 35.5104684 ], [ 24.0574873, 35.5104643 ], [ 24.0574712, 35.5104684 ], [ 24.0574551, 35.5104753 ], [ 24.0574475, 35.5104691 ], [ 24.0573474, 35.510525 ], [ 24.0573915, 35.5105671 ] ] ] } },
{ "type": "Feature", "properties": { "element": "way", "id": 703031863, "amenity": null, "brand": null, "brand:wikidata": null, "name": null, "operator": null, "brand:wikipedia": null, "compressed_air": null, "cuisine": null, "addr:street": null, "name:el": null, "tourism": null, "addr:city": null, "addr:housenumber": null, "addr:postcode": null, "contact:facebook": null, "description": null, "email": null, "fax": null, "fuel:diesel": null, "fuel:diesel_B": null, "fuel:e10": null, "fuel:e5": null, "fuel:gasoline": null, "fuel:heating_oil": null, "fuel:octane_95": null, "fuel:unleaded": null, "opening_hours": null, "payment:app": null, "payment:apple_pay": null, "payment:cards": null, "payment:cash": null, "payment:coins": null, "payment:contactless": null, "payment:credit_cards": null, "payment:debit_cards": null, "payment:electronic_purses": null, "payment:google_pay": null, "payment:maestro": null, "payment:mastercard": null, "payment:mastercard_contactless": null, "payment:visa": null, "payment:visa_debit": null, "payment:visa_electron": null, "phone": null, "self_service": null, "start_date": null, "website": null, "wheelchair": null, "name:en": null, "shop": null, "fee": null, "wikidata": null, "wikipedia": null, "int_name": null, "leisure": "swimming_pool", "healthcare": null, "internet_access": null, "denomination": null, "religion": null, "castle_type": null, "historic": null, "historic:civilization": null, "image": null, "source": null, "theatre:type": null, "natural": null, "ele": null, "male": null, "female": null, "brand:el": null, "brand:en": null, "operator:wikidata": null, "short_name": null, "short_name:el": null, "short_name:en": null, "brewery": null, "outdoor_seating": null, "colour": null, "parcel_locker:type": null, "parcel_mail_in": null, "parcel_pickup": null, "backrest": null, "access": null, "authentication:app": null, "authentication:membership_card": null, "branch": null, "capacity": null, "contact:phone": null, "contact:website": null, "covered": null, "motorcar": null, "parking:fee": null, "ref:EU:EVSE": null, "ref:GR:IDRO": null, "socket:type2": null, "socket:type2:output": null, "lit": null, "socket:type2_combo": null, "socket:type2_combo:output": null, "manufacturer": null, "building": null, "parking": null, "name:de": null, "leaf_type": null, "building:levels": null, "layer": null, "location": null, "intermittent": null, "seasonal": null, "waterway": null, "name:ru": null, "landuse": null, "sport": null, "industrial": null, "education": null, "emergency": null, "operator:type": null, "type": null, "leaf_cycle": null, "label": "leisure:swimming_pool" }, "geometry": { "type": "Polygon", "coordinates": [ [ [ 24.0553813, 35.5080276 ], [ 24.0552668, 35.5080166 ], [ 24.0552644, 35.5080877 ], [ 24.0552951, 35.5080958 ], [ 24.0553308, 35.5080697 ], [ 24.0553813, 35.5080757 ], [ 24.0553813, 35.5080276 ] ] ] } },
{ "type": "Feature", "properties": { "element": "way", "id": 703031864, "amenity": null, "brand": null, "brand:wikidata": null, "name": null, "operator": null, "brand:wikipedia": null, "compressed_air": null, "cuisine": null, "addr:street": null, "name:el": null, "tourism": null, "addr:city": null, "addr:housenumber": null, "addr:postcode": null, "contact:facebook": null, "description": null, "email": null, "fax": null, "fuel:diesel": null, "fuel:diesel_B": null, "fuel:e10": null, "fuel:e5": null, "fuel:gasoline": null, "fuel:heating_oil": null, "fuel:octane_95": null, "fuel:unleaded": null, "opening_hours": null, "payment:app": null, "payment:apple_pay": null, "payment:cards": null, "payment:cash": null, "payment:coins": null, "payment:contactless": null, "payment:credit_cards": null, "payment:debit_cards": null, "payment:electronic_purses": null, "payment:google_pay": null, "payment:maestro": null, "payment:mastercard": null, "payment:mastercard_contactless": null, "payment:visa": null, "payment:visa_debit": null, "payment:visa_electron": null, "phone": null, "self_service": null, "start_date": null, "website": null, "wheelchair": null, "name:en": null, "shop": null, "fee": null, "wikidata": null, "wikipedia": null, "int_name": null, "leisure": "swimming_pool", "healthcare": null, "internet_access": null, "denomination": null, "religion": null, "castle_type": null, "historic": null, "historic:civilization": null, "image": null, "source": null, "theatre:type": null, "natural": null, "ele": null, "male": null, "female": null, "brand:el": null, "brand:en": null, "operator:wikidata": null, "short_name": null, "short_name:el": null, "short_name:en": null, "brewery": null, "outdoor_seating": null, "colour": null, "parcel_locker:type": null, "parcel_mail_in": null, "parcel_pickup": null, "backrest": null, "access": null, "authentication:app": null, "authentication:membership_card": null, "branch": null, "capacity": null, "contact:phone": null, "contact:website": null, "covered": null, "motorcar": null, "parking:fee": null, "ref:EU:EVSE": null, "ref:GR:IDRO": null, "socket:type2": null, "socket:type2:output": null, "lit": null, "socket:type2_combo": null, "socket:type2_combo:output": null, "manufacturer": null, "building": null, "parking": null, "name:de": null, "leaf_type": null, "building:levels": null, "layer": null, "location": null, "intermittent": null, "seasonal": null, "waterway": null, "name:ru": null, "landuse": null, "sport": null, "industrial": null, "education": null, "emergency": null, "operator:type": null, "type": null, "leaf_cycle": null, "label": "leisure:swimming_pool" }, "geometry": { "type": "Polygon", "coordinates": [ [ [ 24.0546769, 35.5074421 ], [ 24.0546347, 35.5074523 ], [ 24.054627, 35.5074624 ], [ 24.0546261, 35.5074757 ], [ 24.0546366, 35.5074867 ], [ 24.0546366, 35.5074992 ], [ 24.0546405, 35.507507 ], [ 24.0546501, 35.5075085 ], [ 24.0546664, 35.5075085 ], [ 24.0546962, 35.5075179 ], [ 24.0547038, 35.507525 ], [ 24.0547115, 35.5075422 ], [ 24.054724, 35.5075508 ], [ 24.0547365, 35.5075508 ], [ 24.0547768, 35.5075343 ], [ 24.0547826, 35.5075273 ], [ 24.0547835, 35.5075156 ], [ 24.0547595, 35.5074726 ], [ 24.054749, 35.507464 ], [ 24.0546769, 35.5074421 ] ] ] } },
{ "type": "Feature", "properties": { "element": "way", "id": 712388572, "amenity": null, "brand": null, "brand:wikidata": null, "name": null, "operator": null, "brand:wikipedia": null, "compressed_air": null, "cuisine": null, "addr:street": null, "name:el": null, "tourism": null, "addr:city": null, "addr:housenumber": null, "addr:postcode": null, "contact:facebook": null, "description": null, "email": null, "fax": null, "fuel:diesel": null, "fuel:diesel_B": null, "fuel:e10": null, "fuel:e5": null, "fuel:gasoline": null, "fuel:heating_oil": null, "fuel:octane_95": null, "fuel:unleaded": null, "opening_hours": null, "payment:app": null, "payment:apple_pay": null, "payment:cards": null, "payment:cash": null, "payment:coins": null, "payment:contactless": null, "payment:credit_cards": null, "payment:debit_cards": null, "payment:electronic_purses": null, "payment:google_pay": null, "payment:maestro": null, "payment:mastercard": null, "payment:mastercard_contactless": null, "payment:visa": null, "payment:visa_debit": null, "payment:visa_electron": null, "phone": null, "self_service": null, "start_date": null, "website": null, "wheelchair": null, "name:en": null, "shop": null, "fee": null, "wikidata": null, "wikipedia": null, "int_name": null, "leisure": "swimming_pool", "healthcare": null, "internet_access": null, "denomination": null, "religion": null, "castle_type": null, "historic": null, "historic:civilization": null, "image": null, "source": null, "theatre:type": null, "natural": null, "ele": null, "male": null, "female": null, "brand:el": null, "brand:en": null, "operator:wikidata": null, "short_name": null, "short_name:el": null, "short_name:en": null, "brewery": null, "outdoor_seating": null, "colour": null, "parcel_locker:type": null, "parcel_mail_in": null, "parcel_pickup": null, "backrest": null, "access": null, "authentication:app": null, "authentication:membership_card": null, "branch": null, "capacity": null, "contact:phone": null, "contact:website": null, "covered": null, "motorcar": null, "parking:fee": null, "ref:EU:EVSE": null, "ref:GR:IDRO": null, "socket:type2": null, "socket:type2:output": null, "lit": null, "socket:type2_combo": null, "socket:type2_combo:output": null, "manufacturer": null, "building": null, "parking": null, "name:de": null, "leaf_type": null, "building:levels": null, "layer": null, "location": null, "intermittent": null, "seasonal": null, "waterway": null, "name:ru": null, "landuse": null, "sport": null, "industrial": null, "education": null, "emergency": null, "operator:type": null, "type": null, "leaf_cycle": null, "label": "leisure:swimming_pool" }, "geometry": { "type": "Polygon", "coordinates": [ [ [ 24.0584635, 35.5182116 ], [ 24.0584574, 35.5182985 ], [ 24.0585161, 35.5182997 ], [ 24.0585146, 35.5182104 ], [ 24.0584635, 35.5182116 ] ] ] } },
{ "type": "Feature", "properties": { "element": "way", "id": 712388573, "amenity": null, "brand": null, "brand:wikidata": null, "name": null, "operator": null, "brand:wikipedia": null, "compressed_air": null, "cuisine": null, "addr:street": null, "name:el": null, "tourism": null, "addr:city": null, "addr:housenumber": null, "addr:postcode": null, "contact:facebook": null, "description": null, "email": null, "fax": null, "fuel:diesel": null, "fuel:diesel_B": null, "fuel:e10": null, "fuel:e5": null, "fuel:gasoline": null, "fuel:heating_oil": null, "fuel:octane_95": null, "fuel:unleaded": null, "opening_hours": null, "payment:app": null, "payment:apple_pay": null, "payment:cards": null, "payment:cash": null, "payment:coins": null, "payment:contactless": null, "payment:credit_cards": null, "payment:debit_cards": null, "payment:electronic_purses": null, "payment:google_pay": null, "payment:maestro": null, "payment:mastercard": null, "payment:mastercard_contactless": null, "payment:visa": null, "payment:visa_debit": null, "payment:visa_electron": null, "phone": null, "self_service": null, "start_date": null, "website": null, "wheelchair": null, "name:en": null, "shop": null, "fee": null, "wikidata": null, "wikipedia": null, "int_name": null, "leisure": "swimming_pool", "healthcare": null, "internet_access": null, "denomination": null, "religion": null, "castle_type": null, "historic": null, "historic:civilization": null, "image": null, "source": null, "theatre:type": null, "natural": null, "ele": null, "male": null, "female": null, "brand:el": null, "brand:en": null, "operator:wikidata": null, "short_name": null, "short_name:el": null, "short_name:en": null, "brewery": null, "outdoor_seating": null, "colour": null, "parcel_locker:type": null, "parcel_mail_in": null, "parcel_pickup": null, "backrest": null, "access": null, "authentication:app": null, "authentication:membership_card": null, "branch": null, "capacity": null, "contact:phone": null, "contact:website": null, "covered": null, "motorcar": null, "parking:fee": null, "ref:EU:EVSE": null, "ref:GR:IDRO": null, "socket:type2": null, "socket:type2:output": null, "lit": null, "socket:type2_combo": null, "socket:type2_combo:output": null, "manufacturer": null, "building": null, "parking": null, "name:de": null, "leaf_type": null, "building:levels": null, "layer": null, "location": null, "intermittent": null, "seasonal": null, "waterway": null, "name:ru": null, "landuse": null, "sport": null, "industrial": null, "education": null, "emergency": null, "operator:type": null, "type": null, "leaf_cycle": null, "label": "leisure:swimming_pool" }, "geometry": { "type": "Polygon", "coordinates": [ [ [ 24.0563897, 35.5173795 ], [ 24.0563864, 35.5173951 ], [ 24.0563889, 35.5174079 ], [ 24.0564013, 35.5174214 ], [ 24.0565035, 35.5174228 ], [ 24.0565035, 35.5174093 ], [ 24.0565168, 35.5174072 ], [ 24.0565168, 35.5173782 ], [ 24.0565052, 35.5173768 ], [ 24.0565052, 35.517368 ], [ 24.0564047, 35.5173674 ], [ 24.0563897, 35.5173795 ] ] ] } },
{ "type": "Feature", "properties": { "element": "way", "id": 712388574, "amenity": null, "brand": null, "brand:wikidata": null, "name": null, "operator": null, "brand:wikipedia": null, "compressed_air": null, "cuisine": null, "addr:street": null, "name:el": null, "tourism": null, "addr:city": null, "addr:housenumber": null, "addr:postcode": null, "contact:facebook": null, "description": null, "email": null, "fax": null, "fuel:diesel": null, "fuel:diesel_B": null, "fuel:e10": null, "fuel:e5": null, "fuel:gasoline": null, "fuel:heating_oil": null, "fuel:octane_95": null, "fuel:unleaded": null, "opening_hours": null, "payment:app": null, "payment:apple_pay": null, "payment:cards": null, "payment:cash": null, "payment:coins": null, "payment:contactless": null, "payment:credit_cards": null, "payment:debit_cards": null, "payment:electronic_purses": null, "payment:google_pay": null, "payment:maestro": null, "payment:mastercard": null, "payment:mastercard_contactless": null, "payment:visa": null, "payment:visa_debit": null, "payment:visa_electron": null, "phone": null, "self_service": null, "start_date": null, "website": null, "wheelchair": null, "name:en": null, "shop": null, "fee": null, "wikidata": null, "wikipedia": null, "int_name": null, "leisure": "swimming_pool", "healthcare": null, "internet_access": null, "denomination": null, "religion": null, "castle_type": null, "historic": null, "historic:civilization": null, "image": null, "source": null, "theatre:type": null, "natural": null, "ele": null, "male": null, "female": null, "brand:el": null, "brand:en": null, "operator:wikidata": null, "short_name": null, "short_name:el": null, "short_name:en": null, "brewery": null, "outdoor_seating": null, "colour": null, "parcel_locker:type": null, "parcel_mail_in": null, "parcel_pickup": null, "backrest": null, "access": null, "authentication:app": null, "authentication:membership_card": null, "branch": null, "capacity": null, "contact:phone": null, "contact:website": null, "covered": null, "motorcar": null, "parking:fee": null, "ref:EU:EVSE": null, "ref:GR:IDRO": null, "socket:type2": null, "socket:type2:output": null, "lit": null, "socket:type2_combo": null, "socket:type2_combo:output": null, "manufacturer": null, "building": null, "parking": null, "name:de": null, "leaf_type": null, "building:levels": null, "layer": null, "location": null, "intermittent": null, "seasonal": null, "waterway": null, "name:ru": null, "landuse": null, "sport": null, "industrial": null, "education": null, "emergency": null, "operator:type": null, "type": null, "leaf_cycle": null, "label": "leisure:swimming_pool" }, "geometry": { "type": "Polygon", "coordinates": [ [ [ 24.053946, 35.5171601 ], [ 24.0539396, 35.5172312 ], [ 24.0539172, 35.5172312 ], [ 24.0539055, 35.5172399 ], [ 24.0538874, 35.5172616 ], [ 24.053897, 35.5172694 ], [ 24.0539247, 35.5172676 ], [ 24.0539481, 35.5172659 ], [ 24.0539619, 35.517278 ], [ 24.0539715, 35.5172841 ], [ 24.0540014, 35.5172772 ], [ 24.0540227, 35.5172676 ], [ 24.0540237, 35.5172269 ], [ 24.0539992, 35.51722 ], [ 24.0539982, 35.5171627 ], [ 24.053946, 35.5171601 ] ] ] } },
{ "type": "Feature", "properties": { "element": "way", "id": 712721525, "amenity": null, "brand": null, "brand:wikidata": null, "name": null, "operator": null, "brand:wikipedia": null, "compressed_air": null, "cuisine": null, "addr:street": null, "name:el": null, "tourism": null, "addr:city": null, "addr:housenumber": null, "addr:postcode": null, "contact:facebook": null, "description": null, "email": null, "fax": null, "fuel:diesel": null, "fuel:diesel_B": null, "fuel:e10": null, "fuel:e5": null, "fuel:gasoline": null, "fuel:heating_oil": null, "fuel:octane_95": null, "fuel:unleaded": null, "opening_hours": null, "payment:app": null, "payment:apple_pay": null, "payment:cards": null, "payment:cash": null, "payment:coins": null, "payment:contactless": null, "payment:credit_cards": null, "payment:debit_cards": null, "payment:electronic_purses": null, "payment:google_pay": null, "payment:maestro": null, "payment:mastercard": null, "payment:mastercard_contactless": null, "payment:visa": null, "payment:visa_debit": null, "payment:visa_electron": null, "phone": null, "self_service": null, "start_date": null, "website": null, "wheelchair": null, "name:en": null, "shop": null, "fee": null, "wikidata": null, "wikipedia": null, "int_name": null, "leisure": "swimming_pool", "healthcare": null, "internet_access": null, "denomination": null, "religion": null, "castle_type": null, "historic": null, "historic:civilization": null, "image": null, "source": null, "theatre:type": null, "natural": null, "ele": null, "male": null, "female": null, "brand:el": null, "brand:en": null, "operator:wikidata": null, "short_name": null, "short_name:el": null, "short_name:en": null, "brewery": null, "outdoor_seating": null, "colour": null, "parcel_locker:type": null, "parcel_mail_in": null, "parcel_pickup": null, "backrest": null, "access": null, "authentication:app": null, "authentication:membership_card": null, "branch": null, "capacity": null, "contact:phone": null, "contact:website": null, "covered": null, "motorcar": null, "parking:fee": null, "ref:EU:EVSE": null, "ref:GR:IDRO": null, "socket:type2": null, "socket:type2:output": null, "lit": null, "socket:type2_combo": null, "socket:type2_combo:output": null, "manufacturer": null, "building": null, "parking": null, "name:de": null, "leaf_type": null, "building:levels": null, "layer": null, "location": null, "intermittent": null, "seasonal": null, "waterway": null, "name:ru": null, "landuse": null, "sport": null, "industrial": null, "education": null, "emergency": null, "operator:type": null, "type": null, "leaf_cycle": null, "label": "leisure:swimming_pool" }, "geometry": { "type": "Polygon", "coordinates": [ [ [ 24.0586485, 35.5144874 ], [ 24.0586825, 35.5144336 ], [ 24.0585663, 35.514387 ], [ 24.0585342, 35.514435 ], [ 24.0586485, 35.5144874 ] ] ] } },
{ "type": "Feature", "properties": { "element": "way", "id": 712721526, "amenity": null, "brand": null, "brand:wikidata": null, "name": null, "operator": null, "brand:wikipedia": null, "compressed_air": null, "cuisine": null, "addr:street": null, "name:el": null, "tourism": null, "addr:city": null, "addr:housenumber": null, "addr:postcode": null, "contact:facebook": null, "description": null, "email": null, "fax": null, "fuel:diesel": null, "fuel:diesel_B": null, "fuel:e10": null, "fuel:e5": null, "fuel:gasoline": null, "fuel:heating_oil": null, "fuel:octane_95": null, "fuel:unleaded": null, "opening_hours": null, "payment:app": null, "payment:apple_pay": null, "payment:cards": null, "payment:cash": null, "payment:coins": null, "payment:contactless": null, "payment:credit_cards": null, "payment:debit_cards": null, "payment:electronic_purses": null, "payment:google_pay": null, "payment:maestro": null, "payment:mastercard": null, "payment:mastercard_contactless": null, "payment:visa": null, "payment:visa_debit": null, "payment:visa_electron": null, "phone": null, "self_service": null, "start_date": null, "website": null, "wheelchair": null, "name:en": null, "shop": null, "fee": null, "wikidata": null, "wikipedia": null, "int_name": null, "leisure": "swimming_pool", "healthcare": null, "internet_access": null, "denomination": null, "religion": null, "castle_type": null, "historic": null, "historic:civilization": null, "image": null, "source": null, "theatre:type": null, "natural": null, "ele": null, "male": null, "female": null, "brand:el": null, "brand:en": null, "operator:wikidata": null, "short_name": null, "short_name:el": null, "short_name:en": null, "brewery": null, "outdoor_seating": null, "colour": null, "parcel_locker:type": null, "parcel_mail_in": null, "parcel_pickup": null, "backrest": null, "access": null, "authentication:app": null, "authentication:membership_card": null, "branch": null, "capacity": null, "contact:phone": null, "contact:website": null, "covered": null, "motorcar": null, "parking:fee": null, "ref:EU:EVSE": null, "ref:GR:IDRO": null, "socket:type2": null, "socket:type2:output": null, "lit": null, "socket:type2_combo": null, "socket:type2_combo:output": null, "manufacturer": null, "building": null, "parking": null, "name:de": null, "leaf_type": null, "building:levels": null, "layer": null, "location": null, "intermittent": null, "seasonal": null, "waterway": null, "name:ru": null, "landuse": null, "sport": null, "industrial": null, "education": null, "emergency": null, "operator:type": null, "type": null, "leaf_cycle": null, "label": "leisure:swimming_pool" }, "geometry": { "type": "Polygon", "coordinates": [ [ [ 24.0529661, 35.5155286 ], [ 24.0529503, 35.5155196 ], [ 24.0529282, 35.515517 ], [ 24.0529172, 35.5155286 ], [ 24.0529093, 35.5155453 ], [ 24.0529204, 35.5155633 ], [ 24.0529456, 35.5155684 ], [ 24.0529535, 35.515598 ], [ 24.0531098, 35.5155671 ], [ 24.053094, 35.5155222 ], [ 24.0531082, 35.5155145 ], [ 24.0530972, 35.5155003 ], [ 24.0530719, 35.5155016 ], [ 24.0530672, 35.5155119 ], [ 24.0529661, 35.5155286 ] ] ] } },
{ "type": "Feature", "properties": { "element": "way", "id": 712721527, "amenity": null, "brand": null, "brand:wikidata": null, "name": null, "operator": null, "brand:wikipedia": null, "compressed_air": null, "cuisine": null, "addr:street": null, "name:el": null, "tourism": null, "addr:city": null, "addr:housenumber": null, "addr:postcode": null, "contact:facebook": null, "description": null, "email": null, "fax": null, "fuel:diesel": null, "fuel:diesel_B": null, "fuel:e10": null, "fuel:e5": null, "fuel:gasoline": null, "fuel:heating_oil": null, "fuel:octane_95": null, "fuel:unleaded": null, "opening_hours": null, "payment:app": null, "payment:apple_pay": null, "payment:cards": null, "payment:cash": null, "payment:coins": null, "payment:contactless": null, "payment:credit_cards": null, "payment:debit_cards": null, "payment:electronic_purses": null, "payment:google_pay": null, "payment:maestro": null, "payment:mastercard": null, "payment:mastercard_contactless": null, "payment:visa": null, "payment:visa_debit": null, "payment:visa_electron": null, "phone": null, "self_service": null, "start_date": null, "website": null, "wheelchair": null, "name:en": null, "shop": null, "fee": null, "wikidata": null, "wikipedia": null, "int_name": null, "leisure": "swimming_pool", "healthcare": null, "internet_access": null, "denomination": null, "religion": null, "castle_type": null, "historic": null, "historic:civilization": null, "image": null, "source": null, "theatre:type": null, "natural": null, "ele": null, "male": null, "female": null, "brand:el": null, "brand:en": null, "operator:wikidata": null, "short_name": null, "short_name:el": null, "short_name:en": null, "brewery": null, "outdoor_seating": null, "colour": null, "parcel_locker:type": null, "parcel_mail_in": null, "parcel_pickup": null, "backrest": null, "access": null, "authentication:app": null, "authentication:membership_card": null, "branch": null, "capacity": null, "contact:phone": null, "contact:website": null, "covered": null, "motorcar": null, "parking:fee": null, "ref:EU:EVSE": null, "ref:GR:IDRO": null, "socket:type2": null, "socket:type2:output": null, "lit": null, "socket:type2_combo": null, "socket:type2_combo:output": null, "manufacturer": null, "building": null, "parking": null, "name:de": null, "leaf_type": null, "building:levels": null, "layer": null, "location": null, "intermittent": null, "seasonal": null, "waterway": null, "name:ru": null, "landuse": null, "sport": null, "industrial": null, "education": null, "emergency": null, "operator:type": null, "type": null, "leaf_cycle": null, "label": "leisure:swimming_pool" }, "geometry": { "type": "Polygon", "coordinates": [ [ [ 24.0434309, 35.5143651 ], [ 24.0434243, 35.5143501 ], [ 24.0434113, 35.5143395 ], [ 24.0433939, 35.5143359 ], [ 24.043371, 35.5143421 ], [ 24.0433526, 35.5143554 ], [ 24.0433471, 35.5143775 ], [ 24.043345, 35.5144032 ], [ 24.0433526, 35.51442 ], [ 24.0433667, 35.5144448 ], [ 24.0433808, 35.5144563 ], [ 24.0433928, 35.5144572 ], [ 24.043408, 35.5144528 ], [ 24.0434243, 35.514443 ], [ 24.0434265, 35.5144351 ], [ 24.0434124, 35.5144315 ], [ 24.0433971, 35.5144235 ], [ 24.0433917, 35.514412 ], [ 24.0433906, 35.5144023 ], [ 24.0433961, 35.514389 ], [ 24.043433, 35.5143864 ], [ 24.0434309, 35.5143651 ] ] ] } },
{ "type": "Feature", "properties": { "element": "way", "id": 737390308, "amenity": "school", "brand": null, "brand:wikidata": null, "name": null, "operator": null, "brand:wikipedia": null, "compressed_air": null, "cuisine": null, "addr:street": null, "name:el": null, "tourism": null, "addr:city": null, "addr:housenumber": null, "addr:postcode": null, "contact:facebook": null, "description": null, "email": null, "fax": null, "fuel:diesel": null, "fuel:diesel_B": null, "fuel:e10": null, "fuel:e5": null, "fuel:gasoline": null, "fuel:heating_oil": null, "fuel:octane_95": null, "fuel:unleaded": null, "opening_hours": null, "payment:app": null, "payment:apple_pay": null, "payment:cards": null, "payment:cash": null, "payment:coins": null, "payment:contactless": null, "payment:credit_cards": null, "payment:debit_cards": null, "payment:electronic_purses": null, "payment:google_pay": null, "payment:maestro": null, "payment:mastercard": null, "payment:mastercard_contactless": null, "payment:visa": null, "payment:visa_debit": null, "payment:visa_electron": null, "phone": null, "self_service": null, "start_date": null, "website": null, "wheelchair": null, "name:en": null, "shop": null, "fee": null, "wikidata": null, "wikipedia": null, "int_name": null, "leisure": null, "healthcare": null, "internet_access": null, "denomination": null, "religion": null, "castle_type": null, "historic": null, "historic:civilization": null, "image": null, "source": null, "theatre:type": null, "natural": null, "ele": null, "male": null, "female": null, "brand:el": null, "brand:en": null, "operator:wikidata": null, "short_name": null, "short_name:el": null, "short_name:en": null, "brewery": null, "outdoor_seating": null, "colour": null, "parcel_locker:type": null, "parcel_mail_in": null, "parcel_pickup": null, "backrest": null, "access": null, "authentication:app": null, "authentication:membership_card": null, "branch": null, "capacity": null, "contact:phone": null, "contact:website": null, "covered": null, "motorcar": null, "parking:fee": null, "ref:EU:EVSE": null, "ref:GR:IDRO": null, "socket:type2": null, "socket:type2:output": null, "lit": null, "socket:type2_combo": null, "socket:type2_combo:output": null, "manufacturer": null, "building": null, "parking": null, "name:de": null, "leaf_type": null, "building:levels": null, "layer": null, "location": null, "intermittent": null, "seasonal": null, "waterway": null, "name:ru": null, "landuse": null, "sport": null, "industrial": null, "education": null, "emergency": null, "operator:type": null, "type": null, "leaf_cycle": null, "label": "amenity:school" }, "geometry": { "type": "Polygon", "coordinates": [ [ [ 24.0424254, 35.5186652 ], [ 24.0424226, 35.5186776 ], [ 24.0425971, 35.518699 ], [ 24.0425985, 35.5186877 ], [ 24.0427051, 35.5186979 ], [ 24.0427134, 35.5186314 ], [ 24.0426192, 35.5186179 ], [ 24.0426192, 35.5186021 ], [ 24.0424351, 35.5185863 ], [ 24.0424337, 35.5185987 ], [ 24.0423354, 35.5185875 ], [ 24.0423271, 35.5186562 ], [ 24.0424254, 35.5186652 ] ] ] } },
{ "type": "Feature", "properties": { "element": "way", "id": 737390309, "amenity": "school", "brand": null, "brand:wikidata": null, "name": null, "operator": null, "brand:wikipedia": null, "compressed_air": null, "cuisine": null, "addr:street": null, "name:el": null, "tourism": null, "addr:city": null, "addr:housenumber": null, "addr:postcode": null, "contact:facebook": null, "description": null, "email": null, "fax": null, "fuel:diesel": null, "fuel:diesel_B": null, "fuel:e10": null, "fuel:e5": null, "fuel:gasoline": null, "fuel:heating_oil": null, "fuel:octane_95": null, "fuel:unleaded": null, "opening_hours": null, "payment:app": null, "payment:apple_pay": null, "payment:cards": null, "payment:cash": null, "payment:coins": null, "payment:contactless": null, "payment:credit_cards": null, "payment:debit_cards": null, "payment:electronic_purses": null, "payment:google_pay": null, "payment:maestro": null, "payment:mastercard": null, "payment:mastercard_contactless": null, "payment:visa": null, "payment:visa_debit": null, "payment:visa_electron": null, "phone": null, "self_service": null, "start_date": null, "website": null, "wheelchair": null, "name:en": null, "shop": null, "fee": null, "wikidata": null, "wikipedia": null, "int_name": null, "leisure": null, "healthcare": null, "internet_access": null, "denomination": null, "religion": null, "castle_type": null, "historic": null, "historic:civilization": null, "image": null, "source": null, "theatre:type": null, "natural": null, "ele": null, "male": null, "female": null, "brand:el": null, "brand:en": null, "operator:wikidata": null, "short_name": null, "short_name:el": null, "short_name:en": null, "brewery": null, "outdoor_seating": null, "colour": null, "parcel_locker:type": null, "parcel_mail_in": null, "parcel_pickup": null, "backrest": null, "access": null, "authentication:app": null, "authentication:membership_card": null, "branch": null, "capacity": null, "contact:phone": null, "contact:website": null, "covered": null, "motorcar": null, "parking:fee": null, "ref:EU:EVSE": null, "ref:GR:IDRO": null, "socket:type2": null, "socket:type2:output": null, "lit": null, "socket:type2_combo": null, "socket:type2_combo:output": null, "manufacturer": null, "building": null, "parking": null, "name:de": null, "leaf_type": null, "building:levels": null, "layer": null, "location": null, "intermittent": null, "seasonal": null, "waterway": null, "name:ru": null, "landuse": null, "sport": null, "industrial": null, "education": null, "emergency": null, "operator:type": null, "type": null, "leaf_cycle": null, "label": "amenity:school" }, "geometry": { "type": "Polygon", "coordinates": [ [ [ 24.0431461, 35.5188635 ], [ 24.043171, 35.5186494 ], [ 24.0430602, 35.5186472 ], [ 24.0430422, 35.5187576 ], [ 24.0427764, 35.5187441 ], [ 24.0427639, 35.5188444 ], [ 24.0431461, 35.5188635 ] ] ] } },
{ "type": "Feature", "properties": { "element": "way", "id": 737390310, "amenity": "library", "brand": null, "brand:wikidata": null, "name": "H.M.U Library", "operator": null, "brand:wikipedia": null, "compressed_air": null, "cuisine": null, "addr:street": null, "name:el": null, "tourism": null, "addr:city": null, "addr:housenumber": null, "addr:postcode": null, "contact:facebook": null, "description": null, "email": null, "fax": null, "fuel:diesel": null, "fuel:diesel_B": null, "fuel:e10": null, "fuel:e5": null, "fuel:gasoline": null, "fuel:heating_oil": null, "fuel:octane_95": null, "fuel:unleaded": null, "opening_hours": null, "payment:app": null, "payment:apple_pay": null, "payment:cards": null, "payment:cash": null, "payment:coins": null, "payment:contactless": null, "payment:credit_cards": null, "payment:debit_cards": null, "payment:electronic_purses": null, "payment:google_pay": null, "payment:maestro": null, "payment:mastercard": null, "payment:mastercard_contactless": null, "payment:visa": null, "payment:visa_debit": null, "payment:visa_electron": null, "phone": null, "self_service": null, "start_date": null, "website": null, "wheelchair": null, "name:en": null, "shop": null, "fee": null, "wikidata": null, "wikipedia": null, "int_name": null, "leisure": null, "healthcare": null, "internet_access": null, "denomination": null, "religion": null, "castle_type": null, "historic": null, "historic:civilization": null, "image": null, "source": null, "theatre:type": null, "natural": null, "ele": null, "male": null, "female": null, "brand:el": null, "brand:en": null, "operator:wikidata": null, "short_name": null, "short_name:el": null, "short_name:en": null, "brewery": null, "outdoor_seating": null, "colour": null, "parcel_locker:type": null, "parcel_mail_in": null, "parcel_pickup": null, "backrest": null, "access": null, "authentication:app": null, "authentication:membership_card": null, "branch": null, "capacity": null, "contact:phone": null, "contact:website": null, "covered": null, "motorcar": null, "parking:fee": null, "ref:EU:EVSE": null, "ref:GR:IDRO": null, "socket:type2": null, "socket:type2:output": null, "lit": null, "socket:type2_combo": null, "socket:type2_combo:output": null, "manufacturer": null, "building": "yes", "parking": null, "name:de": null, "leaf_type": null, "building:levels": null, "layer": null, "location": null, "intermittent": null, "seasonal": null, "waterway": null, "name:ru": null, "landuse": null, "sport": null, "industrial": null, "education": null, "emergency": null, "operator:type": null, "type": null, "leaf_cycle": null, "label": "building:yes;amenity:library" }, "geometry": { "type": "Polygon", "coordinates": [ [ [ 24.0426767, 35.5192726 ], [ 24.0426744, 35.5192945 ], [ 24.0428048, 35.5193068 ], [ 24.0428104, 35.5192536 ], [ 24.0426447, 35.5192389 ], [ 24.0426408, 35.5192701 ], [ 24.0426767, 35.5192726 ] ] ] } },
{ "type": "Feature", "properties": { "element": "way", "id": 737390311, "amenity": null, "brand": null, "brand:wikidata": null, "name": null, "operator": null, "brand:wikipedia": null, "compressed_air": null, "cuisine": null, "addr:street": null, "name:el": null, "tourism": null, "addr:city": null, "addr:housenumber": null, "addr:postcode": null, "contact:facebook": null, "description": null, "email": null, "fax": null, "fuel:diesel": null, "fuel:diesel_B": null, "fuel:e10": null, "fuel:e5": null, "fuel:gasoline": null, "fuel:heating_oil": null, "fuel:octane_95": null, "fuel:unleaded": null, "opening_hours": null, "payment:app": null, "payment:apple_pay": null, "payment:cards": null, "payment:cash": null, "payment:coins": null, "payment:contactless": null, "payment:credit_cards": null, "payment:debit_cards": null, "payment:electronic_purses": null, "payment:google_pay": null, "payment:maestro": null, "payment:mastercard": null, "payment:mastercard_contactless": null, "payment:visa": null, "payment:visa_debit": null, "payment:visa_electron": null, "phone": null, "self_service": null, "start_date": null, "website": null, "wheelchair": null, "name:en": null, "shop": null, "fee": null, "wikidata": null, "wikipedia": null, "int_name": null, "leisure": null, "healthcare": null, "internet_access": null, "denomination": null, "religion": null, "castle_type": null, "historic": null, "historic:civilization": null, "image": null, "source": null, "theatre:type": null, "natural": null, "ele": null, "male": null, "female": null, "brand:el": null, "brand:en": null, "operator:wikidata": null, "short_name": null, "short_name:el": null, "short_name:en": null, "brewery": null, "outdoor_seating": null, "colour": null, "parcel_locker:type": null, "parcel_mail_in": null, "parcel_pickup": null, "backrest": null, "access": null, "authentication:app": null, "authentication:membership_card": null, "branch": null, "capacity": null, "contact:phone": null, "contact:website": null, "covered": null, "motorcar": null, "parking:fee": null, "ref:EU:EVSE": null, "ref:GR:IDRO": null, "socket:type2": null, "socket:type2:output": null, "lit": null, "socket:type2_combo": null, "socket:type2_combo:output": null, "manufacturer": null, "building": "university", "parking": null, "name:de": null, "leaf_type": null, "building:levels": null, "layer": "-1", "location": "surface", "intermittent": null, "seasonal": null, "waterway": null, "name:ru": null, "landuse": null, "sport": null, "industrial": null, "education": null, "emergency": null, "operator:type": null, "type": null, "leaf_cycle": null, "label": "building:university" }, "geometry": { "type": "Polygon", "coordinates": [ [ [ 24.0431632, 35.5191508 ], [ 24.0425253, 35.5191054 ], [ 24.0425491, 35.5188838 ], [ 24.0423985, 35.5188731 ], [ 24.0423743, 35.5190986 ], [ 24.0422355, 35.5190887 ], [ 24.0422206, 35.5192272 ], [ 24.0424406, 35.5192429 ], [ 24.0424434, 35.5192172 ], [ 24.0428677, 35.5192475 ], [ 24.042836841661625, 35.519534523691348 ], [ 24.043121937661638, 35.519534523691348 ], [ 24.0431632, 35.5191508 ] ] ] } },
{ "type": "Feature", "properties": { "element": "way", "id": 737390312, "amenity": "theatre", "brand": null, "brand:wikidata": null, "name": null, "operator": null, "brand:wikipedia": null, "compressed_air": null, "cuisine": null, "addr:street": null, "name:el": null, "tourism": null, "addr:city": null, "addr:housenumber": null, "addr:postcode": null, "contact:facebook": null, "description": null, "email": null, "fax": null, "fuel:diesel": null, "fuel:diesel_B": null, "fuel:e10": null, "fuel:e5": null, "fuel:gasoline": null, "fuel:heating_oil": null, "fuel:octane_95": null, "fuel:unleaded": null, "opening_hours": null, "payment:app": null, "payment:apple_pay": null, "payment:cards": null, "payment:cash": null, "payment:coins": null, "payment:contactless": null, "payment:credit_cards": null, "payment:debit_cards": null, "payment:electronic_purses": null, "payment:google_pay": null, "payment:maestro": null, "payment:mastercard": null, "payment:mastercard_contactless": null, "payment:visa": null, "payment:visa_debit": null, "payment:visa_electron": null, "phone": null, "self_service": null, "start_date": null, "website": null, "wheelchair": null, "name:en": null, "shop": null, "fee": null, "wikidata": null, "wikipedia": null, "int_name": null, "leisure": null, "healthcare": null, "internet_access": null, "denomination": null, "religion": null, "castle_type": null, "historic": null, "historic:civilization": null, "image": null, "source": null, "theatre:type": "amphi", "natural": null, "ele": null, "male": null, "female": null, "brand:el": null, "brand:en": null, "operator:wikidata": null, "short_name": null, "short_name:el": null, "short_name:en": null, "brewery": null, "outdoor_seating": null, "colour": null, "parcel_locker:type": null, "parcel_mail_in": null, "parcel_pickup": null, "backrest": null, "access": null, "authentication:app": null, "authentication:membership_card": null, "branch": null, "capacity": null, "contact:phone": null, "contact:website": null, "covered": null, "motorcar": null, "parking:fee": null, "ref:EU:EVSE": null, "ref:GR:IDRO": null, "socket:type2": null, "socket:type2:output": null, "lit": null, "socket:type2_combo": null, "socket:type2_combo:output": null, "manufacturer": null, "building": null, "parking": null, "name:de": null, "leaf_type": null, "building:levels": null, "layer": null, "location": null, "intermittent": null, "seasonal": null, "waterway": null, "name:ru": null, "landuse": null, "sport": null, "industrial": null, "education": null, "emergency": null, "operator:type": null, "type": null, "leaf_cycle": null, "label": "amenity:theatre" }, "geometry": { "type": "Polygon", "coordinates": [ [ [ 24.042728, 35.5189799 ], [ 24.0427304, 35.5190113 ], [ 24.0427594, 35.5190349 ], [ 24.0427956, 35.5190585 ], [ 24.0428511, 35.5190624 ], [ 24.0428994, 35.5190663 ], [ 24.0429405, 35.5190526 ], [ 24.0429815, 35.519029 ], [ 24.0430129, 35.5190015 ], [ 24.0430225, 35.5189701 ], [ 24.0429984, 35.5189602 ], [ 24.0429646, 35.5188836 ], [ 24.0428029, 35.5188797 ], [ 24.0427908, 35.5188993 ], [ 24.0427691, 35.5188915 ], [ 24.042728, 35.5189504 ], [ 24.042728, 35.5189799 ] ] ] } },
{ "type": "Feature", "properties": { "element": "way", "id": 797528776, "amenity": null, "brand": "ΑΒ Βασιλόπουλος", "brand:wikidata": "Q4721807", "name": "ΑΒ Βασιλόπουλος", "operator": null, "brand:wikipedia": "el:Άλφα Βήτα Βασιλόπουλος", "compressed_air": null, "cuisine": null, "addr:street": "Δεληγιαννάκη", "name:el": "ΑΒ Βασιλόπουλος", "tourism": null, "addr:city": "ΧΑΝΙΑ", "addr:housenumber": "112 Α", "addr:postcode": "73134", "contact:facebook": null, "description": null, "email": null, "fax": null, "fuel:diesel": null, "fuel:diesel_B": null, "fuel:e10": null, "fuel:e5": null, "fuel:gasoline": null, "fuel:heating_oil": null, "fuel:octane_95": null, "fuel:unleaded": null, "opening_hours": "Mo-Fr 08:00-21:00; Sa 08:00-20:00", "payment:app": null, "payment:apple_pay": null, "payment:cards": null, "payment:cash": null, "payment:coins": null, "payment:contactless": null, "payment:credit_cards": null, "payment:debit_cards": null, "payment:electronic_purses": null, "payment:google_pay": null, "payment:maestro": null, "payment:mastercard": null, "payment:mastercard_contactless": null, "payment:visa": null, "payment:visa_debit": null, "payment:visa_electron": null, "phone": "+302821083005 +302821083390", "self_service": null, "start_date": null, "website": null, "wheelchair": null, "name:en": "AB Vassilopoulos", "shop": "supermarket", "fee": null, "wikidata": null, "wikipedia": null, "int_name": null, "leisure": null, "healthcare": null, "internet_access": null, "denomination": null, "religion": null, "castle_type": null, "historic": null, "historic:civilization": null, "image": null, "source": null, "theatre:type": null, "natural": null, "ele": null, "male": null, "female": null, "brand:el": "ΑΒ Βασιλόπουλος", "brand:en": "AB Vassilopoulos", "operator:wikidata": null, "short_name": null, "short_name:el": null, "short_name:en": null, "brewery": null, "outdoor_seating": null, "colour": null, "parcel_locker:type": null, "parcel_mail_in": null, "parcel_pickup": null, "backrest": null, "access": null, "authentication:app": null, "authentication:membership_card": null, "branch": "ΧΑΝΙΑ 1", "capacity": null, "contact:phone": null, "contact:website": null, "covered": null, "motorcar": null, "parking:fee": null, "ref:EU:EVSE": null, "ref:GR:IDRO": null, "socket:type2": null, "socket:type2:output": null, "lit": null, "socket:type2_combo": null, "socket:type2_combo:output": null, "manufacturer": null, "building": "yes", "parking": null, "name:de": null, "leaf_type": null, "building:levels": null, "layer": null, "location": null, "intermittent": null, "seasonal": null, "waterway": null, "name:ru": null, "landuse": null, "sport": null, "industrial": null, "education": null, "emergency": null, "operator:type": null, "type": null, "leaf_cycle": null, "label": "shop:supermarket;building:yes" }, "geometry": { "type": "Polygon", "coordinates": [ [ [ 24.0434344, 35.4997843 ], [ 24.0430106, 35.4995201 ], [ 24.0428303, 35.4997118 ], [ 24.043254, 35.4999761 ], [ 24.0434344, 35.4997843 ] ] ] } },
{ "type": "Feature", "properties": { "element": "way", "id": 907479732, "amenity": null, "brand": null, "brand:wikidata": null, "name": null, "operator": null, "brand:wikipedia": null, "compressed_air": null, "cuisine": null, "addr:street": null, "name:el": null, "tourism": null, "addr:city": null, "addr:housenumber": null, "addr:postcode": null, "contact:facebook": null, "description": null, "email": null, "fax": null, "fuel:diesel": null, "fuel:diesel_B": null, "fuel:e10": null, "fuel:e5": null, "fuel:gasoline": null, "fuel:heating_oil": null, "fuel:octane_95": null, "fuel:unleaded": null, "opening_hours": null, "payment:app": null, "payment:apple_pay": null, "payment:cards": null, "payment:cash": null, "payment:coins": null, "payment:contactless": null, "payment:credit_cards": null, "payment:debit_cards": null, "payment:electronic_purses": null, "payment:google_pay": null, "payment:maestro": null, "payment:mastercard": null, "payment:mastercard_contactless": null, "payment:visa": null, "payment:visa_debit": null, "payment:visa_electron": null, "phone": null, "self_service": null, "start_date": null, "website": null, "wheelchair": null, "name:en": null, "shop": null, "fee": null, "wikidata": null, "wikipedia": null, "int_name": null, "leisure": null, "healthcare": null, "internet_access": null, "denomination": null, "religion": null, "castle_type": null, "historic": null, "historic:civilization": null, "image": null, "source": null, "theatre:type": null, "natural": null, "ele": null, "male": null, "female": null, "brand:el": null, "brand:en": null, "operator:wikidata": null, "short_name": null, "short_name:el": null, "short_name:en": null, "brewery": null, "outdoor_seating": null, "colour": null, "parcel_locker:type": null, "parcel_mail_in": null, "parcel_pickup": null, "backrest": null, "access": null, "authentication:app": null, "authentication:membership_card": null, "branch": null, "capacity": null, "contact:phone": null, "contact:website": null, "covered": null, "motorcar": null, "parking:fee": null, "ref:EU:EVSE": null, "ref:GR:IDRO": null, "socket:type2": null, "socket:type2:output": null, "lit": null, "socket:type2_combo": null, "socket:type2_combo:output": null, "manufacturer": null, "building": "yes", "parking": null, "name:de": null, "leaf_type": null, "building:levels": null, "layer": null, "location": null, "intermittent": null, "seasonal": null, "waterway": null, "name:ru": null, "landuse": null, "sport": null, "industrial": null, "education": null, "emergency": null, "operator:type": null, "type": null, "leaf_cycle": null, "label": "building:yes" }, "geometry": { "type": "Polygon", "coordinates": [ [ [ 24.0432762, 35.496266 ], [ 24.0432773, 35.4961904 ], [ 24.0432004, 35.4961896 ], [ 24.043203, 35.4960088 ], [ 24.0426996, 35.4960039 ], [ 24.0426958, 35.4962603 ], [ 24.0432762, 35.496266 ] ] ] } },
{ "type": "Feature", "properties": { "element": "way", "id": 1070774678, "amenity": null, "brand": null, "brand:wikidata": null, "name": null, "operator": null, "brand:wikipedia": null, "compressed_air": null, "cuisine": null, "addr:street": null, "name:el": null, "tourism": null, "addr:city": null, "addr:housenumber": null, "addr:postcode": null, "contact:facebook": null, "description": null, "email": null, "fax": null, "fuel:diesel": null, "fuel:diesel_B": null, "fuel:e10": null, "fuel:e5": null, "fuel:gasoline": null, "fuel:heating_oil": null, "fuel:octane_95": null, "fuel:unleaded": null, "opening_hours": null, "payment:app": null, "payment:apple_pay": null, "payment:cards": null, "payment:cash": null, "payment:coins": null, "payment:contactless": null, "payment:credit_cards": null, "payment:debit_cards": null, "payment:electronic_purses": null, "payment:google_pay": null, "payment:maestro": null, "payment:mastercard": null, "payment:mastercard_contactless": null, "payment:visa": null, "payment:visa_debit": null, "payment:visa_electron": null, "phone": null, "self_service": null, "start_date": null, "website": null, "wheelchair": null, "name:en": null, "shop": null, "fee": null, "wikidata": null, "wikipedia": null, "int_name": null, "leisure": null, "healthcare": null, "internet_access": null, "denomination": null, "religion": null, "castle_type": null, "historic": null, "historic:civilization": null, "image": null, "source": null, "theatre:type": null, "natural": null, "ele": null, "male": null, "female": null, "brand:el": null, "brand:en": null, "operator:wikidata": null, "short_name": null, "short_name:el": null, "short_name:en": null, "brewery": null, "outdoor_seating": null, "colour": null, "parcel_locker:type": null, "parcel_mail_in": null, "parcel_pickup": null, "backrest": null, "access": null, "authentication:app": null, "authentication:membership_card": null, "branch": null, "capacity": null, "contact:phone": null, "contact:website": null, "covered": null, "motorcar": null, "parking:fee": null, "ref:EU:EVSE": null, "ref:GR:IDRO": null, "socket:type2": null, "socket:type2:output": null, "lit": null, "socket:type2_combo": null, "socket:type2_combo:output": null, "manufacturer": null, "building": "roof", "parking": null, "name:de": null, "leaf_type": null, "building:levels": null, "layer": "1", "location": null, "intermittent": null, "seasonal": null, "waterway": null, "name:ru": null, "landuse": null, "sport": null, "industrial": null, "education": null, "emergency": null, "operator:type": null, "type": null, "leaf_cycle": null, "label": "building:roof" }, "geometry": { "type": "Polygon", "coordinates": [ [ [ 24.0372577, 35.4972125 ], [ 24.0372329, 35.4971525 ], [ 24.0371346, 35.497181 ], [ 24.0371618, 35.4972431 ], [ 24.0372577, 35.4972125 ] ] ] } },
{ "type": "Feature", "properties": { "element": "way", "id": 1070775814, "amenity": null, "brand": null, "brand:wikidata": null, "name": null, "operator": null, "brand:wikipedia": null, "compressed_air": null, "cuisine": null, "addr:street": null, "name:el": null, "tourism": null, "addr:city": null, "addr:housenumber": null, "addr:postcode": null, "contact:facebook": null, "description": null, "email": null, "fax": null, "fuel:diesel": null, "fuel:diesel_B": null, "fuel:e10": null, "fuel:e5": null, "fuel:gasoline": null, "fuel:heating_oil": null, "fuel:octane_95": null, "fuel:unleaded": null, "opening_hours": null, "payment:app": null, "payment:apple_pay": null, "payment:cards": null, "payment:cash": null, "payment:coins": null, "payment:contactless": null, "payment:credit_cards": null, "payment:debit_cards": null, "payment:electronic_purses": null, "payment:google_pay": null, "payment:maestro": null, "payment:mastercard": null, "payment:mastercard_contactless": null, "payment:visa": null, "payment:visa_debit": null, "payment:visa_electron": null, "phone": null, "self_service": null, "start_date": null, "website": null, "wheelchair": null, "name:en": null, "shop": null, "fee": null, "wikidata": null, "wikipedia": null, "int_name": null, "leisure": null, "healthcare": null, "internet_access": null, "denomination": null, "religion": null, "castle_type": null, "historic": null, "historic:civilization": null, "image": null, "source": null, "theatre:type": null, "natural": null, "ele": null, "male": null, "female": null, "brand:el": null, "brand:en": null, "operator:wikidata": null, "short_name": null, "short_name:el": null, "short_name:en": null, "brewery": null, "outdoor_seating": null, "colour": null, "parcel_locker:type": null, "parcel_mail_in": null, "parcel_pickup": null, "backrest": null, "access": null, "authentication:app": null, "authentication:membership_card": null, "branch": null, "capacity": null, "contact:phone": null, "contact:website": null, "covered": null, "motorcar": null, "parking:fee": null, "ref:EU:EVSE": null, "ref:GR:IDRO": null, "socket:type2": null, "socket:type2:output": null, "lit": null, "socket:type2_combo": null, "socket:type2_combo:output": null, "manufacturer": null, "building": "roof", "parking": null, "name:de": null, "leaf_type": null, "building:levels": null, "layer": "1", "location": null, "intermittent": null, "seasonal": null, "waterway": null, "name:ru": null, "landuse": null, "sport": null, "industrial": null, "education": null, "emergency": null, "operator:type": null, "type": null, "leaf_cycle": null, "label": "building:roof" }, "geometry": { "type": "Polygon", "coordinates": [ [ [ 24.0551947, 35.499354 ], [ 24.055153, 35.4992861 ], [ 24.0550356, 35.4993338 ], [ 24.0550773, 35.4994017 ], [ 24.0551947, 35.499354 ] ] ] } },
{ "type": "Feature", "properties": { "element": "way", "id": 1070775816, "amenity": null, "brand": null, "brand:wikidata": null, "name": null, "operator": null, "brand:wikipedia": null, "compressed_air": null, "cuisine": null, "addr:street": null, "name:el": null, "tourism": null, "addr:city": null, "addr:housenumber": null, "addr:postcode": null, "contact:facebook": null, "description": null, "email": null, "fax": null, "fuel:diesel": null, "fuel:diesel_B": null, "fuel:e10": null, "fuel:e5": null, "fuel:gasoline": null, "fuel:heating_oil": null, "fuel:octane_95": null, "fuel:unleaded": null, "opening_hours": null, "payment:app": null, "payment:apple_pay": null, "payment:cards": null, "payment:cash": null, "payment:coins": null, "payment:contactless": null, "payment:credit_cards": null, "payment:debit_cards": null, "payment:electronic_purses": null, "payment:google_pay": null, "payment:maestro": null, "payment:mastercard": null, "payment:mastercard_contactless": null, "payment:visa": null, "payment:visa_debit": null, "payment:visa_electron": null, "phone": null, "self_service": null, "start_date": null, "website": null, "wheelchair": null, "name:en": null, "shop": null, "fee": null, "wikidata": null, "wikipedia": null, "int_name": null, "leisure": null, "healthcare": null, "internet_access": null, "denomination": null, "religion": null, "castle_type": null, "historic": null, "historic:civilization": null, "image": null, "source": null, "theatre:type": null, "natural": null, "ele": null, "male": null, "female": null, "brand:el": null, "brand:en": null, "operator:wikidata": null, "short_name": null, "short_name:el": null, "short_name:en": null, "brewery": null, "outdoor_seating": null, "colour": null, "parcel_locker:type": null, "parcel_mail_in": null, "parcel_pickup": null, "backrest": null, "access": null, "authentication:app": null, "authentication:membership_card": null, "branch": null, "capacity": null, "contact:phone": null, "contact:website": null, "covered": null, "motorcar": null, "parking:fee": null, "ref:EU:EVSE": null, "ref:GR:IDRO": null, "socket:type2": null, "socket:type2:output": null, "lit": null, "socket:type2_combo": null, "socket:type2_combo:output": null, "manufacturer": null, "building": "yes", "parking": null, "name:de": null, "leaf_type": null, "building:levels": null, "layer": null, "location": null, "intermittent": null, "seasonal": null, "waterway": null, "name:ru": null, "landuse": null, "sport": null, "industrial": null, "education": null, "emergency": null, "operator:type": null, "type": null, "leaf_cycle": null, "label": "building:yes" }, "geometry": { "type": "Polygon", "coordinates": [ [ [ 24.0552524, 35.4993972 ], [ 24.0552713, 35.4993484 ], [ 24.0552139, 35.4993336 ], [ 24.0551949, 35.4993825 ], [ 24.0552524, 35.4993972 ] ] ] } },
{ "type": "Feature", "properties": { "element": "way", "id": 1070778743, "amenity": null, "brand": null, "brand:wikidata": null, "name": null, "operator": null, "brand:wikipedia": null, "compressed_air": null, "cuisine": null, "addr:street": null, "name:el": null, "tourism": null, "addr:city": null, "addr:housenumber": null, "addr:postcode": null, "contact:facebook": null, "description": null, "email": null, "fax": null, "fuel:diesel": null, "fuel:diesel_B": null, "fuel:e10": null, "fuel:e5": null, "fuel:gasoline": null, "fuel:heating_oil": null, "fuel:octane_95": null, "fuel:unleaded": null, "opening_hours": null, "payment:app": null, "payment:apple_pay": null, "payment:cards": null, "payment:cash": null, "payment:coins": null, "payment:contactless": null, "payment:credit_cards": null, "payment:debit_cards": null, "payment:electronic_purses": null, "payment:google_pay": null, "payment:maestro": null, "payment:mastercard": null, "payment:mastercard_contactless": null, "payment:visa": null, "payment:visa_debit": null, "payment:visa_electron": null, "phone": null, "self_service": null, "start_date": null, "website": null, "wheelchair": null, "name:en": null, "shop": null, "fee": null, "wikidata": null, "wikipedia": null, "int_name": null, "leisure": null, "healthcare": null, "internet_access": null, "denomination": null, "religion": null, "castle_type": null, "historic": null, "historic:civilization": null, "image": null, "source": null, "theatre:type": null, "natural": null, "ele": null, "male": null, "female": null, "brand:el": null, "brand:en": null, "operator:wikidata": null, "short_name": null, "short_name:el": null, "short_name:en": null, "brewery": null, "outdoor_seating": null, "colour": null, "parcel_locker:type": null, "parcel_mail_in": null, "parcel_pickup": null, "backrest": null, "access": null, "authentication:app": null, "authentication:membership_card": null, "branch": null, "capacity": null, "contact:phone": null, "contact:website": null, "covered": null, "motorcar": null, "parking:fee": null, "ref:EU:EVSE": null, "ref:GR:IDRO": null, "socket:type2": null, "socket:type2:output": null, "lit": null, "socket:type2_combo": null, "socket:type2_combo:output": null, "manufacturer": null, "building": "roof", "parking": null, "name:de": null, "leaf_type": null, "building:levels": null, "layer": "1", "location": null, "intermittent": null, "seasonal": null, "waterway": null, "name:ru": null, "landuse": null, "sport": null, "industrial": null, "education": null, "emergency": null, "operator:type": null, "type": null, "leaf_cycle": null, "label": "building:roof" }, "geometry": { "type": "Polygon", "coordinates": [ [ [ 24.0464417, 35.5138683 ], [ 24.0463902, 35.5137488 ], [ 24.0462854, 35.5137787 ], [ 24.0463369, 35.5138982 ], [ 24.0464417, 35.5138683 ] ] ] } },
{ "type": "Feature", "properties": { "element": "way", "id": 1070778745, "amenity": null, "brand": null, "brand:wikidata": null, "name": null, "operator": null, "brand:wikipedia": null, "compressed_air": null, "cuisine": null, "addr:street": null, "name:el": null, "tourism": null, "addr:city": null, "addr:housenumber": null, "addr:postcode": null, "contact:facebook": null, "description": null, "email": null, "fax": null, "fuel:diesel": null, "fuel:diesel_B": null, "fuel:e10": null, "fuel:e5": null, "fuel:gasoline": null, "fuel:heating_oil": null, "fuel:octane_95": null, "fuel:unleaded": null, "opening_hours": null, "payment:app": null, "payment:apple_pay": null, "payment:cards": null, "payment:cash": null, "payment:coins": null, "payment:contactless": null, "payment:credit_cards": null, "payment:debit_cards": null, "payment:electronic_purses": null, "payment:google_pay": null, "payment:maestro": null, "payment:mastercard": null, "payment:mastercard_contactless": null, "payment:visa": null, "payment:visa_debit": null, "payment:visa_electron": null, "phone": null, "self_service": null, "start_date": null, "website": null, "wheelchair": null, "name:en": null, "shop": null, "fee": null, "wikidata": null, "wikipedia": null, "int_name": null, "leisure": null, "healthcare": null, "internet_access": null, "denomination": null, "religion": null, "castle_type": null, "historic": null, "historic:civilization": null, "image": null, "source": null, "theatre:type": null, "natural": null, "ele": null, "male": null, "female": null, "brand:el": null, "brand:en": null, "operator:wikidata": null, "short_name": null, "short_name:el": null, "short_name:en": null, "brewery": null, "outdoor_seating": null, "colour": null, "parcel_locker:type": null, "parcel_mail_in": null, "parcel_pickup": null, "backrest": null, "access": null, "authentication:app": null, "authentication:membership_card": null, "branch": null, "capacity": null, "contact:phone": null, "contact:website": null, "covered": null, "motorcar": null, "parking:fee": null, "ref:EU:EVSE": null, "ref:GR:IDRO": null, "socket:type2": null, "socket:type2:output": null, "lit": null, "socket:type2_combo": null, "socket:type2_combo:output": null, "manufacturer": null, "building": "roof", "parking": null, "name:de": null, "leaf_type": null, "building:levels": null, "layer": "1", "location": null, "intermittent": null, "seasonal": null, "waterway": null, "name:ru": null, "landuse": null, "sport": null, "industrial": null, "education": null, "emergency": null, "operator:type": null, "type": null, "leaf_cycle": null, "label": "building:roof" }, "geometry": { "type": "Polygon", "coordinates": [ [ [ 24.0471432, 35.5136369 ], [ 24.0471175, 35.5135775 ], [ 24.0470126, 35.5136075 ], [ 24.0470382, 35.5136669 ], [ 24.0471432, 35.5136369 ] ] ] } },
{ "type": "Feature", "properties": { "element": "way", "id": 1070778747, "amenity": null, "brand": null, "brand:wikidata": null, "name": null, "operator": null, "brand:wikipedia": null, "compressed_air": null, "cuisine": null, "addr:street": null, "name:el": null, "tourism": null, "addr:city": null, "addr:housenumber": null, "addr:postcode": null, "contact:facebook": null, "description": null, "email": null, "fax": null, "fuel:diesel": null, "fuel:diesel_B": null, "fuel:e10": null, "fuel:e5": null, "fuel:gasoline": null, "fuel:heating_oil": null, "fuel:octane_95": null, "fuel:unleaded": null, "opening_hours": null, "payment:app": null, "payment:apple_pay": null, "payment:cards": null, "payment:cash": null, "payment:coins": null, "payment:contactless": null, "payment:credit_cards": null, "payment:debit_cards": null, "payment:electronic_purses": null, "payment:google_pay": null, "payment:maestro": null, "payment:mastercard": null, "payment:mastercard_contactless": null, "payment:visa": null, "payment:visa_debit": null, "payment:visa_electron": null, "phone": null, "self_service": null, "start_date": null, "website": null, "wheelchair": null, "name:en": null, "shop": null, "fee": null, "wikidata": null, "wikipedia": null, "int_name": null, "leisure": null, "healthcare": null, "internet_access": null, "denomination": null, "religion": null, "castle_type": null, "historic": null, "historic:civilization": null, "image": null, "source": null, "theatre:type": null, "natural": null, "ele": null, "male": null, "female": null, "brand:el": null, "brand:en": null, "operator:wikidata": null, "short_name": null, "short_name:el": null, "short_name:en": null, "brewery": null, "outdoor_seating": null, "colour": null, "parcel_locker:type": null, "parcel_mail_in": null, "parcel_pickup": null, "backrest": null, "access": null, "authentication:app": null, "authentication:membership_card": null, "branch": null, "capacity": null, "contact:phone": null, "contact:website": null, "covered": null, "motorcar": null, "parking:fee": null, "ref:EU:EVSE": null, "ref:GR:IDRO": null, "socket:type2": null, "socket:type2:output": null, "lit": null, "socket:type2_combo": null, "socket:type2_combo:output": null, "manufacturer": null, "building": "roof", "parking": null, "name:de": null, "leaf_type": null, "building:levels": null, "layer": "1", "location": null, "intermittent": null, "seasonal": null, "waterway": null, "name:ru": null, "landuse": null, "sport": null, "industrial": null, "education": null, "emergency": null, "operator:type": null, "type": null, "leaf_cycle": null, "label": "building:roof" }, "geometry": { "type": "Polygon", "coordinates": [ [ [ 24.0455667, 35.5087759 ], [ 24.0454804, 35.5088221 ], [ 24.0455876, 35.5089547 ], [ 24.0456738, 35.5089085 ], [ 24.0455667, 35.5087759 ] ] ] } },
{ "type": "Feature", "properties": { "element": "way", "id": 1070778748, "amenity": null, "brand": null, "brand:wikidata": null, "name": null, "operator": null, "brand:wikipedia": null, "compressed_air": null, "cuisine": null, "addr:street": null, "name:el": null, "tourism": null, "addr:city": null, "addr:housenumber": null, "addr:postcode": null, "contact:facebook": null, "description": null, "email": null, "fax": null, "fuel:diesel": null, "fuel:diesel_B": null, "fuel:e10": null, "fuel:e5": null, "fuel:gasoline": null, "fuel:heating_oil": null, "fuel:octane_95": null, "fuel:unleaded": null, "opening_hours": null, "payment:app": null, "payment:apple_pay": null, "payment:cards": null, "payment:cash": null, "payment:coins": null, "payment:contactless": null, "payment:credit_cards": null, "payment:debit_cards": null, "payment:electronic_purses": null, "payment:google_pay": null, "payment:maestro": null, "payment:mastercard": null, "payment:mastercard_contactless": null, "payment:visa": null, "payment:visa_debit": null, "payment:visa_electron": null, "phone": null, "self_service": null, "start_date": null, "website": null, "wheelchair": null, "name:en": null, "shop": null, "fee": null, "wikidata": null, "wikipedia": null, "int_name": null, "leisure": null, "healthcare": null, "internet_access": null, "denomination": null, "religion": null, "castle_type": null, "historic": null, "historic:civilization": null, "image": null, "source": null, "theatre:type": null, "natural": null, "ele": null, "male": null, "female": null, "brand:el": null, "brand:en": null, "operator:wikidata": null, "short_name": null, "short_name:el": null, "short_name:en": null, "brewery": null, "outdoor_seating": null, "colour": null, "parcel_locker:type": null, "parcel_mail_in": null, "parcel_pickup": null, "backrest": null, "access": null, "authentication:app": null, "authentication:membership_card": null, "branch": null, "capacity": null, "contact:phone": null, "contact:website": null, "covered": null, "motorcar": null, "parking:fee": null, "ref:EU:EVSE": null, "ref:GR:IDRO": null, "socket:type2": null, "socket:type2:output": null, "lit": null, "socket:type2_combo": null, "socket:type2_combo:output": null, "manufacturer": null, "building": "yes", "parking": null, "name:de": null, "leaf_type": null, "building:levels": null, "layer": null, "location": null, "intermittent": null, "seasonal": null, "waterway": null, "name:ru": null, "landuse": null, "sport": null, "industrial": null, "education": null, "emergency": null, "operator:type": null, "type": null, "leaf_cycle": null, "label": "building:yes" }, "geometry": { "type": "Polygon", "coordinates": [ [ [ 24.0456544, 35.5090324 ], [ 24.0458353, 35.5089366 ], [ 24.0457676, 35.5088588 ], [ 24.0455876, 35.5089547 ], [ 24.0456544, 35.5090324 ] ] ] } },
{ "type": "Feature", "properties": { "element": "way", "id": 1070778749, "amenity": null, "brand": null, "brand:wikidata": null, "name": null, "operator": null, "brand:wikipedia": null, "compressed_air": null, "cuisine": null, "addr:street": null, "name:el": null, "tourism": null, "addr:city": null, "addr:housenumber": null, "addr:postcode": null, "contact:facebook": null, "description": null, "email": null, "fax": null, "fuel:diesel": null, "fuel:diesel_B": null, "fuel:e10": null, "fuel:e5": null, "fuel:gasoline": null, "fuel:heating_oil": null, "fuel:octane_95": null, "fuel:unleaded": null, "opening_hours": null, "payment:app": null, "payment:apple_pay": null, "payment:cards": null, "payment:cash": null, "payment:coins": null, "payment:contactless": null, "payment:credit_cards": null, "payment:debit_cards": null, "payment:electronic_purses": null, "payment:google_pay": null, "payment:maestro": null, "payment:mastercard": null, "payment:mastercard_contactless": null, "payment:visa": null, "payment:visa_debit": null, "payment:visa_electron": null, "phone": null, "self_service": null, "start_date": null, "website": null, "wheelchair": null, "name:en": null, "shop": null, "fee": null, "wikidata": null, "wikipedia": null, "int_name": null, "leisure": null, "healthcare": null, "internet_access": null, "denomination": null, "religion": null, "castle_type": null, "historic": null, "historic:civilization": null, "image": null, "source": null, "theatre:type": null, "natural": null, "ele": null, "male": null, "female": null, "brand:el": null, "brand:en": null, "operator:wikidata": null, "short_name": null, "short_name:el": null, "short_name:en": null, "brewery": null, "outdoor_seating": null, "colour": null, "parcel_locker:type": null, "parcel_mail_in": null, "parcel_pickup": null, "backrest": null, "access": null, "authentication:app": null, "authentication:membership_card": null, "branch": null, "capacity": null, "contact:phone": null, "contact:website": null, "covered": null, "motorcar": null, "parking:fee": null, "ref:EU:EVSE": null, "ref:GR:IDRO": null, "socket:type2": null, "socket:type2:output": null, "lit": null, "socket:type2_combo": null, "socket:type2_combo:output": null, "manufacturer": null, "building": "yes", "parking": null, "name:de": null, "leaf_type": null, "building:levels": null, "layer": null, "location": null, "intermittent": null, "seasonal": null, "waterway": null, "name:ru": null, "landuse": null, "sport": null, "industrial": null, "education": null, "emergency": null, "operator:type": null, "type": null, "leaf_cycle": null, "label": "building:yes" }, "geometry": { "type": "Polygon", "coordinates": [ [ [ 24.0455276, 35.5089573 ], [ 24.0454954, 35.5089058 ], [ 24.045433, 35.5089317 ], [ 24.0454652, 35.5089832 ], [ 24.0455276, 35.5089573 ] ] ] } },
{ "type": "Feature", "properties": { "element": "way", "id": 1070778751, "amenity": null, "brand": null, "brand:wikidata": null, "name": null, "operator": null, "brand:wikipedia": null, "compressed_air": null, "cuisine": null, "addr:street": null, "name:el": null, "tourism": null, "addr:city": null, "addr:housenumber": null, "addr:postcode": null, "contact:facebook": null, "description": null, "email": null, "fax": null, "fuel:diesel": null, "fuel:diesel_B": null, "fuel:e10": null, "fuel:e5": null, "fuel:gasoline": null, "fuel:heating_oil": null, "fuel:octane_95": null, "fuel:unleaded": null, "opening_hours": null, "payment:app": null, "payment:apple_pay": null, "payment:cards": null, "payment:cash": null, "payment:coins": null, "payment:contactless": null, "payment:credit_cards": null, "payment:debit_cards": null, "payment:electronic_purses": null, "payment:google_pay": null, "payment:maestro": null, "payment:mastercard": null, "payment:mastercard_contactless": null, "payment:visa": null, "payment:visa_debit": null, "payment:visa_electron": null, "phone": null, "self_service": null, "start_date": null, "website": null, "wheelchair": null, "name:en": null, "shop": null, "fee": null, "wikidata": null, "wikipedia": null, "int_name": null, "leisure": null, "healthcare": null, "internet_access": null, "denomination": null, "religion": null, "castle_type": null, "historic": null, "historic:civilization": null, "image": null, "source": null, "theatre:type": null, "natural": null, "ele": null, "male": null, "female": null, "brand:el": null, "brand:en": null, "operator:wikidata": null, "short_name": null, "short_name:el": null, "short_name:en": null, "brewery": null, "outdoor_seating": null, "colour": null, "parcel_locker:type": null, "parcel_mail_in": null, "parcel_pickup": null, "backrest": null, "access": null, "authentication:app": null, "authentication:membership_card": null, "branch": null, "capacity": null, "contact:phone": null, "contact:website": null, "covered": null, "motorcar": null, "parking:fee": null, "ref:EU:EVSE": null, "ref:GR:IDRO": null, "socket:type2": null, "socket:type2:output": null, "lit": null, "socket:type2_combo": null, "socket:type2_combo:output": null, "manufacturer": null, "building": "roof", "parking": null, "name:de": null, "leaf_type": null, "building:levels": null, "layer": "1", "location": null, "intermittent": null, "seasonal": null, "waterway": null, "name:ru": null, "landuse": null, "sport": null, "industrial": null, "education": null, "emergency": null, "operator:type": null, "type": null, "leaf_cycle": null, "label": "building:roof" }, "geometry": { "type": "Polygon", "coordinates": [ [ [ 24.0484681, 35.5067944 ], [ 24.0483867, 35.5067445 ], [ 24.0483007, 35.5068376 ], [ 24.0482848, 35.5068548 ], [ 24.0483662, 35.5069047 ], [ 24.0484681, 35.5067944 ] ] ] } },
{ "type": "Feature", "properties": { "element": "way", "id": 1070778752, "amenity": null, "brand": null, "brand:wikidata": null, "name": null, "operator": null, "brand:wikipedia": null, "compressed_air": null, "cuisine": null, "addr:street": null, "name:el": null, "tourism": null, "addr:city": null, "addr:housenumber": null, "addr:postcode": null, "contact:facebook": null, "description": null, "email": null, "fax": null, "fuel:diesel": null, "fuel:diesel_B": null, "fuel:e10": null, "fuel:e5": null, "fuel:gasoline": null, "fuel:heating_oil": null, "fuel:octane_95": null, "fuel:unleaded": null, "opening_hours": null, "payment:app": null, "payment:apple_pay": null, "payment:cards": null, "payment:cash": null, "payment:coins": null, "payment:contactless": null, "payment:credit_cards": null, "payment:debit_cards": null, "payment:electronic_purses": null, "payment:google_pay": null, "payment:maestro": null, "payment:mastercard": null, "payment:mastercard_contactless": null, "payment:visa": null, "payment:visa_debit": null, "payment:visa_electron": null, "phone": null, "self_service": null, "start_date": null, "website": null, "wheelchair": null, "name:en": null, "shop": null, "fee": null, "wikidata": null, "wikipedia": null, "int_name": null, "leisure": null, "healthcare": null, "internet_access": null, "denomination": null, "religion": null, "castle_type": null, "historic": null, "historic:civilization": null, "image": null, "source": null, "theatre:type": null, "natural": null, "ele": null, "male": null, "female": null, "brand:el": null, "brand:en": null, "operator:wikidata": null, "short_name": null, "short_name:el": null, "short_name:en": null, "brewery": null, "outdoor_seating": null, "colour": null, "parcel_locker:type": null, "parcel_mail_in": null, "parcel_pickup": null, "backrest": null, "access": null, "authentication:app": null, "authentication:membership_card": null, "branch": null, "capacity": null, "contact:phone": null, "contact:website": null, "covered": null, "motorcar": null, "parking:fee": null, "ref:EU:EVSE": null, "ref:GR:IDRO": null, "socket:type2": null, "socket:type2:output": null, "lit": null, "socket:type2_combo": null, "socket:type2_combo:output": null, "manufacturer": null, "building": "roof", "parking": null, "name:de": null, "leaf_type": null, "building:levels": null, "layer": "1", "location": null, "intermittent": null, "seasonal": null, "waterway": null, "name:ru": null, "landuse": null, "sport": null, "industrial": null, "education": null, "emergency": null, "operator:type": null, "type": null, "leaf_cycle": null, "label": "building:roof" }, "geometry": { "type": "Polygon", "coordinates": [ [ [ 24.0485804, 35.50667 ], [ 24.0485203, 35.5066373 ], [ 24.0484841, 35.5066814 ], [ 24.0485442, 35.5067141 ], [ 24.0485804, 35.50667 ] ] ] } },
{ "type": "Feature", "properties": { "element": "way", "id": 1070778753, "amenity": null, "brand": null, "brand:wikidata": null, "name": null, "operator": null, "brand:wikipedia": null, "compressed_air": null, "cuisine": null, "addr:street": null, "name:el": null, "tourism": null, "addr:city": null, "addr:housenumber": null, "addr:postcode": null, "contact:facebook": null, "description": null, "email": null, "fax": null, "fuel:diesel": null, "fuel:diesel_B": null, "fuel:e10": null, "fuel:e5": null, "fuel:gasoline": null, "fuel:heating_oil": null, "fuel:octane_95": null, "fuel:unleaded": null, "opening_hours": null, "payment:app": null, "payment:apple_pay": null, "payment:cards": null, "payment:cash": null, "payment:coins": null, "payment:contactless": null, "payment:credit_cards": null, "payment:debit_cards": null, "payment:electronic_purses": null, "payment:google_pay": null, "payment:maestro": null, "payment:mastercard": null, "payment:mastercard_contactless": null, "payment:visa": null, "payment:visa_debit": null, "payment:visa_electron": null, "phone": null, "self_service": null, "start_date": null, "website": null, "wheelchair": null, "name:en": null, "shop": null, "fee": null, "wikidata": null, "wikipedia": null, "int_name": null, "leisure": null, "healthcare": null, "internet_access": null, "denomination": null, "religion": null, "castle_type": null, "historic": null, "historic:civilization": null, "image": null, "source": null, "theatre:type": null, "natural": null, "ele": null, "male": null, "female": null, "brand:el": null, "brand:en": null, "operator:wikidata": null, "short_name": null, "short_name:el": null, "short_name:en": null, "brewery": null, "outdoor_seating": null, "colour": null, "parcel_locker:type": null, "parcel_mail_in": null, "parcel_pickup": null, "backrest": null, "access": null, "authentication:app": null, "authentication:membership_card": null, "branch": null, "capacity": null, "contact:phone": null, "contact:website": null, "covered": null, "motorcar": null, "parking:fee": null, "ref:EU:EVSE": null, "ref:GR:IDRO": null, "socket:type2": null, "socket:type2:output": null, "lit": null, "socket:type2_combo": null, "socket:type2_combo:output": null, "manufacturer": null, "building": "yes", "parking": null, "name:de": null, "leaf_type": null, "building:levels": null, "layer": null, "location": null, "intermittent": null, "seasonal": null, "waterway": null, "name:ru": null, "landuse": null, "sport": null, "industrial": null, "education": null, "emergency": null, "operator:type": null, "type": null, "leaf_cycle": null, "label": "building:yes" }, "geometry": { "type": "Polygon", "coordinates": [ [ [ 24.0484433, 35.5066791 ], [ 24.0483516, 35.5066224 ], [ 24.0482073, 35.5067846 ], [ 24.0483007, 35.5068376 ], [ 24.0484433, 35.5066791 ] ] ] } },
{ "type": "Feature", "properties": { "element": "way", "id": 1071734861, "amenity": null, "brand": null, "brand:wikidata": null, "name": null, "operator": null, "brand:wikipedia": null, "compressed_air": null, "cuisine": null, "addr:street": null, "name:el": null, "tourism": null, "addr:city": null, "addr:housenumber": null, "addr:postcode": null, "contact:facebook": null, "description": null, "email": null, "fax": null, "fuel:diesel": null, "fuel:diesel_B": null, "fuel:e10": null, "fuel:e5": null, "fuel:gasoline": null, "fuel:heating_oil": null, "fuel:octane_95": null, "fuel:unleaded": null, "opening_hours": null, "payment:app": null, "payment:apple_pay": null, "payment:cards": null, "payment:cash": null, "payment:coins": null, "payment:contactless": null, "payment:credit_cards": null, "payment:debit_cards": null, "payment:electronic_purses": null, "payment:google_pay": null, "payment:maestro": null, "payment:mastercard": null, "payment:mastercard_contactless": null, "payment:visa": null, "payment:visa_debit": null, "payment:visa_electron": null, "phone": null, "self_service": null, "start_date": null, "website": null, "wheelchair": null, "name:en": null, "shop": null, "fee": null, "wikidata": null, "wikipedia": null, "int_name": null, "leisure": null, "healthcare": null, "internet_access": null, "denomination": null, "religion": null, "castle_type": null, "historic": null, "historic:civilization": null, "image": null, "source": null, "theatre:type": null, "natural": null, "ele": null, "male": null, "female": null, "brand:el": null, "brand:en": null, "operator:wikidata": null, "short_name": null, "short_name:el": null, "short_name:en": null, "brewery": null, "outdoor_seating": null, "colour": null, "parcel_locker:type": null, "parcel_mail_in": null, "parcel_pickup": null, "backrest": null, "access": null, "authentication:app": null, "authentication:membership_card": null, "branch": null, "capacity": null, "contact:phone": null, "contact:website": null, "covered": null, "motorcar": null, "parking:fee": null, "ref:EU:EVSE": null, "ref:GR:IDRO": null, "socket:type2": null, "socket:type2:output": null, "lit": null, "socket:type2_combo": null, "socket:type2_combo:output": null, "manufacturer": null, "building": "roof", "parking": null, "name:de": null, "leaf_type": null, "building:levels": null, "layer": "1", "location": null, "intermittent": null, "seasonal": null, "waterway": null, "name:ru": null, "landuse": null, "sport": null, "industrial": null, "education": null, "emergency": null, "operator:type": null, "type": null, "leaf_cycle": null, "label": "building:roof" }, "geometry": { "type": "Polygon", "coordinates": [ [ [ 24.0424648, 35.5008584 ], [ 24.0423709, 35.5007485 ], [ 24.0423081, 35.5007841 ], [ 24.042402, 35.500894 ], [ 24.0424648, 35.5008584 ] ] ] } },
{ "type": "Feature", "properties": { "element": "way", "id": 1071734862, "amenity": null, "brand": null, "brand:wikidata": null, "name": null, "operator": null, "brand:wikipedia": null, "compressed_air": null, "cuisine": null, "addr:street": null, "name:el": null, "tourism": null, "addr:city": null, "addr:housenumber": null, "addr:postcode": null, "contact:facebook": null, "description": null, "email": null, "fax": null, "fuel:diesel": null, "fuel:diesel_B": null, "fuel:e10": null, "fuel:e5": null, "fuel:gasoline": null, "fuel:heating_oil": null, "fuel:octane_95": null, "fuel:unleaded": null, "opening_hours": null, "payment:app": null, "payment:apple_pay": null, "payment:cards": null, "payment:cash": null, "payment:coins": null, "payment:contactless": null, "payment:credit_cards": null, "payment:debit_cards": null, "payment:electronic_purses": null, "payment:google_pay": null, "payment:maestro": null, "payment:mastercard": null, "payment:mastercard_contactless": null, "payment:visa": null, "payment:visa_debit": null, "payment:visa_electron": null, "phone": null, "self_service": null, "start_date": null, "website": null, "wheelchair": null, "name:en": null, "shop": null, "fee": null, "wikidata": null, "wikipedia": null, "int_name": null, "leisure": null, "healthcare": null, "internet_access": null, "denomination": null, "religion": null, "castle_type": null, "historic": null, "historic:civilization": null, "image": null, "source": null, "theatre:type": null, "natural": null, "ele": null, "male": null, "female": null, "brand:el": null, "brand:en": null, "operator:wikidata": null, "short_name": null, "short_name:el": null, "short_name:en": null, "brewery": null, "outdoor_seating": null, "colour": null, "parcel_locker:type": null, "parcel_mail_in": null, "parcel_pickup": null, "backrest": null, "access": null, "authentication:app": null, "authentication:membership_card": null, "branch": null, "capacity": null, "contact:phone": null, "contact:website": null, "covered": null, "motorcar": null, "parking:fee": null, "ref:EU:EVSE": null, "ref:GR:IDRO": null, "socket:type2": null, "socket:type2:output": null, "lit": null, "socket:type2_combo": null, "socket:type2_combo:output": null, "manufacturer": null, "building": "roof", "parking": null, "name:de": null, "leaf_type": null, "building:levels": null, "layer": "1", "location": null, "intermittent": null, "seasonal": null, "waterway": null, "name:ru": null, "landuse": null, "sport": null, "industrial": null, "education": null, "emergency": null, "operator:type": null, "type": null, "leaf_cycle": null, "label": "building:roof" }, "geometry": { "type": "Polygon", "coordinates": [ [ [ 24.0426032, 35.5007552 ], [ 24.0425688, 35.5007052 ], [ 24.0424997, 35.5007366 ], [ 24.042534, 35.5007867 ], [ 24.0426032, 35.5007552 ] ] ] } },
{ "type": "Feature", "properties": { "element": "way", "id": 1166064379, "amenity": null, "brand": null, "brand:wikidata": null, "name": null, "operator": null, "brand:wikipedia": null, "compressed_air": null, "cuisine": null, "addr:street": null, "name:el": null, "tourism": null, "addr:city": null, "addr:housenumber": null, "addr:postcode": null, "contact:facebook": null, "description": null, "email": null, "fax": null, "fuel:diesel": null, "fuel:diesel_B": null, "fuel:e10": null, "fuel:e5": null, "fuel:gasoline": null, "fuel:heating_oil": null, "fuel:octane_95": null, "fuel:unleaded": null, "opening_hours": null, "payment:app": null, "payment:apple_pay": null, "payment:cards": null, "payment:cash": null, "payment:coins": null, "payment:contactless": null, "payment:credit_cards": null, "payment:debit_cards": null, "payment:electronic_purses": null, "payment:google_pay": null, "payment:maestro": null, "payment:mastercard": null, "payment:mastercard_contactless": null, "payment:visa": null, "payment:visa_debit": null, "payment:visa_electron": null, "phone": null, "self_service": null, "start_date": null, "website": null, "wheelchair": null, "name:en": null, "shop": null, "fee": null, "wikidata": null, "wikipedia": null, "int_name": null, "leisure": "park", "healthcare": null, "internet_access": null, "denomination": null, "religion": null, "castle_type": null, "historic": null, "historic:civilization": null, "image": null, "source": null, "theatre:type": null, "natural": null, "ele": null, "male": null, "female": null, "brand:el": null, "brand:en": null, "operator:wikidata": null, "short_name": null, "short_name:el": null, "short_name:en": null, "brewery": null, "outdoor_seating": null, "colour": null, "parcel_locker:type": null, "parcel_mail_in": null, "parcel_pickup": null, "backrest": null, "access": null, "authentication:app": null, "authentication:membership_card": null, "branch": null, "capacity": null, "contact:phone": null, "contact:website": null, "covered": null, "motorcar": null, "parking:fee": null, "ref:EU:EVSE": null, "ref:GR:IDRO": null, "socket:type2": null, "socket:type2:output": null, "lit": null, "socket:type2_combo": null, "socket:type2_combo:output": null, "manufacturer": null, "building": null, "parking": null, "name:de": null, "leaf_type": null, "building:levels": null, "layer": null, "location": null, "intermittent": null, "seasonal": null, "waterway": null, "name:ru": null, "landuse": null, "sport": null, "industrial": null, "education": null, "emergency": null, "operator:type": null, "type": null, "leaf_cycle": null, "label": "leisure:park" }, "geometry": { "type": "Polygon", "coordinates": [ [ [ 24.0349542, 35.5174884 ], [ 24.034941, 35.5175437 ], [ 24.0349399, 35.5176172 ], [ 24.0349951, 35.5176945 ], [ 24.0352683, 35.51786 ], [ 24.0353182, 35.5178419 ], [ 24.0351023, 35.5175811 ], [ 24.0349988, 35.5174646 ], [ 24.0349542, 35.5174884 ] ] ] } },
{ "type": "Feature", "properties": { "element": "way", "id": 1196018799, "amenity": null, "brand": null, "brand:wikidata": null, "name": null, "operator": null, "brand:wikipedia": null, "compressed_air": null, "cuisine": null, "addr:street": null, "name:el": null, "tourism": null, "addr:city": null, "addr:housenumber": null, "addr:postcode": null, "contact:facebook": null, "description": null, "email": null, "fax": null, "fuel:diesel": null, "fuel:diesel_B": null, "fuel:e10": null, "fuel:e5": null, "fuel:gasoline": null, "fuel:heating_oil": null, "fuel:octane_95": null, "fuel:unleaded": null, "opening_hours": null, "payment:app": null, "payment:apple_pay": null, "payment:cards": null, "payment:cash": null, "payment:coins": null, "payment:contactless": null, "payment:credit_cards": null, "payment:debit_cards": null, "payment:electronic_purses": null, "payment:google_pay": null, "payment:maestro": null, "payment:mastercard": null, "payment:mastercard_contactless": null, "payment:visa": null, "payment:visa_debit": null, "payment:visa_electron": null, "phone": null, "self_service": null, "start_date": null, "website": null, "wheelchair": null, "name:en": null, "shop": null, "fee": null, "wikidata": null, "wikipedia": null, "int_name": null, "leisure": null, "healthcare": null, "internet_access": null, "denomination": null, "religion": null, "castle_type": null, "historic": null, "historic:civilization": null, "image": null, "source": null, "theatre:type": null, "natural": null, "ele": null, "male": null, "female": null, "brand:el": null, "brand:en": null, "operator:wikidata": null, "short_name": null, "short_name:el": null, "short_name:en": null, "brewery": null, "outdoor_seating": null, "colour": null, "parcel_locker:type": null, "parcel_mail_in": null, "parcel_pickup": null, "backrest": null, "access": null, "authentication:app": null, "authentication:membership_card": null, "branch": null, "capacity": null, "contact:phone": null, "contact:website": null, "covered": null, "motorcar": null, "parking:fee": null, "ref:EU:EVSE": null, "ref:GR:IDRO": null, "socket:type2": null, "socket:type2:output": null, "lit": null, "socket:type2_combo": null, "socket:type2_combo:output": null, "manufacturer": null, "building": null, "parking": null, "name:de": null, "leaf_type": null, "building:levels": null, "layer": "-1", "location": null, "intermittent": "yes", "seasonal": "yes", "waterway": "ditch", "name:ru": null, "landuse": null, "sport": null, "industrial": null, "education": null, "emergency": null, "operator:type": null, "type": null, "leaf_cycle": null, "label": "waterway:ditch" }, "geometry": { "type": "LineString", "coordinates": [ [ 24.060402065526969, 35.499849667857369 ], [ 24.0602316, 35.499399 ], [ 24.060402065526969, 35.499364653245379 ] ] } },
{ "type": "Feature", "properties": { "element": "way", "id": 1198881859, "amenity": null, "brand": "IKEA", "brand:wikidata": "Q54078", "name": "IKEA", "operator": null, "brand:wikipedia": null, "compressed_air": null, "cuisine": null, "addr:street": null, "name:el": null, "tourism": null, "addr:city": null, "addr:housenumber": null, "addr:postcode": null, "contact:facebook": null, "description": null, "email": null, "fax": null, "fuel:diesel": null, "fuel:diesel_B": null, "fuel:e10": null, "fuel:e5": null, "fuel:gasoline": null, "fuel:heating_oil": null, "fuel:octane_95": null, "fuel:unleaded": null, "opening_hours": null, "payment:app": null, "payment:apple_pay": null, "payment:cards": null, "payment:cash": null, "payment:coins": null, "payment:contactless": null, "payment:credit_cards": null, "payment:debit_cards": null, "payment:electronic_purses": null, "payment:google_pay": null, "payment:maestro": null, "payment:mastercard": null, "payment:mastercard_contactless": null, "payment:visa": null, "payment:visa_debit": null, "payment:visa_electron": null, "phone": null, "self_service": null, "start_date": null, "website": null, "wheelchair": null, "name:en": null, "shop": "furniture", "fee": null, "wikidata": null, "wikipedia": null, "int_name": null, "leisure": null, "healthcare": null, "internet_access": null, "denomination": null, "religion": null, "castle_type": null, "historic": null, "historic:civilization": null, "image": null, "source": null, "theatre:type": null, "natural": null, "ele": null, "male": null, "female": null, "brand:el": null, "brand:en": null, "operator:wikidata": null, "short_name": null, "short_name:el": null, "short_name:en": null, "brewery": null, "outdoor_seating": null, "colour": null, "parcel_locker:type": null, "parcel_mail_in": null, "parcel_pickup": null, "backrest": null, "access": null, "authentication:app": null, "authentication:membership_card": null, "branch": null, "capacity": null, "contact:phone": null, "contact:website": null, "covered": null, "motorcar": null, "parking:fee": null, "ref:EU:EVSE": null, "ref:GR:IDRO": null, "socket:type2": null, "socket:type2:output": null, "lit": null, "socket:type2_combo": null, "socket:type2_combo:output": null, "manufacturer": null, "building": "retail", "parking": null, "name:de": null, "leaf_type": null, "building:levels": null, "layer": null, "location": null, "intermittent": null, "seasonal": null, "waterway": null, "name:ru": null, "landuse": null, "sport": null, "industrial": null, "education": null, "emergency": null, "operator:type": null, "type": null, "leaf_cycle": null, "label": "shop:furniture;building:retail" }, "geometry": { "type": "Polygon", "coordinates": [ [ [ 24.0374368, 35.4967116 ], [ 24.0375629, 35.4968469 ], [ 24.03763, 35.4970129 ], [ 24.0378486, 35.4969092 ], [ 24.0375669, 35.4965096 ], [ 24.0373859, 35.4966046 ], [ 24.0374368, 35.4967116 ] ] ] } },
{ "type": "Feature", "properties": { "element": "way", "id": 1225784243, "amenity": null, "brand": null, "brand:wikidata": null, "name": null, "operator": null, "brand:wikipedia": null, "compressed_air": null, "cuisine": null, "addr:street": null, "name:el": null, "tourism": null, "addr:city": null, "addr:housenumber": null, "addr:postcode": null, "contact:facebook": null, "description": null, "email": null, "fax": null, "fuel:diesel": null, "fuel:diesel_B": null, "fuel:e10": null, "fuel:e5": null, "fuel:gasoline": null, "fuel:heating_oil": null, "fuel:octane_95": null, "fuel:unleaded": null, "opening_hours": null, "payment:app": null, "payment:apple_pay": null, "payment:cards": null, "payment:cash": null, "payment:coins": null, "payment:contactless": null, "payment:credit_cards": null, "payment:debit_cards": null, "payment:electronic_purses": null, "payment:google_pay": null, "payment:maestro": null, "payment:mastercard": null, "payment:mastercard_contactless": null, "payment:visa": null, "payment:visa_debit": null, "payment:visa_electron": null, "phone": null, "self_service": null, "start_date": null, "website": null, "wheelchair": null, "name:en": null, "shop": null, "fee": null, "wikidata": null, "wikipedia": null, "int_name": null, "leisure": null, "healthcare": null, "internet_access": null, "denomination": null, "religion": null, "castle_type": null, "historic": null, "historic:civilization": null, "image": null, "source": null, "theatre:type": null, "natural": null, "ele": null, "male": null, "female": null, "brand:el": null, "brand:en": null, "operator:wikidata": null, "short_name": null, "short_name:el": null, "short_name:en": null, "brewery": null, "outdoor_seating": null, "colour": null, "parcel_locker:type": null, "parcel_mail_in": null, "parcel_pickup": null, "backrest": null, "access": null, "authentication:app": null, "authentication:membership_card": null, "branch": null, "capacity": null, "contact:phone": null, "contact:website": null, "covered": null, "motorcar": null, "parking:fee": null, "ref:EU:EVSE": null, "ref:GR:IDRO": null, "socket:type2": null, "socket:type2:output": null, "lit": null, "socket:type2_combo": null, "socket:type2_combo:output": null, "manufacturer": null, "building": "yes", "parking": null, "name:de": null, "leaf_type": null, "building:levels": null, "layer": null, "location": null, "intermittent": null, "seasonal": null, "waterway": null, "name:ru": null, "landuse": null, "sport": null, "industrial": null, "education": null, "emergency": null, "operator:type": null, "type": null, "leaf_cycle": null, "label": "building:yes" }, "geometry": { "type": "Polygon", "coordinates": [ [ [ 24.0451245, 35.5107535 ], [ 24.0451118, 35.5107157 ], [ 24.0450252, 35.5107349 ], [ 24.0450378, 35.5107728 ], [ 24.0451245, 35.5107535 ] ] ] } },
{ "type": "Feature", "properties": { "element": "way", "id": 1225784244, "amenity": null, "brand": null, "brand:wikidata": null, "name": null, "operator": null, "brand:wikipedia": null, "compressed_air": null, "cuisine": null, "addr:street": null, "name:el": null, "tourism": null, "addr:city": null, "addr:housenumber": null, "addr:postcode": null, "contact:facebook": null, "description": null, "email": null, "fax": null, "fuel:diesel": null, "fuel:diesel_B": null, "fuel:e10": null, "fuel:e5": null, "fuel:gasoline": null, "fuel:heating_oil": null, "fuel:octane_95": null, "fuel:unleaded": null, "opening_hours": null, "payment:app": null, "payment:apple_pay": null, "payment:cards": null, "payment:cash": null, "payment:coins": null, "payment:contactless": null, "payment:credit_cards": null, "payment:debit_cards": null, "payment:electronic_purses": null, "payment:google_pay": null, "payment:maestro": null, "payment:mastercard": null, "payment:mastercard_contactless": null, "payment:visa": null, "payment:visa_debit": null, "payment:visa_electron": null, "phone": null, "self_service": null, "start_date": null, "website": null, "wheelchair": null, "name:en": null, "shop": null, "fee": null, "wikidata": null, "wikipedia": null, "int_name": null, "leisure": null, "healthcare": null, "internet_access": null, "denomination": null, "religion": null, "castle_type": null, "historic": null, "historic:civilization": null, "image": null, "source": null, "theatre:type": null, "natural": null, "ele": null, "male": null, "female": null, "brand:el": null, "brand:en": null, "operator:wikidata": null, "short_name": null, "short_name:el": null, "short_name:en": null, "brewery": null, "outdoor_seating": null, "colour": null, "parcel_locker:type": null, "parcel_mail_in": null, "parcel_pickup": null, "backrest": null, "access": null, "authentication:app": null, "authentication:membership_card": null, "branch": null, "capacity": null, "contact:phone": null, "contact:website": null, "covered": null, "motorcar": null, "parking:fee": null, "ref:EU:EVSE": null, "ref:GR:IDRO": null, "socket:type2": null, "socket:type2:output": null, "lit": null, "socket:type2_combo": null, "socket:type2_combo:output": null, "manufacturer": null, "building": "yes", "parking": null, "name:de": null, "leaf_type": null, "building:levels": null, "layer": null, "location": null, "intermittent": null, "seasonal": null, "waterway": null, "name:ru": null, "landuse": null, "sport": null, "industrial": null, "education": null, "emergency": null, "operator:type": null, "type": null, "leaf_cycle": null, "label": "building:yes" }, "geometry": { "type": "Polygon", "coordinates": [ [ [ 24.0444459, 35.5116549 ], [ 24.0444473, 35.5115688 ], [ 24.0444615, 35.5115689 ], [ 24.0444625, 35.5115079 ], [ 24.044308, 35.5115063 ], [ 24.0443072, 35.5115586 ], [ 24.0443238, 35.5115555 ], [ 24.0443222, 35.5116535 ], [ 24.0444459, 35.5116549 ] ] ] } },
{ "type": "Feature", "properties": { "element": "way", "id": 1225784245, "amenity": null, "brand": null, "brand:wikidata": null, "name": null, "operator": null, "brand:wikipedia": null, "compressed_air": null, "cuisine": null, "addr:street": null, "name:el": null, "tourism": null, "addr:city": null, "addr:housenumber": null, "addr:postcode": null, "contact:facebook": null, "description": null, "email": null, "fax": null, "fuel:diesel": null, "fuel:diesel_B": null, "fuel:e10": null, "fuel:e5": null, "fuel:gasoline": null, "fuel:heating_oil": null, "fuel:octane_95": null, "fuel:unleaded": null, "opening_hours": null, "payment:app": null, "payment:apple_pay": null, "payment:cards": null, "payment:cash": null, "payment:coins": null, "payment:contactless": null, "payment:credit_cards": null, "payment:debit_cards": null, "payment:electronic_purses": null, "payment:google_pay": null, "payment:maestro": null, "payment:mastercard": null, "payment:mastercard_contactless": null, "payment:visa": null, "payment:visa_debit": null, "payment:visa_electron": null, "phone": null, "self_service": null, "start_date": null, "website": null, "wheelchair": null, "name:en": null, "shop": null, "fee": null, "wikidata": null, "wikipedia": null, "int_name": null, "leisure": null, "healthcare": null, "internet_access": null, "denomination": null, "religion": null, "castle_type": null, "historic": null, "historic:civilization": null, "image": null, "source": null, "theatre:type": null, "natural": null, "ele": null, "male": null, "female": null, "brand:el": null, "brand:en": null, "operator:wikidata": null, "short_name": null, "short_name:el": null, "short_name:en": null, "brewery": null, "outdoor_seating": null, "colour": null, "parcel_locker:type": null, "parcel_mail_in": null, "parcel_pickup": null, "backrest": null, "access": null, "authentication:app": null, "authentication:membership_card": null, "branch": null, "capacity": null, "contact:phone": null, "contact:website": null, "covered": null, "motorcar": null, "parking:fee": null, "ref:EU:EVSE": null, "ref:GR:IDRO": null, "socket:type2": null, "socket:type2:output": null, "lit": null, "socket:type2_combo": null, "socket:type2_combo:output": null, "manufacturer": null, "building": "yes", "parking": null, "name:de": null, "leaf_type": null, "building:levels": null, "layer": null, "location": null, "intermittent": null, "seasonal": null, "waterway": null, "name:ru": null, "landuse": null, "sport": null, "industrial": null, "education": null, "emergency": null, "operator:type": null, "type": null, "leaf_cycle": null, "label": "building:yes" }, "geometry": { "type": "Polygon", "coordinates": [ [ [ 24.0449071, 35.5121298 ], [ 24.0449153, 35.5121445 ], [ 24.0449331, 35.5121379 ], [ 24.0449401, 35.5121505 ], [ 24.0450472, 35.5121111 ], [ 24.0450423, 35.5121023 ], [ 24.0450662, 35.5120935 ], [ 24.0450518, 35.5120675 ], [ 24.0450683, 35.5120614 ], [ 24.0450517, 35.5120314 ], [ 24.0450335, 35.5120381 ], [ 24.0450164, 35.5120074 ], [ 24.0450028, 35.5120124 ], [ 24.0449943, 35.5119971 ], [ 24.0448853, 35.5120372 ], [ 24.0448903, 35.5120462 ], [ 24.0448649, 35.5120555 ], [ 24.0448721, 35.5120686 ], [ 24.0448427, 35.5120794 ], [ 24.0448768, 35.5121409 ], [ 24.0449071, 35.5121298 ] ] ] } },
{ "type": "Feature", "properties": { "element": "way", "id": 1225784247, "amenity": null, "brand": null, "brand:wikidata": null, "name": null, "operator": null, "brand:wikipedia": null, "compressed_air": null, "cuisine": null, "addr:street": null, "name:el": null, "tourism": null, "addr:city": null, "addr:housenumber": null, "addr:postcode": null, "contact:facebook": null, "description": null, "email": null, "fax": null, "fuel:diesel": null, "fuel:diesel_B": null, "fuel:e10": null, "fuel:e5": null, "fuel:gasoline": null, "fuel:heating_oil": null, "fuel:octane_95": null, "fuel:unleaded": null, "opening_hours": null, "payment:app": null, "payment:apple_pay": null, "payment:cards": null, "payment:cash": null, "payment:coins": null, "payment:contactless": null, "payment:credit_cards": null, "payment:debit_cards": null, "payment:electronic_purses": null, "payment:google_pay": null, "payment:maestro": null, "payment:mastercard": null, "payment:mastercard_contactless": null, "payment:visa": null, "payment:visa_debit": null, "payment:visa_electron": null, "phone": null, "self_service": null, "start_date": null, "website": null, "wheelchair": null, "name:en": null, "shop": null, "fee": null, "wikidata": null, "wikipedia": null, "int_name": null, "leisure": null, "healthcare": null, "internet_access": null, "denomination": null, "religion": null, "castle_type": null, "historic": null, "historic:civilization": null, "image": null, "source": null, "theatre:type": null, "natural": null, "ele": null, "male": null, "female": null, "brand:el": null, "brand:en": null, "operator:wikidata": null, "short_name": null, "short_name:el": null, "short_name:en": null, "brewery": null, "outdoor_seating": null, "colour": null, "parcel_locker:type": null, "parcel_mail_in": null, "parcel_pickup": null, "backrest": null, "access": null, "authentication:app": null, "authentication:membership_card": null, "branch": null, "capacity": null, "contact:phone": null, "contact:website": null, "covered": null, "motorcar": null, "parking:fee": null, "ref:EU:EVSE": null, "ref:GR:IDRO": null, "socket:type2": null, "socket:type2:output": null, "lit": null, "socket:type2_combo": null, "socket:type2_combo:output": null, "manufacturer": null, "building": "yes", "parking": null, "name:de": null, "leaf_type": null, "building:levels": null, "layer": null, "location": null, "intermittent": null, "seasonal": null, "waterway": null, "name:ru": null, "landuse": null, "sport": null, "industrial": null, "education": null, "emergency": null, "operator:type": null, "type": null, "leaf_cycle": null, "label": "building:yes" }, "geometry": { "type": "Polygon", "coordinates": [ [ [ 24.0446014, 35.512193 ], [ 24.0446099, 35.5122213 ], [ 24.0445993, 35.5122299 ], [ 24.0446194, 35.5122695 ], [ 24.0446374, 35.5122643 ], [ 24.0446458, 35.5122807 ], [ 24.044556, 35.512297 ], [ 24.0445518, 35.5123581 ], [ 24.0447546, 35.5123237 ], [ 24.0446543, 35.5121465 ], [ 24.0446014, 35.512193 ] ] ] } },
{ "type": "Feature", "properties": { "element": "way", "id": 1225784248, "amenity": null, "brand": null, "brand:wikidata": null, "name": null, "operator": null, "brand:wikipedia": null, "compressed_air": null, "cuisine": null, "addr:street": null, "name:el": null, "tourism": null, "addr:city": null, "addr:housenumber": null, "addr:postcode": null, "contact:facebook": null, "description": null, "email": null, "fax": null, "fuel:diesel": null, "fuel:diesel_B": null, "fuel:e10": null, "fuel:e5": null, "fuel:gasoline": null, "fuel:heating_oil": null, "fuel:octane_95": null, "fuel:unleaded": null, "opening_hours": null, "payment:app": null, "payment:apple_pay": null, "payment:cards": null, "payment:cash": null, "payment:coins": null, "payment:contactless": null, "payment:credit_cards": null, "payment:debit_cards": null, "payment:electronic_purses": null, "payment:google_pay": null, "payment:maestro": null, "payment:mastercard": null, "payment:mastercard_contactless": null, "payment:visa": null, "payment:visa_debit": null, "payment:visa_electron": null, "phone": null, "self_service": null, "start_date": null, "website": null, "wheelchair": null, "name:en": null, "shop": null, "fee": null, "wikidata": null, "wikipedia": null, "int_name": null, "leisure": null, "healthcare": null, "internet_access": null, "denomination": null, "religion": null, "castle_type": null, "historic": null, "historic:civilization": null, "image": null, "source": null, "theatre:type": null, "natural": null, "ele": null, "male": null, "female": null, "brand:el": null, "brand:en": null, "operator:wikidata": null, "short_name": null, "short_name:el": null, "short_name:en": null, "brewery": null, "outdoor_seating": null, "colour": null, "parcel_locker:type": null, "parcel_mail_in": null, "parcel_pickup": null, "backrest": null, "access": null, "authentication:app": null, "authentication:membership_card": null, "branch": null, "capacity": null, "contact:phone": null, "contact:website": null, "covered": null, "motorcar": null, "parking:fee": null, "ref:EU:EVSE": null, "ref:GR:IDRO": null, "socket:type2": null, "socket:type2:output": null, "lit": null, "socket:type2_combo": null, "socket:type2_combo:output": null, "manufacturer": null, "building": "yes", "parking": null, "name:de": null, "leaf_type": null, "building:levels": null, "layer": null, "location": null, "intermittent": null, "seasonal": null, "waterway": null, "name:ru": null, "landuse": null, "sport": null, "industrial": null, "education": null, "emergency": null, "operator:type": null, "type": null, "leaf_cycle": null, "label": "building:yes" }, "geometry": { "type": "Polygon", "coordinates": [ [ [ 24.0441473, 35.5119491 ], [ 24.0441467, 35.5119704 ], [ 24.0441564, 35.5119706 ], [ 24.044156, 35.511984 ], [ 24.044177, 35.5119844 ], [ 24.0441766, 35.5119993 ], [ 24.0441944, 35.5119997 ], [ 24.044194, 35.5120112 ], [ 24.0442339, 35.5120119 ], [ 24.0442333, 35.5120349 ], [ 24.0443642, 35.5120374 ], [ 24.0443685, 35.5118867 ], [ 24.0441292, 35.5118822 ], [ 24.0441274, 35.5119487 ], [ 24.0441473, 35.5119491 ] ] ] } },
{ "type": "Feature", "properties": { "element": "way", "id": 1225784249, "amenity": null, "brand": null, "brand:wikidata": null, "name": null, "operator": null, "brand:wikipedia": null, "compressed_air": null, "cuisine": null, "addr:street": null, "name:el": null, "tourism": null, "addr:city": null, "addr:housenumber": null, "addr:postcode": null, "contact:facebook": null, "description": null, "email": null, "fax": null, "fuel:diesel": null, "fuel:diesel_B": null, "fuel:e10": null, "fuel:e5": null, "fuel:gasoline": null, "fuel:heating_oil": null, "fuel:octane_95": null, "fuel:unleaded": null, "opening_hours": null, "payment:app": null, "payment:apple_pay": null, "payment:cards": null, "payment:cash": null, "payment:coins": null, "payment:contactless": null, "payment:credit_cards": null, "payment:debit_cards": null, "payment:electronic_purses": null, "payment:google_pay": null, "payment:maestro": null, "payment:mastercard": null, "payment:mastercard_contactless": null, "payment:visa": null, "payment:visa_debit": null, "payment:visa_electron": null, "phone": null, "self_service": null, "start_date": null, "website": null, "wheelchair": null, "name:en": null, "shop": null, "fee": null, "wikidata": null, "wikipedia": null, "int_name": null, "leisure": null, "healthcare": null, "internet_access": null, "denomination": null, "religion": null, "castle_type": null, "historic": null, "historic:civilization": null, "image": null, "source": null, "theatre:type": null, "natural": null, "ele": null, "male": null, "female": null, "brand:el": null, "brand:en": null, "operator:wikidata": null, "short_name": null, "short_name:el": null, "short_name:en": null, "brewery": null, "outdoor_seating": null, "colour": null, "parcel_locker:type": null, "parcel_mail_in": null, "parcel_pickup": null, "backrest": null, "access": null, "authentication:app": null, "authentication:membership_card": null, "branch": null, "capacity": null, "contact:phone": null, "contact:website": null, "covered": null, "motorcar": null, "parking:fee": null, "ref:EU:EVSE": null, "ref:GR:IDRO": null, "socket:type2": null, "socket:type2:output": null, "lit": null, "socket:type2_combo": null, "socket:type2_combo:output": null, "manufacturer": null, "building": "yes", "parking": null, "name:de": null, "leaf_type": null, "building:levels": null, "layer": null, "location": null, "intermittent": null, "seasonal": null, "waterway": null, "name:ru": null, "landuse": null, "sport": null, "industrial": null, "education": null, "emergency": null, "operator:type": null, "type": null, "leaf_cycle": null, "label": "building:yes" }, "geometry": { "type": "Polygon", "coordinates": [ [ [ 24.0474013, 35.5115769 ], [ 24.0474572, 35.5114673 ], [ 24.0473601, 35.5114345 ], [ 24.0473042, 35.5115441 ], [ 24.0474013, 35.5115769 ] ] ] } },
{ "type": "Feature", "properties": { "element": "way", "id": 1225784250, "amenity": null, "brand": null, "brand:wikidata": null, "name": null, "operator": null, "brand:wikipedia": null, "compressed_air": null, "cuisine": null, "addr:street": null, "name:el": null, "tourism": null, "addr:city": null, "addr:housenumber": null, "addr:postcode": null, "contact:facebook": null, "description": null, "email": null, "fax": null, "fuel:diesel": null, "fuel:diesel_B": null, "fuel:e10": null, "fuel:e5": null, "fuel:gasoline": null, "fuel:heating_oil": null, "fuel:octane_95": null, "fuel:unleaded": null, "opening_hours": null, "payment:app": null, "payment:apple_pay": null, "payment:cards": null, "payment:cash": null, "payment:coins": null, "payment:contactless": null, "payment:credit_cards": null, "payment:debit_cards": null, "payment:electronic_purses": null, "payment:google_pay": null, "payment:maestro": null, "payment:mastercard": null, "payment:mastercard_contactless": null, "payment:visa": null, "payment:visa_debit": null, "payment:visa_electron": null, "phone": null, "self_service": null, "start_date": null, "website": null, "wheelchair": null, "name:en": null, "shop": null, "fee": null, "wikidata": null, "wikipedia": null, "int_name": null, "leisure": null, "healthcare": null, "internet_access": null, "denomination": null, "religion": null, "castle_type": null, "historic": null, "historic:civilization": null, "image": null, "source": null, "theatre:type": null, "natural": null, "ele": null, "male": null, "female": null, "brand:el": null, "brand:en": null, "operator:wikidata": null, "short_name": null, "short_name:el": null, "short_name:en": null, "brewery": null, "outdoor_seating": null, "colour": null, "parcel_locker:type": null, "parcel_mail_in": null, "parcel_pickup": null, "backrest": null, "access": null, "authentication:app": null, "authentication:membership_card": null, "branch": null, "capacity": null, "contact:phone": null, "contact:website": null, "covered": null, "motorcar": null, "parking:fee": null, "ref:EU:EVSE": null, "ref:GR:IDRO": null, "socket:type2": null, "socket:type2:output": null, "lit": null, "socket:type2_combo": null, "socket:type2_combo:output": null, "manufacturer": null, "building": "yes", "parking": null, "name:de": null, "leaf_type": null, "building:levels": null, "layer": null, "location": null, "intermittent": null, "seasonal": null, "waterway": null, "name:ru": null, "landuse": null, "sport": null, "industrial": null, "education": null, "emergency": null, "operator:type": null, "type": null, "leaf_cycle": null, "label": "building:yes" }, "geometry": { "type": "Polygon", "coordinates": [ [ [ 24.0492823, 35.5096173 ], [ 24.0493244, 35.5094819 ], [ 24.0489403, 35.5094026 ], [ 24.0488981, 35.5095381 ], [ 24.0492823, 35.5096173 ] ] ] } },
{ "type": "Feature", "properties": { "element": "way", "id": 1225784252, "amenity": null, "brand": null, "brand:wikidata": null, "name": null, "operator": null, "brand:wikipedia": null, "compressed_air": null, "cuisine": null, "addr:street": null, "name:el": null, "tourism": null, "addr:city": null, "addr:housenumber": null, "addr:postcode": null, "contact:facebook": null, "description": null, "email": null, "fax": null, "fuel:diesel": null, "fuel:diesel_B": null, "fuel:e10": null, "fuel:e5": null, "fuel:gasoline": null, "fuel:heating_oil": null, "fuel:octane_95": null, "fuel:unleaded": null, "opening_hours": null, "payment:app": null, "payment:apple_pay": null, "payment:cards": null, "payment:cash": null, "payment:coins": null, "payment:contactless": null, "payment:credit_cards": null, "payment:debit_cards": null, "payment:electronic_purses": null, "payment:google_pay": null, "payment:maestro": null, "payment:mastercard": null, "payment:mastercard_contactless": null, "payment:visa": null, "payment:visa_debit": null, "payment:visa_electron": null, "phone": null, "self_service": null, "start_date": null, "website": null, "wheelchair": null, "name:en": null, "shop": null, "fee": null, "wikidata": null, "wikipedia": null, "int_name": null, "leisure": null, "healthcare": null, "internet_access": null, "denomination": null, "religion": null, "castle_type": null, "historic": null, "historic:civilization": null, "image": null, "source": null, "theatre:type": null, "natural": null, "ele": null, "male": null, "female": null, "brand:el": null, "brand:en": null, "operator:wikidata": null, "short_name": null, "short_name:el": null, "short_name:en": null, "brewery": null, "outdoor_seating": null, "colour": null, "parcel_locker:type": null, "parcel_mail_in": null, "parcel_pickup": null, "backrest": null, "access": null, "authentication:app": null, "authentication:membership_card": null, "branch": null, "capacity": null, "contact:phone": null, "contact:website": null, "covered": null, "motorcar": null, "parking:fee": null, "ref:EU:EVSE": null, "ref:GR:IDRO": null, "socket:type2": null, "socket:type2:output": null, "lit": null, "socket:type2_combo": null, "socket:type2_combo:output": null, "manufacturer": null, "building": "yes", "parking": null, "name:de": null, "leaf_type": null, "building:levels": null, "layer": null, "location": null, "intermittent": null, "seasonal": null, "waterway": null, "name:ru": null, "landuse": null, "sport": null, "industrial": null, "education": null, "emergency": null, "operator:type": null, "type": null, "leaf_cycle": null, "label": "building:yes" }, "geometry": { "type": "Polygon", "coordinates": [ [ [ 24.0486852, 35.5124426 ], [ 24.0486834, 35.5123302 ], [ 24.0484824, 35.5123323 ], [ 24.0484842, 35.5124448 ], [ 24.0486852, 35.5124426 ] ] ] } },
{ "type": "Feature", "properties": { "element": "way", "id": 1225784253, "amenity": null, "brand": null, "brand:wikidata": null, "name": "Χαλκιαδάκης", "operator": null, "brand:wikipedia": null, "compressed_air": null, "cuisine": null, "addr:street": null, "name:el": null, "tourism": null, "addr:city": null, "addr:housenumber": null, "addr:postcode": null, "contact:facebook": null, "description": null, "email": null, "fax": null, "fuel:diesel": null, "fuel:diesel_B": null, "fuel:e10": null, "fuel:e5": null, "fuel:gasoline": null, "fuel:heating_oil": null, "fuel:octane_95": null, "fuel:unleaded": null, "opening_hours": null, "payment:app": null, "payment:apple_pay": null, "payment:cards": null, "payment:cash": null, "payment:coins": null, "payment:contactless": null, "payment:credit_cards": null, "payment:debit_cards": null, "payment:electronic_purses": null, "payment:google_pay": null, "payment:maestro": null, "payment:mastercard": null, "payment:mastercard_contactless": null, "payment:visa": null, "payment:visa_debit": null, "payment:visa_electron": null, "phone": null, "self_service": null, "start_date": null, "website": null, "wheelchair": null, "name:en": null, "shop": "supermarket", "fee": null, "wikidata": null, "wikipedia": null, "int_name": null, "leisure": null, "healthcare": null, "internet_access": null, "denomination": null, "religion": null, "castle_type": null, "historic": null, "historic:civilization": null, "image": null, "source": null, "theatre:type": null, "natural": null, "ele": null, "male": null, "female": null, "brand:el": null, "brand:en": null, "operator:wikidata": null, "short_name": null, "short_name:el": null, "short_name:en": null, "brewery": null, "outdoor_seating": null, "colour": null, "parcel_locker:type": null, "parcel_mail_in": null, "parcel_pickup": null, "backrest": null, "access": null, "authentication:app": null, "authentication:membership_card": null, "branch": null, "capacity": null, "contact:phone": null, "contact:website": null, "covered": null, "motorcar": null, "parking:fee": null, "ref:EU:EVSE": null, "ref:GR:IDRO": null, "socket:type2": null, "socket:type2:output": null, "lit": null, "socket:type2_combo": null, "socket:type2_combo:output": null, "manufacturer": null, "building": "yes", "parking": null, "name:de": null, "leaf_type": null, "building:levels": null, "layer": null, "location": null, "intermittent": null, "seasonal": null, "waterway": null, "name:ru": null, "landuse": null, "sport": null, "industrial": null, "education": null, "emergency": null, "operator:type": null, "type": null, "leaf_cycle": null, "label": "shop:supermarket;building:yes" }, "geometry": { "type": "Polygon", "coordinates": [ [ [ 24.0475446, 35.5133853 ], [ 24.0474416, 35.5132036 ], [ 24.0472386, 35.5132745 ], [ 24.0473141, 35.5134739 ], [ 24.0475446, 35.5133853 ] ] ] } },
{ "type": "Feature", "properties": { "element": "way", "id": 1225784254, "amenity": "parking", "brand": null, "brand:wikidata": null, "name": null, "operator": null, "brand:wikipedia": null, "compressed_air": null, "cuisine": null, "addr:street": null, "name:el": null, "tourism": null, "addr:city": null, "addr:housenumber": null, "addr:postcode": null, "contact:facebook": null, "description": null, "email": null, "fax": null, "fuel:diesel": null, "fuel:diesel_B": null, "fuel:e10": null, "fuel:e5": null, "fuel:gasoline": null, "fuel:heating_oil": null, "fuel:octane_95": null, "fuel:unleaded": null, "opening_hours": null, "payment:app": null, "payment:apple_pay": null, "payment:cards": null, "payment:cash": null, "payment:coins": null, "payment:contactless": null, "payment:credit_cards": null, "payment:debit_cards": null, "payment:electronic_purses": null, "payment:google_pay": null, "payment:maestro": null, "payment:mastercard": null, "payment:mastercard_contactless": null, "payment:visa": null, "payment:visa_debit": null, "payment:visa_electron": null, "phone": null, "self_service": null, "start_date": null, "website": null, "wheelchair": null, "name:en": null, "shop": null, "fee": "no", "wikidata": null, "wikipedia": null, "int_name": null, "leisure": null, "healthcare": null, "internet_access": null, "denomination": null, "religion": null, "castle_type": null, "historic": null, "historic:civilization": null, "image": null, "source": null, "theatre:type": null, "natural": null, "ele": null, "male": null, "female": null, "brand:el": null, "brand:en": null, "operator:wikidata": null, "short_name": null, "short_name:el": null, "short_name:en": null, "brewery": null, "outdoor_seating": null, "colour": null, "parcel_locker:type": null, "parcel_mail_in": null, "parcel_pickup": null, "backrest": null, "access": null, "authentication:app": null, "authentication:membership_card": null, "branch": null, "capacity": null, "contact:phone": null, "contact:website": null, "covered": null, "motorcar": null, "parking:fee": null, "ref:EU:EVSE": null, "ref:GR:IDRO": null, "socket:type2": null, "socket:type2:output": null, "lit": null, "socket:type2_combo": null, "socket:type2_combo:output": null, "manufacturer": null, "building": null, "parking": "surface", "name:de": null, "leaf_type": null, "building:levels": null, "layer": null, "location": null, "intermittent": null, "seasonal": null, "waterway": null, "name:ru": null, "landuse": null, "sport": null, "industrial": null, "education": null, "emergency": null, "operator:type": null, "type": null, "leaf_cycle": null, "label": "amenity:parking" }, "geometry": { "type": "Polygon", "coordinates": [ [ [ 24.0476343, 35.5133549 ], [ 24.0473786, 35.5129326 ], [ 24.0473075, 35.5129667 ], [ 24.0474416, 35.5132036 ], [ 24.0475446, 35.5133853 ], [ 24.0476343, 35.5133549 ] ] ] } },
{ "type": "Feature", "properties": { "element": "way", "id": 1225784255, "amenity": null, "brand": null, "brand:wikidata": null, "name": null, "operator": null, "brand:wikipedia": null, "compressed_air": null, "cuisine": null, "addr:street": null, "name:el": null, "tourism": null, "addr:city": null, "addr:housenumber": null, "addr:postcode": null, "contact:facebook": null, "description": null, "email": null, "fax": null, "fuel:diesel": null, "fuel:diesel_B": null, "fuel:e10": null, "fuel:e5": null, "fuel:gasoline": null, "fuel:heating_oil": null, "fuel:octane_95": null, "fuel:unleaded": null, "opening_hours": null, "payment:app": null, "payment:apple_pay": null, "payment:cards": null, "payment:cash": null, "payment:coins": null, "payment:contactless": null, "payment:credit_cards": null, "payment:debit_cards": null, "payment:electronic_purses": null, "payment:google_pay": null, "payment:maestro": null, "payment:mastercard": null, "payment:mastercard_contactless": null, "payment:visa": null, "payment:visa_debit": null, "payment:visa_electron": null, "phone": null, "self_service": null, "start_date": null, "website": null, "wheelchair": null, "name:en": null, "shop": null, "fee": null, "wikidata": null, "wikipedia": null, "int_name": null, "leisure": null, "healthcare": null, "internet_access": null, "denomination": null, "religion": null, "castle_type": null, "historic": null, "historic:civilization": null, "image": null, "source": null, "theatre:type": null, "natural": null, "ele": null, "male": null, "female": null, "brand:el": null, "brand:en": null, "operator:wikidata": null, "short_name": null, "short_name:el": null, "short_name:en": null, "brewery": null, "outdoor_seating": null, "colour": null, "parcel_locker:type": null, "parcel_mail_in": null, "parcel_pickup": null, "backrest": null, "access": null, "authentication:app": null, "authentication:membership_card": null, "branch": null, "capacity": null, "contact:phone": null, "contact:website": null, "covered": null, "motorcar": null, "parking:fee": null, "ref:EU:EVSE": null, "ref:GR:IDRO": null, "socket:type2": null, "socket:type2:output": null, "lit": null, "socket:type2_combo": null, "socket:type2_combo:output": null, "manufacturer": null, "building": "yes", "parking": null, "name:de": null, "leaf_type": null, "building:levels": null, "layer": null, "location": null, "intermittent": null, "seasonal": null, "waterway": null, "name:ru": null, "landuse": null, "sport": null, "industrial": null, "education": null, "emergency": null, "operator:type": null, "type": null, "leaf_cycle": null, "label": "building:yes" }, "geometry": { "type": "Polygon", "coordinates": [ [ [ 24.0477947, 35.512318 ], [ 24.0477642, 35.5122298 ], [ 24.0476279, 35.5122611 ], [ 24.0475998, 35.5122216 ], [ 24.0475214, 35.5122396 ], [ 24.0475425, 35.5123006 ], [ 24.0474745, 35.5123162 ], [ 24.0474987, 35.512386 ], [ 24.0477947, 35.512318 ] ] ] } },
{ "type": "Feature", "properties": { "element": "way", "id": 1225784256, "amenity": null, "brand": null, "brand:wikidata": null, "name": null, "operator": null, "brand:wikipedia": null, "compressed_air": null, "cuisine": null, "addr:street": null, "name:el": null, "tourism": null, "addr:city": null, "addr:housenumber": null, "addr:postcode": null, "contact:facebook": null, "description": null, "email": null, "fax": null, "fuel:diesel": null, "fuel:diesel_B": null, "fuel:e10": null, "fuel:e5": null, "fuel:gasoline": null, "fuel:heating_oil": null, "fuel:octane_95": null, "fuel:unleaded": null, "opening_hours": null, "payment:app": null, "payment:apple_pay": null, "payment:cards": null, "payment:cash": null, "payment:coins": null, "payment:contactless": null, "payment:credit_cards": null, "payment:debit_cards": null, "payment:electronic_purses": null, "payment:google_pay": null, "payment:maestro": null, "payment:mastercard": null, "payment:mastercard_contactless": null, "payment:visa": null, "payment:visa_debit": null, "payment:visa_electron": null, "phone": null, "self_service": null, "start_date": null, "website": null, "wheelchair": null, "name:en": null, "shop": null, "fee": null, "wikidata": null, "wikipedia": null, "int_name": null, "leisure": null, "healthcare": null, "internet_access": null, "denomination": null, "religion": null, "castle_type": null, "historic": null, "historic:civilization": null, "image": null, "source": null, "theatre:type": null, "natural": null, "ele": null, "male": null, "female": null, "brand:el": null, "brand:en": null, "operator:wikidata": null, "short_name": null, "short_name:el": null, "short_name:en": null, "brewery": null, "outdoor_seating": null, "colour": null, "parcel_locker:type": null, "parcel_mail_in": null, "parcel_pickup": null, "backrest": null, "access": null, "authentication:app": null, "authentication:membership_card": null, "branch": null, "capacity": null, "contact:phone": null, "contact:website": null, "covered": null, "motorcar": null, "parking:fee": null, "ref:EU:EVSE": null, "ref:GR:IDRO": null, "socket:type2": null, "socket:type2:output": null, "lit": null, "socket:type2_combo": null, "socket:type2_combo:output": null, "manufacturer": null, "building": "yes", "parking": null, "name:de": null, "leaf_type": null, "building:levels": null, "layer": null, "location": null, "intermittent": null, "seasonal": null, "waterway": null, "name:ru": null, "landuse": null, "sport": null, "industrial": null, "education": null, "emergency": null, "operator:type": null, "type": null, "leaf_cycle": null, "label": "building:yes" }, "geometry": { "type": "Polygon", "coordinates": [ [ [ 24.0483262, 35.5124805 ], [ 24.0483267, 35.5123565 ], [ 24.0483577, 35.5123566 ], [ 24.0483581, 35.5122732 ], [ 24.0481386, 35.5122726 ], [ 24.0481379, 35.512443 ], [ 24.0481506, 35.5124431 ], [ 24.0481504, 35.51248 ], [ 24.0483262, 35.5124805 ] ] ] } },
{ "type": "Feature", "properties": { "element": "way", "id": 1225784257, "amenity": null, "brand": null, "brand:wikidata": null, "name": null, "operator": null, "brand:wikipedia": null, "compressed_air": null, "cuisine": null, "addr:street": null, "name:el": null, "tourism": null, "addr:city": null, "addr:housenumber": null, "addr:postcode": null, "contact:facebook": null, "description": null, "email": null, "fax": null, "fuel:diesel": null, "fuel:diesel_B": null, "fuel:e10": null, "fuel:e5": null, "fuel:gasoline": null, "fuel:heating_oil": null, "fuel:octane_95": null, "fuel:unleaded": null, "opening_hours": null, "payment:app": null, "payment:apple_pay": null, "payment:cards": null, "payment:cash": null, "payment:coins": null, "payment:contactless": null, "payment:credit_cards": null, "payment:debit_cards": null, "payment:electronic_purses": null, "payment:google_pay": null, "payment:maestro": null, "payment:mastercard": null, "payment:mastercard_contactless": null, "payment:visa": null, "payment:visa_debit": null, "payment:visa_electron": null, "phone": null, "self_service": null, "start_date": null, "website": null, "wheelchair": null, "name:en": null, "shop": null, "fee": null, "wikidata": null, "wikipedia": null, "int_name": null, "leisure": null, "healthcare": null, "internet_access": null, "denomination": null, "religion": null, "castle_type": null, "historic": null, "historic:civilization": null, "image": null, "source": null, "theatre:type": null, "natural": null, "ele": null, "male": null, "female": null, "brand:el": null, "brand:en": null, "operator:wikidata": null, "short_name": null, "short_name:el": null, "short_name:en": null, "brewery": null, "outdoor_seating": null, "colour": null, "parcel_locker:type": null, "parcel_mail_in": null, "parcel_pickup": null, "backrest": null, "access": null, "authentication:app": null, "authentication:membership_card": null, "branch": null, "capacity": null, "contact:phone": null, "contact:website": null, "covered": null, "motorcar": null, "parking:fee": null, "ref:EU:EVSE": null, "ref:GR:IDRO": null, "socket:type2": null, "socket:type2:output": null, "lit": null, "socket:type2_combo": null, "socket:type2_combo:output": null, "manufacturer": null, "building": "yes", "parking": null, "name:de": null, "leaf_type": null, "building:levels": null, "layer": null, "location": null, "intermittent": null, "seasonal": null, "waterway": null, "name:ru": null, "landuse": null, "sport": null, "industrial": null, "education": null, "emergency": null, "operator:type": null, "type": null, "leaf_cycle": null, "label": "building:yes" }, "geometry": { "type": "Polygon", "coordinates": [ [ [ 24.0483152, 35.5121763 ], [ 24.0482951, 35.5119994 ], [ 24.0482056, 35.5120061 ], [ 24.0482104, 35.5120488 ], [ 24.0481824, 35.5120509 ], [ 24.0481904, 35.512122 ], [ 24.0481257, 35.5121269 ], [ 24.0481329, 35.51219 ], [ 24.0483152, 35.5121763 ] ] ] } },
{ "type": "Feature", "properties": { "element": "way", "id": 1225784258, "amenity": null, "brand": null, "brand:wikidata": null, "name": null, "operator": null, "brand:wikipedia": null, "compressed_air": null, "cuisine": null, "addr:street": null, "name:el": null, "tourism": null, "addr:city": null, "addr:housenumber": null, "addr:postcode": null, "contact:facebook": null, "description": null, "email": null, "fax": null, "fuel:diesel": null, "fuel:diesel_B": null, "fuel:e10": null, "fuel:e5": null, "fuel:gasoline": null, "fuel:heating_oil": null, "fuel:octane_95": null, "fuel:unleaded": null, "opening_hours": null, "payment:app": null, "payment:apple_pay": null, "payment:cards": null, "payment:cash": null, "payment:coins": null, "payment:contactless": null, "payment:credit_cards": null, "payment:debit_cards": null, "payment:electronic_purses": null, "payment:google_pay": null, "payment:maestro": null, "payment:mastercard": null, "payment:mastercard_contactless": null, "payment:visa": null, "payment:visa_debit": null, "payment:visa_electron": null, "phone": null, "self_service": null, "start_date": null, "website": null, "wheelchair": null, "name:en": null, "shop": null, "fee": null, "wikidata": null, "wikipedia": null, "int_name": null, "leisure": null, "healthcare": null, "internet_access": null, "denomination": null, "religion": null, "castle_type": null, "historic": null, "historic:civilization": null, "image": null, "source": null, "theatre:type": null, "natural": null, "ele": null, "male": null, "female": null, "brand:el": null, "brand:en": null, "operator:wikidata": null, "short_name": null, "short_name:el": null, "short_name:en": null, "brewery": null, "outdoor_seating": null, "colour": null, "parcel_locker:type": null, "parcel_mail_in": null, "parcel_pickup": null, "backrest": null, "access": null, "authentication:app": null, "authentication:membership_card": null, "branch": null, "capacity": null, "contact:phone": null, "contact:website": null, "covered": null, "motorcar": null, "parking:fee": null, "ref:EU:EVSE": null, "ref:GR:IDRO": null, "socket:type2": null, "socket:type2:output": null, "lit": null, "socket:type2_combo": null, "socket:type2_combo:output": null, "manufacturer": null, "building": "yes", "parking": null, "name:de": null, "leaf_type": null, "building:levels": null, "layer": null, "location": null, "intermittent": null, "seasonal": null, "waterway": null, "name:ru": null, "landuse": null, "sport": null, "industrial": null, "education": null, "emergency": null, "operator:type": null, "type": null, "leaf_cycle": null, "label": "building:yes" }, "geometry": { "type": "Polygon", "coordinates": [ [ [ 24.0486139, 35.5122506 ], [ 24.0486139, 35.5122245 ], [ 24.0487275, 35.5122244 ], [ 24.0487273, 35.5121523 ], [ 24.0485573, 35.5121525 ], [ 24.0485574, 35.5121734 ], [ 24.0484775, 35.5121735 ], [ 24.0484776, 35.5122508 ], [ 24.0486139, 35.5122506 ] ] ] } },
{ "type": "Feature", "properties": { "element": "way", "id": 1225856284, "amenity": null, "brand": null, "brand:wikidata": null, "name": null, "operator": null, "brand:wikipedia": null, "compressed_air": null, "cuisine": null, "addr:street": null, "name:el": null, "tourism": null, "addr:city": null, "addr:housenumber": null, "addr:postcode": null, "contact:facebook": null, "description": null, "email": null, "fax": null, "fuel:diesel": null, "fuel:diesel_B": null, "fuel:e10": null, "fuel:e5": null, "fuel:gasoline": null, "fuel:heating_oil": null, "fuel:octane_95": null, "fuel:unleaded": null, "opening_hours": null, "payment:app": null, "payment:apple_pay": null, "payment:cards": null, "payment:cash": null, "payment:coins": null, "payment:contactless": null, "payment:credit_cards": null, "payment:debit_cards": null, "payment:electronic_purses": null, "payment:google_pay": null, "payment:maestro": null, "payment:mastercard": null, "payment:mastercard_contactless": null, "payment:visa": null, "payment:visa_debit": null, "payment:visa_electron": null, "phone": null, "self_service": null, "start_date": null, "website": null, "wheelchair": null, "name:en": null, "shop": null, "fee": null, "wikidata": null, "wikipedia": null, "int_name": null, "leisure": null, "healthcare": null, "internet_access": null, "denomination": null, "religion": null, "castle_type": null, "historic": null, "historic:civilization": null, "image": null, "source": null, "theatre:type": null, "natural": null, "ele": null, "male": null, "female": null, "brand:el": null, "brand:en": null, "operator:wikidata": null, "short_name": null, "short_name:el": null, "short_name:en": null, "brewery": null, "outdoor_seating": null, "colour": null, "parcel_locker:type": null, "parcel_mail_in": null, "parcel_pickup": null, "backrest": null, "access": null, "authentication:app": null, "authentication:membership_card": null, "branch": null, "capacity": null, "contact:phone": null, "contact:website": null, "covered": null, "motorcar": null, "parking:fee": null, "ref:EU:EVSE": null, "ref:GR:IDRO": null, "socket:type2": null, "socket:type2:output": null, "lit": null, "socket:type2_combo": null, "socket:type2_combo:output": null, "manufacturer": null, "building": "yes", "parking": null, "name:de": null, "leaf_type": null, "building:levels": null, "layer": null, "location": null, "intermittent": null, "seasonal": null, "waterway": null, "name:ru": null, "landuse": null, "sport": null, "industrial": null, "education": null, "emergency": null, "operator:type": null, "type": null, "leaf_cycle": null, "label": "building:yes" }, "geometry": { "type": "Polygon", "coordinates": [ [ [ 24.0498312, 35.5125246 ], [ 24.0498963, 35.51234 ], [ 24.0497258, 35.5123002 ], [ 24.0496608, 35.5124848 ], [ 24.0498312, 35.5125246 ] ] ] } },
{ "type": "Feature", "properties": { "element": "way", "id": 1225856285, "amenity": null, "brand": null, "brand:wikidata": null, "name": null, "operator": null, "brand:wikipedia": null, "compressed_air": null, "cuisine": null, "addr:street": null, "name:el": null, "tourism": null, "addr:city": null, "addr:housenumber": null, "addr:postcode": null, "contact:facebook": null, "description": null, "email": null, "fax": null, "fuel:diesel": null, "fuel:diesel_B": null, "fuel:e10": null, "fuel:e5": null, "fuel:gasoline": null, "fuel:heating_oil": null, "fuel:octane_95": null, "fuel:unleaded": null, "opening_hours": null, "payment:app": null, "payment:apple_pay": null, "payment:cards": null, "payment:cash": null, "payment:coins": null, "payment:contactless": null, "payment:credit_cards": null, "payment:debit_cards": null, "payment:electronic_purses": null, "payment:google_pay": null, "payment:maestro": null, "payment:mastercard": null, "payment:mastercard_contactless": null, "payment:visa": null, "payment:visa_debit": null, "payment:visa_electron": null, "phone": null, "self_service": null, "start_date": null, "website": null, "wheelchair": null, "name:en": null, "shop": null, "fee": null, "wikidata": null, "wikipedia": null, "int_name": null, "leisure": null, "healthcare": null, "internet_access": null, "denomination": null, "religion": null, "castle_type": null, "historic": null, "historic:civilization": null, "image": null, "source": null, "theatre:type": null, "natural": null, "ele": null, "male": null, "female": null, "brand:el": null, "brand:en": null, "operator:wikidata": null, "short_name": null, "short_name:el": null, "short_name:en": null, "brewery": null, "outdoor_seating": null, "colour": null, "parcel_locker:type": null, "parcel_mail_in": null, "parcel_pickup": null, "backrest": null, "access": null, "authentication:app": null, "authentication:membership_card": null, "branch": null, "capacity": null, "contact:phone": null, "contact:website": null, "covered": null, "motorcar": null, "parking:fee": null, "ref:EU:EVSE": null, "ref:GR:IDRO": null, "socket:type2": null, "socket:type2:output": null, "lit": null, "socket:type2_combo": null, "socket:type2_combo:output": null, "manufacturer": null, "building": "yes", "parking": null, "name:de": null, "leaf_type": null, "building:levels": null, "layer": null, "location": null, "intermittent": null, "seasonal": null, "waterway": null, "name:ru": null, "landuse": null, "sport": null, "industrial": null, "education": null, "emergency": null, "operator:type": null, "type": null, "leaf_cycle": null, "label": "building:yes" }, "geometry": { "type": "Polygon", "coordinates": [ [ [ 24.0446584, 35.5156042 ], [ 24.0446648, 35.5155727 ], [ 24.0445095, 35.5155517 ], [ 24.0445031, 35.5155832 ], [ 24.0446584, 35.5156042 ] ] ] } },
{ "type": "Feature", "properties": { "element": "way", "id": 1225856286, "amenity": null, "brand": null, "brand:wikidata": null, "name": null, "operator": null, "brand:wikipedia": null, "compressed_air": null, "cuisine": null, "addr:street": null, "name:el": null, "tourism": null, "addr:city": null, "addr:housenumber": null, "addr:postcode": null, "contact:facebook": null, "description": null, "email": null, "fax": null, "fuel:diesel": null, "fuel:diesel_B": null, "fuel:e10": null, "fuel:e5": null, "fuel:gasoline": null, "fuel:heating_oil": null, "fuel:octane_95": null, "fuel:unleaded": null, "opening_hours": null, "payment:app": null, "payment:apple_pay": null, "payment:cards": null, "payment:cash": null, "payment:coins": null, "payment:contactless": null, "payment:credit_cards": null, "payment:debit_cards": null, "payment:electronic_purses": null, "payment:google_pay": null, "payment:maestro": null, "payment:mastercard": null, "payment:mastercard_contactless": null, "payment:visa": null, "payment:visa_debit": null, "payment:visa_electron": null, "phone": null, "self_service": null, "start_date": null, "website": null, "wheelchair": null, "name:en": null, "shop": null, "fee": null, "wikidata": null, "wikipedia": null, "int_name": null, "leisure": null, "healthcare": null, "internet_access": null, "denomination": null, "religion": null, "castle_type": null, "historic": null, "historic:civilization": null, "image": null, "source": null, "theatre:type": null, "natural": null, "ele": null, "male": null, "female": null, "brand:el": null, "brand:en": null, "operator:wikidata": null, "short_name": null, "short_name:el": null, "short_name:en": null, "brewery": null, "outdoor_seating": null, "colour": null, "parcel_locker:type": null, "parcel_mail_in": null, "parcel_pickup": null, "backrest": null, "access": null, "authentication:app": null, "authentication:membership_card": null, "branch": null, "capacity": null, "contact:phone": null, "contact:website": null, "covered": null, "motorcar": null, "parking:fee": null, "ref:EU:EVSE": null, "ref:GR:IDRO": null, "socket:type2": null, "socket:type2:output": null, "lit": null, "socket:type2_combo": null, "socket:type2_combo:output": null, "manufacturer": null, "building": null, "parking": null, "name:de": null, "leaf_type": null, "building:levels": null, "layer": null, "location": null, "intermittent": "yes", "seasonal": null, "waterway": "drain", "name:ru": null, "landuse": null, "sport": null, "industrial": null, "education": null, "emergency": null, "operator:type": null, "type": null, "leaf_cycle": null, "label": "waterway:drain" }, "geometry": { "type": "LineString", "coordinates": [ [ 24.0451505, 35.5117017 ], [ 24.044911, 35.5118095 ], [ 24.0447527, 35.5118595 ] ] } },
{ "type": "Feature", "properties": { "element": "way", "id": 1225856287, "amenity": null, "brand": null, "brand:wikidata": null, "name": null, "operator": null, "brand:wikipedia": null, "compressed_air": null, "cuisine": null, "addr:street": null, "name:el": null, "tourism": null, "addr:city": null, "addr:housenumber": null, "addr:postcode": null, "contact:facebook": null, "description": null, "email": null, "fax": null, "fuel:diesel": null, "fuel:diesel_B": null, "fuel:e10": null, "fuel:e5": null, "fuel:gasoline": null, "fuel:heating_oil": null, "fuel:octane_95": null, "fuel:unleaded": null, "opening_hours": null, "payment:app": null, "payment:apple_pay": null, "payment:cards": null, "payment:cash": null, "payment:coins": null, "payment:contactless": null, "payment:credit_cards": null, "payment:debit_cards": null, "payment:electronic_purses": null, "payment:google_pay": null, "payment:maestro": null, "payment:mastercard": null, "payment:mastercard_contactless": null, "payment:visa": null, "payment:visa_debit": null, "payment:visa_electron": null, "phone": null, "self_service": null, "start_date": null, "website": null, "wheelchair": null, "name:en": null, "shop": null, "fee": null, "wikidata": null, "wikipedia": null, "int_name": null, "leisure": null, "healthcare": null, "internet_access": null, "denomination": null, "religion": null, "castle_type": null, "historic": null, "historic:civilization": null, "image": null, "source": null, "theatre:type": null, "natural": null, "ele": null, "male": null, "female": null, "brand:el": null, "brand:en": null, "operator:wikidata": null, "short_name": null, "short_name:el": null, "short_name:en": null, "brewery": null, "outdoor_seating": null, "colour": null, "parcel_locker:type": null, "parcel_mail_in": null, "parcel_pickup": null, "backrest": null, "access": null, "authentication:app": null, "authentication:membership_card": null, "branch": null, "capacity": null, "contact:phone": null, "contact:website": null, "covered": null, "motorcar": null, "parking:fee": null, "ref:EU:EVSE": null, "ref:GR:IDRO": null, "socket:type2": null, "socket:type2:output": null, "lit": null, "socket:type2_combo": null, "socket:type2_combo:output": null, "manufacturer": null, "building": null, "parking": null, "name:de": null, "leaf_type": null, "building:levels": null, "layer": null, "location": null, "intermittent": "yes", "seasonal": null, "waterway": "drain", "name:ru": null, "landuse": null, "sport": null, "industrial": null, "education": null, "emergency": null, "operator:type": null, "type": null, "leaf_cycle": null, "label": "waterway:drain" }, "geometry": { "type": "LineString", "coordinates": [ [ 24.0441668, 35.512354 ], [ 24.0440351, 35.5124562 ], [ 24.0438819, 35.5125149 ], [ 24.043531, 35.5125647 ], [ 24.0434133, 35.5125913 ], [ 24.0433352, 35.5126337 ], [ 24.0432188, 35.5127896 ], [ 24.0430763, 35.5129043 ], [ 24.0429016, 35.5129766 ], [ 24.0426274, 35.5130664 ], [ 24.0425563, 35.5130917 ], [ 24.0422735, 35.513236 ], [ 24.0417741, 35.5135428 ], [ 24.0416331, 35.5136326 ], [ 24.0414524, 35.5136874 ], [ 24.0411613, 35.5137336 ], [ 24.0409545, 35.5137311 ], [ 24.0407201, 35.513665 ], [ 24.0404612, 35.5135752 ], [ 24.0401747, 35.5135927 ], [ 24.040023, 35.5136687 ], [ 24.0399142, 35.5137498 ], [ 24.0397963, 35.513771 ], [ 24.0396997, 35.5137635 ] ] } },
{ "type": "Feature", "properties": { "element": "way", "id": 1225863134, "amenity": null, "brand": null, "brand:wikidata": null, "name": null, "operator": null, "brand:wikipedia": null, "compressed_air": null, "cuisine": null, "addr:street": null, "name:el": null, "tourism": null, "addr:city": null, "addr:housenumber": null, "addr:postcode": null, "contact:facebook": null, "description": null, "email": null, "fax": null, "fuel:diesel": null, "fuel:diesel_B": null, "fuel:e10": null, "fuel:e5": null, "fuel:gasoline": null, "fuel:heating_oil": null, "fuel:octane_95": null, "fuel:unleaded": null, "opening_hours": null, "payment:app": null, "payment:apple_pay": null, "payment:cards": null, "payment:cash": null, "payment:coins": null, "payment:contactless": null, "payment:credit_cards": null, "payment:debit_cards": null, "payment:electronic_purses": null, "payment:google_pay": null, "payment:maestro": null, "payment:mastercard": null, "payment:mastercard_contactless": null, "payment:visa": null, "payment:visa_debit": null, "payment:visa_electron": null, "phone": null, "self_service": null, "start_date": null, "website": null, "wheelchair": null, "name:en": null, "shop": null, "fee": null, "wikidata": null, "wikipedia": null, "int_name": null, "leisure": null, "healthcare": null, "internet_access": null, "denomination": null, "religion": null, "castle_type": null, "historic": null, "historic:civilization": null, "image": null, "source": null, "theatre:type": null, "natural": null, "ele": null, "male": null, "female": null, "brand:el": null, "brand:en": null, "operator:wikidata": null, "short_name": null, "short_name:el": null, "short_name:en": null, "brewery": null, "outdoor_seating": null, "colour": null, "parcel_locker:type": null, "parcel_mail_in": null, "parcel_pickup": null, "backrest": null, "access": null, "authentication:app": null, "authentication:membership_card": null, "branch": null, "capacity": null, "contact:phone": null, "contact:website": null, "covered": null, "motorcar": null, "parking:fee": null, "ref:EU:EVSE": null, "ref:GR:IDRO": null, "socket:type2": null, "socket:type2:output": null, "lit": null, "socket:type2_combo": null, "socket:type2_combo:output": null, "manufacturer": null, "building": "yes", "parking": null, "name:de": null, "leaf_type": null, "building:levels": null, "layer": null, "location": null, "intermittent": null, "seasonal": null, "waterway": null, "name:ru": null, "landuse": null, "sport": null, "industrial": null, "education": null, "emergency": null, "operator:type": null, "type": null, "leaf_cycle": null, "label": "building:yes" }, "geometry": { "type": "Polygon", "coordinates": [ [ [ 24.0460538, 35.5143302 ], [ 24.0460295, 35.5142843 ], [ 24.0459863, 35.5142994 ], [ 24.0460094, 35.5143417 ], [ 24.0460106, 35.5143454 ], [ 24.0460538, 35.5143302 ] ] ] } },
{ "type": "Feature", "properties": { "element": "way", "id": 1225863135, "amenity": null, "brand": null, "brand:wikidata": null, "name": null, "operator": null, "brand:wikipedia": null, "compressed_air": null, "cuisine": null, "addr:street": null, "name:el": null, "tourism": null, "addr:city": null, "addr:housenumber": null, "addr:postcode": null, "contact:facebook": null, "description": null, "email": null, "fax": null, "fuel:diesel": null, "fuel:diesel_B": null, "fuel:e10": null, "fuel:e5": null, "fuel:gasoline": null, "fuel:heating_oil": null, "fuel:octane_95": null, "fuel:unleaded": null, "opening_hours": null, "payment:app": null, "payment:apple_pay": null, "payment:cards": null, "payment:cash": null, "payment:coins": null, "payment:contactless": null, "payment:credit_cards": null, "payment:debit_cards": null, "payment:electronic_purses": null, "payment:google_pay": null, "payment:maestro": null, "payment:mastercard": null, "payment:mastercard_contactless": null, "payment:visa": null, "payment:visa_debit": null, "payment:visa_electron": null, "phone": null, "self_service": null, "start_date": null, "website": null, "wheelchair": null, "name:en": null, "shop": null, "fee": null, "wikidata": null, "wikipedia": null, "int_name": null, "leisure": null, "healthcare": null, "internet_access": null, "denomination": null, "religion": null, "castle_type": null, "historic": null, "historic:civilization": null, "image": null, "source": null, "theatre:type": null, "natural": null, "ele": null, "male": null, "female": null, "brand:el": null, "brand:en": null, "operator:wikidata": null, "short_name": null, "short_name:el": null, "short_name:en": null, "brewery": null, "outdoor_seating": null, "colour": null, "parcel_locker:type": null, "parcel_mail_in": null, "parcel_pickup": null, "backrest": null, "access": null, "authentication:app": null, "authentication:membership_card": null, "branch": null, "capacity": null, "contact:phone": null, "contact:website": null, "covered": null, "motorcar": null, "parking:fee": null, "ref:EU:EVSE": null, "ref:GR:IDRO": null, "socket:type2": null, "socket:type2:output": null, "lit": null, "socket:type2_combo": null, "socket:type2_combo:output": null, "manufacturer": null, "building": "yes", "parking": null, "name:de": null, "leaf_type": null, "building:levels": null, "layer": null, "location": null, "intermittent": null, "seasonal": null, "waterway": null, "name:ru": null, "landuse": null, "sport": null, "industrial": null, "education": null, "emergency": null, "operator:type": null, "type": null, "leaf_cycle": null, "label": "building:yes" }, "geometry": { "type": "Polygon", "coordinates": [ [ [ 24.0460094, 35.5143417 ], [ 24.0459839, 35.5142959 ], [ 24.0459413, 35.5143116 ], [ 24.0458822, 35.5143334 ], [ 24.0459077, 35.5143792 ], [ 24.0460094, 35.5143417 ] ] ] } },
{ "type": "Feature", "properties": { "element": "way", "id": 1225863138, "amenity": null, "brand": null, "brand:wikidata": null, "name": null, "operator": null, "brand:wikipedia": null, "compressed_air": null, "cuisine": null, "addr:street": null, "name:el": null, "tourism": null, "addr:city": null, "addr:housenumber": null, "addr:postcode": null, "contact:facebook": null, "description": null, "email": null, "fax": null, "fuel:diesel": null, "fuel:diesel_B": null, "fuel:e10": null, "fuel:e5": null, "fuel:gasoline": null, "fuel:heating_oil": null, "fuel:octane_95": null, "fuel:unleaded": null, "opening_hours": null, "payment:app": null, "payment:apple_pay": null, "payment:cards": null, "payment:cash": null, "payment:coins": null, "payment:contactless": null, "payment:credit_cards": null, "payment:debit_cards": null, "payment:electronic_purses": null, "payment:google_pay": null, "payment:maestro": null, "payment:mastercard": null, "payment:mastercard_contactless": null, "payment:visa": null, "payment:visa_debit": null, "payment:visa_electron": null, "phone": null, "self_service": null, "start_date": null, "website": null, "wheelchair": null, "name:en": null, "shop": null, "fee": null, "wikidata": null, "wikipedia": null, "int_name": null, "leisure": null, "healthcare": null, "internet_access": null, "denomination": null, "religion": null, "castle_type": null, "historic": null, "historic:civilization": null, "image": null, "source": null, "theatre:type": null, "natural": null, "ele": null, "male": null, "female": null, "brand:el": null, "brand:en": null, "operator:wikidata": null, "short_name": null, "short_name:el": null, "short_name:en": null, "brewery": null, "outdoor_seating": null, "colour": null, "parcel_locker:type": null, "parcel_mail_in": null, "parcel_pickup": null, "backrest": null, "access": null, "authentication:app": null, "authentication:membership_card": null, "branch": null, "capacity": null, "contact:phone": null, "contact:website": null, "covered": null, "motorcar": null, "parking:fee": null, "ref:EU:EVSE": null, "ref:GR:IDRO": null, "socket:type2": null, "socket:type2:output": null, "lit": null, "socket:type2_combo": null, "socket:type2_combo:output": null, "manufacturer": null, "building": "yes", "parking": null, "name:de": null, "leaf_type": null, "building:levels": null, "layer": null, "location": null, "intermittent": null, "seasonal": null, "waterway": null, "name:ru": null, "landuse": null, "sport": null, "industrial": null, "education": null, "emergency": null, "operator:type": null, "type": null, "leaf_cycle": null, "label": "building:yes" }, "geometry": { "type": "Polygon", "coordinates": [ [ [ 24.046321, 35.5146848 ], [ 24.0462761, 35.5144961 ], [ 24.0461475, 35.5145164 ], [ 24.0461815, 35.5146595 ], [ 24.0462048, 35.5146559 ], [ 24.0462111, 35.5146824 ], [ 24.0462636, 35.5146742 ], [ 24.0462681, 35.5146931 ], [ 24.046321, 35.5146848 ] ] ] } },
{ "type": "Feature", "properties": { "element": "way", "id": 1225863139, "amenity": null, "brand": null, "brand:wikidata": null, "name": null, "operator": null, "brand:wikipedia": null, "compressed_air": null, "cuisine": null, "addr:street": null, "name:el": null, "tourism": null, "addr:city": null, "addr:housenumber": null, "addr:postcode": null, "contact:facebook": null, "description": null, "email": null, "fax": null, "fuel:diesel": null, "fuel:diesel_B": null, "fuel:e10": null, "fuel:e5": null, "fuel:gasoline": null, "fuel:heating_oil": null, "fuel:octane_95": null, "fuel:unleaded": null, "opening_hours": null, "payment:app": null, "payment:apple_pay": null, "payment:cards": null, "payment:cash": null, "payment:coins": null, "payment:contactless": null, "payment:credit_cards": null, "payment:debit_cards": null, "payment:electronic_purses": null, "payment:google_pay": null, "payment:maestro": null, "payment:mastercard": null, "payment:mastercard_contactless": null, "payment:visa": null, "payment:visa_debit": null, "payment:visa_electron": null, "phone": null, "self_service": null, "start_date": null, "website": null, "wheelchair": null, "name:en": null, "shop": null, "fee": null, "wikidata": null, "wikipedia": null, "int_name": null, "leisure": null, "healthcare": null, "internet_access": null, "denomination": null, "religion": null, "castle_type": null, "historic": null, "historic:civilization": null, "image": null, "source": null, "theatre:type": null, "natural": null, "ele": null, "male": null, "female": null, "brand:el": null, "brand:en": null, "operator:wikidata": null, "short_name": null, "short_name:el": null, "short_name:en": null, "brewery": null, "outdoor_seating": null, "colour": null, "parcel_locker:type": null, "parcel_mail_in": null, "parcel_pickup": null, "backrest": null, "access": null, "authentication:app": null, "authentication:membership_card": null, "branch": null, "capacity": null, "contact:phone": null, "contact:website": null, "covered": null, "motorcar": null, "parking:fee": null, "ref:EU:EVSE": null, "ref:GR:IDRO": null, "socket:type2": null, "socket:type2:output": null, "lit": null, "socket:type2_combo": null, "socket:type2_combo:output": null, "manufacturer": null, "building": "yes", "parking": null, "name:de": null, "leaf_type": null, "building:levels": null, "layer": null, "location": null, "intermittent": null, "seasonal": null, "waterway": null, "name:ru": null, "landuse": null, "sport": null, "industrial": null, "education": null, "emergency": null, "operator:type": null, "type": null, "leaf_cycle": null, "label": "building:yes" }, "geometry": { "type": "Polygon", "coordinates": [ [ [ 24.0459413, 35.5143116 ], [ 24.045933, 35.5142923 ], [ 24.0459771, 35.5142743 ], [ 24.045934, 35.514205 ], [ 24.0458332, 35.5142504 ], [ 24.0458822, 35.5143334 ], [ 24.0459413, 35.5143116 ] ] ] } },
{ "type": "Feature", "properties": { "element": "way", "id": 1225863140, "amenity": null, "brand": null, "brand:wikidata": null, "name": null, "operator": null, "brand:wikipedia": null, "compressed_air": null, "cuisine": null, "addr:street": null, "name:el": null, "tourism": null, "addr:city": null, "addr:housenumber": null, "addr:postcode": null, "contact:facebook": null, "description": null, "email": null, "fax": null, "fuel:diesel": null, "fuel:diesel_B": null, "fuel:e10": null, "fuel:e5": null, "fuel:gasoline": null, "fuel:heating_oil": null, "fuel:octane_95": null, "fuel:unleaded": null, "opening_hours": null, "payment:app": null, "payment:apple_pay": null, "payment:cards": null, "payment:cash": null, "payment:coins": null, "payment:contactless": null, "payment:credit_cards": null, "payment:debit_cards": null, "payment:electronic_purses": null, "payment:google_pay": null, "payment:maestro": null, "payment:mastercard": null, "payment:mastercard_contactless": null, "payment:visa": null, "payment:visa_debit": null, "payment:visa_electron": null, "phone": null, "self_service": null, "start_date": null, "website": null, "wheelchair": null, "name:en": null, "shop": null, "fee": null, "wikidata": null, "wikipedia": null, "int_name": null, "leisure": null, "healthcare": null, "internet_access": null, "denomination": null, "religion": null, "castle_type": null, "historic": null, "historic:civilization": null, "image": null, "source": null, "theatre:type": null, "natural": null, "ele": null, "male": null, "female": null, "brand:el": null, "brand:en": null, "operator:wikidata": null, "short_name": null, "short_name:el": null, "short_name:en": null, "brewery": null, "outdoor_seating": null, "colour": null, "parcel_locker:type": null, "parcel_mail_in": null, "parcel_pickup": null, "backrest": null, "access": null, "authentication:app": null, "authentication:membership_card": null, "branch": null, "capacity": null, "contact:phone": null, "contact:website": null, "covered": null, "motorcar": null, "parking:fee": null, "ref:EU:EVSE": null, "ref:GR:IDRO": null, "socket:type2": null, "socket:type2:output": null, "lit": null, "socket:type2_combo": null, "socket:type2_combo:output": null, "manufacturer": null, "building": "yes", "parking": null, "name:de": null, "leaf_type": null, "building:levels": null, "layer": null, "location": null, "intermittent": null, "seasonal": null, "waterway": null, "name:ru": null, "landuse": null, "sport": null, "industrial": null, "education": null, "emergency": null, "operator:type": null, "type": null, "leaf_cycle": null, "label": "building:yes" }, "geometry": { "type": "Polygon", "coordinates": [ [ [ 24.0418266, 35.5150405 ], [ 24.0418534, 35.5149393 ], [ 24.0418051, 35.5149309 ], [ 24.0418027, 35.5149397 ], [ 24.0417579, 35.5149318 ], [ 24.0417553, 35.5149417 ], [ 24.0417179, 35.5149351 ], [ 24.0417125, 35.5149554 ], [ 24.0416022, 35.5149361 ], [ 24.0415858, 35.5149982 ], [ 24.0418266, 35.5150405 ] ] ] } },
{ "type": "Feature", "properties": { "element": "way", "id": 1225863141, "amenity": "place_of_worship", "brand": null, "brand:wikidata": null, "name": "Αγίου Νικολάου", "operator": null, "brand:wikipedia": null, "compressed_air": null, "cuisine": null, "addr:street": null, "name:el": null, "tourism": null, "addr:city": null, "addr:housenumber": null, "addr:postcode": null, "contact:facebook": null, "description": null, "email": null, "fax": null, "fuel:diesel": null, "fuel:diesel_B": null, "fuel:e10": null, "fuel:e5": null, "fuel:gasoline": null, "fuel:heating_oil": null, "fuel:octane_95": null, "fuel:unleaded": null, "opening_hours": null, "payment:app": null, "payment:apple_pay": null, "payment:cards": null, "payment:cash": null, "payment:coins": null, "payment:contactless": null, "payment:credit_cards": null, "payment:debit_cards": null, "payment:electronic_purses": null, "payment:google_pay": null, "payment:maestro": null, "payment:mastercard": null, "payment:mastercard_contactless": null, "payment:visa": null, "payment:visa_debit": null, "payment:visa_electron": null, "phone": null, "self_service": null, "start_date": null, "website": null, "wheelchair": null, "name:en": null, "shop": null, "fee": null, "wikidata": null, "wikipedia": null, "int_name": null, "leisure": null, "healthcare": null, "internet_access": null, "denomination": null, "religion": "christian", "castle_type": null, "historic": null, "historic:civilization": null, "image": null, "source": null, "theatre:type": null, "natural": null, "ele": null, "male": null, "female": null, "brand:el": null, "brand:en": null, "operator:wikidata": null, "short_name": null, "short_name:el": null, "short_name:en": null, "brewery": null, "outdoor_seating": null, "colour": null, "parcel_locker:type": null, "parcel_mail_in": null, "parcel_pickup": null, "backrest": null, "access": null, "authentication:app": null, "authentication:membership_card": null, "branch": null, "capacity": null, "contact:phone": null, "contact:website": null, "covered": null, "motorcar": null, "parking:fee": null, "ref:EU:EVSE": null, "ref:GR:IDRO": null, "socket:type2": null, "socket:type2:output": null, "lit": null, "socket:type2_combo": null, "socket:type2_combo:output": null, "manufacturer": null, "building": "yes", "parking": null, "name:de": null, "leaf_type": null, "building:levels": null, "layer": null, "location": null, "intermittent": null, "seasonal": null, "waterway": null, "name:ru": null, "landuse": null, "sport": null, "industrial": null, "education": null, "emergency": null, "operator:type": null, "type": null, "leaf_cycle": null, "label": "building:yes;amenity:place_of_worship" }, "geometry": { "type": "Polygon", "coordinates": [ [ [ 24.0417236, 35.515176 ], [ 24.0415438, 35.5151521 ], [ 24.0415199, 35.5152711 ], [ 24.0416997, 35.515295 ], [ 24.0417236, 35.515176 ] ] ] } },
{ "type": "Feature", "properties": { "element": "way", "id": 1225863145, "amenity": null, "brand": null, "brand:wikidata": null, "name": null, "operator": null, "brand:wikipedia": null, "compressed_air": null, "cuisine": null, "addr:street": null, "name:el": null, "tourism": null, "addr:city": null, "addr:housenumber": null, "addr:postcode": null, "contact:facebook": null, "description": null, "email": null, "fax": null, "fuel:diesel": null, "fuel:diesel_B": null, "fuel:e10": null, "fuel:e5": null, "fuel:gasoline": null, "fuel:heating_oil": null, "fuel:octane_95": null, "fuel:unleaded": null, "opening_hours": null, "payment:app": null, "payment:apple_pay": null, "payment:cards": null, "payment:cash": null, "payment:coins": null, "payment:contactless": null, "payment:credit_cards": null, "payment:debit_cards": null, "payment:electronic_purses": null, "payment:google_pay": null, "payment:maestro": null, "payment:mastercard": null, "payment:mastercard_contactless": null, "payment:visa": null, "payment:visa_debit": null, "payment:visa_electron": null, "phone": null, "self_service": null, "start_date": null, "website": null, "wheelchair": null, "name:en": null, "shop": null, "fee": null, "wikidata": null, "wikipedia": null, "int_name": null, "leisure": null, "healthcare": null, "internet_access": null, "denomination": null, "religion": null, "castle_type": null, "historic": null, "historic:civilization": null, "image": null, "source": null, "theatre:type": null, "natural": null, "ele": null, "male": null, "female": null, "brand:el": null, "brand:en": null, "operator:wikidata": null, "short_name": null, "short_name:el": null, "short_name:en": null, "brewery": null, "outdoor_seating": null, "colour": null, "parcel_locker:type": null, "parcel_mail_in": null, "parcel_pickup": null, "backrest": null, "access": null, "authentication:app": null, "authentication:membership_card": null, "branch": null, "capacity": null, "contact:phone": null, "contact:website": null, "covered": null, "motorcar": null, "parking:fee": null, "ref:EU:EVSE": null, "ref:GR:IDRO": null, "socket:type2": null, "socket:type2:output": null, "lit": null, "socket:type2_combo": null, "socket:type2_combo:output": null, "manufacturer": null, "building": "yes", "parking": null, "name:de": null, "leaf_type": null, "building:levels": null, "layer": null, "location": null, "intermittent": null, "seasonal": null, "waterway": null, "name:ru": null, "landuse": null, "sport": null, "industrial": null, "education": null, "emergency": null, "operator:type": null, "type": null, "leaf_cycle": null, "label": "building:yes" }, "geometry": { "type": "Polygon", "coordinates": [ [ [ 24.0416761, 35.5147746 ], [ 24.0416708, 35.514633 ], [ 24.041415, 35.5146393 ], [ 24.0414203, 35.5147809 ], [ 24.0416761, 35.5147746 ] ] ] } },
{ "type": "Feature", "properties": { "element": "way", "id": 1225863146, "amenity": null, "brand": null, "brand:wikidata": null, "name": null, "operator": null, "brand:wikipedia": null, "compressed_air": null, "cuisine": null, "addr:street": null, "name:el": null, "tourism": null, "addr:city": null, "addr:housenumber": null, "addr:postcode": null, "contact:facebook": null, "description": null, "email": null, "fax": null, "fuel:diesel": null, "fuel:diesel_B": null, "fuel:e10": null, "fuel:e5": null, "fuel:gasoline": null, "fuel:heating_oil": null, "fuel:octane_95": null, "fuel:unleaded": null, "opening_hours": null, "payment:app": null, "payment:apple_pay": null, "payment:cards": null, "payment:cash": null, "payment:coins": null, "payment:contactless": null, "payment:credit_cards": null, "payment:debit_cards": null, "payment:electronic_purses": null, "payment:google_pay": null, "payment:maestro": null, "payment:mastercard": null, "payment:mastercard_contactless": null, "payment:visa": null, "payment:visa_debit": null, "payment:visa_electron": null, "phone": null, "self_service": null, "start_date": null, "website": null, "wheelchair": null, "name:en": null, "shop": null, "fee": null, "wikidata": null, "wikipedia": null, "int_name": null, "leisure": null, "healthcare": null, "internet_access": null, "denomination": null, "religion": null, "castle_type": null, "historic": null, "historic:civilization": null, "image": null, "source": null, "theatre:type": null, "natural": null, "ele": null, "male": null, "female": null, "brand:el": null, "brand:en": null, "operator:wikidata": null, "short_name": null, "short_name:el": null, "short_name:en": null, "brewery": null, "outdoor_seating": null, "colour": null, "parcel_locker:type": null, "parcel_mail_in": null, "parcel_pickup": null, "backrest": null, "access": null, "authentication:app": null, "authentication:membership_card": null, "branch": null, "capacity": null, "contact:phone": null, "contact:website": null, "covered": null, "motorcar": null, "parking:fee": null, "ref:EU:EVSE": null, "ref:GR:IDRO": null, "socket:type2": null, "socket:type2:output": null, "lit": null, "socket:type2_combo": null, "socket:type2_combo:output": null, "manufacturer": null, "building": "yes", "parking": null, "name:de": null, "leaf_type": null, "building:levels": null, "layer": null, "location": null, "intermittent": null, "seasonal": null, "waterway": null, "name:ru": null, "landuse": null, "sport": null, "industrial": null, "education": null, "emergency": null, "operator:type": null, "type": null, "leaf_cycle": null, "label": "building:yes" }, "geometry": { "type": "Polygon", "coordinates": [ [ [ 24.0389978, 35.5149064 ], [ 24.0387729, 35.5149064 ], [ 24.0387729, 35.5150142 ], [ 24.0389032, 35.5150142 ], [ 24.0389032, 35.515057 ], [ 24.0389978, 35.515057 ], [ 24.0389978, 35.5149064 ] ] ] } },
{ "type": "Feature", "properties": { "element": "way", "id": 1225863147, "amenity": null, "brand": null, "brand:wikidata": null, "name": null, "operator": null, "brand:wikipedia": null, "compressed_air": null, "cuisine": null, "addr:street": null, "name:el": null, "tourism": null, "addr:city": null, "addr:housenumber": null, "addr:postcode": null, "contact:facebook": null, "description": null, "email": null, "fax": null, "fuel:diesel": null, "fuel:diesel_B": null, "fuel:e10": null, "fuel:e5": null, "fuel:gasoline": null, "fuel:heating_oil": null, "fuel:octane_95": null, "fuel:unleaded": null, "opening_hours": null, "payment:app": null, "payment:apple_pay": null, "payment:cards": null, "payment:cash": null, "payment:coins": null, "payment:contactless": null, "payment:credit_cards": null, "payment:debit_cards": null, "payment:electronic_purses": null, "payment:google_pay": null, "payment:maestro": null, "payment:mastercard": null, "payment:mastercard_contactless": null, "payment:visa": null, "payment:visa_debit": null, "payment:visa_electron": null, "phone": null, "self_service": null, "start_date": null, "website": null, "wheelchair": null, "name:en": null, "shop": null, "fee": null, "wikidata": null, "wikipedia": null, "int_name": null, "leisure": null, "healthcare": null, "internet_access": null, "denomination": null, "religion": null, "castle_type": null, "historic": null, "historic:civilization": null, "image": null, "source": null, "theatre:type": null, "natural": null, "ele": null, "male": null, "female": null, "brand:el": null, "brand:en": null, "operator:wikidata": null, "short_name": null, "short_name:el": null, "short_name:en": null, "brewery": null, "outdoor_seating": null, "colour": null, "parcel_locker:type": null, "parcel_mail_in": null, "parcel_pickup": null, "backrest": null, "access": null, "authentication:app": null, "authentication:membership_card": null, "branch": null, "capacity": null, "contact:phone": null, "contact:website": null, "covered": null, "motorcar": null, "parking:fee": null, "ref:EU:EVSE": null, "ref:GR:IDRO": null, "socket:type2": null, "socket:type2:output": null, "lit": null, "socket:type2_combo": null, "socket:type2_combo:output": null, "manufacturer": null, "building": "yes", "parking": null, "name:de": null, "leaf_type": null, "building:levels": null, "layer": null, "location": null, "intermittent": null, "seasonal": null, "waterway": null, "name:ru": null, "landuse": null, "sport": null, "industrial": null, "education": null, "emergency": null, "operator:type": null, "type": null, "leaf_cycle": null, "label": "building:yes" }, "geometry": { "type": "Polygon", "coordinates": [ [ [ 24.0386447, 35.5151476 ], [ 24.0386093, 35.5150929 ], [ 24.0386632, 35.5150697 ], [ 24.038628, 35.5150153 ], [ 24.0385827, 35.5150347 ], [ 24.0385817, 35.5150211 ], [ 24.0384139, 35.5150929 ], [ 24.03843, 35.5151178 ], [ 24.0384038, 35.515129 ], [ 24.038438, 35.5151819 ], [ 24.0384676, 35.5151692 ], [ 24.0384951, 35.5152117 ], [ 24.0386447, 35.5151476 ] ] ] } },
{ "type": "Feature", "properties": { "element": "way", "id": 1225863148, "amenity": null, "brand": null, "brand:wikidata": null, "name": null, "operator": null, "brand:wikipedia": null, "compressed_air": null, "cuisine": null, "addr:street": null, "name:el": null, "tourism": null, "addr:city": null, "addr:housenumber": null, "addr:postcode": null, "contact:facebook": null, "description": null, "email": null, "fax": null, "fuel:diesel": null, "fuel:diesel_B": null, "fuel:e10": null, "fuel:e5": null, "fuel:gasoline": null, "fuel:heating_oil": null, "fuel:octane_95": null, "fuel:unleaded": null, "opening_hours": null, "payment:app": null, "payment:apple_pay": null, "payment:cards": null, "payment:cash": null, "payment:coins": null, "payment:contactless": null, "payment:credit_cards": null, "payment:debit_cards": null, "payment:electronic_purses": null, "payment:google_pay": null, "payment:maestro": null, "payment:mastercard": null, "payment:mastercard_contactless": null, "payment:visa": null, "payment:visa_debit": null, "payment:visa_electron": null, "phone": null, "self_service": null, "start_date": null, "website": null, "wheelchair": null, "name:en": null, "shop": null, "fee": null, "wikidata": null, "wikipedia": null, "int_name": null, "leisure": null, "healthcare": null, "internet_access": null, "denomination": null, "religion": null, "castle_type": null, "historic": null, "historic:civilization": null, "image": null, "source": null, "theatre:type": null, "natural": null, "ele": null, "male": null, "female": null, "brand:el": null, "brand:en": null, "operator:wikidata": null, "short_name": null, "short_name:el": null, "short_name:en": null, "brewery": null, "outdoor_seating": null, "colour": null, "parcel_locker:type": null, "parcel_mail_in": null, "parcel_pickup": null, "backrest": null, "access": null, "authentication:app": null, "authentication:membership_card": null, "branch": null, "capacity": null, "contact:phone": null, "contact:website": null, "covered": null, "motorcar": null, "parking:fee": null, "ref:EU:EVSE": null, "ref:GR:IDRO": null, "socket:type2": null, "socket:type2:output": null, "lit": null, "socket:type2_combo": null, "socket:type2_combo:output": null, "manufacturer": null, "building": "yes", "parking": null, "name:de": null, "leaf_type": null, "building:levels": null, "layer": null, "location": null, "intermittent": null, "seasonal": null, "waterway": null, "name:ru": null, "landuse": null, "sport": null, "industrial": null, "education": null, "emergency": null, "operator:type": null, "type": null, "leaf_cycle": null, "label": "building:yes" }, "geometry": { "type": "Polygon", "coordinates": [ [ [ 24.0382673, 35.5149438 ], [ 24.0381748, 35.5148035 ], [ 24.0380887, 35.5148411 ], [ 24.0381812, 35.5149813 ], [ 24.0382673, 35.5149438 ] ] ] } },
{ "type": "Feature", "properties": { "element": "way", "id": 1225868650, "amenity": "place_of_worship", "brand": null, "brand:wikidata": null, "name": "Άγιος Παντελεήμων", "operator": null, "brand:wikipedia": null, "compressed_air": null, "cuisine": null, "addr:street": null, "name:el": "Άγιος Παντελεήμων", "tourism": null, "addr:city": null, "addr:housenumber": null, "addr:postcode": null, "contact:facebook": null, "description": null, "email": null, "fax": null, "fuel:diesel": null, "fuel:diesel_B": null, "fuel:e10": null, "fuel:e5": null, "fuel:gasoline": null, "fuel:heating_oil": null, "fuel:octane_95": null, "fuel:unleaded": null, "opening_hours": null, "payment:app": null, "payment:apple_pay": null, "payment:cards": null, "payment:cash": null, "payment:coins": null, "payment:contactless": null, "payment:credit_cards": null, "payment:debit_cards": null, "payment:electronic_purses": null, "payment:google_pay": null, "payment:maestro": null, "payment:mastercard": null, "payment:mastercard_contactless": null, "payment:visa": null, "payment:visa_debit": null, "payment:visa_electron": null, "phone": null, "self_service": null, "start_date": null, "website": null, "wheelchair": null, "name:en": "Agios Panteleimon", "shop": null, "fee": null, "wikidata": null, "wikipedia": null, "int_name": null, "leisure": null, "healthcare": null, "internet_access": null, "denomination": "orthodox", "religion": "christian", "castle_type": null, "historic": null, "historic:civilization": null, "image": null, "source": null, "theatre:type": null, "natural": null, "ele": null, "male": null, "female": null, "brand:el": null, "brand:en": null, "operator:wikidata": null, "short_name": null, "short_name:el": null, "short_name:en": null, "brewery": null, "outdoor_seating": null, "colour": null, "parcel_locker:type": null, "parcel_mail_in": null, "parcel_pickup": null, "backrest": null, "access": null, "authentication:app": null, "authentication:membership_card": null, "branch": null, "capacity": null, "contact:phone": null, "contact:website": null, "covered": null, "motorcar": null, "parking:fee": null, "ref:EU:EVSE": null, "ref:GR:IDRO": null, "socket:type2": null, "socket:type2:output": null, "lit": null, "socket:type2_combo": null, "socket:type2_combo:output": null, "manufacturer": null, "building": "yes", "parking": null, "name:de": null, "leaf_type": null, "building:levels": null, "layer": null, "location": null, "intermittent": null, "seasonal": null, "waterway": null, "name:ru": null, "landuse": null, "sport": null, "industrial": null, "education": null, "emergency": null, "operator:type": null, "type": null, "leaf_cycle": null, "label": "building:yes;amenity:place_of_worship" }, "geometry": { "type": "Polygon", "coordinates": [ [ [ 24.0368825, 35.5141465 ], [ 24.0370246, 35.5141403 ], [ 24.037031, 35.5140019 ], [ 24.0368952, 35.5139813 ], [ 24.0367848, 35.5139833 ], [ 24.0367658, 35.5141445 ], [ 24.0368825, 35.5141465 ] ] ] } },
{ "type": "Feature", "properties": { "element": "way", "id": 1225868652, "amenity": null, "brand": null, "brand:wikidata": null, "name": null, "operator": null, "brand:wikipedia": null, "compressed_air": null, "cuisine": null, "addr:street": null, "name:el": null, "tourism": null, "addr:city": null, "addr:housenumber": null, "addr:postcode": null, "contact:facebook": null, "description": null, "email": null, "fax": null, "fuel:diesel": null, "fuel:diesel_B": null, "fuel:e10": null, "fuel:e5": null, "fuel:gasoline": null, "fuel:heating_oil": null, "fuel:octane_95": null, "fuel:unleaded": null, "opening_hours": null, "payment:app": null, "payment:apple_pay": null, "payment:cards": null, "payment:cash": null, "payment:coins": null, "payment:contactless": null, "payment:credit_cards": null, "payment:debit_cards": null, "payment:electronic_purses": null, "payment:google_pay": null, "payment:maestro": null, "payment:mastercard": null, "payment:mastercard_contactless": null, "payment:visa": null, "payment:visa_debit": null, "payment:visa_electron": null, "phone": null, "self_service": null, "start_date": null, "website": null, "wheelchair": null, "name:en": null, "shop": null, "fee": null, "wikidata": null, "wikipedia": null, "int_name": null, "leisure": null, "healthcare": null, "internet_access": null, "denomination": null, "religion": null, "castle_type": null, "historic": null, "historic:civilization": null, "image": null, "source": null, "theatre:type": null, "natural": null, "ele": null, "male": null, "female": null, "brand:el": null, "brand:en": null, "operator:wikidata": null, "short_name": null, "short_name:el": null, "short_name:en": null, "brewery": null, "outdoor_seating": null, "colour": null, "parcel_locker:type": null, "parcel_mail_in": null, "parcel_pickup": null, "backrest": null, "access": null, "authentication:app": null, "authentication:membership_card": null, "branch": null, "capacity": null, "contact:phone": null, "contact:website": null, "covered": null, "motorcar": null, "parking:fee": null, "ref:EU:EVSE": null, "ref:GR:IDRO": null, "socket:type2": null, "socket:type2:output": null, "lit": null, "socket:type2_combo": null, "socket:type2_combo:output": null, "manufacturer": null, "building": "yes", "parking": null, "name:de": null, "leaf_type": null, "building:levels": null, "layer": null, "location": null, "intermittent": null, "seasonal": null, "waterway": null, "name:ru": null, "landuse": null, "sport": null, "industrial": null, "education": null, "emergency": null, "operator:type": null, "type": null, "leaf_cycle": null, "label": "building:yes" }, "geometry": { "type": "Polygon", "coordinates": [ [ [ 24.0375734, 35.516606 ], [ 24.0376019, 35.5166075 ], [ 24.0376054, 35.5165626 ], [ 24.0375642, 35.5165605 ], [ 24.0375607, 35.5166054 ], [ 24.0375734, 35.516606 ] ] ] } },
{ "type": "Feature", "properties": { "element": "way", "id": 1225868656, "amenity": "place_of_worship", "brand": null, "brand:wikidata": null, "name": "Ιερός Ναός Αγίας Μαρίας Μαγδαληνής", "operator": null, "brand:wikipedia": null, "compressed_air": null, "cuisine": null, "addr:street": null, "name:el": "Ιερός Ναός Αγίας Μαρίας Μαγδαληνής", "tourism": null, "addr:city": null, "addr:housenumber": null, "addr:postcode": null, "contact:facebook": null, "description": null, "email": null, "fax": null, "fuel:diesel": null, "fuel:diesel_B": null, "fuel:e10": null, "fuel:e5": null, "fuel:gasoline": null, "fuel:heating_oil": null, "fuel:octane_95": null, "fuel:unleaded": null, "opening_hours": null, "payment:app": null, "payment:apple_pay": null, "payment:cards": null, "payment:cash": null, "payment:coins": null, "payment:contactless": null, "payment:credit_cards": null, "payment:debit_cards": null, "payment:electronic_purses": null, "payment:google_pay": null, "payment:maestro": null, "payment:mastercard": null, "payment:mastercard_contactless": null, "payment:visa": null, "payment:visa_debit": null, "payment:visa_electron": null, "phone": null, "self_service": null, "start_date": null, "website": null, "wheelchair": null, "name:en": "Church of Saint Mary Magdalene", "shop": null, "fee": null, "wikidata": "Q20670600", "wikipedia": "el:Ιερός Ναός Αγίας Μαρίας Μαγδαληνής (Χανιά)", "int_name": null, "leisure": null, "healthcare": null, "internet_access": null, "denomination": "orthodox", "religion": "christian", "castle_type": null, "historic": null, "historic:civilization": null, "image": null, "source": null, "theatre:type": null, "natural": null, "ele": null, "male": null, "female": null, "brand:el": null, "brand:en": null, "operator:wikidata": null, "short_name": null, "short_name:el": null, "short_name:en": null, "brewery": null, "outdoor_seating": null, "colour": null, "parcel_locker:type": null, "parcel_mail_in": null, "parcel_pickup": null, "backrest": null, "access": null, "authentication:app": null, "authentication:membership_card": null, "branch": null, "capacity": null, "contact:phone": null, "contact:website": null, "covered": null, "motorcar": null, "parking:fee": null, "ref:EU:EVSE": null, "ref:GR:IDRO": null, "socket:type2": null, "socket:type2:output": null, "lit": null, "socket:type2_combo": null, "socket:type2_combo:output": null, "manufacturer": null, "building": "yes", "parking": null, "name:de": "Kirche der Heil. Maria Magdalena", "leaf_type": null, "building:levels": null, "layer": null, "location": null, "intermittent": null, "seasonal": null, "waterway": null, "name:ru": "Церковь Святой Марии Магдалины", "landuse": null, "sport": null, "industrial": null, "education": null, "emergency": null, "operator:type": null, "type": null, "leaf_cycle": null, "label": "building:yes;amenity:place_of_worship" }, "geometry": { "type": "Polygon", "coordinates": [ [ [ 24.0381899, 35.5175329 ], [ 24.0382027, 35.5174072 ], [ 24.0380399, 35.5173962 ], [ 24.0380271, 35.517522 ], [ 24.0381899, 35.5175329 ] ] ] } },
{ "type": "Feature", "properties": { "element": "way", "id": 1225873759, "amenity": null, "brand": null, "brand:wikidata": null, "name": null, "operator": null, "brand:wikipedia": null, "compressed_air": null, "cuisine": null, "addr:street": null, "name:el": null, "tourism": null, "addr:city": null, "addr:housenumber": null, "addr:postcode": null, "contact:facebook": null, "description": null, "email": null, "fax": null, "fuel:diesel": null, "fuel:diesel_B": null, "fuel:e10": null, "fuel:e5": null, "fuel:gasoline": null, "fuel:heating_oil": null, "fuel:octane_95": null, "fuel:unleaded": null, "opening_hours": null, "payment:app": null, "payment:apple_pay": null, "payment:cards": null, "payment:cash": null, "payment:coins": null, "payment:contactless": null, "payment:credit_cards": null, "payment:debit_cards": null, "payment:electronic_purses": null, "payment:google_pay": null, "payment:maestro": null, "payment:mastercard": null, "payment:mastercard_contactless": null, "payment:visa": null, "payment:visa_debit": null, "payment:visa_electron": null, "phone": null, "self_service": null, "start_date": null, "website": null, "wheelchair": null, "name:en": null, "shop": null, "fee": null, "wikidata": null, "wikipedia": null, "int_name": null, "leisure": null, "healthcare": null, "internet_access": null, "denomination": null, "religion": null, "castle_type": null, "historic": null, "historic:civilization": null, "image": null, "source": null, "theatre:type": null, "natural": null, "ele": null, "male": null, "female": null, "brand:el": null, "brand:en": null, "operator:wikidata": null, "short_name": null, "short_name:el": null, "short_name:en": null, "brewery": null, "outdoor_seating": null, "colour": null, "parcel_locker:type": null, "parcel_mail_in": null, "parcel_pickup": null, "backrest": null, "access": null, "authentication:app": null, "authentication:membership_card": null, "branch": null, "capacity": null, "contact:phone": null, "contact:website": null, "covered": null, "motorcar": null, "parking:fee": null, "ref:EU:EVSE": null, "ref:GR:IDRO": null, "socket:type2": null, "socket:type2:output": null, "lit": null, "socket:type2_combo": null, "socket:type2_combo:output": null, "manufacturer": null, "building": "yes", "parking": null, "name:de": null, "leaf_type": null, "building:levels": null, "layer": null, "location": null, "intermittent": null, "seasonal": null, "waterway": null, "name:ru": null, "landuse": null, "sport": null, "industrial": null, "education": null, "emergency": null, "operator:type": null, "type": null, "leaf_cycle": null, "label": "building:yes" }, "geometry": { "type": "Polygon", "coordinates": [ [ [ 24.060402065526969, 35.496658948905342 ], [ 24.060402065526969, 35.49646032951464 ], [ 24.0603999, 35.4964564 ], [ 24.0602708, 35.4965035 ], [ 24.0603641, 35.4966728 ], [ 24.060402065526969, 35.496658948905342 ] ] ] } },
{ "type": "Feature", "properties": { "element": "way", "id": 1245184614, "amenity": null, "brand": null, "brand:wikidata": null, "name": null, "operator": null, "brand:wikipedia": null, "compressed_air": null, "cuisine": null, "addr:street": null, "name:el": null, "tourism": null, "addr:city": null, "addr:housenumber": null, "addr:postcode": null, "contact:facebook": null, "description": null, "email": null, "fax": null, "fuel:diesel": null, "fuel:diesel_B": null, "fuel:e10": null, "fuel:e5": null, "fuel:gasoline": null, "fuel:heating_oil": null, "fuel:octane_95": null, "fuel:unleaded": null, "opening_hours": null, "payment:app": null, "payment:apple_pay": null, "payment:cards": null, "payment:cash": null, "payment:coins": null, "payment:contactless": null, "payment:credit_cards": null, "payment:debit_cards": null, "payment:electronic_purses": null, "payment:google_pay": null, "payment:maestro": null, "payment:mastercard": null, "payment:mastercard_contactless": null, "payment:visa": null, "payment:visa_debit": null, "payment:visa_electron": null, "phone": null, "self_service": null, "start_date": null, "website": null, "wheelchair": null, "name:en": null, "shop": null, "fee": null, "wikidata": null, "wikipedia": null, "int_name": null, "leisure": null, "healthcare": null, "internet_access": null, "denomination": null, "religion": null, "castle_type": null, "historic": null, "historic:civilization": null, "image": null, "source": null, "theatre:type": null, "natural": null, "ele": null, "male": null, "female": null, "brand:el": null, "brand:en": null, "operator:wikidata": null, "short_name": null, "short_name:el": null, "short_name:en": null, "brewery": null, "outdoor_seating": null, "colour": null, "parcel_locker:type": null, "parcel_mail_in": null, "parcel_pickup": null, "backrest": null, "access": null, "authentication:app": null, "authentication:membership_card": null, "branch": null, "capacity": null, "contact:phone": null, "contact:website": null, "covered": null, "motorcar": null, "parking:fee": null, "ref:EU:EVSE": null, "ref:GR:IDRO": null, "socket:type2": null, "socket:type2:output": null, "lit": null, "socket:type2_combo": null, "socket:type2_combo:output": null, "manufacturer": null, "building": "yes", "parking": null, "name:de": null, "leaf_type": null, "building:levels": null, "layer": null, "location": null, "intermittent": null, "seasonal": null, "waterway": null, "name:ru": null, "landuse": null, "sport": null, "industrial": null, "education": null, "emergency": null, "operator:type": null, "type": null, "leaf_cycle": null, "label": "building:yes" }, "geometry": { "type": "Polygon", "coordinates": [ [ [ 24.0583603, 35.4977114 ], [ 24.0586017, 35.4976393 ], [ 24.0585458, 35.4975152 ], [ 24.0583044, 35.4975872 ], [ 24.0583603, 35.4977114 ] ] ] } },
{ "type": "Feature", "properties": { "element": "way", "id": 1295706368, "amenity": null, "brand": null, "brand:wikidata": null, "name": null, "operator": null, "brand:wikipedia": null, "compressed_air": null, "cuisine": null, "addr:street": null, "name:el": null, "tourism": null, "addr:city": null, "addr:housenumber": null, "addr:postcode": null, "contact:facebook": null, "description": null, "email": null, "fax": null, "fuel:diesel": null, "fuel:diesel_B": null, "fuel:e10": null, "fuel:e5": null, "fuel:gasoline": null, "fuel:heating_oil": null, "fuel:octane_95": null, "fuel:unleaded": null, "opening_hours": null, "payment:app": null, "payment:apple_pay": null, "payment:cards": null, "payment:cash": null, "payment:coins": null, "payment:contactless": null, "payment:credit_cards": null, "payment:debit_cards": null, "payment:electronic_purses": null, "payment:google_pay": null, "payment:maestro": null, "payment:mastercard": null, "payment:mastercard_contactless": null, "payment:visa": null, "payment:visa_debit": null, "payment:visa_electron": null, "phone": null, "self_service": null, "start_date": null, "website": null, "wheelchair": null, "name:en": null, "shop": null, "fee": null, "wikidata": null, "wikipedia": null, "int_name": null, "leisure": null, "healthcare": null, "internet_access": null, "denomination": null, "religion": null, "castle_type": null, "historic": null, "historic:civilization": null, "image": null, "source": null, "theatre:type": null, "natural": "coastline", "ele": null, "male": null, "female": null, "brand:el": null, "brand:en": null, "operator:wikidata": null, "short_name": null, "short_name:el": null, "short_name:en": null, "brewery": null, "outdoor_seating": null, "colour": null, "parcel_locker:type": null, "parcel_mail_in": null, "parcel_pickup": null, "backrest": null, "access": null, "authentication:app": null, "authentication:membership_card": null, "branch": null, "capacity": null, "contact:phone": null, "contact:website": null, "covered": null, "motorcar": null, "parking:fee": null, "ref:EU:EVSE": null, "ref:GR:IDRO": null, "socket:type2": null, "socket:type2:output": null, "lit": null, "socket:type2_combo": null, "socket:type2_combo:output": null, "manufacturer": null, "building": null, "parking": null, "name:de": null, "leaf_type": null, "building:levels": null, "layer": null, "location": null, "intermittent": null, "seasonal": null, "waterway": null, "name:ru": null, "landuse": null, "sport": null, "industrial": null, "education": null, "emergency": null, "operator:type": null, "type": null, "leaf_cycle": null, "label": "natural:coastline" }, "geometry": { "type": "LineString", "coordinates": [ [ 24.0351385, 35.5191488 ], [ 24.0351385, 35.5191346 ], [ 24.0351199, 35.5191141 ], [ 24.0351352, 35.5190945 ], [ 24.0351691, 35.5190972 ], [ 24.0351724, 35.5191061 ], [ 24.0351658, 35.5191257 ], [ 24.0351385, 35.5191488 ] ] } },
{ "type": "Feature", "properties": { "element": "way", "id": 1295706369, "amenity": null, "brand": null, "brand:wikidata": null, "name": null, "operator": null, "brand:wikipedia": null, "compressed_air": null, "cuisine": null, "addr:street": null, "name:el": null, "tourism": null, "addr:city": null, "addr:housenumber": null, "addr:postcode": null, "contact:facebook": null, "description": null, "email": null, "fax": null, "fuel:diesel": null, "fuel:diesel_B": null, "fuel:e10": null, "fuel:e5": null, "fuel:gasoline": null, "fuel:heating_oil": null, "fuel:octane_95": null, "fuel:unleaded": null, "opening_hours": null, "payment:app": null, "payment:apple_pay": null, "payment:cards": null, "payment:cash": null, "payment:coins": null, "payment:contactless": null, "payment:credit_cards": null, "payment:debit_cards": null, "payment:electronic_purses": null, "payment:google_pay": null, "payment:maestro": null, "payment:mastercard": null, "payment:mastercard_contactless": null, "payment:visa": null, "payment:visa_debit": null, "payment:visa_electron": null, "phone": null, "self_service": null, "start_date": null, "website": null, "wheelchair": null, "name:en": null, "shop": null, "fee": null, "wikidata": null, "wikipedia": null, "int_name": null, "leisure": null, "healthcare": null, "internet_access": null, "denomination": null, "religion": null, "castle_type": null, "historic": null, "historic:civilization": null, "image": null, "source": null, "theatre:type": null, "natural": "coastline", "ele": null, "male": null, "female": null, "brand:el": null, "brand:en": null, "operator:wikidata": null, "short_name": null, "short_name:el": null, "short_name:en": null, "brewery": null, "outdoor_seating": null, "colour": null, "parcel_locker:type": null, "parcel_mail_in": null, "parcel_pickup": null, "backrest": null, "access": null, "authentication:app": null, "authentication:membership_card": null, "branch": null, "capacity": null, "contact:phone": null, "contact:website": null, "covered": null, "motorcar": null, "parking:fee": null, "ref:EU:EVSE": null, "ref:GR:IDRO": null, "socket:type2": null, "socket:type2:output": null, "lit": null, "socket:type2_combo": null, "socket:type2_combo:output": null, "manufacturer": null, "building": null, "parking": null, "name:de": null, "leaf_type": null, "building:levels": null, "layer": null, "location": null, "intermittent": null, "seasonal": null, "waterway": null, "name:ru": null, "landuse": null, "sport": null, "industrial": null, "education": null, "emergency": null, "operator:type": null, "type": null, "leaf_cycle": null, "label": "natural:coastline" }, "geometry": { "type": "LineString", "coordinates": [ [ 24.0351341, 35.5187469 ], [ 24.0351145, 35.5187549 ], [ 24.0351003, 35.5187487 ], [ 24.035097, 35.5187291 ], [ 24.0351046, 35.5187211 ], [ 24.0351341, 35.5187167 ], [ 24.0351341, 35.5187309 ], [ 24.0351341, 35.5187469 ] ] } },
{ "type": "Feature", "properties": { "element": "way", "id": 1295706370, "amenity": null, "brand": null, "brand:wikidata": null, "name": null, "operator": null, "brand:wikipedia": null, "compressed_air": null, "cuisine": null, "addr:street": null, "name:el": null, "tourism": null, "addr:city": null, "addr:housenumber": null, "addr:postcode": null, "contact:facebook": null, "description": null, "email": null, "fax": null, "fuel:diesel": null, "fuel:diesel_B": null, "fuel:e10": null, "fuel:e5": null, "fuel:gasoline": null, "fuel:heating_oil": null, "fuel:octane_95": null, "fuel:unleaded": null, "opening_hours": null, "payment:app": null, "payment:apple_pay": null, "payment:cards": null, "payment:cash": null, "payment:coins": null, "payment:contactless": null, "payment:credit_cards": null, "payment:debit_cards": null, "payment:electronic_purses": null, "payment:google_pay": null, "payment:maestro": null, "payment:mastercard": null, "payment:mastercard_contactless": null, "payment:visa": null, "payment:visa_debit": null, "payment:visa_electron": null, "phone": null, "self_service": null, "start_date": null, "website": null, "wheelchair": null, "name:en": null, "shop": null, "fee": null, "wikidata": null, "wikipedia": null, "int_name": null, "leisure": null, "healthcare": null, "internet_access": null, "denomination": null, "religion": null, "castle_type": null, "historic": null, "historic:civilization": null, "image": null, "source": null, "theatre:type": null, "natural": "coastline", "ele": null, "male": null, "female": null, "brand:el": null, "brand:en": null, "operator:wikidata": null, "short_name": null, "short_name:el": null, "short_name:en": null, "brewery": null, "outdoor_seating": null, "colour": null, "parcel_locker:type": null, "parcel_mail_in": null, "parcel_pickup": null, "backrest": null, "access": null, "authentication:app": null, "authentication:membership_card": null, "branch": null, "capacity": null, "contact:phone": null, "contact:website": null, "covered": null, "motorcar": null, "parking:fee": null, "ref:EU:EVSE": null, "ref:GR:IDRO": null, "socket:type2": null, "socket:type2:output": null, "lit": null, "socket:type2_combo": null, "socket:type2_combo:output": null, "manufacturer": null, "building": null, "parking": null, "name:de": null, "leaf_type": null, "building:levels": null, "layer": null, "location": null, "intermittent": null, "seasonal": null, "waterway": null, "name:ru": null, "landuse": null, "sport": null, "industrial": null, "education": null, "emergency": null, "operator:type": null, "type": null, "leaf_cycle": null, "label": "natural:coastline" }, "geometry": { "type": "LineString", "coordinates": [ [ 24.0352718, 35.5190048 ], [ 24.0352587, 35.518995 ], [ 24.0352608, 35.5189781 ], [ 24.0352718, 35.5189861 ], [ 24.0352783, 35.5189932 ], [ 24.0352718, 35.5190048 ] ] } },
{ "type": "Feature", "properties": { "element": "way", "id": 1295706371, "amenity": null, "brand": null, "brand:wikidata": null, "name": null, "operator": null, "brand:wikipedia": null, "compressed_air": null, "cuisine": null, "addr:street": null, "name:el": null, "tourism": null, "addr:city": null, "addr:housenumber": null, "addr:postcode": null, "contact:facebook": null, "description": null, "email": null, "fax": null, "fuel:diesel": null, "fuel:diesel_B": null, "fuel:e10": null, "fuel:e5": null, "fuel:gasoline": null, "fuel:heating_oil": null, "fuel:octane_95": null, "fuel:unleaded": null, "opening_hours": null, "payment:app": null, "payment:apple_pay": null, "payment:cards": null, "payment:cash": null, "payment:coins": null, "payment:contactless": null, "payment:credit_cards": null, "payment:debit_cards": null, "payment:electronic_purses": null, "payment:google_pay": null, "payment:maestro": null, "payment:mastercard": null, "payment:mastercard_contactless": null, "payment:visa": null, "payment:visa_debit": null, "payment:visa_electron": null, "phone": null, "self_service": null, "start_date": null, "website": null, "wheelchair": null, "name:en": null, "shop": null, "fee": null, "wikidata": null, "wikipedia": null, "int_name": null, "leisure": null, "healthcare": null, "internet_access": null, "denomination": null, "religion": null, "castle_type": null, "historic": null, "historic:civilization": null, "image": null, "source": null, "theatre:type": null, "natural": "coastline", "ele": null, "male": null, "female": null, "brand:el": null, "brand:en": null, "operator:wikidata": null, "short_name": null, "short_name:el": null, "short_name:en": null, "brewery": null, "outdoor_seating": null, "colour": null, "parcel_locker:type": null, "parcel_mail_in": null, "parcel_pickup": null, "backrest": null, "access": null, "authentication:app": null, "authentication:membership_card": null, "branch": null, "capacity": null, "contact:phone": null, "contact:website": null, "covered": null, "motorcar": null, "parking:fee": null, "ref:EU:EVSE": null, "ref:GR:IDRO": null, "socket:type2": null, "socket:type2:output": null, "lit": null, "socket:type2_combo": null, "socket:type2_combo:output": null, "manufacturer": null, "building": null, "parking": null, "name:de": null, "leaf_type": null, "building:levels": null, "layer": null, "location": null, "intermittent": null, "seasonal": null, "waterway": null, "name:ru": null, "landuse": null, "sport": null, "industrial": null, "education": null, "emergency": null, "operator:type": null, "type": null, "leaf_cycle": null, "label": "natural:coastline" }, "geometry": { "type": "LineString", "coordinates": [ [ 24.0351571, 35.5188429 ], [ 24.0351451, 35.5188234 ], [ 24.0351472, 35.5188109 ], [ 24.0351658, 35.5188189 ], [ 24.0351691, 35.5188296 ], [ 24.0351571, 35.5188429 ] ] } },
{ "type": "Feature", "properties": { "element": "way", "id": 1295706372, "amenity": null, "brand": null, "brand:wikidata": null, "name": null, "operator": null, "brand:wikipedia": null, "compressed_air": null, "cuisine": null, "addr:street": null, "name:el": null, "tourism": null, "addr:city": null, "addr:housenumber": null, "addr:postcode": null, "contact:facebook": null, "description": null, "email": null, "fax": null, "fuel:diesel": null, "fuel:diesel_B": null, "fuel:e10": null, "fuel:e5": null, "fuel:gasoline": null, "fuel:heating_oil": null, "fuel:octane_95": null, "fuel:unleaded": null, "opening_hours": null, "payment:app": null, "payment:apple_pay": null, "payment:cards": null, "payment:cash": null, "payment:coins": null, "payment:contactless": null, "payment:credit_cards": null, "payment:debit_cards": null, "payment:electronic_purses": null, "payment:google_pay": null, "payment:maestro": null, "payment:mastercard": null, "payment:mastercard_contactless": null, "payment:visa": null, "payment:visa_debit": null, "payment:visa_electron": null, "phone": null, "self_service": null, "start_date": null, "website": null, "wheelchair": null, "name:en": null, "shop": null, "fee": null, "wikidata": null, "wikipedia": null, "int_name": null, "leisure": null, "healthcare": null, "internet_access": null, "denomination": null, "religion": null, "castle_type": null, "historic": null, "historic:civilization": null, "image": null, "source": null, "theatre:type": null, "natural": "coastline", "ele": null, "male": null, "female": null, "brand:el": null, "brand:en": null, "operator:wikidata": null, "short_name": null, "short_name:el": null, "short_name:en": null, "brewery": null, "outdoor_seating": null, "colour": null, "parcel_locker:type": null, "parcel_mail_in": null, "parcel_pickup": null, "backrest": null, "access": null, "authentication:app": null, "authentication:membership_card": null, "branch": null, "capacity": null, "contact:phone": null, "contact:website": null, "covered": null, "motorcar": null, "parking:fee": null, "ref:EU:EVSE": null, "ref:GR:IDRO": null, "socket:type2": null, "socket:type2:output": null, "lit": null, "socket:type2_combo": null, "socket:type2_combo:output": null, "manufacturer": null, "building": null, "parking": null, "name:de": null, "leaf_type": null, "building:levels": null, "layer": null, "location": null, "intermittent": null, "seasonal": null, "waterway": null, "name:ru": null, "landuse": null, "sport": null, "industrial": null, "education": null, "emergency": null, "operator:type": null, "type": null, "leaf_cycle": null, "label": "natural:coastline" }, "geometry": { "type": "LineString", "coordinates": [ [ 24.0353122, 35.5190394 ], [ 24.0353034, 35.5190243 ], [ 24.0353089, 35.5190065 ], [ 24.0353165, 35.5190225 ], [ 24.0353242, 35.519035 ], [ 24.0353122, 35.5190394 ] ] } },
{ "type": "Feature", "properties": { "element": "way", "id": 1295706373, "amenity": null, "brand": null, "brand:wikidata": null, "name": null, "operator": null, "brand:wikipedia": null, "compressed_air": null, "cuisine": null, "addr:street": null, "name:el": null, "tourism": null, "addr:city": null, "addr:housenumber": null, "addr:postcode": null, "contact:facebook": null, "description": null, "email": null, "fax": null, "fuel:diesel": null, "fuel:diesel_B": null, "fuel:e10": null, "fuel:e5": null, "fuel:gasoline": null, "fuel:heating_oil": null, "fuel:octane_95": null, "fuel:unleaded": null, "opening_hours": null, "payment:app": null, "payment:apple_pay": null, "payment:cards": null, "payment:cash": null, "payment:coins": null, "payment:contactless": null, "payment:credit_cards": null, "payment:debit_cards": null, "payment:electronic_purses": null, "payment:google_pay": null, "payment:maestro": null, "payment:mastercard": null, "payment:mastercard_contactless": null, "payment:visa": null, "payment:visa_debit": null, "payment:visa_electron": null, "phone": null, "self_service": null, "start_date": null, "website": null, "wheelchair": null, "name:en": null, "shop": null, "fee": null, "wikidata": null, "wikipedia": null, "int_name": null, "leisure": null, "healthcare": null, "internet_access": null, "denomination": null, "religion": null, "castle_type": null, "historic": null, "historic:civilization": null, "image": null, "source": null, "theatre:type": null, "natural": "coastline", "ele": null, "male": null, "female": null, "brand:el": null, "brand:en": null, "operator:wikidata": null, "short_name": null, "short_name:el": null, "short_name:en": null, "brewery": null, "outdoor_seating": null, "colour": null, "parcel_locker:type": null, "parcel_mail_in": null, "parcel_pickup": null, "backrest": null, "access": null, "authentication:app": null, "authentication:membership_card": null, "branch": null, "capacity": null, "contact:phone": null, "contact:website": null, "covered": null, "motorcar": null, "parking:fee": null, "ref:EU:EVSE": null, "ref:GR:IDRO": null, "socket:type2": null, "socket:type2:output": null, "lit": null, "socket:type2_combo": null, "socket:type2_combo:output": null, "manufacturer": null, "building": null, "parking": null, "name:de": null, "leaf_type": null, "building:levels": null, "layer": null, "location": null, "intermittent": null, "seasonal": null, "waterway": null, "name:ru": null, "landuse": null, "sport": null, "industrial": null, "education": null, "emergency": null, "operator:type": null, "type": null, "leaf_cycle": null, "label": "natural:coastline" }, "geometry": { "type": "LineString", "coordinates": [ [ 24.0352051, 35.5189985 ], [ 24.0352117, 35.5189754 ], [ 24.0352248, 35.5189674 ], [ 24.0352324, 35.5189763 ], [ 24.0352237, 35.5189932 ], [ 24.0352051, 35.5189985 ] ] } },
{ "type": "Feature", "properties": { "element": "way", "id": 1296028092, "amenity": null, "brand": null, "brand:wikidata": null, "name": null, "operator": null, "brand:wikipedia": null, "compressed_air": null, "cuisine": null, "addr:street": null, "name:el": null, "tourism": null, "addr:city": null, "addr:housenumber": null, "addr:postcode": null, "contact:facebook": null, "description": null, "email": null, "fax": null, "fuel:diesel": null, "fuel:diesel_B": null, "fuel:e10": null, "fuel:e5": null, "fuel:gasoline": null, "fuel:heating_oil": null, "fuel:octane_95": null, "fuel:unleaded": null, "opening_hours": null, "payment:app": null, "payment:apple_pay": null, "payment:cards": null, "payment:cash": null, "payment:coins": null, "payment:contactless": null, "payment:credit_cards": null, "payment:debit_cards": null, "payment:electronic_purses": null, "payment:google_pay": null, "payment:maestro": null, "payment:mastercard": null, "payment:mastercard_contactless": null, "payment:visa": null, "payment:visa_debit": null, "payment:visa_electron": null, "phone": null, "self_service": null, "start_date": null, "website": null, "wheelchair": null, "name:en": null, "shop": null, "fee": null, "wikidata": null, "wikipedia": null, "int_name": null, "leisure": "swimming_pool", "healthcare": null, "internet_access": null, "denomination": null, "religion": null, "castle_type": null, "historic": null, "historic:civilization": null, "image": null, "source": null, "theatre:type": null, "natural": null, "ele": null, "male": null, "female": null, "brand:el": null, "brand:en": null, "operator:wikidata": null, "short_name": null, "short_name:el": null, "short_name:en": null, "brewery": null, "outdoor_seating": null, "colour": null, "parcel_locker:type": null, "parcel_mail_in": null, "parcel_pickup": null, "backrest": null, "access": null, "authentication:app": null, "authentication:membership_card": null, "branch": null, "capacity": null, "contact:phone": null, "contact:website": null, "covered": null, "motorcar": null, "parking:fee": null, "ref:EU:EVSE": null, "ref:GR:IDRO": null, "socket:type2": null, "socket:type2:output": null, "lit": null, "socket:type2_combo": null, "socket:type2_combo:output": null, "manufacturer": null, "building": null, "parking": null, "name:de": null, "leaf_type": null, "building:levels": null, "layer": null, "location": null, "intermittent": null, "seasonal": null, "waterway": null, "name:ru": null, "landuse": null, "sport": null, "industrial": null, "education": null, "emergency": null, "operator:type": null, "type": null, "leaf_cycle": null, "label": "leisure:swimming_pool" }, "geometry": { "type": "Polygon", "coordinates": [ [ [ 24.0449861, 35.5053207 ], [ 24.0449886, 35.5053579 ], [ 24.0450927, 35.5053538 ], [ 24.0450901, 35.5053145 ], [ 24.0449861, 35.5053207 ] ] ] } },
{ "type": "Feature", "properties": { "element": "way", "id": 1296028093, "amenity": null, "brand": null, "brand:wikidata": null, "name": null, "operator": null, "brand:wikipedia": null, "compressed_air": null, "cuisine": null, "addr:street": null, "name:el": null, "tourism": null, "addr:city": null, "addr:housenumber": null, "addr:postcode": null, "contact:facebook": null, "description": null, "email": null, "fax": null, "fuel:diesel": null, "fuel:diesel_B": null, "fuel:e10": null, "fuel:e5": null, "fuel:gasoline": null, "fuel:heating_oil": null, "fuel:octane_95": null, "fuel:unleaded": null, "opening_hours": null, "payment:app": null, "payment:apple_pay": null, "payment:cards": null, "payment:cash": null, "payment:coins": null, "payment:contactless": null, "payment:credit_cards": null, "payment:debit_cards": null, "payment:electronic_purses": null, "payment:google_pay": null, "payment:maestro": null, "payment:mastercard": null, "payment:mastercard_contactless": null, "payment:visa": null, "payment:visa_debit": null, "payment:visa_electron": null, "phone": null, "self_service": null, "start_date": null, "website": null, "wheelchair": null, "name:en": null, "shop": null, "fee": null, "wikidata": null, "wikipedia": null, "int_name": null, "leisure": "swimming_pool", "healthcare": null, "internet_access": null, "denomination": null, "religion": null, "castle_type": null, "historic": null, "historic:civilization": null, "image": null, "source": null, "theatre:type": null, "natural": null, "ele": null, "male": null, "female": null, "brand:el": null, "brand:en": null, "operator:wikidata": null, "short_name": null, "short_name:el": null, "short_name:en": null, "brewery": null, "outdoor_seating": null, "colour": null, "parcel_locker:type": null, "parcel_mail_in": null, "parcel_pickup": null, "backrest": null, "access": null, "authentication:app": null, "authentication:membership_card": null, "branch": null, "capacity": null, "contact:phone": null, "contact:website": null, "covered": null, "motorcar": null, "parking:fee": null, "ref:EU:EVSE": null, "ref:GR:IDRO": null, "socket:type2": null, "socket:type2:output": null, "lit": null, "socket:type2_combo": null, "socket:type2_combo:output": null, "manufacturer": null, "building": null, "parking": null, "name:de": null, "leaf_type": null, "building:levels": null, "layer": null, "location": null, "intermittent": null, "seasonal": null, "waterway": null, "name:ru": null, "landuse": null, "sport": null, "industrial": null, "education": null, "emergency": null, "operator:type": null, "type": null, "leaf_cycle": null, "label": "leisure:swimming_pool" }, "geometry": { "type": "Polygon", "coordinates": [ [ [ 24.0524062, 35.5042954 ], [ 24.0524405, 35.504223 ], [ 24.0523634, 35.504202 ], [ 24.0523343, 35.5042759 ], [ 24.0524062, 35.5042954 ] ] ] } },
{ "type": "Feature", "properties": { "element": "way", "id": 1296028094, "amenity": null, "brand": null, "brand:wikidata": null, "name": null, "operator": null, "brand:wikipedia": null, "compressed_air": null, "cuisine": null, "addr:street": null, "name:el": null, "tourism": null, "addr:city": null, "addr:housenumber": null, "addr:postcode": null, "contact:facebook": null, "description": null, "email": null, "fax": null, "fuel:diesel": null, "fuel:diesel_B": null, "fuel:e10": null, "fuel:e5": null, "fuel:gasoline": null, "fuel:heating_oil": null, "fuel:octane_95": null, "fuel:unleaded": null, "opening_hours": null, "payment:app": null, "payment:apple_pay": null, "payment:cards": null, "payment:cash": null, "payment:coins": null, "payment:contactless": null, "payment:credit_cards": null, "payment:debit_cards": null, "payment:electronic_purses": null, "payment:google_pay": null, "payment:maestro": null, "payment:mastercard": null, "payment:mastercard_contactless": null, "payment:visa": null, "payment:visa_debit": null, "payment:visa_electron": null, "phone": null, "self_service": null, "start_date": null, "website": null, "wheelchair": null, "name:en": null, "shop": null, "fee": null, "wikidata": null, "wikipedia": null, "int_name": null, "leisure": "swimming_pool", "healthcare": null, "internet_access": null, "denomination": null, "religion": null, "castle_type": null, "historic": null, "historic:civilization": null, "image": null, "source": null, "theatre:type": null, "natural": null, "ele": null, "male": null, "female": null, "brand:el": null, "brand:en": null, "operator:wikidata": null, "short_name": null, "short_name:el": null, "short_name:en": null, "brewery": null, "outdoor_seating": null, "colour": null, "parcel_locker:type": null, "parcel_mail_in": null, "parcel_pickup": null, "backrest": null, "access": null, "authentication:app": null, "authentication:membership_card": null, "branch": null, "capacity": null, "contact:phone": null, "contact:website": null, "covered": null, "motorcar": null, "parking:fee": null, "ref:EU:EVSE": null, "ref:GR:IDRO": null, "socket:type2": null, "socket:type2:output": null, "lit": null, "socket:type2_combo": null, "socket:type2_combo:output": null, "manufacturer": null, "building": null, "parking": null, "name:de": null, "leaf_type": null, "building:levels": null, "layer": null, "location": null, "intermittent": null, "seasonal": null, "waterway": null, "name:ru": null, "landuse": null, "sport": null, "industrial": null, "education": null, "emergency": null, "operator:type": null, "type": null, "leaf_cycle": null, "label": "leisure:swimming_pool" }, "geometry": { "type": "Polygon", "coordinates": [ [ [ 24.0551082, 35.503635 ], [ 24.0550804, 35.5036852 ], [ 24.0551878, 35.5037289 ], [ 24.0551699, 35.5037548 ], [ 24.0552156, 35.5037726 ], [ 24.0552653, 35.5037014 ], [ 24.0551082, 35.503635 ] ] ] } },
{ "type": "Feature", "properties": { "element": "way", "id": 1296028764, "amenity": null, "brand": null, "brand:wikidata": null, "name": null, "operator": null, "brand:wikipedia": null, "compressed_air": null, "cuisine": null, "addr:street": null, "name:el": null, "tourism": null, "addr:city": null, "addr:housenumber": null, "addr:postcode": null, "contact:facebook": null, "description": null, "email": null, "fax": null, "fuel:diesel": null, "fuel:diesel_B": null, "fuel:e10": null, "fuel:e5": null, "fuel:gasoline": null, "fuel:heating_oil": null, "fuel:octane_95": null, "fuel:unleaded": null, "opening_hours": null, "payment:app": null, "payment:apple_pay": null, "payment:cards": null, "payment:cash": null, "payment:coins": null, "payment:contactless": null, "payment:credit_cards": null, "payment:debit_cards": null, "payment:electronic_purses": null, "payment:google_pay": null, "payment:maestro": null, "payment:mastercard": null, "payment:mastercard_contactless": null, "payment:visa": null, "payment:visa_debit": null, "payment:visa_electron": null, "phone": null, "self_service": null, "start_date": null, "website": null, "wheelchair": null, "name:en": null, "shop": null, "fee": null, "wikidata": null, "wikipedia": null, "int_name": null, "leisure": "swimming_pool", "healthcare": null, "internet_access": null, "denomination": null, "religion": null, "castle_type": null, "historic": null, "historic:civilization": null, "image": null, "source": null, "theatre:type": null, "natural": null, "ele": null, "male": null, "female": null, "brand:el": null, "brand:en": null, "operator:wikidata": null, "short_name": null, "short_name:el": null, "short_name:en": null, "brewery": null, "outdoor_seating": null, "colour": null, "parcel_locker:type": null, "parcel_mail_in": null, "parcel_pickup": null, "backrest": null, "access": null, "authentication:app": null, "authentication:membership_card": null, "branch": null, "capacity": null, "contact:phone": null, "contact:website": null, "covered": null, "motorcar": null, "parking:fee": null, "ref:EU:EVSE": null, "ref:GR:IDRO": null, "socket:type2": null, "socket:type2:output": null, "lit": null, "socket:type2_combo": null, "socket:type2_combo:output": null, "manufacturer": null, "building": null, "parking": null, "name:de": null, "leaf_type": null, "building:levels": null, "layer": null, "location": null, "intermittent": null, "seasonal": null, "waterway": null, "name:ru": null, "landuse": null, "sport": null, "industrial": null, "education": null, "emergency": null, "operator:type": null, "type": null, "leaf_cycle": null, "label": "leisure:swimming_pool" }, "geometry": { "type": "Polygon", "coordinates": [ [ [ 24.0553752, 35.5074302 ], [ 24.0554036, 35.5074062 ], [ 24.0554189, 35.5074178 ], [ 24.0554255, 35.5074089 ], [ 24.0553195, 35.5073235 ], [ 24.0552791, 35.5073547 ], [ 24.0553752, 35.5074302 ] ] ] } },
{ "type": "Feature", "properties": { "element": "way", "id": 1296028765, "amenity": null, "brand": null, "brand:wikidata": null, "name": null, "operator": null, "brand:wikipedia": null, "compressed_air": null, "cuisine": null, "addr:street": null, "name:el": null, "tourism": null, "addr:city": null, "addr:housenumber": null, "addr:postcode": null, "contact:facebook": null, "description": null, "email": null, "fax": null, "fuel:diesel": null, "fuel:diesel_B": null, "fuel:e10": null, "fuel:e5": null, "fuel:gasoline": null, "fuel:heating_oil": null, "fuel:octane_95": null, "fuel:unleaded": null, "opening_hours": null, "payment:app": null, "payment:apple_pay": null, "payment:cards": null, "payment:cash": null, "payment:coins": null, "payment:contactless": null, "payment:credit_cards": null, "payment:debit_cards": null, "payment:electronic_purses": null, "payment:google_pay": null, "payment:maestro": null, "payment:mastercard": null, "payment:mastercard_contactless": null, "payment:visa": null, "payment:visa_debit": null, "payment:visa_electron": null, "phone": null, "self_service": null, "start_date": null, "website": null, "wheelchair": null, "name:en": null, "shop": null, "fee": null, "wikidata": null, "wikipedia": null, "int_name": null, "leisure": "swimming_pool", "healthcare": null, "internet_access": null, "denomination": null, "religion": null, "castle_type": null, "historic": null, "historic:civilization": null, "image": null, "source": null, "theatre:type": null, "natural": null, "ele": null, "male": null, "female": null, "brand:el": null, "brand:en": null, "operator:wikidata": null, "short_name": null, "short_name:el": null, "short_name:en": null, "brewery": null, "outdoor_seating": null, "colour": null, "parcel_locker:type": null, "parcel_mail_in": null, "parcel_pickup": null, "backrest": null, "access": null, "authentication:app": null, "authentication:membership_card": null, "branch": null, "capacity": null, "contact:phone": null, "contact:website": null, "covered": null, "motorcar": null, "parking:fee": null, "ref:EU:EVSE": null, "ref:GR:IDRO": null, "socket:type2": null, "socket:type2:output": null, "lit": null, "socket:type2_combo": null, "socket:type2_combo:output": null, "manufacturer": null, "building": null, "parking": null, "name:de": null, "leaf_type": null, "building:levels": null, "layer": null, "location": null, "intermittent": null, "seasonal": null, "waterway": null, "name:ru": null, "landuse": null, "sport": null, "industrial": null, "education": null, "emergency": null, "operator:type": null, "type": null, "leaf_cycle": null, "label": "leisure:swimming_pool" }, "geometry": { "type": "Polygon", "coordinates": [ [ [ 24.0571895, 35.5073893 ], [ 24.0572026, 35.5073653 ], [ 24.0570213, 35.5072942 ], [ 24.0570093, 35.5073155 ], [ 24.0571895, 35.5073893 ] ] ] } },
{ "type": "Feature", "properties": { "element": "way", "id": 1342712117, "amenity": null, "brand": null, "brand:wikidata": null, "name": null, "operator": null, "brand:wikipedia": null, "compressed_air": null, "cuisine": null, "addr:street": null, "name:el": null, "tourism": null, "addr:city": null, "addr:housenumber": null, "addr:postcode": null, "contact:facebook": null, "description": null, "email": null, "fax": null, "fuel:diesel": null, "fuel:diesel_B": null, "fuel:e10": null, "fuel:e5": null, "fuel:gasoline": null, "fuel:heating_oil": null, "fuel:octane_95": null, "fuel:unleaded": null, "opening_hours": null, "payment:app": null, "payment:apple_pay": null, "payment:cards": null, "payment:cash": null, "payment:coins": null, "payment:contactless": null, "payment:credit_cards": null, "payment:debit_cards": null, "payment:electronic_purses": null, "payment:google_pay": null, "payment:maestro": null, "payment:mastercard": null, "payment:mastercard_contactless": null, "payment:visa": null, "payment:visa_debit": null, "payment:visa_electron": null, "phone": null, "self_service": null, "start_date": null, "website": null, "wheelchair": null, "name:en": null, "shop": null, "fee": null, "wikidata": null, "wikipedia": null, "int_name": null, "leisure": null, "healthcare": null, "internet_access": null, "denomination": null, "religion": null, "castle_type": null, "historic": null, "historic:civilization": null, "image": null, "source": null, "theatre:type": null, "natural": null, "ele": null, "male": null, "female": null, "brand:el": null, "brand:en": null, "operator:wikidata": null, "short_name": null, "short_name:el": null, "short_name:en": null, "brewery": null, "outdoor_seating": null, "colour": null, "parcel_locker:type": null, "parcel_mail_in": null, "parcel_pickup": null, "backrest": null, "access": null, "authentication:app": null, "authentication:membership_card": null, "branch": null, "capacity": null, "contact:phone": null, "contact:website": null, "covered": null, "motorcar": null, "parking:fee": null, "ref:EU:EVSE": null, "ref:GR:IDRO": null, "socket:type2": null, "socket:type2:output": null, "lit": null, "socket:type2_combo": null, "socket:type2_combo:output": null, "manufacturer": null, "building": null, "parking": null, "name:de": null, "leaf_type": null, "building:levels": null, "layer": null, "location": null, "intermittent": null, "seasonal": null, "waterway": null, "name:ru": null, "landuse": "orchard", "sport": null, "industrial": null, "education": null, "emergency": null, "operator:type": null, "type": null, "leaf_cycle": null, "label": "landuse:orchard" }, "geometry": { "type": "Polygon", "coordinates": [ [ [ 24.0332016, 35.4978602 ], [ 24.0331748, 35.4975523 ], [ 24.0334323, 35.4975021 ], [ 24.0333948, 35.4973383 ], [ 24.033054680649734, 35.497416098763495 ], [ 24.033054680649734, 35.497876772247757 ], [ 24.0332016, 35.4978602 ] ] ] } },
{ "type": "Feature", "properties": { "element": "way", "id": 1342712118, "amenity": null, "brand": null, "brand:wikidata": null, "name": null, "operator": null, "brand:wikipedia": null, "compressed_air": null, "cuisine": null, "addr:street": null, "name:el": null, "tourism": null, "addr:city": null, "addr:housenumber": null, "addr:postcode": null, "contact:facebook": null, "description": null, "email": null, "fax": null, "fuel:diesel": null, "fuel:diesel_B": null, "fuel:e10": null, "fuel:e5": null, "fuel:gasoline": null, "fuel:heating_oil": null, "fuel:octane_95": null, "fuel:unleaded": null, "opening_hours": null, "payment:app": null, "payment:apple_pay": null, "payment:cards": null, "payment:cash": null, "payment:coins": null, "payment:contactless": null, "payment:credit_cards": null, "payment:debit_cards": null, "payment:electronic_purses": null, "payment:google_pay": null, "payment:maestro": null, "payment:mastercard": null, "payment:mastercard_contactless": null, "payment:visa": null, "payment:visa_debit": null, "payment:visa_electron": null, "phone": null, "self_service": null, "start_date": null, "website": null, "wheelchair": null, "name:en": null, "shop": null, "fee": null, "wikidata": null, "wikipedia": null, "int_name": null, "leisure": null, "healthcare": null, "internet_access": null, "denomination": null, "religion": null, "castle_type": null, "historic": null, "historic:civilization": null, "image": null, "source": null, "theatre:type": null, "natural": null, "ele": null, "male": null, "female": null, "brand:el": null, "brand:en": null, "operator:wikidata": null, "short_name": null, "short_name:el": null, "short_name:en": null, "brewery": null, "outdoor_seating": null, "colour": null, "parcel_locker:type": null, "parcel_mail_in": null, "parcel_pickup": null, "backrest": null, "access": null, "authentication:app": null, "authentication:membership_card": null, "branch": null, "capacity": null, "contact:phone": null, "contact:website": null, "covered": null, "motorcar": null, "parking:fee": null, "ref:EU:EVSE": null, "ref:GR:IDRO": null, "socket:type2": null, "socket:type2:output": null, "lit": null, "socket:type2_combo": null, "socket:type2_combo:output": null, "manufacturer": null, "building": null, "parking": null, "name:de": null, "leaf_type": null, "building:levels": null, "layer": null, "location": null, "intermittent": null, "seasonal": null, "waterway": null, "name:ru": null, "landuse": "orchard", "sport": null, "industrial": null, "education": null, "emergency": null, "operator:type": null, "type": null, "leaf_cycle": null, "label": "landuse:orchard" }, "geometry": { "type": "Polygon", "coordinates": [ [ [ 24.0355056, 35.498666 ], [ 24.0354976, 35.4979912 ], [ 24.0354171, 35.4979082 ], [ 24.0348807, 35.4980698 ], [ 24.0350819, 35.4987358 ], [ 24.0355056, 35.498666 ] ] ] } },
{ "type": "Feature", "properties": { "element": "way", "id": 1342712119, "amenity": null, "brand": null, "brand:wikidata": null, "name": null, "operator": null, "brand:wikipedia": null, "compressed_air": null, "cuisine": null, "addr:street": null, "name:el": null, "tourism": null, "addr:city": null, "addr:housenumber": null, "addr:postcode": null, "contact:facebook": null, "description": null, "email": null, "fax": null, "fuel:diesel": null, "fuel:diesel_B": null, "fuel:e10": null, "fuel:e5": null, "fuel:gasoline": null, "fuel:heating_oil": null, "fuel:octane_95": null, "fuel:unleaded": null, "opening_hours": null, "payment:app": null, "payment:apple_pay": null, "payment:cards": null, "payment:cash": null, "payment:coins": null, "payment:contactless": null, "payment:credit_cards": null, "payment:debit_cards": null, "payment:electronic_purses": null, "payment:google_pay": null, "payment:maestro": null, "payment:mastercard": null, "payment:mastercard_contactless": null, "payment:visa": null, "payment:visa_debit": null, "payment:visa_electron": null, "phone": null, "self_service": null, "start_date": null, "website": null, "wheelchair": null, "name:en": null, "shop": null, "fee": null, "wikidata": null, "wikipedia": null, "int_name": null, "leisure": null, "healthcare": null, "internet_access": null, "denomination": null, "religion": null, "castle_type": null, "historic": null, "historic:civilization": null, "image": null, "source": null, "theatre:type": null, "natural": null, "ele": null, "male": null, "female": null, "brand:el": null, "brand:en": null, "operator:wikidata": null, "short_name": null, "short_name:el": null, "short_name:en": null, "brewery": null, "outdoor_seating": null, "colour": null, "parcel_locker:type": null, "parcel_mail_in": null, "parcel_pickup": null, "backrest": null, "access": null, "authentication:app": null, "authentication:membership_card": null, "branch": null, "capacity": null, "contact:phone": null, "contact:website": null, "covered": null, "motorcar": null, "parking:fee": null, "ref:EU:EVSE": null, "ref:GR:IDRO": null, "socket:type2": null, "socket:type2:output": null, "lit": null, "socket:type2_combo": null, "socket:type2_combo:output": null, "manufacturer": null, "building": null, "parking": null, "name:de": null, "leaf_type": null, "building:levels": null, "layer": null, "location": null, "intermittent": null, "seasonal": null, "waterway": null, "name:ru": null, "landuse": "orchard", "sport": null, "industrial": null, "education": null, "emergency": null, "operator:type": null, "type": null, "leaf_cycle": null, "label": "landuse:orchard" }, "geometry": { "type": "Polygon", "coordinates": [ [ [ 24.0341538, 35.4993058 ], [ 24.0343738, 35.4993014 ], [ 24.0343201, 35.4981899 ], [ 24.0340291, 35.4982472 ], [ 24.0341268, 35.4988987 ], [ 24.0338243, 35.4989161 ], [ 24.0338775, 35.499332 ], [ 24.0341538, 35.4993058 ] ] ] } },
{ "type": "Feature", "properties": { "element": "way", "id": 1342712120, "amenity": null, "brand": null, "brand:wikidata": null, "name": null, "operator": null, "brand:wikipedia": null, "compressed_air": null, "cuisine": null, "addr:street": null, "name:el": null, "tourism": null, "addr:city": null, "addr:housenumber": null, "addr:postcode": null, "contact:facebook": null, "description": null, "email": null, "fax": null, "fuel:diesel": null, "fuel:diesel_B": null, "fuel:e10": null, "fuel:e5": null, "fuel:gasoline": null, "fuel:heating_oil": null, "fuel:octane_95": null, "fuel:unleaded": null, "opening_hours": null, "payment:app": null, "payment:apple_pay": null, "payment:cards": null, "payment:cash": null, "payment:coins": null, "payment:contactless": null, "payment:credit_cards": null, "payment:debit_cards": null, "payment:electronic_purses": null, "payment:google_pay": null, "payment:maestro": null, "payment:mastercard": null, "payment:mastercard_contactless": null, "payment:visa": null, "payment:visa_debit": null, "payment:visa_electron": null, "phone": null, "self_service": null, "start_date": null, "website": null, "wheelchair": null, "name:en": null, "shop": null, "fee": null, "wikidata": null, "wikipedia": null, "int_name": null, "leisure": null, "healthcare": null, "internet_access": null, "denomination": null, "religion": null, "castle_type": null, "historic": null, "historic:civilization": null, "image": null, "source": null, "theatre:type": null, "natural": null, "ele": null, "male": null, "female": null, "brand:el": null, "brand:en": null, "operator:wikidata": null, "short_name": null, "short_name:el": null, "short_name:en": null, "brewery": null, "outdoor_seating": null, "colour": null, "parcel_locker:type": null, "parcel_mail_in": null, "parcel_pickup": null, "backrest": null, "access": null, "authentication:app": null, "authentication:membership_card": null, "branch": null, "capacity": null, "contact:phone": null, "contact:website": null, "covered": null, "motorcar": null, "parking:fee": null, "ref:EU:EVSE": null, "ref:GR:IDRO": null, "socket:type2": null, "socket:type2:output": null, "lit": null, "socket:type2_combo": null, "socket:type2_combo:output": null, "manufacturer": null, "building": null, "parking": null, "name:de": null, "leaf_type": null, "building:levels": null, "layer": null, "location": null, "intermittent": null, "seasonal": null, "waterway": null, "name:ru": null, "landuse": "orchard", "sport": null, "industrial": null, "education": null, "emergency": null, "operator:type": null, "type": null, "leaf_cycle": null, "label": "landuse:orchard" }, "geometry": { "type": "Polygon", "coordinates": [ [ [ 24.034882, 35.5003288 ], [ 24.0348834, 35.5000307 ], [ 24.0346044, 35.5000198 ], [ 24.0342115, 35.500081 ], [ 24.0342624, 35.5003037 ], [ 24.034882, 35.5003288 ] ] ] } },
{ "type": "Feature", "properties": { "element": "way", "id": 1342712121, "amenity": null, "brand": null, "brand:wikidata": null, "name": null, "operator": null, "brand:wikipedia": null, "compressed_air": null, "cuisine": null, "addr:street": null, "name:el": null, "tourism": null, "addr:city": null, "addr:housenumber": null, "addr:postcode": null, "contact:facebook": null, "description": null, "email": null, "fax": null, "fuel:diesel": null, "fuel:diesel_B": null, "fuel:e10": null, "fuel:e5": null, "fuel:gasoline": null, "fuel:heating_oil": null, "fuel:octane_95": null, "fuel:unleaded": null, "opening_hours": null, "payment:app": null, "payment:apple_pay": null, "payment:cards": null, "payment:cash": null, "payment:coins": null, "payment:contactless": null, "payment:credit_cards": null, "payment:debit_cards": null, "payment:electronic_purses": null, "payment:google_pay": null, "payment:maestro": null, "payment:mastercard": null, "payment:mastercard_contactless": null, "payment:visa": null, "payment:visa_debit": null, "payment:visa_electron": null, "phone": null, "self_service": null, "start_date": null, "website": null, "wheelchair": null, "name:en": null, "shop": null, "fee": null, "wikidata": null, "wikipedia": null, "int_name": null, "leisure": null, "healthcare": null, "internet_access": null, "denomination": null, "religion": null, "castle_type": null, "historic": null, "historic:civilization": null, "image": null, "source": null, "theatre:type": null, "natural": null, "ele": null, "male": null, "female": null, "brand:el": null, "brand:en": null, "operator:wikidata": null, "short_name": null, "short_name:el": null, "short_name:en": null, "brewery": null, "outdoor_seating": null, "colour": null, "parcel_locker:type": null, "parcel_mail_in": null, "parcel_pickup": null, "backrest": null, "access": null, "authentication:app": null, "authentication:membership_card": null, "branch": null, "capacity": null, "contact:phone": null, "contact:website": null, "covered": null, "motorcar": null, "parking:fee": null, "ref:EU:EVSE": null, "ref:GR:IDRO": null, "socket:type2": null, "socket:type2:output": null, "lit": null, "socket:type2_combo": null, "socket:type2_combo:output": null, "manufacturer": null, "building": null, "parking": null, "name:de": null, "leaf_type": null, "building:levels": null, "layer": null, "location": null, "intermittent": null, "seasonal": null, "waterway": null, "name:ru": null, "landuse": "orchard", "sport": null, "industrial": null, "education": null, "emergency": null, "operator:type": null, "type": null, "leaf_cycle": null, "label": "landuse:orchard" }, "geometry": { "type": "Polygon", "coordinates": [ [ [ 24.035275, 35.5020953 ], [ 24.0350805, 35.5020888 ], [ 24.0350805, 35.5019217 ], [ 24.0348901, 35.5019316 ], [ 24.0348686, 35.5023595 ], [ 24.0350792, 35.5023606 ], [ 24.0350671, 35.5024403 ], [ 24.0351449, 35.5024371 ], [ 24.0352616, 35.5024327 ], [ 24.035275, 35.5020953 ] ] ] } },
{ "type": "Feature", "properties": { "element": "way", "id": 1342712122, "amenity": null, "brand": null, "brand:wikidata": null, "name": null, "operator": null, "brand:wikipedia": null, "compressed_air": null, "cuisine": null, "addr:street": null, "name:el": null, "tourism": null, "addr:city": null, "addr:housenumber": null, "addr:postcode": null, "contact:facebook": null, "description": null, "email": null, "fax": null, "fuel:diesel": null, "fuel:diesel_B": null, "fuel:e10": null, "fuel:e5": null, "fuel:gasoline": null, "fuel:heating_oil": null, "fuel:octane_95": null, "fuel:unleaded": null, "opening_hours": null, "payment:app": null, "payment:apple_pay": null, "payment:cards": null, "payment:cash": null, "payment:coins": null, "payment:contactless": null, "payment:credit_cards": null, "payment:debit_cards": null, "payment:electronic_purses": null, "payment:google_pay": null, "payment:maestro": null, "payment:mastercard": null, "payment:mastercard_contactless": null, "payment:visa": null, "payment:visa_debit": null, "payment:visa_electron": null, "phone": null, "self_service": null, "start_date": null, "website": null, "wheelchair": null, "name:en": null, "shop": null, "fee": null, "wikidata": null, "wikipedia": null, "int_name": null, "leisure": null, "healthcare": null, "internet_access": null, "denomination": null, "religion": null, "castle_type": null, "historic": null, "historic:civilization": null, "image": null, "source": null, "theatre:type": null, "natural": null, "ele": null, "male": null, "female": null, "brand:el": null, "brand:en": null, "operator:wikidata": null, "short_name": null, "short_name:el": null, "short_name:en": null, "brewery": null, "outdoor_seating": null, "colour": null, "parcel_locker:type": null, "parcel_mail_in": null, "parcel_pickup": null, "backrest": null, "access": null, "authentication:app": null, "authentication:membership_card": null, "branch": null, "capacity": null, "contact:phone": null, "contact:website": null, "covered": null, "motorcar": null, "parking:fee": null, "ref:EU:EVSE": null, "ref:GR:IDRO": null, "socket:type2": null, "socket:type2:output": null, "lit": null, "socket:type2_combo": null, "socket:type2_combo:output": null, "manufacturer": null, "building": null, "parking": null, "name:de": null, "leaf_type": null, "building:levels": null, "layer": null, "location": null, "intermittent": null, "seasonal": null, "waterway": null, "name:ru": null, "landuse": "orchard", "sport": null, "industrial": null, "education": null, "emergency": null, "operator:type": null, "type": null, "leaf_cycle": null, "label": "landuse:orchard" }, "geometry": { "type": "Polygon", "coordinates": [ [ [ 24.0350939, 35.5026871 ], [ 24.0350899, 35.5025277 ], [ 24.0348512, 35.50252 ], [ 24.0348445, 35.5026871 ], [ 24.0350939, 35.5026871 ] ] ] } },
{ "type": "Feature", "properties": { "element": "way", "id": 1342712123, "amenity": null, "brand": null, "brand:wikidata": null, "name": null, "operator": null, "brand:wikipedia": null, "compressed_air": null, "cuisine": null, "addr:street": null, "name:el": null, "tourism": null, "addr:city": null, "addr:housenumber": null, "addr:postcode": null, "contact:facebook": null, "description": null, "email": null, "fax": null, "fuel:diesel": null, "fuel:diesel_B": null, "fuel:e10": null, "fuel:e5": null, "fuel:gasoline": null, "fuel:heating_oil": null, "fuel:octane_95": null, "fuel:unleaded": null, "opening_hours": null, "payment:app": null, "payment:apple_pay": null, "payment:cards": null, "payment:cash": null, "payment:coins": null, "payment:contactless": null, "payment:credit_cards": null, "payment:debit_cards": null, "payment:electronic_purses": null, "payment:google_pay": null, "payment:maestro": null, "payment:mastercard": null, "payment:mastercard_contactless": null, "payment:visa": null, "payment:visa_debit": null, "payment:visa_electron": null, "phone": null, "self_service": null, "start_date": null, "website": null, "wheelchair": null, "name:en": null, "shop": null, "fee": null, "wikidata": null, "wikipedia": null, "int_name": null, "leisure": null, "healthcare": null, "internet_access": null, "denomination": null, "religion": null, "castle_type": null, "historic": null, "historic:civilization": null, "image": null, "source": null, "theatre:type": null, "natural": null, "ele": null, "male": null, "female": null, "brand:el": null, "brand:en": null, "operator:wikidata": null, "short_name": null, "short_name:el": null, "short_name:en": null, "brewery": null, "outdoor_seating": null, "colour": null, "parcel_locker:type": null, "parcel_mail_in": null, "parcel_pickup": null, "backrest": null, "access": null, "authentication:app": null, "authentication:membership_card": null, "branch": null, "capacity": null, "contact:phone": null, "contact:website": null, "covered": null, "motorcar": null, "parking:fee": null, "ref:EU:EVSE": null, "ref:GR:IDRO": null, "socket:type2": null, "socket:type2:output": null, "lit": null, "socket:type2_combo": null, "socket:type2_combo:output": null, "manufacturer": null, "building": null, "parking": null, "name:de": null, "leaf_type": null, "building:levels": null, "layer": null, "location": null, "intermittent": null, "seasonal": null, "waterway": null, "name:ru": null, "landuse": "orchard", "sport": null, "industrial": null, "education": null, "emergency": null, "operator:type": null, "type": null, "leaf_cycle": null, "label": "landuse:orchard" }, "geometry": { "type": "Polygon", "coordinates": [ [ [ 24.0352562, 35.5028825 ], [ 24.0352616, 35.503317 ], [ 24.0357149, 35.5032777 ], [ 24.0357229, 35.5029415 ], [ 24.0358248, 35.502924 ], [ 24.0358238, 35.5028476 ], [ 24.0352562, 35.5028825 ] ] ] } },
{ "type": "Feature", "properties": { "element": "way", "id": 1342712124, "amenity": null, "brand": null, "brand:wikidata": null, "name": null, "operator": null, "brand:wikipedia": null, "compressed_air": null, "cuisine": null, "addr:street": null, "name:el": null, "tourism": null, "addr:city": null, "addr:housenumber": null, "addr:postcode": null, "contact:facebook": null, "description": null, "email": null, "fax": null, "fuel:diesel": null, "fuel:diesel_B": null, "fuel:e10": null, "fuel:e5": null, "fuel:gasoline": null, "fuel:heating_oil": null, "fuel:octane_95": null, "fuel:unleaded": null, "opening_hours": null, "payment:app": null, "payment:apple_pay": null, "payment:cards": null, "payment:cash": null, "payment:coins": null, "payment:contactless": null, "payment:credit_cards": null, "payment:debit_cards": null, "payment:electronic_purses": null, "payment:google_pay": null, "payment:maestro": null, "payment:mastercard": null, "payment:mastercard_contactless": null, "payment:visa": null, "payment:visa_debit": null, "payment:visa_electron": null, "phone": null, "self_service": null, "start_date": null, "website": null, "wheelchair": null, "name:en": null, "shop": null, "fee": null, "wikidata": null, "wikipedia": null, "int_name": null, "leisure": null, "healthcare": null, "internet_access": null, "denomination": null, "religion": null, "castle_type": null, "historic": null, "historic:civilization": null, "image": null, "source": null, "theatre:type": null, "natural": null, "ele": null, "male": null, "female": null, "brand:el": null, "brand:en": null, "operator:wikidata": null, "short_name": null, "short_name:el": null, "short_name:en": null, "brewery": null, "outdoor_seating": null, "colour": null, "parcel_locker:type": null, "parcel_mail_in": null, "parcel_pickup": null, "backrest": null, "access": null, "authentication:app": null, "authentication:membership_card": null, "branch": null, "capacity": null, "contact:phone": null, "contact:website": null, "covered": null, "motorcar": null, "parking:fee": null, "ref:EU:EVSE": null, "ref:GR:IDRO": null, "socket:type2": null, "socket:type2:output": null, "lit": null, "socket:type2_combo": null, "socket:type2_combo:output": null, "manufacturer": null, "building": null, "parking": null, "name:de": null, "leaf_type": null, "building:levels": null, "layer": null, "location": null, "intermittent": null, "seasonal": null, "waterway": null, "name:ru": null, "landuse": "orchard", "sport": null, "industrial": null, "education": null, "emergency": null, "operator:type": null, "type": null, "leaf_cycle": null, "label": "landuse:orchard" }, "geometry": { "type": "Polygon", "coordinates": [ [ [ 24.0361199, 35.5025091 ], [ 24.0361226, 35.5024283 ], [ 24.0362594, 35.5024196 ], [ 24.0362513, 35.5023279 ], [ 24.0364283, 35.5023366 ], [ 24.0364471, 35.5020899 ], [ 24.0362889, 35.502079 ], [ 24.0363505, 35.5007666 ], [ 24.0361387, 35.5007273 ], [ 24.0360287, 35.5016422 ], [ 24.0359911, 35.5016379 ], [ 24.0359616, 35.5015396 ], [ 24.0359107, 35.5014828 ], [ 24.0359214, 35.5009588 ], [ 24.0357873, 35.5009762 ], [ 24.0357819, 35.5024392 ], [ 24.0358195, 35.5025113 ], [ 24.0358238, 35.5028476 ], [ 24.0358248, 35.502924 ], [ 24.0361038, 35.5028934 ], [ 24.0361199, 35.5025091 ] ] ] } },
{ "type": "Feature", "properties": { "element": "way", "id": 1342712125, "amenity": null, "brand": null, "brand:wikidata": null, "name": null, "operator": null, "brand:wikipedia": null, "compressed_air": null, "cuisine": null, "addr:street": null, "name:el": null, "tourism": null, "addr:city": null, "addr:housenumber": null, "addr:postcode": null, "contact:facebook": null, "description": null, "email": null, "fax": null, "fuel:diesel": null, "fuel:diesel_B": null, "fuel:e10": null, "fuel:e5": null, "fuel:gasoline": null, "fuel:heating_oil": null, "fuel:octane_95": null, "fuel:unleaded": null, "opening_hours": null, "payment:app": null, "payment:apple_pay": null, "payment:cards": null, "payment:cash": null, "payment:coins": null, "payment:contactless": null, "payment:credit_cards": null, "payment:debit_cards": null, "payment:electronic_purses": null, "payment:google_pay": null, "payment:maestro": null, "payment:mastercard": null, "payment:mastercard_contactless": null, "payment:visa": null, "payment:visa_debit": null, "payment:visa_electron": null, "phone": null, "self_service": null, "start_date": null, "website": null, "wheelchair": null, "name:en": null, "shop": null, "fee": null, "wikidata": null, "wikipedia": null, "int_name": null, "leisure": null, "healthcare": null, "internet_access": null, "denomination": null, "religion": null, "castle_type": null, "historic": null, "historic:civilization": null, "image": null, "source": null, "theatre:type": null, "natural": null, "ele": null, "male": null, "female": null, "brand:el": null, "brand:en": null, "operator:wikidata": null, "short_name": null, "short_name:el": null, "short_name:en": null, "brewery": null, "outdoor_seating": null, "colour": null, "parcel_locker:type": null, "parcel_mail_in": null, "parcel_pickup": null, "backrest": null, "access": null, "authentication:app": null, "authentication:membership_card": null, "branch": null, "capacity": null, "contact:phone": null, "contact:website": null, "covered": null, "motorcar": null, "parking:fee": null, "ref:EU:EVSE": null, "ref:GR:IDRO": null, "socket:type2": null, "socket:type2:output": null, "lit": null, "socket:type2_combo": null, "socket:type2_combo:output": null, "manufacturer": null, "building": null, "parking": null, "name:de": null, "leaf_type": null, "building:levels": null, "layer": null, "location": null, "intermittent": null, "seasonal": null, "waterway": null, "name:ru": null, "landuse": "orchard", "sport": null, "industrial": null, "education": null, "emergency": null, "operator:type": null, "type": null, "leaf_cycle": null, "label": "landuse:orchard" }, "geometry": { "type": "Polygon", "coordinates": [ [ [ 24.0364927, 35.5032603 ], [ 24.0365222, 35.5030026 ], [ 24.0366858, 35.503138 ], [ 24.036895, 35.5031423 ], [ 24.0368789, 35.5031729 ], [ 24.0373161, 35.5031576 ], [ 24.0373, 35.5027406 ], [ 24.0375575, 35.5027471 ], [ 24.0375441, 35.5030266 ], [ 24.0377614, 35.5030332 ], [ 24.0377963, 35.5024414 ], [ 24.0375683, 35.5024392 ], [ 24.0375736, 35.5020571 ], [ 24.0373242, 35.5020549 ], [ 24.0373081, 35.5022449 ], [ 24.037115, 35.5022405 ], [ 24.0371391, 35.501913 ], [ 24.0369192, 35.5019043 ], [ 24.0369031, 35.5023191 ], [ 24.0365463, 35.5023279 ], [ 24.0365329, 35.5028541 ], [ 24.0362057, 35.502865 ], [ 24.0362111, 35.503269 ], [ 24.0364927, 35.5032603 ] ] ] } },
{ "type": "Feature", "properties": { "element": "way", "id": 1342712126, "amenity": null, "brand": null, "brand:wikidata": null, "name": null, "operator": null, "brand:wikipedia": null, "compressed_air": null, "cuisine": null, "addr:street": null, "name:el": null, "tourism": null, "addr:city": null, "addr:housenumber": null, "addr:postcode": null, "contact:facebook": null, "description": null, "email": null, "fax": null, "fuel:diesel": null, "fuel:diesel_B": null, "fuel:e10": null, "fuel:e5": null, "fuel:gasoline": null, "fuel:heating_oil": null, "fuel:octane_95": null, "fuel:unleaded": null, "opening_hours": null, "payment:app": null, "payment:apple_pay": null, "payment:cards": null, "payment:cash": null, "payment:coins": null, "payment:contactless": null, "payment:credit_cards": null, "payment:debit_cards": null, "payment:electronic_purses": null, "payment:google_pay": null, "payment:maestro": null, "payment:mastercard": null, "payment:mastercard_contactless": null, "payment:visa": null, "payment:visa_debit": null, "payment:visa_electron": null, "phone": null, "self_service": null, "start_date": null, "website": null, "wheelchair": null, "name:en": null, "shop": null, "fee": null, "wikidata": null, "wikipedia": null, "int_name": null, "leisure": null, "healthcare": null, "internet_access": null, "denomination": null, "religion": null, "castle_type": null, "historic": null, "historic:civilization": null, "image": null, "source": null, "theatre:type": null, "natural": null, "ele": null, "male": null, "female": null, "brand:el": null, "brand:en": null, "operator:wikidata": null, "short_name": null, "short_name:el": null, "short_name:en": null, "brewery": null, "outdoor_seating": null, "colour": null, "parcel_locker:type": null, "parcel_mail_in": null, "parcel_pickup": null, "backrest": null, "access": null, "authentication:app": null, "authentication:membership_card": null, "branch": null, "capacity": null, "contact:phone": null, "contact:website": null, "covered": null, "motorcar": null, "parking:fee": null, "ref:EU:EVSE": null, "ref:GR:IDRO": null, "socket:type2": null, "socket:type2:output": null, "lit": null, "socket:type2_combo": null, "socket:type2_combo:output": null, "manufacturer": null, "building": null, "parking": null, "name:de": null, "leaf_type": null, "building:levels": null, "layer": null, "location": null, "intermittent": null, "seasonal": null, "waterway": null, "name:ru": null, "landuse": "orchard", "sport": null, "industrial": null, "education": null, "emergency": null, "operator:type": null, "type": null, "leaf_cycle": null, "label": "landuse:orchard" }, "geometry": { "type": "Polygon", "coordinates": [ [ [ 24.0330702, 35.504911 ], [ 24.0333223, 35.5049765 ], [ 24.0334403, 35.5048149 ], [ 24.0333384, 35.5047254 ], [ 24.033054680649734, 35.504698921323993 ], [ 24.033054680649734, 35.504930486223685 ], [ 24.0330702, 35.504911 ] ] ] } },
{ "type": "Feature", "properties": { "element": "way", "id": 1342712127, "amenity": null, "brand": null, "brand:wikidata": null, "name": null, "operator": null, "brand:wikipedia": null, "compressed_air": null, "cuisine": null, "addr:street": null, "name:el": null, "tourism": null, "addr:city": null, "addr:housenumber": null, "addr:postcode": null, "contact:facebook": null, "description": null, "email": null, "fax": null, "fuel:diesel": null, "fuel:diesel_B": null, "fuel:e10": null, "fuel:e5": null, "fuel:gasoline": null, "fuel:heating_oil": null, "fuel:octane_95": null, "fuel:unleaded": null, "opening_hours": null, "payment:app": null, "payment:apple_pay": null, "payment:cards": null, "payment:cash": null, "payment:coins": null, "payment:contactless": null, "payment:credit_cards": null, "payment:debit_cards": null, "payment:electronic_purses": null, "payment:google_pay": null, "payment:maestro": null, "payment:mastercard": null, "payment:mastercard_contactless": null, "payment:visa": null, "payment:visa_debit": null, "payment:visa_electron": null, "phone": null, "self_service": null, "start_date": null, "website": null, "wheelchair": null, "name:en": null, "shop": null, "fee": null, "wikidata": null, "wikipedia": null, "int_name": null, "leisure": null, "healthcare": null, "internet_access": null, "denomination": null, "religion": null, "castle_type": null, "historic": null, "historic:civilization": null, "image": null, "source": null, "theatre:type": null, "natural": null, "ele": null, "male": null, "female": null, "brand:el": null, "brand:en": null, "operator:wikidata": null, "short_name": null, "short_name:el": null, "short_name:en": null, "brewery": null, "outdoor_seating": null, "colour": null, "parcel_locker:type": null, "parcel_mail_in": null, "parcel_pickup": null, "backrest": null, "access": null, "authentication:app": null, "authentication:membership_card": null, "branch": null, "capacity": null, "contact:phone": null, "contact:website": null, "covered": null, "motorcar": null, "parking:fee": null, "ref:EU:EVSE": null, "ref:GR:IDRO": null, "socket:type2": null, "socket:type2:output": null, "lit": null, "socket:type2_combo": null, "socket:type2_combo:output": null, "manufacturer": null, "building": null, "parking": null, "name:de": null, "leaf_type": null, "building:levels": null, "layer": null, "location": null, "intermittent": null, "seasonal": null, "waterway": null, "name:ru": null, "landuse": "orchard", "sport": null, "industrial": null, "education": null, "emergency": null, "operator:type": null, "type": null, "leaf_cycle": null, "label": "landuse:orchard" }, "geometry": { "type": "Polygon", "coordinates": [ [ [ 24.0344676, 35.5020549 ], [ 24.034481, 35.5018999 ], [ 24.0348405, 35.5019239 ], [ 24.0348405, 35.5014261 ], [ 24.0345096, 35.5014024 ], [ 24.0344891, 35.5018431 ], [ 24.0342101, 35.5018497 ], [ 24.0342236, 35.502044 ], [ 24.0344676, 35.5020549 ] ] ] } },
{ "type": "Feature", "properties": { "element": "way", "id": 1342712128, "amenity": null, "brand": null, "brand:wikidata": null, "name": null, "operator": null, "brand:wikipedia": null, "compressed_air": null, "cuisine": null, "addr:street": null, "name:el": null, "tourism": null, "addr:city": null, "addr:housenumber": null, "addr:postcode": null, "contact:facebook": null, "description": null, "email": null, "fax": null, "fuel:diesel": null, "fuel:diesel_B": null, "fuel:e10": null, "fuel:e5": null, "fuel:gasoline": null, "fuel:heating_oil": null, "fuel:octane_95": null, "fuel:unleaded": null, "opening_hours": null, "payment:app": null, "payment:apple_pay": null, "payment:cards": null, "payment:cash": null, "payment:coins": null, "payment:contactless": null, "payment:credit_cards": null, "payment:debit_cards": null, "payment:electronic_purses": null, "payment:google_pay": null, "payment:maestro": null, "payment:mastercard": null, "payment:mastercard_contactless": null, "payment:visa": null, "payment:visa_debit": null, "payment:visa_electron": null, "phone": null, "self_service": null, "start_date": null, "website": null, "wheelchair": null, "name:en": null, "shop": null, "fee": null, "wikidata": null, "wikipedia": null, "int_name": null, "leisure": null, "healthcare": null, "internet_access": null, "denomination": null, "religion": null, "castle_type": null, "historic": null, "historic:civilization": null, "image": null, "source": null, "theatre:type": null, "natural": null, "ele": null, "male": null, "female": null, "brand:el": null, "brand:en": null, "operator:wikidata": null, "short_name": null, "short_name:el": null, "short_name:en": null, "brewery": null, "outdoor_seating": null, "colour": null, "parcel_locker:type": null, "parcel_mail_in": null, "parcel_pickup": null, "backrest": null, "access": null, "authentication:app": null, "authentication:membership_card": null, "branch": null, "capacity": null, "contact:phone": null, "contact:website": null, "covered": null, "motorcar": null, "parking:fee": null, "ref:EU:EVSE": null, "ref:GR:IDRO": null, "socket:type2": null, "socket:type2:output": null, "lit": null, "socket:type2_combo": null, "socket:type2_combo:output": null, "manufacturer": null, "building": null, "parking": null, "name:de": null, "leaf_type": null, "building:levels": null, "layer": null, "location": null, "intermittent": null, "seasonal": null, "waterway": null, "name:ru": null, "landuse": "orchard", "sport": null, "industrial": null, "education": null, "emergency": null, "operator:type": null, "type": null, "leaf_cycle": null, "label": "landuse:orchard" }, "geometry": { "type": "Polygon", "coordinates": [ [ [ 24.0335262, 35.5004522 ], [ 24.0335557, 35.5003277 ], [ 24.0332297, 35.4999919 ], [ 24.0332982, 35.5002011 ], [ 24.0331963, 35.5003386 ], [ 24.0332821, 35.5005046 ], [ 24.0335262, 35.5004522 ] ] ] } },
{ "type": "Feature", "properties": { "element": "way", "id": 1342712129, "amenity": null, "brand": null, "brand:wikidata": null, "name": null, "operator": null, "brand:wikipedia": null, "compressed_air": null, "cuisine": null, "addr:street": null, "name:el": null, "tourism": null, "addr:city": null, "addr:housenumber": null, "addr:postcode": null, "contact:facebook": null, "description": null, "email": null, "fax": null, "fuel:diesel": null, "fuel:diesel_B": null, "fuel:e10": null, "fuel:e5": null, "fuel:gasoline": null, "fuel:heating_oil": null, "fuel:octane_95": null, "fuel:unleaded": null, "opening_hours": null, "payment:app": null, "payment:apple_pay": null, "payment:cards": null, "payment:cash": null, "payment:coins": null, "payment:contactless": null, "payment:credit_cards": null, "payment:debit_cards": null, "payment:electronic_purses": null, "payment:google_pay": null, "payment:maestro": null, "payment:mastercard": null, "payment:mastercard_contactless": null, "payment:visa": null, "payment:visa_debit": null, "payment:visa_electron": null, "phone": null, "self_service": null, "start_date": null, "website": null, "wheelchair": null, "name:en": null, "shop": null, "fee": null, "wikidata": null, "wikipedia": null, "int_name": null, "leisure": null, "healthcare": null, "internet_access": null, "denomination": null, "religion": null, "castle_type": null, "historic": null, "historic:civilization": null, "image": null, "source": null, "theatre:type": null, "natural": null, "ele": null, "male": null, "female": null, "brand:el": null, "brand:en": null, "operator:wikidata": null, "short_name": null, "short_name:el": null, "short_name:en": null, "brewery": null, "outdoor_seating": null, "colour": null, "parcel_locker:type": null, "parcel_mail_in": null, "parcel_pickup": null, "backrest": null, "access": null, "authentication:app": null, "authentication:membership_card": null, "branch": null, "capacity": null, "contact:phone": null, "contact:website": null, "covered": null, "motorcar": null, "parking:fee": null, "ref:EU:EVSE": null, "ref:GR:IDRO": null, "socket:type2": null, "socket:type2:output": null, "lit": null, "socket:type2_combo": null, "socket:type2_combo:output": null, "manufacturer": null, "building": null, "parking": null, "name:de": null, "leaf_type": null, "building:levels": null, "layer": null, "location": null, "intermittent": null, "seasonal": null, "waterway": null, "name:ru": null, "landuse": "orchard", "sport": null, "industrial": null, "education": null, "emergency": null, "operator:type": null, "type": null, "leaf_cycle": null, "label": "landuse:orchard" }, "geometry": { "type": "Polygon", "coordinates": [ [ [ 24.0333583, 35.5008041 ], [ 24.0332821, 35.5005046 ], [ 24.033054680649734, 35.500618309675133 ], [ 24.033054680649734, 35.500778427396092 ], [ 24.0333583, 35.5008041 ] ] ] } },
{ "type": "Feature", "properties": { "element": "way", "id": 1342712132, "amenity": null, "brand": null, "brand:wikidata": null, "name": null, "operator": null, "brand:wikipedia": null, "compressed_air": null, "cuisine": null, "addr:street": null, "name:el": null, "tourism": null, "addr:city": null, "addr:housenumber": null, "addr:postcode": null, "contact:facebook": null, "description": null, "email": null, "fax": null, "fuel:diesel": null, "fuel:diesel_B": null, "fuel:e10": null, "fuel:e5": null, "fuel:gasoline": null, "fuel:heating_oil": null, "fuel:octane_95": null, "fuel:unleaded": null, "opening_hours": null, "payment:app": null, "payment:apple_pay": null, "payment:cards": null, "payment:cash": null, "payment:coins": null, "payment:contactless": null, "payment:credit_cards": null, "payment:debit_cards": null, "payment:electronic_purses": null, "payment:google_pay": null, "payment:maestro": null, "payment:mastercard": null, "payment:mastercard_contactless": null, "payment:visa": null, "payment:visa_debit": null, "payment:visa_electron": null, "phone": null, "self_service": null, "start_date": null, "website": null, "wheelchair": null, "name:en": null, "shop": null, "fee": null, "wikidata": null, "wikipedia": null, "int_name": null, "leisure": null, "healthcare": null, "internet_access": null, "denomination": null, "religion": null, "castle_type": null, "historic": null, "historic:civilization": null, "image": null, "source": null, "theatre:type": null, "natural": null, "ele": null, "male": null, "female": null, "brand:el": null, "brand:en": null, "operator:wikidata": null, "short_name": null, "short_name:el": null, "short_name:en": null, "brewery": null, "outdoor_seating": null, "colour": null, "parcel_locker:type": null, "parcel_mail_in": null, "parcel_pickup": null, "backrest": null, "access": null, "authentication:app": null, "authentication:membership_card": null, "branch": null, "capacity": null, "contact:phone": null, "contact:website": null, "covered": null, "motorcar": null, "parking:fee": null, "ref:EU:EVSE": null, "ref:GR:IDRO": null, "socket:type2": null, "socket:type2:output": null, "lit": null, "socket:type2_combo": null, "socket:type2_combo:output": null, "manufacturer": null, "building": null, "parking": null, "name:de": null, "leaf_type": null, "building:levels": null, "layer": null, "location": null, "intermittent": null, "seasonal": null, "waterway": null, "name:ru": null, "landuse": "orchard", "sport": null, "industrial": null, "education": null, "emergency": null, "operator:type": null, "type": null, "leaf_cycle": null, "label": "landuse:orchard" }, "geometry": { "type": "Polygon", "coordinates": [ [ [ 24.0336898, 35.5010701 ], [ 24.0336898, 35.5008321 ], [ 24.0333583, 35.5008041 ], [ 24.033054680649734, 35.500778427396092 ], [ 24.033054680649734, 35.501068511255937 ], [ 24.0336898, 35.5010701 ] ] ] } },
{ "type": "Feature", "properties": { "element": "way", "id": 1342712133, "amenity": null, "brand": null, "brand:wikidata": null, "name": null, "operator": null, "brand:wikipedia": null, "compressed_air": null, "cuisine": null, "addr:street": null, "name:el": null, "tourism": null, "addr:city": null, "addr:housenumber": null, "addr:postcode": null, "contact:facebook": null, "description": null, "email": null, "fax": null, "fuel:diesel": null, "fuel:diesel_B": null, "fuel:e10": null, "fuel:e5": null, "fuel:gasoline": null, "fuel:heating_oil": null, "fuel:octane_95": null, "fuel:unleaded": null, "opening_hours": null, "payment:app": null, "payment:apple_pay": null, "payment:cards": null, "payment:cash": null, "payment:coins": null, "payment:contactless": null, "payment:credit_cards": null, "payment:debit_cards": null, "payment:electronic_purses": null, "payment:google_pay": null, "payment:maestro": null, "payment:mastercard": null, "payment:mastercard_contactless": null, "payment:visa": null, "payment:visa_debit": null, "payment:visa_electron": null, "phone": null, "self_service": null, "start_date": null, "website": null, "wheelchair": null, "name:en": null, "shop": null, "fee": null, "wikidata": null, "wikipedia": null, "int_name": null, "leisure": null, "healthcare": null, "internet_access": null, "denomination": null, "religion": null, "castle_type": null, "historic": null, "historic:civilization": null, "image": null, "source": null, "theatre:type": null, "natural": null, "ele": null, "male": null, "female": null, "brand:el": null, "brand:en": null, "operator:wikidata": null, "short_name": null, "short_name:el": null, "short_name:en": null, "brewery": null, "outdoor_seating": null, "colour": null, "parcel_locker:type": null, "parcel_mail_in": null, "parcel_pickup": null, "backrest": null, "access": null, "authentication:app": null, "authentication:membership_card": null, "branch": null, "capacity": null, "contact:phone": null, "contact:website": null, "covered": null, "motorcar": null, "parking:fee": null, "ref:EU:EVSE": null, "ref:GR:IDRO": null, "socket:type2": null, "socket:type2:output": null, "lit": null, "socket:type2_combo": null, "socket:type2_combo:output": null, "manufacturer": null, "building": null, "parking": null, "name:de": null, "leaf_type": null, "building:levels": null, "layer": null, "location": null, "intermittent": null, "seasonal": null, "waterway": null, "name:ru": null, "landuse": "orchard", "sport": null, "industrial": null, "education": null, "emergency": null, "operator:type": null, "type": null, "leaf_cycle": null, "label": "landuse:orchard" }, "geometry": { "type": "Polygon", "coordinates": [ [ [ 24.0338373, 35.5017733 ], [ 24.0338373, 35.5016204 ], [ 24.0334403, 35.5016095 ], [ 24.0334377, 35.5017514 ], [ 24.0338373, 35.5017733 ] ] ] } },
{ "type": "Feature", "properties": { "element": "way", "id": 1342712135, "amenity": null, "brand": null, "brand:wikidata": null, "name": null, "operator": null, "brand:wikipedia": null, "compressed_air": null, "cuisine": null, "addr:street": null, "name:el": null, "tourism": null, "addr:city": null, "addr:housenumber": null, "addr:postcode": null, "contact:facebook": null, "description": null, "email": null, "fax": null, "fuel:diesel": null, "fuel:diesel_B": null, "fuel:e10": null, "fuel:e5": null, "fuel:gasoline": null, "fuel:heating_oil": null, "fuel:octane_95": null, "fuel:unleaded": null, "opening_hours": null, "payment:app": null, "payment:apple_pay": null, "payment:cards": null, "payment:cash": null, "payment:coins": null, "payment:contactless": null, "payment:credit_cards": null, "payment:debit_cards": null, "payment:electronic_purses": null, "payment:google_pay": null, "payment:maestro": null, "payment:mastercard": null, "payment:mastercard_contactless": null, "payment:visa": null, "payment:visa_debit": null, "payment:visa_electron": null, "phone": null, "self_service": null, "start_date": null, "website": null, "wheelchair": null, "name:en": null, "shop": null, "fee": null, "wikidata": null, "wikipedia": null, "int_name": null, "leisure": null, "healthcare": null, "internet_access": null, "denomination": null, "religion": null, "castle_type": null, "historic": null, "historic:civilization": null, "image": null, "source": null, "theatre:type": null, "natural": null, "ele": null, "male": null, "female": null, "brand:el": null, "brand:en": null, "operator:wikidata": null, "short_name": null, "short_name:el": null, "short_name:en": null, "brewery": null, "outdoor_seating": null, "colour": null, "parcel_locker:type": null, "parcel_mail_in": null, "parcel_pickup": null, "backrest": null, "access": null, "authentication:app": null, "authentication:membership_card": null, "branch": null, "capacity": null, "contact:phone": null, "contact:website": null, "covered": null, "motorcar": null, "parking:fee": null, "ref:EU:EVSE": null, "ref:GR:IDRO": null, "socket:type2": null, "socket:type2:output": null, "lit": null, "socket:type2_combo": null, "socket:type2_combo:output": null, "manufacturer": null, "building": null, "parking": null, "name:de": null, "leaf_type": null, "building:levels": null, "layer": null, "location": null, "intermittent": null, "seasonal": null, "waterway": null, "name:ru": null, "landuse": "orchard", "sport": null, "industrial": null, "education": null, "emergency": null, "operator:type": null, "type": null, "leaf_cycle": null, "label": "landuse:orchard" }, "geometry": { "type": "Polygon", "coordinates": [ [ [ 24.0338427, 35.502817 ], [ 24.0338507, 35.5028585 ], [ 24.0340894, 35.5028607 ], [ 24.0341189, 35.5021641 ], [ 24.0338266, 35.5021576 ], [ 24.033832, 35.5025441 ], [ 24.0334108, 35.5025441 ], [ 24.0334082, 35.5028039 ], [ 24.0338427, 35.502817 ] ] ] } },
{ "type": "Feature", "properties": { "element": "way", "id": 1342712136, "amenity": null, "brand": null, "brand:wikidata": null, "name": null, "operator": null, "brand:wikipedia": null, "compressed_air": null, "cuisine": null, "addr:street": null, "name:el": null, "tourism": null, "addr:city": null, "addr:housenumber": null, "addr:postcode": null, "contact:facebook": null, "description": null, "email": null, "fax": null, "fuel:diesel": null, "fuel:diesel_B": null, "fuel:e10": null, "fuel:e5": null, "fuel:gasoline": null, "fuel:heating_oil": null, "fuel:octane_95": null, "fuel:unleaded": null, "opening_hours": null, "payment:app": null, "payment:apple_pay": null, "payment:cards": null, "payment:cash": null, "payment:coins": null, "payment:contactless": null, "payment:credit_cards": null, "payment:debit_cards": null, "payment:electronic_purses": null, "payment:google_pay": null, "payment:maestro": null, "payment:mastercard": null, "payment:mastercard_contactless": null, "payment:visa": null, "payment:visa_debit": null, "payment:visa_electron": null, "phone": null, "self_service": null, "start_date": null, "website": null, "wheelchair": null, "name:en": null, "shop": null, "fee": null, "wikidata": null, "wikipedia": null, "int_name": null, "leisure": null, "healthcare": null, "internet_access": null, "denomination": null, "religion": null, "castle_type": null, "historic": null, "historic:civilization": null, "image": null, "source": null, "theatre:type": null, "natural": null, "ele": null, "male": null, "female": null, "brand:el": null, "brand:en": null, "operator:wikidata": null, "short_name": null, "short_name:el": null, "short_name:en": null, "brewery": null, "outdoor_seating": null, "colour": null, "parcel_locker:type": null, "parcel_mail_in": null, "parcel_pickup": null, "backrest": null, "access": null, "authentication:app": null, "authentication:membership_card": null, "branch": null, "capacity": null, "contact:phone": null, "contact:website": null, "covered": null, "motorcar": null, "parking:fee": null, "ref:EU:EVSE": null, "ref:GR:IDRO": null, "socket:type2": null, "socket:type2:output": null, "lit": null, "socket:type2_combo": null, "socket:type2_combo:output": null, "manufacturer": null, "building": null, "parking": null, "name:de": null, "leaf_type": null, "building:levels": null, "layer": null, "location": null, "intermittent": null, "seasonal": null, "waterway": null, "name:ru": null, "landuse": "orchard", "sport": null, "industrial": null, "education": null, "emergency": null, "operator:type": null, "type": null, "leaf_cycle": null, "label": "landuse:orchard" }, "geometry": { "type": "MultiPolygon", "coordinates": [ [ [ [ 24.033156, 35.5031183 ], [ 24.0331614, 35.5026816 ], [ 24.033054680649734, 35.502678029970667 ], [ 24.033054680649734, 35.503122673497138 ], [ 24.033156, 35.5031183 ] ] ], [ [ [ 24.0333626, 35.5041926 ], [ 24.0334028, 35.5039393 ], [ 24.0331078, 35.5039262 ], [ 24.033054680649734, 35.503920749803022 ], [ 24.033054680649734, 35.504166887610459 ], [ 24.0333626, 35.5041926 ] ] ] ] } },
{ "type": "Feature", "properties": { "element": "way", "id": 1344878035, "amenity": null, "brand": null, "brand:wikidata": null, "name": null, "operator": null, "brand:wikipedia": null, "compressed_air": null, "cuisine": null, "addr:street": null, "name:el": null, "tourism": null, "addr:city": null, "addr:housenumber": null, "addr:postcode": null, "contact:facebook": null, "description": null, "email": null, "fax": null, "fuel:diesel": null, "fuel:diesel_B": null, "fuel:e10": null, "fuel:e5": null, "fuel:gasoline": null, "fuel:heating_oil": null, "fuel:octane_95": null, "fuel:unleaded": null, "opening_hours": null, "payment:app": null, "payment:apple_pay": null, "payment:cards": null, "payment:cash": null, "payment:coins": null, "payment:contactless": null, "payment:credit_cards": null, "payment:debit_cards": null, "payment:electronic_purses": null, "payment:google_pay": null, "payment:maestro": null, "payment:mastercard": null, "payment:mastercard_contactless": null, "payment:visa": null, "payment:visa_debit": null, "payment:visa_electron": null, "phone": null, "self_service": null, "start_date": null, "website": null, "wheelchair": null, "name:en": null, "shop": null, "fee": null, "wikidata": null, "wikipedia": null, "int_name": null, "leisure": null, "healthcare": null, "internet_access": null, "denomination": null, "religion": null, "castle_type": null, "historic": null, "historic:civilization": null, "image": null, "source": null, "theatre:type": null, "natural": null, "ele": null, "male": null, "female": null, "brand:el": null, "brand:en": null, "operator:wikidata": null, "short_name": null, "short_name:el": null, "short_name:en": null, "brewery": null, "outdoor_seating": null, "colour": null, "parcel_locker:type": null, "parcel_mail_in": null, "parcel_pickup": null, "backrest": null, "access": null, "authentication:app": null, "authentication:membership_card": null, "branch": null, "capacity": null, "contact:phone": null, "contact:website": null, "covered": null, "motorcar": null, "parking:fee": null, "ref:EU:EVSE": null, "ref:GR:IDRO": null, "socket:type2": null, "socket:type2:output": null, "lit": null, "socket:type2_combo": null, "socket:type2_combo:output": null, "manufacturer": null, "building": null, "parking": null, "name:de": null, "leaf_type": null, "building:levels": null, "layer": null, "location": null, "intermittent": null, "seasonal": null, "waterway": null, "name:ru": null, "landuse": "orchard", "sport": null, "industrial": null, "education": null, "emergency": null, "operator:type": null, "type": null, "leaf_cycle": null, "label": "landuse:orchard" }, "geometry": { "type": "Polygon", "coordinates": [ [ [ 24.0410538, 35.4973885 ], [ 24.0416345, 35.4972105 ], [ 24.0415809, 35.4969146 ], [ 24.0409291, 35.4970195 ], [ 24.0410538, 35.4973885 ] ] ] } },
{ "type": "Feature", "properties": { "element": "way", "id": 1344878036, "amenity": null, "brand": null, "brand:wikidata": null, "name": null, "operator": null, "brand:wikipedia": null, "compressed_air": null, "cuisine": null, "addr:street": null, "name:el": null, "tourism": null, "addr:city": null, "addr:housenumber": null, "addr:postcode": null, "contact:facebook": null, "description": null, "email": null, "fax": null, "fuel:diesel": null, "fuel:diesel_B": null, "fuel:e10": null, "fuel:e5": null, "fuel:gasoline": null, "fuel:heating_oil": null, "fuel:octane_95": null, "fuel:unleaded": null, "opening_hours": null, "payment:app": null, "payment:apple_pay": null, "payment:cards": null, "payment:cash": null, "payment:coins": null, "payment:contactless": null, "payment:credit_cards": null, "payment:debit_cards": null, "payment:electronic_purses": null, "payment:google_pay": null, "payment:maestro": null, "payment:mastercard": null, "payment:mastercard_contactless": null, "payment:visa": null, "payment:visa_debit": null, "payment:visa_electron": null, "phone": null, "self_service": null, "start_date": null, "website": null, "wheelchair": null, "name:en": null, "shop": null, "fee": null, "wikidata": null, "wikipedia": null, "int_name": null, "leisure": null, "healthcare": null, "internet_access": null, "denomination": null, "religion": null, "castle_type": null, "historic": null, "historic:civilization": null, "image": null, "source": null, "theatre:type": null, "natural": null, "ele": null, "male": null, "female": null, "brand:el": null, "brand:en": null, "operator:wikidata": null, "short_name": null, "short_name:el": null, "short_name:en": null, "brewery": null, "outdoor_seating": null, "colour": null, "parcel_locker:type": null, "parcel_mail_in": null, "parcel_pickup": null, "backrest": null, "access": null, "authentication:app": null, "authentication:membership_card": null, "branch": null, "capacity": null, "contact:phone": null, "contact:website": null, "covered": null, "motorcar": null, "parking:fee": null, "ref:EU:EVSE": null, "ref:GR:IDRO": null, "socket:type2": null, "socket:type2:output": null, "lit": null, "socket:type2_combo": null, "socket:type2_combo:output": null, "manufacturer": null, "building": null, "parking": null, "name:de": null, "leaf_type": null, "building:levels": null, "layer": null, "location": null, "intermittent": null, "seasonal": null, "waterway": null, "name:ru": null, "landuse": "orchard", "sport": null, "industrial": null, "education": null, "emergency": null, "operator:type": null, "type": null, "leaf_cycle": null, "label": "landuse:orchard" }, "geometry": { "type": "Polygon", "coordinates": [ [ [ 24.041428, 35.4963272 ], [ 24.041377, 35.4960226 ], [ 24.0412872, 35.4960379 ], [ 24.0412872, 35.4960859 ], [ 24.0412067, 35.4961056 ], [ 24.0409505, 35.4961754 ], [ 24.0410042, 35.4963774 ], [ 24.041428, 35.4963272 ] ] ] } },
{ "type": "Feature", "properties": { "element": "way", "id": 1344878037, "amenity": null, "brand": null, "brand:wikidata": null, "name": null, "operator": null, "brand:wikipedia": null, "compressed_air": null, "cuisine": null, "addr:street": null, "name:el": null, "tourism": null, "addr:city": null, "addr:housenumber": null, "addr:postcode": null, "contact:facebook": null, "description": null, "email": null, "fax": null, "fuel:diesel": null, "fuel:diesel_B": null, "fuel:e10": null, "fuel:e5": null, "fuel:gasoline": null, "fuel:heating_oil": null, "fuel:octane_95": null, "fuel:unleaded": null, "opening_hours": null, "payment:app": null, "payment:apple_pay": null, "payment:cards": null, "payment:cash": null, "payment:coins": null, "payment:contactless": null, "payment:credit_cards": null, "payment:debit_cards": null, "payment:electronic_purses": null, "payment:google_pay": null, "payment:maestro": null, "payment:mastercard": null, "payment:mastercard_contactless": null, "payment:visa": null, "payment:visa_debit": null, "payment:visa_electron": null, "phone": null, "self_service": null, "start_date": null, "website": null, "wheelchair": null, "name:en": null, "shop": null, "fee": null, "wikidata": null, "wikipedia": null, "int_name": null, "leisure": null, "healthcare": null, "internet_access": null, "denomination": null, "religion": null, "castle_type": null, "historic": null, "historic:civilization": null, "image": null, "source": null, "theatre:type": null, "natural": null, "ele": null, "male": null, "female": null, "brand:el": null, "brand:en": null, "operator:wikidata": null, "short_name": null, "short_name:el": null, "short_name:en": null, "brewery": null, "outdoor_seating": null, "colour": null, "parcel_locker:type": null, "parcel_mail_in": null, "parcel_pickup": null, "backrest": null, "access": null, "authentication:app": null, "authentication:membership_card": null, "branch": null, "capacity": null, "contact:phone": null, "contact:website": null, "covered": null, "motorcar": null, "parking:fee": null, "ref:EU:EVSE": null, "ref:GR:IDRO": null, "socket:type2": null, "socket:type2:output": null, "lit": null, "socket:type2_combo": null, "socket:type2_combo:output": null, "manufacturer": null, "building": "yes", "parking": null, "name:de": null, "leaf_type": null, "building:levels": null, "layer": null, "location": null, "intermittent": null, "seasonal": null, "waterway": null, "name:ru": null, "landuse": null, "sport": null, "industrial": null, "education": null, "emergency": null, "operator:type": null, "type": null, "leaf_cycle": null, "label": "building:yes" }, "geometry": { "type": "Polygon", "coordinates": [ [ [ 24.0396514, 35.4958328 ], [ 24.0399008, 35.4960916 ], [ 24.0400413, 35.4960018 ], [ 24.039838791554232, 35.495791824308938 ], [ 24.039715535864271, 35.495791824308938 ], [ 24.0396514, 35.4958328 ] ] ] } },
{ "type": "Feature", "properties": { "element": "way", "id": 1344878038, "amenity": null, "brand": null, "brand:wikidata": null, "name": null, "operator": null, "brand:wikipedia": null, "compressed_air": null, "cuisine": null, "addr:street": null, "name:el": null, "tourism": null, "addr:city": null, "addr:housenumber": null, "addr:postcode": null, "contact:facebook": null, "description": null, "email": null, "fax": null, "fuel:diesel": null, "fuel:diesel_B": null, "fuel:e10": null, "fuel:e5": null, "fuel:gasoline": null, "fuel:heating_oil": null, "fuel:octane_95": null, "fuel:unleaded": null, "opening_hours": null, "payment:app": null, "payment:apple_pay": null, "payment:cards": null, "payment:cash": null, "payment:coins": null, "payment:contactless": null, "payment:credit_cards": null, "payment:debit_cards": null, "payment:electronic_purses": null, "payment:google_pay": null, "payment:maestro": null, "payment:mastercard": null, "payment:mastercard_contactless": null, "payment:visa": null, "payment:visa_debit": null, "payment:visa_electron": null, "phone": null, "self_service": null, "start_date": null, "website": null, "wheelchair": null, "name:en": null, "shop": null, "fee": null, "wikidata": null, "wikipedia": null, "int_name": null, "leisure": null, "healthcare": null, "internet_access": null, "denomination": null, "religion": null, "castle_type": null, "historic": null, "historic:civilization": null, "image": null, "source": null, "theatre:type": null, "natural": null, "ele": null, "male": null, "female": null, "brand:el": null, "brand:en": null, "operator:wikidata": null, "short_name": null, "short_name:el": null, "short_name:en": null, "brewery": null, "outdoor_seating": null, "colour": null, "parcel_locker:type": null, "parcel_mail_in": null, "parcel_pickup": null, "backrest": null, "access": null, "authentication:app": null, "authentication:membership_card": null, "branch": null, "capacity": null, "contact:phone": null, "contact:website": null, "covered": null, "motorcar": null, "parking:fee": null, "ref:EU:EVSE": null, "ref:GR:IDRO": null, "socket:type2": null, "socket:type2:output": null, "lit": null, "socket:type2_combo": null, "socket:type2_combo:output": null, "manufacturer": null, "building": "yes", "parking": null, "name:de": null, "leaf_type": null, "building:levels": null, "layer": null, "location": null, "intermittent": null, "seasonal": null, "waterway": null, "name:ru": null, "landuse": null, "sport": null, "industrial": null, "education": null, "emergency": null, "operator:type": null, "type": null, "leaf_cycle": null, "label": "building:yes" }, "geometry": { "type": "Polygon", "coordinates": [ [ [ 24.0407757, 35.4969073 ], [ 24.0406497, 35.4963657 ], [ 24.0404463, 35.4963971 ], [ 24.0405723, 35.4969387 ], [ 24.0407757, 35.4969073 ] ] ] } },
{ "type": "Feature", "properties": { "element": "way", "id": 1344878039, "amenity": null, "brand": null, "brand:wikidata": null, "name": null, "operator": null, "brand:wikipedia": null, "compressed_air": null, "cuisine": null, "addr:street": null, "name:el": null, "tourism": null, "addr:city": null, "addr:housenumber": null, "addr:postcode": null, "contact:facebook": null, "description": null, "email": null, "fax": null, "fuel:diesel": null, "fuel:diesel_B": null, "fuel:e10": null, "fuel:e5": null, "fuel:gasoline": null, "fuel:heating_oil": null, "fuel:octane_95": null, "fuel:unleaded": null, "opening_hours": null, "payment:app": null, "payment:apple_pay": null, "payment:cards": null, "payment:cash": null, "payment:coins": null, "payment:contactless": null, "payment:credit_cards": null, "payment:debit_cards": null, "payment:electronic_purses": null, "payment:google_pay": null, "payment:maestro": null, "payment:mastercard": null, "payment:mastercard_contactless": null, "payment:visa": null, "payment:visa_debit": null, "payment:visa_electron": null, "phone": null, "self_service": null, "start_date": null, "website": null, "wheelchair": null, "name:en": null, "shop": null, "fee": null, "wikidata": null, "wikipedia": null, "int_name": null, "leisure": null, "healthcare": null, "internet_access": null, "denomination": null, "religion": null, "castle_type": null, "historic": null, "historic:civilization": null, "image": null, "source": null, "theatre:type": null, "natural": null, "ele": null, "male": null, "female": null, "brand:el": null, "brand:en": null, "operator:wikidata": null, "short_name": null, "short_name:el": null, "short_name:en": null, "brewery": null, "outdoor_seating": null, "colour": null, "parcel_locker:type": null, "parcel_mail_in": null, "parcel_pickup": null, "backrest": null, "access": null, "authentication:app": null, "authentication:membership_card": null, "branch": null, "capacity": null, "contact:phone": null, "contact:website": null, "covered": null, "motorcar": null, "parking:fee": null, "ref:EU:EVSE": null, "ref:GR:IDRO": null, "socket:type2": null, "socket:type2:output": null, "lit": null, "socket:type2_combo": null, "socket:type2_combo:output": null, "manufacturer": null, "building": null, "parking": null, "name:de": null, "leaf_type": null, "building:levels": null, "layer": null, "location": null, "intermittent": null, "seasonal": null, "waterway": null, "name:ru": null, "landuse": "orchard", "sport": null, "industrial": null, "education": null, "emergency": null, "operator:type": null, "type": null, "leaf_cycle": null, "label": "landuse:orchard" }, "geometry": { "type": "Polygon", "coordinates": [ [ [ 24.0397409, 35.4966024 ], [ 24.0397999, 35.49705 ], [ 24.0398616, 35.4978056 ], [ 24.0402237, 35.4976091 ], [ 24.0406045, 35.4974846 ], [ 24.0403068, 35.4962202 ], [ 24.0397033, 35.496515 ], [ 24.0397409, 35.4966024 ] ] ] } },
{ "type": "Feature", "properties": { "element": "way", "id": 1344878040, "amenity": null, "brand": null, "brand:wikidata": null, "name": null, "operator": null, "brand:wikipedia": null, "compressed_air": null, "cuisine": null, "addr:street": null, "name:el": null, "tourism": null, "addr:city": null, "addr:housenumber": null, "addr:postcode": null, "contact:facebook": null, "description": null, "email": null, "fax": null, "fuel:diesel": null, "fuel:diesel_B": null, "fuel:e10": null, "fuel:e5": null, "fuel:gasoline": null, "fuel:heating_oil": null, "fuel:octane_95": null, "fuel:unleaded": null, "opening_hours": null, "payment:app": null, "payment:apple_pay": null, "payment:cards": null, "payment:cash": null, "payment:coins": null, "payment:contactless": null, "payment:credit_cards": null, "payment:debit_cards": null, "payment:electronic_purses": null, "payment:google_pay": null, "payment:maestro": null, "payment:mastercard": null, "payment:mastercard_contactless": null, "payment:visa": null, "payment:visa_debit": null, "payment:visa_electron": null, "phone": null, "self_service": null, "start_date": null, "website": null, "wheelchair": null, "name:en": null, "shop": null, "fee": null, "wikidata": null, "wikipedia": null, "int_name": null, "leisure": null, "healthcare": null, "internet_access": null, "denomination": null, "religion": null, "castle_type": null, "historic": null, "historic:civilization": null, "image": null, "source": null, "theatre:type": null, "natural": null, "ele": null, "male": null, "female": null, "brand:el": null, "brand:en": null, "operator:wikidata": null, "short_name": null, "short_name:el": null, "short_name:en": null, "brewery": null, "outdoor_seating": null, "colour": null, "parcel_locker:type": null, "parcel_mail_in": null, "parcel_pickup": null, "backrest": null, "access": null, "authentication:app": null, "authentication:membership_card": null, "branch": null, "capacity": null, "contact:phone": null, "contact:website": null, "covered": null, "motorcar": null, "parking:fee": null, "ref:EU:EVSE": null, "ref:GR:IDRO": null, "socket:type2": null, "socket:type2:output": null, "lit": null, "socket:type2_combo": null, "socket:type2_combo:output": null, "manufacturer": null, "building": null, "parking": null, "name:de": null, "leaf_type": null, "building:levels": null, "layer": null, "location": null, "intermittent": null, "seasonal": null, "waterway": null, "name:ru": null, "landuse": "orchard", "sport": null, "industrial": null, "education": null, "emergency": null, "operator:type": null, "type": null, "leaf_cycle": null, "label": "landuse:orchard" }, "geometry": { "type": "Polygon", "coordinates": [ [ [ 24.0391749, 35.4960848 ], [ 24.0392071, 35.4961198 ], [ 24.0395853, 35.4959123 ], [ 24.039482914907914, 35.495791824308938 ], [ 24.038913329319548, 35.495791824308938 ], [ 24.0391749, 35.4960848 ] ] ] } },
{ "type": "Feature", "properties": { "element": "way", "id": 1344878041, "amenity": null, "brand": null, "brand:wikidata": null, "name": null, "operator": null, "brand:wikipedia": null, "compressed_air": null, "cuisine": null, "addr:street": null, "name:el": null, "tourism": null, "addr:city": null, "addr:housenumber": null, "addr:postcode": null, "contact:facebook": null, "description": null, "email": null, "fax": null, "fuel:diesel": null, "fuel:diesel_B": null, "fuel:e10": null, "fuel:e5": null, "fuel:gasoline": null, "fuel:heating_oil": null, "fuel:octane_95": null, "fuel:unleaded": null, "opening_hours": null, "payment:app": null, "payment:apple_pay": null, "payment:cards": null, "payment:cash": null, "payment:coins": null, "payment:contactless": null, "payment:credit_cards": null, "payment:debit_cards": null, "payment:electronic_purses": null, "payment:google_pay": null, "payment:maestro": null, "payment:mastercard": null, "payment:mastercard_contactless": null, "payment:visa": null, "payment:visa_debit": null, "payment:visa_electron": null, "phone": null, "self_service": null, "start_date": null, "website": null, "wheelchair": null, "name:en": null, "shop": null, "fee": null, "wikidata": null, "wikipedia": null, "int_name": null, "leisure": null, "healthcare": null, "internet_access": null, "denomination": null, "religion": null, "castle_type": null, "historic": null, "historic:civilization": null, "image": null, "source": null, "theatre:type": null, "natural": null, "ele": null, "male": null, "female": null, "brand:el": null, "brand:en": null, "operator:wikidata": null, "short_name": null, "short_name:el": null, "short_name:en": null, "brewery": null, "outdoor_seating": null, "colour": null, "parcel_locker:type": null, "parcel_mail_in": null, "parcel_pickup": null, "backrest": null, "access": null, "authentication:app": null, "authentication:membership_card": null, "branch": null, "capacity": null, "contact:phone": null, "contact:website": null, "covered": null, "motorcar": null, "parking:fee": null, "ref:EU:EVSE": null, "ref:GR:IDRO": null, "socket:type2": null, "socket:type2:output": null, "lit": null, "socket:type2_combo": null, "socket:type2_combo:output": null, "manufacturer": null, "building": null, "parking": null, "name:de": null, "leaf_type": null, "building:levels": null, "layer": null, "location": null, "intermittent": null, "seasonal": null, "waterway": null, "name:ru": null, "landuse": "orchard", "sport": null, "industrial": null, "education": null, "emergency": null, "operator:type": null, "type": null, "leaf_cycle": null, "label": "landuse:orchard" }, "geometry": { "type": "Polygon", "coordinates": [ [ [ 24.0461165, 35.4996683 ], [ 24.0459985, 35.4995765 ], [ 24.0462479, 35.499404 ], [ 24.0464169, 35.4995088 ], [ 24.0465349, 35.4994215 ], [ 24.0462989, 35.4992162 ], [ 24.0461808, 35.4993123 ], [ 24.045977, 35.4991813 ], [ 24.0461272, 35.4990328 ], [ 24.0462291, 35.4989455 ], [ 24.0457946, 35.4985786 ], [ 24.0457088, 35.4986529 ], [ 24.0459073, 35.4988319 ], [ 24.0455317, 35.4991114 ], [ 24.0450382, 35.4987096 ], [ 24.044593, 35.4990503 ], [ 24.0455049, 35.4995438 ], [ 24.0458858, 35.4997534 ], [ 24.0461165, 35.4996683 ] ] ] } },
{ "type": "Feature", "properties": { "element": "way", "id": 1344878042, "amenity": null, "brand": null, "brand:wikidata": null, "name": null, "operator": null, "brand:wikipedia": null, "compressed_air": null, "cuisine": null, "addr:street": null, "name:el": null, "tourism": null, "addr:city": null, "addr:housenumber": null, "addr:postcode": null, "contact:facebook": null, "description": null, "email": null, "fax": null, "fuel:diesel": null, "fuel:diesel_B": null, "fuel:e10": null, "fuel:e5": null, "fuel:gasoline": null, "fuel:heating_oil": null, "fuel:octane_95": null, "fuel:unleaded": null, "opening_hours": null, "payment:app": null, "payment:apple_pay": null, "payment:cards": null, "payment:cash": null, "payment:coins": null, "payment:contactless": null, "payment:credit_cards": null, "payment:debit_cards": null, "payment:electronic_purses": null, "payment:google_pay": null, "payment:maestro": null, "payment:mastercard": null, "payment:mastercard_contactless": null, "payment:visa": null, "payment:visa_debit": null, "payment:visa_electron": null, "phone": null, "self_service": null, "start_date": null, "website": null, "wheelchair": null, "name:en": null, "shop": null, "fee": null, "wikidata": null, "wikipedia": null, "int_name": null, "leisure": null, "healthcare": null, "internet_access": null, "denomination": null, "religion": null, "castle_type": null, "historic": null, "historic:civilization": null, "image": null, "source": null, "theatre:type": null, "natural": null, "ele": null, "male": null, "female": null, "brand:el": null, "brand:en": null, "operator:wikidata": null, "short_name": null, "short_name:el": null, "short_name:en": null, "brewery": null, "outdoor_seating": null, "colour": null, "parcel_locker:type": null, "parcel_mail_in": null, "parcel_pickup": null, "backrest": null, "access": null, "authentication:app": null, "authentication:membership_card": null, "branch": null, "capacity": null, "contact:phone": null, "contact:website": null, "covered": null, "motorcar": null, "parking:fee": null, "ref:EU:EVSE": null, "ref:GR:IDRO": null, "socket:type2": null, "socket:type2:output": null, "lit": null, "socket:type2_combo": null, "socket:type2_combo:output": null, "manufacturer": null, "building": null, "parking": null, "name:de": null, "leaf_type": null, "building:levels": null, "layer": null, "location": null, "intermittent": null, "seasonal": null, "waterway": null, "name:ru": null, "landuse": "orchard", "sport": null, "industrial": null, "education": null, "emergency": null, "operator:type": null, "type": null, "leaf_cycle": null, "label": "landuse:orchard" }, "geometry": { "type": "Polygon", "coordinates": [ [ [ 24.0480047, 35.5004413 ], [ 24.0481308, 35.5003059 ], [ 24.047868, 35.5000984 ], [ 24.0478197, 35.5001268 ], [ 24.0470526, 35.4994783 ], [ 24.0469667, 35.4995765 ], [ 24.046897, 35.4997534 ], [ 24.0470123, 35.4998167 ], [ 24.0471706, 35.4997032 ], [ 24.0474388, 35.4999325 ], [ 24.0466153, 35.5004959 ], [ 24.0467012, 35.5006443 ], [ 24.0479589, 35.5005784 ], [ 24.0480047, 35.5004413 ] ] ] } },
{ "type": "Feature", "properties": { "element": "way", "id": 1344878043, "amenity": null, "brand": null, "brand:wikidata": null, "name": null, "operator": null, "brand:wikipedia": null, "compressed_air": null, "cuisine": null, "addr:street": null, "name:el": null, "tourism": null, "addr:city": null, "addr:housenumber": null, "addr:postcode": null, "contact:facebook": null, "description": null, "email": null, "fax": null, "fuel:diesel": null, "fuel:diesel_B": null, "fuel:e10": null, "fuel:e5": null, "fuel:gasoline": null, "fuel:heating_oil": null, "fuel:octane_95": null, "fuel:unleaded": null, "opening_hours": null, "payment:app": null, "payment:apple_pay": null, "payment:cards": null, "payment:cash": null, "payment:coins": null, "payment:contactless": null, "payment:credit_cards": null, "payment:debit_cards": null, "payment:electronic_purses": null, "payment:google_pay": null, "payment:maestro": null, "payment:mastercard": null, "payment:mastercard_contactless": null, "payment:visa": null, "payment:visa_debit": null, "payment:visa_electron": null, "phone": null, "self_service": null, "start_date": null, "website": null, "wheelchair": null, "name:en": null, "shop": null, "fee": null, "wikidata": null, "wikipedia": null, "int_name": null, "leisure": null, "healthcare": null, "internet_access": null, "denomination": null, "religion": null, "castle_type": null, "historic": null, "historic:civilization": null, "image": null, "source": null, "theatre:type": null, "natural": null, "ele": null, "male": null, "female": null, "brand:el": null, "brand:en": null, "operator:wikidata": null, "short_name": null, "short_name:el": null, "short_name:en": null, "brewery": null, "outdoor_seating": null, "colour": null, "parcel_locker:type": null, "parcel_mail_in": null, "parcel_pickup": null, "backrest": null, "access": null, "authentication:app": null, "authentication:membership_card": null, "branch": null, "capacity": null, "contact:phone": null, "contact:website": null, "covered": null, "motorcar": null, "parking:fee": null, "ref:EU:EVSE": null, "ref:GR:IDRO": null, "socket:type2": null, "socket:type2:output": null, "lit": null, "socket:type2_combo": null, "socket:type2_combo:output": null, "manufacturer": null, "building": null, "parking": null, "name:de": null, "leaf_type": null, "building:levels": null, "layer": null, "location": null, "intermittent": null, "seasonal": null, "waterway": null, "name:ru": null, "landuse": "orchard", "sport": null, "industrial": null, "education": null, "emergency": null, "operator:type": null, "type": null, "leaf_cycle": null, "label": "landuse:orchard" }, "geometry": { "type": "Polygon", "coordinates": [ [ [ 24.0486673, 35.5073281 ], [ 24.0487356, 35.5074176 ], [ 24.0491219, 35.5075475 ], [ 24.049205, 35.507339 ], [ 24.0494156, 35.5070377 ], [ 24.0490776, 35.5068576 ], [ 24.0492104, 35.5067025 ], [ 24.0490468, 35.5065934 ], [ 24.0487692, 35.5067145 ], [ 24.0485868, 35.5068805 ], [ 24.0483588, 35.5071862 ], [ 24.0486673, 35.5073281 ] ] ] } },
{ "type": "Feature", "properties": { "element": "way", "id": 1344878044, "amenity": null, "brand": null, "brand:wikidata": null, "name": null, "operator": null, "brand:wikipedia": null, "compressed_air": null, "cuisine": null, "addr:street": null, "name:el": null, "tourism": null, "addr:city": null, "addr:housenumber": null, "addr:postcode": null, "contact:facebook": null, "description": null, "email": null, "fax": null, "fuel:diesel": null, "fuel:diesel_B": null, "fuel:e10": null, "fuel:e5": null, "fuel:gasoline": null, "fuel:heating_oil": null, "fuel:octane_95": null, "fuel:unleaded": null, "opening_hours": null, "payment:app": null, "payment:apple_pay": null, "payment:cards": null, "payment:cash": null, "payment:coins": null, "payment:contactless": null, "payment:credit_cards": null, "payment:debit_cards": null, "payment:electronic_purses": null, "payment:google_pay": null, "payment:maestro": null, "payment:mastercard": null, "payment:mastercard_contactless": null, "payment:visa": null, "payment:visa_debit": null, "payment:visa_electron": null, "phone": null, "self_service": null, "start_date": null, "website": null, "wheelchair": null, "name:en": null, "shop": null, "fee": null, "wikidata": null, "wikipedia": null, "int_name": null, "leisure": null, "healthcare": null, "internet_access": null, "denomination": null, "religion": null, "castle_type": null, "historic": null, "historic:civilization": null, "image": null, "source": null, "theatre:type": null, "natural": null, "ele": null, "male": null, "female": null, "brand:el": null, "brand:en": null, "operator:wikidata": null, "short_name": null, "short_name:el": null, "short_name:en": null, "brewery": null, "outdoor_seating": null, "colour": null, "parcel_locker:type": null, "parcel_mail_in": null, "parcel_pickup": null, "backrest": null, "access": null, "authentication:app": null, "authentication:membership_card": null, "branch": null, "capacity": null, "contact:phone": null, "contact:website": null, "covered": null, "motorcar": null, "parking:fee": null, "ref:EU:EVSE": null, "ref:GR:IDRO": null, "socket:type2": null, "socket:type2:output": null, "lit": null, "socket:type2_combo": null, "socket:type2_combo:output": null, "manufacturer": null, "building": null, "parking": null, "name:de": null, "leaf_type": null, "building:levels": null, "layer": null, "location": null, "intermittent": null, "seasonal": null, "waterway": null, "name:ru": null, "landuse": "orchard", "sport": null, "industrial": null, "education": null, "emergency": null, "operator:type": null, "type": null, "leaf_cycle": null, "label": "landuse:orchard" }, "geometry": { "type": "Polygon", "coordinates": [ [ [ 24.0476346, 35.5071512 ], [ 24.0477902, 35.5070726 ], [ 24.0477151, 35.5067822 ], [ 24.0474929, 35.5068003 ], [ 24.0475059, 35.5069591 ], [ 24.0474744, 35.5069639 ], [ 24.047597, 35.5071272 ], [ 24.0476346, 35.5071512 ] ] ] } },
{ "type": "Feature", "properties": { "element": "way", "id": 1344878045, "amenity": null, "brand": null, "brand:wikidata": null, "name": null, "operator": null, "brand:wikipedia": null, "compressed_air": null, "cuisine": null, "addr:street": null, "name:el": null, "tourism": null, "addr:city": null, "addr:housenumber": null, "addr:postcode": null, "contact:facebook": null, "description": null, "email": null, "fax": null, "fuel:diesel": null, "fuel:diesel_B": null, "fuel:e10": null, "fuel:e5": null, "fuel:gasoline": null, "fuel:heating_oil": null, "fuel:octane_95": null, "fuel:unleaded": null, "opening_hours": null, "payment:app": null, "payment:apple_pay": null, "payment:cards": null, "payment:cash": null, "payment:coins": null, "payment:contactless": null, "payment:credit_cards": null, "payment:debit_cards": null, "payment:electronic_purses": null, "payment:google_pay": null, "payment:maestro": null, "payment:mastercard": null, "payment:mastercard_contactless": null, "payment:visa": null, "payment:visa_debit": null, "payment:visa_electron": null, "phone": null, "self_service": null, "start_date": null, "website": null, "wheelchair": null, "name:en": null, "shop": null, "fee": null, "wikidata": null, "wikipedia": null, "int_name": null, "leisure": null, "healthcare": null, "internet_access": null, "denomination": null, "religion": null, "castle_type": null, "historic": null, "historic:civilization": null, "image": null, "source": null, "theatre:type": null, "natural": null, "ele": null, "male": null, "female": null, "brand:el": null, "brand:en": null, "operator:wikidata": null, "short_name": null, "short_name:el": null, "short_name:en": null, "brewery": null, "outdoor_seating": null, "colour": null, "parcel_locker:type": null, "parcel_mail_in": null, "parcel_pickup": null, "backrest": null, "access": null, "authentication:app": null, "authentication:membership_card": null, "branch": null, "capacity": null, "contact:phone": null, "contact:website": null, "covered": null, "motorcar": null, "parking:fee": null, "ref:EU:EVSE": null, "ref:GR:IDRO": null, "socket:type2": null, "socket:type2:output": null, "lit": null, "socket:type2_combo": null, "socket:type2_combo:output": null, "manufacturer": null, "building": null, "parking": null, "name:de": null, "leaf_type": null, "building:levels": null, "layer": null, "location": null, "intermittent": null, "seasonal": null, "waterway": null, "name:ru": null, "landuse": "orchard", "sport": null, "industrial": null, "education": null, "emergency": null, "operator:type": null, "type": null, "leaf_cycle": null, "label": "landuse:orchard" }, "geometry": { "type": "Polygon", "coordinates": [ [ [ 24.0472269, 35.5067582 ], [ 24.0472189, 35.5066665 ], [ 24.0471598, 35.5066556 ], [ 24.0470955, 35.5065093 ], [ 24.0469506, 35.5065268 ], [ 24.0469399, 35.5066512 ], [ 24.0469794, 35.5067987 ], [ 24.0472269, 35.5067582 ] ] ] } },
{ "type": "Feature", "properties": { "element": "way", "id": 1344878046, "amenity": null, "brand": null, "brand:wikidata": null, "name": null, "operator": null, "brand:wikipedia": null, "compressed_air": null, "cuisine": null, "addr:street": null, "name:el": null, "tourism": null, "addr:city": null, "addr:housenumber": null, "addr:postcode": null, "contact:facebook": null, "description": null, "email": null, "fax": null, "fuel:diesel": null, "fuel:diesel_B": null, "fuel:e10": null, "fuel:e5": null, "fuel:gasoline": null, "fuel:heating_oil": null, "fuel:octane_95": null, "fuel:unleaded": null, "opening_hours": null, "payment:app": null, "payment:apple_pay": null, "payment:cards": null, "payment:cash": null, "payment:coins": null, "payment:contactless": null, "payment:credit_cards": null, "payment:debit_cards": null, "payment:electronic_purses": null, "payment:google_pay": null, "payment:maestro": null, "payment:mastercard": null, "payment:mastercard_contactless": null, "payment:visa": null, "payment:visa_debit": null, "payment:visa_electron": null, "phone": null, "self_service": null, "start_date": null, "website": null, "wheelchair": null, "name:en": null, "shop": null, "fee": null, "wikidata": null, "wikipedia": null, "int_name": null, "leisure": null, "healthcare": null, "internet_access": null, "denomination": null, "religion": null, "castle_type": null, "historic": null, "historic:civilization": null, "image": null, "source": null, "theatre:type": null, "natural": null, "ele": null, "male": null, "female": null, "brand:el": null, "brand:en": null, "operator:wikidata": null, "short_name": null, "short_name:el": null, "short_name:en": null, "brewery": null, "outdoor_seating": null, "colour": null, "parcel_locker:type": null, "parcel_mail_in": null, "parcel_pickup": null, "backrest": null, "access": null, "authentication:app": null, "authentication:membership_card": null, "branch": null, "capacity": null, "contact:phone": null, "contact:website": null, "covered": null, "motorcar": null, "parking:fee": null, "ref:EU:EVSE": null, "ref:GR:IDRO": null, "socket:type2": null, "socket:type2:output": null, "lit": null, "socket:type2_combo": null, "socket:type2_combo:output": null, "manufacturer": null, "building": null, "parking": null, "name:de": null, "leaf_type": null, "building:levels": null, "layer": null, "location": null, "intermittent": null, "seasonal": null, "waterway": null, "name:ru": null, "landuse": "orchard", "sport": null, "industrial": null, "education": null, "emergency": null, "operator:type": null, "type": null, "leaf_cycle": null, "label": "landuse:orchard" }, "geometry": { "type": "Polygon", "coordinates": [ [ [ 24.0459904, 35.5057582 ], [ 24.0460199, 35.5058455 ], [ 24.0464061, 35.5057866 ], [ 24.0463981, 35.5056599 ], [ 24.0464732, 35.5056315 ], [ 24.0464437, 35.5054722 ], [ 24.0460789, 35.5055508 ], [ 24.0456685, 35.5056905 ], [ 24.0457222, 35.5058084 ], [ 24.0459904, 35.5057582 ] ] ] } },
{ "type": "Feature", "properties": { "element": "way", "id": 1344878047, "amenity": null, "brand": null, "brand:wikidata": null, "name": null, "operator": null, "brand:wikipedia": null, "compressed_air": null, "cuisine": null, "addr:street": null, "name:el": null, "tourism": null, "addr:city": null, "addr:housenumber": null, "addr:postcode": null, "contact:facebook": null, "description": null, "email": null, "fax": null, "fuel:diesel": null, "fuel:diesel_B": null, "fuel:e10": null, "fuel:e5": null, "fuel:gasoline": null, "fuel:heating_oil": null, "fuel:octane_95": null, "fuel:unleaded": null, "opening_hours": null, "payment:app": null, "payment:apple_pay": null, "payment:cards": null, "payment:cash": null, "payment:coins": null, "payment:contactless": null, "payment:credit_cards": null, "payment:debit_cards": null, "payment:electronic_purses": null, "payment:google_pay": null, "payment:maestro": null, "payment:mastercard": null, "payment:mastercard_contactless": null, "payment:visa": null, "payment:visa_debit": null, "payment:visa_electron": null, "phone": null, "self_service": null, "start_date": null, "website": null, "wheelchair": null, "name:en": null, "shop": null, "fee": null, "wikidata": null, "wikipedia": null, "int_name": null, "leisure": null, "healthcare": null, "internet_access": null, "denomination": null, "religion": null, "castle_type": null, "historic": null, "historic:civilization": null, "image": null, "source": null, "theatre:type": null, "natural": null, "ele": null, "male": null, "female": null, "brand:el": null, "brand:en": null, "operator:wikidata": null, "short_name": null, "short_name:el": null, "short_name:en": null, "brewery": null, "outdoor_seating": null, "colour": null, "parcel_locker:type": null, "parcel_mail_in": null, "parcel_pickup": null, "backrest": null, "access": null, "authentication:app": null, "authentication:membership_card": null, "branch": null, "capacity": null, "contact:phone": null, "contact:website": null, "covered": null, "motorcar": null, "parking:fee": null, "ref:EU:EVSE": null, "ref:GR:IDRO": null, "socket:type2": null, "socket:type2:output": null, "lit": null, "socket:type2_combo": null, "socket:type2_combo:output": null, "manufacturer": null, "building": null, "parking": null, "name:de": null, "leaf_type": null, "building:levels": null, "layer": null, "location": null, "intermittent": null, "seasonal": null, "waterway": null, "name:ru": null, "landuse": "orchard", "sport": null, "industrial": null, "education": null, "emergency": null, "operator:type": null, "type": null, "leaf_cycle": null, "label": "landuse:orchard" }, "geometry": { "type": "Polygon", "coordinates": [ [ [ 24.0471867, 35.5051468 ], [ 24.0470713, 35.5058313 ], [ 24.047121, 35.5058816 ], [ 24.0472618, 35.5057888 ], [ 24.047294, 35.5056545 ], [ 24.0476212, 35.5055387 ], [ 24.0476507, 35.5053859 ], [ 24.0475769, 35.5053597 ], [ 24.0475421, 35.5052014 ], [ 24.04742, 35.5051348 ], [ 24.0472537, 35.5051381 ], [ 24.0471867, 35.5051468 ] ] ] } },
{ "type": "Feature", "properties": { "element": "way", "id": 1344878048, "amenity": null, "brand": null, "brand:wikidata": null, "name": null, "operator": null, "brand:wikipedia": null, "compressed_air": null, "cuisine": null, "addr:street": null, "name:el": null, "tourism": null, "addr:city": null, "addr:housenumber": null, "addr:postcode": null, "contact:facebook": null, "description": null, "email": null, "fax": null, "fuel:diesel": null, "fuel:diesel_B": null, "fuel:e10": null, "fuel:e5": null, "fuel:gasoline": null, "fuel:heating_oil": null, "fuel:octane_95": null, "fuel:unleaded": null, "opening_hours": null, "payment:app": null, "payment:apple_pay": null, "payment:cards": null, "payment:cash": null, "payment:coins": null, "payment:contactless": null, "payment:credit_cards": null, "payment:debit_cards": null, "payment:electronic_purses": null, "payment:google_pay": null, "payment:maestro": null, "payment:mastercard": null, "payment:mastercard_contactless": null, "payment:visa": null, "payment:visa_debit": null, "payment:visa_electron": null, "phone": null, "self_service": null, "start_date": null, "website": null, "wheelchair": null, "name:en": null, "shop": null, "fee": null, "wikidata": null, "wikipedia": null, "int_name": null, "leisure": null, "healthcare": null, "internet_access": null, "denomination": null, "religion": null, "castle_type": null, "historic": null, "historic:civilization": null, "image": null, "source": null, "theatre:type": null, "natural": null, "ele": null, "male": null, "female": null, "brand:el": null, "brand:en": null, "operator:wikidata": null, "short_name": null, "short_name:el": null, "short_name:en": null, "brewery": null, "outdoor_seating": null, "colour": null, "parcel_locker:type": null, "parcel_mail_in": null, "parcel_pickup": null, "backrest": null, "access": null, "authentication:app": null, "authentication:membership_card": null, "branch": null, "capacity": null, "contact:phone": null, "contact:website": null, "covered": null, "motorcar": null, "parking:fee": null, "ref:EU:EVSE": null, "ref:GR:IDRO": null, "socket:type2": null, "socket:type2:output": null, "lit": null, "socket:type2_combo": null, "socket:type2_combo:output": null, "manufacturer": null, "building": null, "parking": null, "name:de": null, "leaf_type": null, "building:levels": null, "layer": null, "location": null, "intermittent": null, "seasonal": null, "waterway": null, "name:ru": null, "landuse": "orchard", "sport": null, "industrial": null, "education": null, "emergency": null, "operator:type": null, "type": null, "leaf_cycle": null, "label": "landuse:orchard" }, "geometry": { "type": "Polygon", "coordinates": [ [ [ 24.0462881, 35.5050409 ], [ 24.0463606, 35.5048826 ], [ 24.0464906, 35.5048608 ], [ 24.0466569, 35.5047953 ], [ 24.0466315, 35.5046108 ], [ 24.0464477, 35.5046129 ], [ 24.0464933, 35.5043149 ], [ 24.0464343, 35.5042439 ], [ 24.0461862, 35.5042286 ], [ 24.0461808, 35.5042996 ], [ 24.0461352, 35.504364 ], [ 24.0459381, 35.5044459 ], [ 24.0457208, 35.5044721 ], [ 24.0456779, 35.5044994 ], [ 24.0456551, 35.5045529 ], [ 24.0456203, 35.5047756 ], [ 24.0456659, 35.5048651 ], [ 24.045631, 35.5050966 ], [ 24.0462881, 35.5050409 ] ] ] } },
{ "type": "Feature", "properties": { "element": "way", "id": 1344878049, "amenity": null, "brand": null, "brand:wikidata": null, "name": null, "operator": null, "brand:wikipedia": null, "compressed_air": null, "cuisine": null, "addr:street": null, "name:el": null, "tourism": null, "addr:city": null, "addr:housenumber": null, "addr:postcode": null, "contact:facebook": null, "description": null, "email": null, "fax": null, "fuel:diesel": null, "fuel:diesel_B": null, "fuel:e10": null, "fuel:e5": null, "fuel:gasoline": null, "fuel:heating_oil": null, "fuel:octane_95": null, "fuel:unleaded": null, "opening_hours": null, "payment:app": null, "payment:apple_pay": null, "payment:cards": null, "payment:cash": null, "payment:coins": null, "payment:contactless": null, "payment:credit_cards": null, "payment:debit_cards": null, "payment:electronic_purses": null, "payment:google_pay": null, "payment:maestro": null, "payment:mastercard": null, "payment:mastercard_contactless": null, "payment:visa": null, "payment:visa_debit": null, "payment:visa_electron": null, "phone": null, "self_service": null, "start_date": null, "website": null, "wheelchair": null, "name:en": null, "shop": null, "fee": null, "wikidata": null, "wikipedia": null, "int_name": null, "leisure": null, "healthcare": null, "internet_access": null, "denomination": null, "religion": null, "castle_type": null, "historic": null, "historic:civilization": null, "image": null, "source": null, "theatre:type": null, "natural": null, "ele": null, "male": null, "female": null, "brand:el": null, "brand:en": null, "operator:wikidata": null, "short_name": null, "short_name:el": null, "short_name:en": null, "brewery": null, "outdoor_seating": null, "colour": null, "parcel_locker:type": null, "parcel_mail_in": null, "parcel_pickup": null, "backrest": null, "access": null, "authentication:app": null, "authentication:membership_card": null, "branch": null, "capacity": null, "contact:phone": null, "contact:website": null, "covered": null, "motorcar": null, "parking:fee": null, "ref:EU:EVSE": null, "ref:GR:IDRO": null, "socket:type2": null, "socket:type2:output": null, "lit": null, "socket:type2_combo": null, "socket:type2_combo:output": null, "manufacturer": null, "building": null, "parking": null, "name:de": null, "leaf_type": null, "building:levels": null, "layer": null, "location": null, "intermittent": null, "seasonal": null, "waterway": null, "name:ru": null, "landuse": "orchard", "sport": null, "industrial": null, "education": null, "emergency": null, "operator:type": null, "type": null, "leaf_cycle": null, "label": "landuse:orchard" }, "geometry": { "type": "Polygon", "coordinates": [ [ [ 24.044373, 35.5066927 ], [ 24.0442175, 35.5064263 ], [ 24.0446681, 35.5046708 ], [ 24.0448236, 35.504269 ], [ 24.044491, 35.5042079 ], [ 24.0440941, 35.5046315 ], [ 24.0437615, 35.5049459 ], [ 24.0437078, 35.5054307 ], [ 24.0436864, 35.5057058 ], [ 24.0438044, 35.5059241 ], [ 24.0438473, 35.5063041 ], [ 24.0436917, 35.5064962 ], [ 24.0434055, 35.5067177 ], [ 24.0434504, 35.5070988 ], [ 24.044255, 35.5070595 ], [ 24.044373, 35.5066927 ] ] ] } },
{ "type": "Feature", "properties": { "element": "way", "id": 1356382150, "amenity": null, "brand": null, "brand:wikidata": null, "name": null, "operator": null, "brand:wikipedia": null, "compressed_air": null, "cuisine": null, "addr:street": null, "name:el": null, "tourism": null, "addr:city": null, "addr:housenumber": null, "addr:postcode": null, "contact:facebook": null, "description": null, "email": null, "fax": null, "fuel:diesel": null, "fuel:diesel_B": null, "fuel:e10": null, "fuel:e5": null, "fuel:gasoline": null, "fuel:heating_oil": null, "fuel:octane_95": null, "fuel:unleaded": null, "opening_hours": null, "payment:app": null, "payment:apple_pay": null, "payment:cards": null, "payment:cash": null, "payment:coins": null, "payment:contactless": null, "payment:credit_cards": null, "payment:debit_cards": null, "payment:electronic_purses": null, "payment:google_pay": null, "payment:maestro": null, "payment:mastercard": null, "payment:mastercard_contactless": null, "payment:visa": null, "payment:visa_debit": null, "payment:visa_electron": null, "phone": null, "self_service": null, "start_date": null, "website": null, "wheelchair": null, "name:en": null, "shop": null, "fee": null, "wikidata": null, "wikipedia": null, "int_name": null, "leisure": null, "healthcare": null, "internet_access": null, "denomination": null, "religion": null, "castle_type": null, "historic": null, "historic:civilization": null, "image": null, "source": null, "theatre:type": null, "natural": null, "ele": null, "male": null, "female": null, "brand:el": null, "brand:en": null, "operator:wikidata": null, "short_name": null, "short_name:el": null, "short_name:en": null, "brewery": null, "outdoor_seating": null, "colour": null, "parcel_locker:type": null, "parcel_mail_in": null, "parcel_pickup": null, "backrest": null, "access": null, "authentication:app": null, "authentication:membership_card": null, "branch": null, "capacity": null, "contact:phone": null, "contact:website": null, "covered": null, "motorcar": null, "parking:fee": null, "ref:EU:EVSE": null, "ref:GR:IDRO": null, "socket:type2": null, "socket:type2:output": null, "lit": null, "socket:type2_combo": null, "socket:type2_combo:output": null, "manufacturer": null, "building": null, "parking": null, "name:de": null, "leaf_type": null, "building:levels": null, "layer": null, "location": null, "intermittent": null, "seasonal": null, "waterway": "drain", "name:ru": null, "landuse": null, "sport": null, "industrial": null, "education": null, "emergency": null, "operator:type": null, "type": null, "leaf_cycle": null, "label": "waterway:drain" }, "geometry": { "type": "LineString", "coordinates": [ [ 24.042075, 35.4992866 ], [ 24.0421399, 35.4992575 ], [ 24.0436042, 35.4982423 ] ] } },
{ "type": "Feature", "properties": { "element": "way", "id": 1443192460, "amenity": null, "brand": null, "brand:wikidata": null, "name": null, "operator": null, "brand:wikipedia": null, "compressed_air": null, "cuisine": null, "addr:street": null, "name:el": null, "tourism": null, "addr:city": null, "addr:housenumber": null, "addr:postcode": null, "contact:facebook": null, "description": null, "email": null, "fax": null, "fuel:diesel": null, "fuel:diesel_B": null, "fuel:e10": null, "fuel:e5": null, "fuel:gasoline": null, "fuel:heating_oil": null, "fuel:octane_95": null, "fuel:unleaded": null, "opening_hours": null, "payment:app": null, "payment:apple_pay": null, "payment:cards": null, "payment:cash": null, "payment:coins": null, "payment:contactless": null, "payment:credit_cards": null, "payment:debit_cards": null, "payment:electronic_purses": null, "payment:google_pay": null, "payment:maestro": null, "payment:mastercard": null, "payment:mastercard_contactless": null, "payment:visa": null, "payment:visa_debit": null, "payment:visa_electron": null, "phone": null, "self_service": null, "start_date": null, "website": null, "wheelchair": null, "name:en": null, "shop": null, "fee": null, "wikidata": null, "wikipedia": null, "int_name": null, "leisure": null, "healthcare": null, "internet_access": null, "denomination": null, "religion": null, "castle_type": null, "historic": null, "historic:civilization": null, "image": null, "source": null, "theatre:type": null, "natural": null, "ele": null, "male": null, "female": null, "brand:el": null, "brand:en": null, "operator:wikidata": null, "short_name": null, "short_name:el": null, "short_name:en": null, "brewery": null, "outdoor_seating": null, "colour": null, "parcel_locker:type": null, "parcel_mail_in": null, "parcel_pickup": null, "backrest": null, "access": null, "authentication:app": null, "authentication:membership_card": null, "branch": null, "capacity": null, "contact:phone": null, "contact:website": null, "covered": null, "motorcar": null, "parking:fee": null, "ref:EU:EVSE": null, "ref:GR:IDRO": null, "socket:type2": null, "socket:type2:output": null, "lit": null, "socket:type2_combo": null, "socket:type2_combo:output": null, "manufacturer": null, "building": "supermarket", "parking": null, "name:de": null, "leaf_type": null, "building:levels": null, "layer": null, "location": null, "intermittent": null, "seasonal": null, "waterway": null, "name:ru": null, "landuse": null, "sport": null, "industrial": null, "education": null, "emergency": null, "operator:type": null, "type": null, "leaf_cycle": null, "label": "building:supermarket" }, "geometry": { "type": "Polygon", "coordinates": [ [ [ 24.0465099, 35.4960961 ], [ 24.0458461, 35.4960921 ], [ 24.0458437, 35.4963492 ], [ 24.0465075, 35.4963533 ], [ 24.0465099, 35.4960961 ] ] ] } },
{ "type": "Feature", "properties": { "element": "way", "id": 1486266065, "amenity": null, "brand": null, "brand:wikidata": null, "name": null, "operator": null, "brand:wikipedia": null, "compressed_air": null, "cuisine": null, "addr:street": null, "name:el": null, "tourism": null, "addr:city": null, "addr:housenumber": null, "addr:postcode": null, "contact:facebook": null, "description": null, "email": null, "fax": null, "fuel:diesel": null, "fuel:diesel_B": null, "fuel:e10": null, "fuel:e5": null, "fuel:gasoline": null, "fuel:heating_oil": null, "fuel:octane_95": null, "fuel:unleaded": null, "opening_hours": null, "payment:app": null, "payment:apple_pay": null, "payment:cards": null, "payment:cash": null, "payment:coins": null, "payment:contactless": null, "payment:credit_cards": null, "payment:debit_cards": null, "payment:electronic_purses": null, "payment:google_pay": null, "payment:maestro": null, "payment:mastercard": null, "payment:mastercard_contactless": null, "payment:visa": null, "payment:visa_debit": null, "payment:visa_electron": null, "phone": null, "self_service": null, "start_date": null, "website": null, "wheelchair": null, "name:en": null, "shop": null, "fee": null, "wikidata": null, "wikipedia": null, "int_name": null, "leisure": null, "healthcare": null, "internet_access": null, "denomination": null, "religion": null, "castle_type": null, "historic": null, "historic:civilization": null, "image": null, "source": null, "theatre:type": null, "natural": null, "ele": null, "male": null, "female": null, "brand:el": null, "brand:en": null, "operator:wikidata": null, "short_name": null, "short_name:el": null, "short_name:en": null, "brewery": null, "outdoor_seating": null, "colour": null, "parcel_locker:type": null, "parcel_mail_in": null, "parcel_pickup": null, "backrest": null, "access": null, "authentication:app": null, "authentication:membership_card": null, "branch": null, "capacity": null, "contact:phone": null, "contact:website": null, "covered": null, "motorcar": null, "parking:fee": null, "ref:EU:EVSE": null, "ref:GR:IDRO": null, "socket:type2": null, "socket:type2:output": null, "lit": null, "socket:type2_combo": null, "socket:type2_combo:output": null, "manufacturer": null, "building": null, "parking": null, "name:de": null, "leaf_type": null, "building:levels": null, "layer": null, "location": null, "intermittent": null, "seasonal": null, "waterway": null, "name:ru": null, "landuse": "industrial", "sport": null, "industrial": null, "education": null, "emergency": null, "operator:type": null, "type": null, "leaf_cycle": null, "label": "landuse:industrial" }, "geometry": { "type": "Polygon", "coordinates": [ [ [ 24.0588433, 35.4988144 ], [ 24.0587442, 35.497885 ], [ 24.0578783, 35.4981445 ], [ 24.0579559, 35.4988565 ], [ 24.0588433, 35.4988144 ] ] ] } },
{ "type": "Feature", "properties": { "element": "way", "id": 1486266066, "amenity": null, "brand": null, "brand:wikidata": null, "name": null, "operator": null, "brand:wikipedia": null, "compressed_air": null, "cuisine": null, "addr:street": null, "name:el": null, "tourism": null, "addr:city": null, "addr:housenumber": null, "addr:postcode": null, "contact:facebook": null, "description": null, "email": null, "fax": null, "fuel:diesel": null, "fuel:diesel_B": null, "fuel:e10": null, "fuel:e5": null, "fuel:gasoline": null, "fuel:heating_oil": null, "fuel:octane_95": null, "fuel:unleaded": null, "opening_hours": null, "payment:app": null, "payment:apple_pay": null, "payment:cards": null, "payment:cash": null, "payment:coins": null, "payment:contactless": null, "payment:credit_cards": null, "payment:debit_cards": null, "payment:electronic_purses": null, "payment:google_pay": null, "payment:maestro": null, "payment:mastercard": null, "payment:mastercard_contactless": null, "payment:visa": null, "payment:visa_debit": null, "payment:visa_electron": null, "phone": null, "self_service": null, "start_date": null, "website": null, "wheelchair": null, "name:en": null, "shop": null, "fee": null, "wikidata": null, "wikipedia": null, "int_name": null, "leisure": null, "healthcare": null, "internet_access": null, "denomination": null, "religion": null, "castle_type": null, "historic": null, "historic:civilization": null, "image": null, "source": null, "theatre:type": null, "natural": null, "ele": null, "male": null, "female": null, "brand:el": null, "brand:en": null, "operator:wikidata": null, "short_name": null, "short_name:el": null, "short_name:en": null, "brewery": null, "outdoor_seating": null, "colour": null, "parcel_locker:type": null, "parcel_mail_in": null, "parcel_pickup": null, "backrest": null, "access": null, "authentication:app": null, "authentication:membership_card": null, "branch": null, "capacity": null, "contact:phone": null, "contact:website": null, "covered": null, "motorcar": null, "parking:fee": null, "ref:EU:EVSE": null, "ref:GR:IDRO": null, "socket:type2": null, "socket:type2:output": null, "lit": null, "socket:type2_combo": null, "socket:type2_combo:output": null, "manufacturer": null, "building": null, "parking": null, "name:de": null, "leaf_type": null, "building:levels": null, "layer": null, "location": null, "intermittent": null, "seasonal": null, "waterway": null, "name:ru": null, "landuse": "commercial", "sport": null, "industrial": null, "education": null, "emergency": null, "operator:type": null, "type": null, "leaf_cycle": null, "label": "landuse:commercial" }, "geometry": { "type": "Polygon", "coordinates": [ [ [ 24.0548283, 35.499316 ], [ 24.0548929, 35.4997579 ], [ 24.0553108, 35.4996912 ], [ 24.0554314, 35.4991125 ], [ 24.0548283, 35.499316 ] ] ] } },
{ "type": "Feature", "properties": { "element": "way", "id": 1486266067, "amenity": null, "brand": null, "brand:wikidata": null, "name": null, "operator": null, "brand:wikipedia": null, "compressed_air": null, "cuisine": null, "addr:street": null, "name:el": null, "tourism": null, "addr:city": null, "addr:housenumber": null, "addr:postcode": null, "contact:facebook": null, "description": null, "email": null, "fax": null, "fuel:diesel": null, "fuel:diesel_B": null, "fuel:e10": null, "fuel:e5": null, "fuel:gasoline": null, "fuel:heating_oil": null, "fuel:octane_95": null, "fuel:unleaded": null, "opening_hours": null, "payment:app": null, "payment:apple_pay": null, "payment:cards": null, "payment:cash": null, "payment:coins": null, "payment:contactless": null, "payment:credit_cards": null, "payment:debit_cards": null, "payment:electronic_purses": null, "payment:google_pay": null, "payment:maestro": null, "payment:mastercard": null, "payment:mastercard_contactless": null, "payment:visa": null, "payment:visa_debit": null, "payment:visa_electron": null, "phone": null, "self_service": null, "start_date": null, "website": null, "wheelchair": null, "name:en": null, "shop": null, "fee": null, "wikidata": null, "wikipedia": null, "int_name": null, "leisure": "pitch", "healthcare": null, "internet_access": null, "denomination": null, "religion": null, "castle_type": null, "historic": null, "historic:civilization": null, "image": null, "source": null, "theatre:type": null, "natural": null, "ele": null, "male": null, "female": null, "brand:el": null, "brand:en": null, "operator:wikidata": null, "short_name": null, "short_name:el": null, "short_name:en": null, "brewery": null, "outdoor_seating": null, "colour": null, "parcel_locker:type": null, "parcel_mail_in": null, "parcel_pickup": null, "backrest": null, "access": null, "authentication:app": null, "authentication:membership_card": null, "branch": null, "capacity": null, "contact:phone": null, "contact:website": null, "covered": null, "motorcar": null, "parking:fee": null, "ref:EU:EVSE": null, "ref:GR:IDRO": null, "socket:type2": null, "socket:type2:output": null, "lit": null, "socket:type2_combo": null, "socket:type2_combo:output": null, "manufacturer": null, "building": null, "parking": null, "name:de": null, "leaf_type": null, "building:levels": null, "layer": null, "location": null, "intermittent": null, "seasonal": null, "waterway": null, "name:ru": null, "landuse": null, "sport": "soccer", "industrial": null, "education": null, "emergency": null, "operator:type": null, "type": null, "leaf_cycle": null, "label": "sport:soccer;leisure:pitch" }, "geometry": { "type": "Polygon", "coordinates": [ [ [ 24.0525736, 35.4991185 ], [ 24.0527397, 35.4989593 ], [ 24.0523698, 35.4987037 ], [ 24.0522038, 35.4988628 ], [ 24.0525736, 35.4991185 ] ] ] } },
{ "type": "Feature", "properties": { "element": "way", "id": 1486266068, "amenity": null, "brand": null, "brand:wikidata": null, "name": null, "operator": null, "brand:wikipedia": null, "compressed_air": null, "cuisine": null, "addr:street": null, "name:el": null, "tourism": null, "addr:city": null, "addr:housenumber": null, "addr:postcode": null, "contact:facebook": null, "description": null, "email": null, "fax": null, "fuel:diesel": null, "fuel:diesel_B": null, "fuel:e10": null, "fuel:e5": null, "fuel:gasoline": null, "fuel:heating_oil": null, "fuel:octane_95": null, "fuel:unleaded": null, "opening_hours": null, "payment:app": null, "payment:apple_pay": null, "payment:cards": null, "payment:cash": null, "payment:coins": null, "payment:contactless": null, "payment:credit_cards": null, "payment:debit_cards": null, "payment:electronic_purses": null, "payment:google_pay": null, "payment:maestro": null, "payment:mastercard": null, "payment:mastercard_contactless": null, "payment:visa": null, "payment:visa_debit": null, "payment:visa_electron": null, "phone": null, "self_service": null, "start_date": null, "website": null, "wheelchair": null, "name:en": null, "shop": null, "fee": null, "wikidata": null, "wikipedia": null, "int_name": null, "leisure": "pitch", "healthcare": null, "internet_access": null, "denomination": null, "religion": null, "castle_type": null, "historic": null, "historic:civilization": null, "image": null, "source": null, "theatre:type": null, "natural": null, "ele": null, "male": null, "female": null, "brand:el": null, "brand:en": null, "operator:wikidata": null, "short_name": null, "short_name:el": null, "short_name:en": null, "brewery": null, "outdoor_seating": null, "colour": null, "parcel_locker:type": null, "parcel_mail_in": null, "parcel_pickup": null, "backrest": null, "access": null, "authentication:app": null, "authentication:membership_card": null, "branch": null, "capacity": null, "contact:phone": null, "contact:website": null, "covered": null, "motorcar": null, "parking:fee": null, "ref:EU:EVSE": null, "ref:GR:IDRO": null, "socket:type2": null, "socket:type2:output": null, "lit": null, "socket:type2_combo": null, "socket:type2_combo:output": null, "manufacturer": null, "building": null, "parking": null, "name:de": null, "leaf_type": null, "building:levels": null, "layer": null, "location": null, "intermittent": null, "seasonal": null, "waterway": null, "name:ru": null, "landuse": null, "sport": "soccer", "industrial": null, "education": null, "emergency": null, "operator:type": null, "type": null, "leaf_cycle": null, "label": "sport:soccer;leisure:pitch" }, "geometry": { "type": "Polygon", "coordinates": [ [ [ 24.0522784, 35.4994306 ], [ 24.0525591, 35.499169 ], [ 24.0523647, 35.4990307 ], [ 24.052084, 35.4992924 ], [ 24.0522784, 35.4994306 ] ] ] } },
{ "type": "Feature", "properties": { "element": "way", "id": 1486266070, "amenity": "parking", "brand": null, "brand:wikidata": null, "name": null, "operator": null, "brand:wikipedia": null, "compressed_air": null, "cuisine": null, "addr:street": null, "name:el": null, "tourism": null, "addr:city": null, "addr:housenumber": null, "addr:postcode": null, "contact:facebook": null, "description": null, "email": null, "fax": null, "fuel:diesel": null, "fuel:diesel_B": null, "fuel:e10": null, "fuel:e5": null, "fuel:gasoline": null, "fuel:heating_oil": null, "fuel:octane_95": null, "fuel:unleaded": null, "opening_hours": null, "payment:app": null, "payment:apple_pay": null, "payment:cards": null, "payment:cash": null, "payment:coins": null, "payment:contactless": null, "payment:credit_cards": null, "payment:debit_cards": null, "payment:electronic_purses": null, "payment:google_pay": null, "payment:maestro": null, "payment:mastercard": null, "payment:mastercard_contactless": null, "payment:visa": null, "payment:visa_debit": null, "payment:visa_electron": null, "phone": null, "self_service": null, "start_date": null, "website": null, "wheelchair": null, "name:en": null, "shop": null, "fee": null, "wikidata": null, "wikipedia": null, "int_name": null, "leisure": null, "healthcare": null, "internet_access": null, "denomination": null, "religion": null, "castle_type": null, "historic": null, "historic:civilization": null, "image": null, "source": null, "theatre:type": null, "natural": null, "ele": null, "male": null, "female": null, "brand:el": null, "brand:en": null, "operator:wikidata": null, "short_name": null, "short_name:el": null, "short_name:en": null, "brewery": null, "outdoor_seating": null, "colour": null, "parcel_locker:type": null, "parcel_mail_in": null, "parcel_pickup": null, "backrest": null, "access": null, "authentication:app": null, "authentication:membership_card": null, "branch": null, "capacity": null, "contact:phone": null, "contact:website": null, "covered": null, "motorcar": null, "parking:fee": null, "ref:EU:EVSE": null, "ref:GR:IDRO": null, "socket:type2": null, "socket:type2:output": null, "lit": null, "socket:type2_combo": null, "socket:type2_combo:output": null, "manufacturer": null, "building": null, "parking": null, "name:de": null, "leaf_type": null, "building:levels": null, "layer": null, "location": null, "intermittent": null, "seasonal": null, "waterway": null, "name:ru": null, "landuse": null, "sport": null, "industrial": null, "education": null, "emergency": null, "operator:type": null, "type": null, "leaf_cycle": null, "label": "amenity:parking" }, "geometry": { "type": "Polygon", "coordinates": [ [ [ 24.0499909, 35.5004301 ], [ 24.0500078, 35.5001008 ], [ 24.0494752, 35.5000827 ], [ 24.0494583, 35.5004119 ], [ 24.0499909, 35.5004301 ] ] ] } },
{ "type": "Feature", "properties": { "element": "way", "id": 1486266071, "amenity": null, "brand": null, "brand:wikidata": null, "name": null, "operator": null, "brand:wikipedia": null, "compressed_air": null, "cuisine": null, "addr:street": null, "name:el": null, "tourism": null, "addr:city": null, "addr:housenumber": null, "addr:postcode": null, "contact:facebook": null, "description": null, "email": null, "fax": null, "fuel:diesel": null, "fuel:diesel_B": null, "fuel:e10": null, "fuel:e5": null, "fuel:gasoline": null, "fuel:heating_oil": null, "fuel:octane_95": null, "fuel:unleaded": null, "opening_hours": null, "payment:app": null, "payment:apple_pay": null, "payment:cards": null, "payment:cash": null, "payment:coins": null, "payment:contactless": null, "payment:credit_cards": null, "payment:debit_cards": null, "payment:electronic_purses": null, "payment:google_pay": null, "payment:maestro": null, "payment:mastercard": null, "payment:mastercard_contactless": null, "payment:visa": null, "payment:visa_debit": null, "payment:visa_electron": null, "phone": null, "self_service": null, "start_date": null, "website": null, "wheelchair": null, "name:en": null, "shop": null, "fee": null, "wikidata": null, "wikipedia": null, "int_name": null, "leisure": null, "healthcare": null, "internet_access": null, "denomination": null, "religion": null, "castle_type": null, "historic": null, "historic:civilization": null, "image": null, "source": null, "theatre:type": null, "natural": null, "ele": null, "male": null, "female": null, "brand:el": null, "brand:en": null, "operator:wikidata": null, "short_name": null, "short_name:el": null, "short_name:en": null, "brewery": null, "outdoor_seating": null, "colour": null, "parcel_locker:type": null, "parcel_mail_in": null, "parcel_pickup": null, "backrest": null, "access": null, "authentication:app": null, "authentication:membership_card": null, "branch": null, "capacity": null, "contact:phone": null, "contact:website": null, "covered": null, "motorcar": null, "parking:fee": null, "ref:EU:EVSE": null, "ref:GR:IDRO": null, "socket:type2": null, "socket:type2:output": null, "lit": null, "socket:type2_combo": null, "socket:type2_combo:output": null, "manufacturer": null, "building": "yes", "parking": null, "name:de": null, "leaf_type": null, "building:levels": null, "layer": null, "location": null, "intermittent": null, "seasonal": null, "waterway": null, "name:ru": null, "landuse": null, "sport": null, "industrial": null, "education": null, "emergency": null, "operator:type": null, "type": null, "leaf_cycle": null, "label": "building:yes" }, "geometry": { "type": "Polygon", "coordinates": [ [ [ 24.0499608, 35.5010277 ], [ 24.0499624, 35.5008498 ], [ 24.0496232, 35.5008476 ], [ 24.0496215, 35.5010256 ], [ 24.0499608, 35.5010277 ] ] ] } },
{ "type": "Feature", "properties": { "element": "way", "id": 1486267243, "amenity": null, "brand": null, "brand:wikidata": null, "name": null, "operator": null, "brand:wikipedia": null, "compressed_air": null, "cuisine": null, "addr:street": null, "name:el": null, "tourism": null, "addr:city": null, "addr:housenumber": null, "addr:postcode": null, "contact:facebook": null, "description": null, "email": null, "fax": null, "fuel:diesel": null, "fuel:diesel_B": null, "fuel:e10": null, "fuel:e5": null, "fuel:gasoline": null, "fuel:heating_oil": null, "fuel:octane_95": null, "fuel:unleaded": null, "opening_hours": null, "payment:app": null, "payment:apple_pay": null, "payment:cards": null, "payment:cash": null, "payment:coins": null, "payment:contactless": null, "payment:credit_cards": null, "payment:debit_cards": null, "payment:electronic_purses": null, "payment:google_pay": null, "payment:maestro": null, "payment:mastercard": null, "payment:mastercard_contactless": null, "payment:visa": null, "payment:visa_debit": null, "payment:visa_electron": null, "phone": null, "self_service": null, "start_date": null, "website": null, "wheelchair": null, "name:en": null, "shop": null, "fee": null, "wikidata": null, "wikipedia": null, "int_name": null, "leisure": null, "healthcare": null, "internet_access": null, "denomination": null, "religion": null, "castle_type": null, "historic": null, "historic:civilization": null, "image": null, "source": null, "theatre:type": null, "natural": null, "ele": null, "male": null, "female": null, "brand:el": null, "brand:en": null, "operator:wikidata": null, "short_name": null, "short_name:el": null, "short_name:en": null, "brewery": null, "outdoor_seating": null, "colour": null, "parcel_locker:type": null, "parcel_mail_in": null, "parcel_pickup": null, "backrest": null, "access": null, "authentication:app": null, "authentication:membership_card": null, "branch": null, "capacity": null, "contact:phone": null, "contact:website": null, "covered": null, "motorcar": null, "parking:fee": null, "ref:EU:EVSE": null, "ref:GR:IDRO": null, "socket:type2": null, "socket:type2:output": null, "lit": null, "socket:type2_combo": null, "socket:type2_combo:output": null, "manufacturer": null, "building": null, "parking": null, "name:de": null, "leaf_type": null, "building:levels": null, "layer": null, "location": null, "intermittent": null, "seasonal": null, "waterway": null, "name:ru": null, "landuse": "commercial", "sport": null, "industrial": null, "education": null, "emergency": null, "operator:type": null, "type": null, "leaf_cycle": null, "label": "landuse:commercial" }, "geometry": { "type": "Polygon", "coordinates": [ [ [ 24.039666, 35.4959534 ], [ 24.0387614, 35.4962515 ], [ 24.0386321, 35.495978 ], [ 24.0381238, 35.4961007 ], [ 24.037794546082385, 35.495791824308938 ], [ 24.036891662370099, 35.495791824308938 ], [ 24.0367926, 35.4971284 ], [ 24.0369089, 35.4973774 ], [ 24.0389897, 35.4967285 ], [ 24.0407732, 35.4958973 ], [ 24.040917129895497, 35.495791824308938 ], [ 24.039551659531501, 35.495791824308938 ], [ 24.039666, 35.4959534 ] ] ] } },
{ "type": "Feature", "properties": { "element": "way", "id": 1486267244, "amenity": null, "brand": null, "brand:wikidata": null, "name": null, "operator": null, "brand:wikipedia": null, "compressed_air": null, "cuisine": null, "addr:street": null, "name:el": null, "tourism": null, "addr:city": null, "addr:housenumber": null, "addr:postcode": null, "contact:facebook": null, "description": null, "email": null, "fax": null, "fuel:diesel": null, "fuel:diesel_B": null, "fuel:e10": null, "fuel:e5": null, "fuel:gasoline": null, "fuel:heating_oil": null, "fuel:octane_95": null, "fuel:unleaded": null, "opening_hours": null, "payment:app": null, "payment:apple_pay": null, "payment:cards": null, "payment:cash": null, "payment:coins": null, "payment:contactless": null, "payment:credit_cards": null, "payment:debit_cards": null, "payment:electronic_purses": null, "payment:google_pay": null, "payment:maestro": null, "payment:mastercard": null, "payment:mastercard_contactless": null, "payment:visa": null, "payment:visa_debit": null, "payment:visa_electron": null, "phone": null, "self_service": null, "start_date": null, "website": null, "wheelchair": null, "name:en": null, "shop": null, "fee": null, "wikidata": null, "wikipedia": null, "int_name": null, "leisure": null, "healthcare": null, "internet_access": null, "denomination": null, "religion": null, "castle_type": null, "historic": null, "historic:civilization": null, "image": null, "source": null, "theatre:type": null, "natural": null, "ele": null, "male": null, "female": null, "brand:el": null, "brand:en": null, "operator:wikidata": null, "short_name": null, "short_name:el": null, "short_name:en": null, "brewery": null, "outdoor_seating": null, "colour": null, "parcel_locker:type": null, "parcel_mail_in": null, "parcel_pickup": null, "backrest": null, "access": null, "authentication:app": null, "authentication:membership_card": null, "branch": null, "capacity": null, "contact:phone": null, "contact:website": null, "covered": null, "motorcar": null, "parking:fee": null, "ref:EU:EVSE": null, "ref:GR:IDRO": null, "socket:type2": null, "socket:type2:output": null, "lit": null, "socket:type2_combo": null, "socket:type2_combo:output": null, "manufacturer": null, "building": null, "parking": null, "name:de": null, "leaf_type": null, "building:levels": null, "layer": null, "location": null, "intermittent": null, "seasonal": null, "waterway": null, "name:ru": null, "landuse": "commercial", "sport": null, "industrial": null, "education": null, "emergency": null, "operator:type": null, "type": null, "leaf_cycle": null, "label": "landuse:commercial" }, "geometry": { "type": "Polygon", "coordinates": [ [ [ 24.0403251, 35.4962305 ], [ 24.0406009, 35.4974616 ], [ 24.0410403, 35.4974125 ], [ 24.0406956, 35.4960621 ], [ 24.0403251, 35.4962305 ] ] ] } },
{ "type": "Feature", "properties": { "element": "way", "id": 1486267245, "amenity": null, "brand": null, "brand:wikidata": null, "name": null, "operator": null, "brand:wikipedia": null, "compressed_air": null, "cuisine": null, "addr:street": null, "name:el": null, "tourism": null, "addr:city": null, "addr:housenumber": null, "addr:postcode": null, "contact:facebook": null, "description": null, "email": null, "fax": null, "fuel:diesel": null, "fuel:diesel_B": null, "fuel:e10": null, "fuel:e5": null, "fuel:gasoline": null, "fuel:heating_oil": null, "fuel:octane_95": null, "fuel:unleaded": null, "opening_hours": null, "payment:app": null, "payment:apple_pay": null, "payment:cards": null, "payment:cash": null, "payment:coins": null, "payment:contactless": null, "payment:credit_cards": null, "payment:debit_cards": null, "payment:electronic_purses": null, "payment:google_pay": null, "payment:maestro": null, "payment:mastercard": null, "payment:mastercard_contactless": null, "payment:visa": null, "payment:visa_debit": null, "payment:visa_electron": null, "phone": null, "self_service": null, "start_date": null, "website": null, "wheelchair": null, "name:en": null, "shop": null, "fee": null, "wikidata": null, "wikipedia": null, "int_name": null, "leisure": null, "healthcare": null, "internet_access": null, "denomination": null, "religion": null, "castle_type": null, "historic": null, "historic:civilization": null, "image": null, "source": null, "theatre:type": null, "natural": null, "ele": null, "male": null, "female": null, "brand:el": null, "brand:en": null, "operator:wikidata": null, "short_name": null, "short_name:el": null, "short_name:en": null, "brewery": null, "outdoor_seating": null, "colour": null, "parcel_locker:type": null, "parcel_mail_in": null, "parcel_pickup": null, "backrest": null, "access": null, "authentication:app": null, "authentication:membership_card": null, "branch": null, "capacity": null, "contact:phone": null, "contact:website": null, "covered": null, "motorcar": null, "parking:fee": null, "ref:EU:EVSE": null, "ref:GR:IDRO": null, "socket:type2": null, "socket:type2:output": null, "lit": null, "socket:type2_combo": null, "socket:type2_combo:output": null, "manufacturer": null, "building": null, "parking": null, "name:de": null, "leaf_type": null, "building:levels": null, "layer": null, "location": null, "intermittent": null, "seasonal": null, "waterway": null, "name:ru": null, "landuse": "industrial", "sport": null, "industrial": null, "education": null, "emergency": null, "operator:type": null, "type": null, "leaf_cycle": null, "label": "landuse:industrial" }, "geometry": { "type": "Polygon", "coordinates": [ [ [ 24.0410317, 35.4982788 ], [ 24.04098, 35.4974756 ], [ 24.0406009, 35.4975072 ], [ 24.040295, 35.4976545 ], [ 24.0403812, 35.4979806 ], [ 24.0401744, 35.4980403 ], [ 24.0402778, 35.4983805 ], [ 24.0410317, 35.4982788 ] ] ] } },
{ "type": "Feature", "properties": { "element": "way", "id": 1486267246, "amenity": null, "brand": null, "brand:wikidata": null, "name": null, "operator": null, "brand:wikipedia": null, "compressed_air": null, "cuisine": null, "addr:street": null, "name:el": null, "tourism": null, "addr:city": null, "addr:housenumber": null, "addr:postcode": null, "contact:facebook": null, "description": null, "email": null, "fax": null, "fuel:diesel": null, "fuel:diesel_B": null, "fuel:e10": null, "fuel:e5": null, "fuel:gasoline": null, "fuel:heating_oil": null, "fuel:octane_95": null, "fuel:unleaded": null, "opening_hours": null, "payment:app": null, "payment:apple_pay": null, "payment:cards": null, "payment:cash": null, "payment:coins": null, "payment:contactless": null, "payment:credit_cards": null, "payment:debit_cards": null, "payment:electronic_purses": null, "payment:google_pay": null, "payment:maestro": null, "payment:mastercard": null, "payment:mastercard_contactless": null, "payment:visa": null, "payment:visa_debit": null, "payment:visa_electron": null, "phone": null, "self_service": null, "start_date": null, "website": null, "wheelchair": null, "name:en": null, "shop": null, "fee": null, "wikidata": null, "wikipedia": null, "int_name": null, "leisure": null, "healthcare": null, "internet_access": null, "denomination": null, "religion": null, "castle_type": null, "historic": null, "historic:civilization": null, "image": null, "source": null, "theatre:type": null, "natural": null, "ele": null, "male": null, "female": null, "brand:el": null, "brand:en": null, "operator:wikidata": null, "short_name": null, "short_name:el": null, "short_name:en": null, "brewery": null, "outdoor_seating": null, "colour": null, "parcel_locker:type": null, "parcel_mail_in": null, "parcel_pickup": null, "backrest": null, "access": null, "authentication:app": null, "authentication:membership_card": null, "branch": null, "capacity": null, "contact:phone": null, "contact:website": null, "covered": null, "motorcar": null, "parking:fee": null, "ref:EU:EVSE": null, "ref:GR:IDRO": null, "socket:type2": null, "socket:type2:output": null, "lit": null, "socket:type2_combo": null, "socket:type2_combo:output": null, "manufacturer": null, "building": null, "parking": null, "name:de": null, "leaf_type": null, "building:levels": null, "layer": null, "location": null, "intermittent": null, "seasonal": null, "waterway": null, "name:ru": null, "landuse": "commercial", "sport": null, "industrial": null, "education": null, "emergency": null, "operator:type": null, "type": null, "leaf_cycle": null, "label": "landuse:commercial" }, "geometry": { "type": "Polygon", "coordinates": [ [ [ 24.0424404, 35.4999587 ], [ 24.0427376, 35.5002218 ], [ 24.0421991, 35.5006075 ], [ 24.0411781, 35.5009968 ], [ 24.0414064, 35.5015299 ], [ 24.0421173, 35.5011652 ], [ 24.0424317, 35.5014633 ], [ 24.0432632, 35.5007338 ], [ 24.043065, 35.500569 ], [ 24.0435087, 35.5002077 ], [ 24.043862, 35.4997728 ], [ 24.044491, 35.5000078 ], [ 24.0449304, 35.4992678 ], [ 24.0436121, 35.4985734 ], [ 24.0424404, 35.4999587 ] ] ] } },
{ "type": "Feature", "properties": { "element": "way", "id": 1486267247, "amenity": null, "brand": null, "brand:wikidata": null, "name": null, "operator": null, "brand:wikipedia": null, "compressed_air": null, "cuisine": null, "addr:street": null, "name:el": null, "tourism": null, "addr:city": null, "addr:housenumber": null, "addr:postcode": null, "contact:facebook": null, "description": null, "email": null, "fax": null, "fuel:diesel": null, "fuel:diesel_B": null, "fuel:e10": null, "fuel:e5": null, "fuel:gasoline": null, "fuel:heating_oil": null, "fuel:octane_95": null, "fuel:unleaded": null, "opening_hours": null, "payment:app": null, "payment:apple_pay": null, "payment:cards": null, "payment:cash": null, "payment:coins": null, "payment:contactless": null, "payment:credit_cards": null, "payment:debit_cards": null, "payment:electronic_purses": null, "payment:google_pay": null, "payment:maestro": null, "payment:mastercard": null, "payment:mastercard_contactless": null, "payment:visa": null, "payment:visa_debit": null, "payment:visa_electron": null, "phone": null, "self_service": null, "start_date": null, "website": null, "wheelchair": null, "name:en": null, "shop": null, "fee": null, "wikidata": null, "wikipedia": null, "int_name": null, "leisure": "track", "healthcare": null, "internet_access": null, "denomination": null, "religion": null, "castle_type": null, "historic": null, "historic:civilization": null, "image": null, "source": null, "theatre:type": null, "natural": null, "ele": null, "male": null, "female": null, "brand:el": null, "brand:en": null, "operator:wikidata": null, "short_name": null, "short_name:el": null, "short_name:en": null, "brewery": null, "outdoor_seating": null, "colour": null, "parcel_locker:type": null, "parcel_mail_in": null, "parcel_pickup": null, "backrest": null, "access": null, "authentication:app": null, "authentication:membership_card": null, "branch": null, "capacity": null, "contact:phone": null, "contact:website": null, "covered": null, "motorcar": null, "parking:fee": null, "ref:EU:EVSE": null, "ref:GR:IDRO": null, "socket:type2": null, "socket:type2:output": null, "lit": null, "socket:type2_combo": null, "socket:type2_combo:output": null, "manufacturer": null, "building": null, "parking": null, "name:de": null, "leaf_type": null, "building:levels": null, "layer": null, "location": null, "intermittent": null, "seasonal": null, "waterway": null, "name:ru": null, "landuse": null, "sport": null, "industrial": null, "education": null, "emergency": null, "operator:type": null, "type": null, "leaf_cycle": null, "label": "leisure:track" }, "geometry": { "type": "MultiLineString", "coordinates": [ [ [ 24.0378179, 35.5029398 ], [ 24.037824, 35.5022944 ] ], [ [ 24.037824, 35.5022944 ], [ 24.0378308, 35.501572 ], [ 24.0380075, 35.5014422 ], [ 24.0381884, 35.5014142 ], [ 24.038365, 35.5014949 ], [ 24.0384469, 35.5016351 ], [ 24.038434, 35.5022839 ], [ 24.0383133, 35.5024137 ], [ 24.0381496, 35.5024453 ], [ 24.0379902, 35.5024277 ], [ 24.037824, 35.5022944 ] ] ] } },
{ "type": "Feature", "properties": { "element": "way", "id": 1486267248, "amenity": null, "brand": null, "brand:wikidata": null, "name": null, "operator": null, "brand:wikipedia": null, "compressed_air": null, "cuisine": null, "addr:street": null, "name:el": null, "tourism": null, "addr:city": null, "addr:housenumber": null, "addr:postcode": null, "contact:facebook": null, "description": null, "email": null, "fax": null, "fuel:diesel": null, "fuel:diesel_B": null, "fuel:e10": null, "fuel:e5": null, "fuel:gasoline": null, "fuel:heating_oil": null, "fuel:octane_95": null, "fuel:unleaded": null, "opening_hours": null, "payment:app": null, "payment:apple_pay": null, "payment:cards": null, "payment:cash": null, "payment:coins": null, "payment:contactless": null, "payment:credit_cards": null, "payment:debit_cards": null, "payment:electronic_purses": null, "payment:google_pay": null, "payment:maestro": null, "payment:mastercard": null, "payment:mastercard_contactless": null, "payment:visa": null, "payment:visa_debit": null, "payment:visa_electron": null, "phone": null, "self_service": null, "start_date": null, "website": null, "wheelchair": null, "name:en": null, "shop": null, "fee": null, "wikidata": null, "wikipedia": null, "int_name": null, "leisure": "track", "healthcare": null, "internet_access": null, "denomination": null, "religion": null, "castle_type": null, "historic": null, "historic:civilization": null, "image": null, "source": null, "theatre:type": null, "natural": null, "ele": null, "male": null, "female": null, "brand:el": null, "brand:en": null, "operator:wikidata": null, "short_name": null, "short_name:el": null, "short_name:en": null, "brewery": null, "outdoor_seating": null, "colour": null, "parcel_locker:type": null, "parcel_mail_in": null, "parcel_pickup": null, "backrest": null, "access": null, "authentication:app": null, "authentication:membership_card": null, "branch": null, "capacity": null, "contact:phone": null, "contact:website": null, "covered": null, "motorcar": null, "parking:fee": null, "ref:EU:EVSE": null, "ref:GR:IDRO": null, "socket:type2": null, "socket:type2:output": null, "lit": null, "socket:type2_combo": null, "socket:type2_combo:output": null, "manufacturer": null, "building": null, "parking": null, "name:de": null, "leaf_type": null, "building:levels": null, "layer": null, "location": null, "intermittent": null, "seasonal": null, "waterway": null, "name:ru": null, "landuse": null, "sport": null, "industrial": null, "education": null, "emergency": null, "operator:type": null, "type": null, "leaf_cycle": null, "label": "leisure:track" }, "geometry": { "type": "LineString", "coordinates": [ [ 24.0378308, 35.501572 ], [ 24.0378265, 35.5014002 ] ] } },
{ "type": "Feature", "properties": { "element": "way", "id": 1486267249, "amenity": null, "brand": null, "brand:wikidata": null, "name": null, "operator": null, "brand:wikipedia": null, "compressed_air": null, "cuisine": null, "addr:street": null, "name:el": null, "tourism": null, "addr:city": null, "addr:housenumber": null, "addr:postcode": null, "contact:facebook": null, "description": null, "email": null, "fax": null, "fuel:diesel": null, "fuel:diesel_B": null, "fuel:e10": null, "fuel:e5": null, "fuel:gasoline": null, "fuel:heating_oil": null, "fuel:octane_95": null, "fuel:unleaded": null, "opening_hours": null, "payment:app": null, "payment:apple_pay": null, "payment:cards": null, "payment:cash": null, "payment:coins": null, "payment:contactless": null, "payment:credit_cards": null, "payment:debit_cards": null, "payment:electronic_purses": null, "payment:google_pay": null, "payment:maestro": null, "payment:mastercard": null, "payment:mastercard_contactless": null, "payment:visa": null, "payment:visa_debit": null, "payment:visa_electron": null, "phone": null, "self_service": null, "start_date": null, "website": null, "wheelchair": null, "name:en": null, "shop": null, "fee": null, "wikidata": null, "wikipedia": null, "int_name": null, "leisure": null, "healthcare": null, "internet_access": null, "denomination": null, "religion": null, "castle_type": null, "historic": null, "historic:civilization": null, "image": null, "source": null, "theatre:type": null, "natural": null, "ele": null, "male": null, "female": null, "brand:el": null, "brand:en": null, "operator:wikidata": null, "short_name": null, "short_name:el": null, "short_name:en": null, "brewery": null, "outdoor_seating": null, "colour": null, "parcel_locker:type": null, "parcel_mail_in": null, "parcel_pickup": null, "backrest": null, "access": null, "authentication:app": null, "authentication:membership_card": null, "branch": null, "capacity": null, "contact:phone": null, "contact:website": null, "covered": null, "motorcar": null, "parking:fee": null, "ref:EU:EVSE": null, "ref:GR:IDRO": null, "socket:type2": null, "socket:type2:output": null, "lit": null, "socket:type2_combo": null, "socket:type2_combo:output": null, "manufacturer": null, "building": null, "parking": null, "name:de": null, "leaf_type": null, "building:levels": null, "layer": null, "location": null, "intermittent": null, "seasonal": null, "waterway": null, "name:ru": null, "landuse": "commercial", "sport": null, "industrial": null, "education": null, "emergency": null, "operator:type": null, "type": null, "leaf_cycle": null, "label": "landuse:commercial" }, "geometry": { "type": "Polygon", "coordinates": [ [ [ 24.0374043, 35.4980017 ], [ 24.0381927, 35.4978298 ], [ 24.0381195, 35.4971038 ], [ 24.0373139, 35.4973423 ], [ 24.0374043, 35.4980017 ] ] ] } },
{ "type": "Feature", "properties": { "element": "way", "id": 1486267250, "amenity": null, "brand": null, "brand:wikidata": null, "name": null, "operator": null, "brand:wikipedia": null, "compressed_air": null, "cuisine": null, "addr:street": null, "name:el": null, "tourism": null, "addr:city": null, "addr:housenumber": null, "addr:postcode": null, "contact:facebook": null, "description": null, "email": null, "fax": null, "fuel:diesel": null, "fuel:diesel_B": null, "fuel:e10": null, "fuel:e5": null, "fuel:gasoline": null, "fuel:heating_oil": null, "fuel:octane_95": null, "fuel:unleaded": null, "opening_hours": null, "payment:app": null, "payment:apple_pay": null, "payment:cards": null, "payment:cash": null, "payment:coins": null, "payment:contactless": null, "payment:credit_cards": null, "payment:debit_cards": null, "payment:electronic_purses": null, "payment:google_pay": null, "payment:maestro": null, "payment:mastercard": null, "payment:mastercard_contactless": null, "payment:visa": null, "payment:visa_debit": null, "payment:visa_electron": null, "phone": null, "self_service": null, "start_date": null, "website": null, "wheelchair": null, "name:en": null, "shop": null, "fee": null, "wikidata": null, "wikipedia": null, "int_name": null, "leisure": null, "healthcare": null, "internet_access": null, "denomination": null, "religion": null, "castle_type": null, "historic": null, "historic:civilization": null, "image": null, "source": null, "theatre:type": null, "natural": null, "ele": null, "male": null, "female": null, "brand:el": null, "brand:en": null, "operator:wikidata": null, "short_name": null, "short_name:el": null, "short_name:en": null, "brewery": null, "outdoor_seating": null, "colour": null, "parcel_locker:type": null, "parcel_mail_in": null, "parcel_pickup": null, "backrest": null, "access": null, "authentication:app": null, "authentication:membership_card": null, "branch": null, "capacity": null, "contact:phone": null, "contact:website": null, "covered": null, "motorcar": null, "parking:fee": null, "ref:EU:EVSE": null, "ref:GR:IDRO": null, "socket:type2": null, "socket:type2:output": null, "lit": null, "socket:type2_combo": null, "socket:type2_combo:output": null, "manufacturer": null, "building": null, "parking": null, "name:de": null, "leaf_type": null, "building:levels": null, "layer": null, "location": null, "intermittent": null, "seasonal": null, "waterway": null, "name:ru": null, "landuse": "industrial", "sport": null, "industrial": "scrap_yard", "education": null, "emergency": null, "operator:type": null, "type": null, "leaf_cycle": null, "label": "landuse:industrial" }, "geometry": { "type": "Polygon", "coordinates": [ [ [ 24.039834, 35.4978053 ], [ 24.0397091, 35.4965321 ], [ 24.0391749, 35.4967636 ], [ 24.0390715, 35.4980824 ], [ 24.039834, 35.4978053 ] ] ] } },
{ "type": "Feature", "properties": { "element": "way", "id": 1486267251, "amenity": null, "brand": null, "brand:wikidata": null, "name": null, "operator": null, "brand:wikipedia": null, "compressed_air": null, "cuisine": null, "addr:street": null, "name:el": null, "tourism": null, "addr:city": null, "addr:housenumber": null, "addr:postcode": null, "contact:facebook": null, "description": null, "email": null, "fax": null, "fuel:diesel": null, "fuel:diesel_B": null, "fuel:e10": null, "fuel:e5": null, "fuel:gasoline": null, "fuel:heating_oil": null, "fuel:octane_95": null, "fuel:unleaded": null, "opening_hours": null, "payment:app": null, "payment:apple_pay": null, "payment:cards": null, "payment:cash": null, "payment:coins": null, "payment:contactless": null, "payment:credit_cards": null, "payment:debit_cards": null, "payment:electronic_purses": null, "payment:google_pay": null, "payment:maestro": null, "payment:mastercard": null, "payment:mastercard_contactless": null, "payment:visa": null, "payment:visa_debit": null, "payment:visa_electron": null, "phone": null, "self_service": null, "start_date": null, "website": null, "wheelchair": null, "name:en": null, "shop": null, "fee": null, "wikidata": null, "wikipedia": null, "int_name": null, "leisure": null, "healthcare": null, "internet_access": null, "denomination": null, "religion": null, "castle_type": null, "historic": null, "historic:civilization": null, "image": null, "source": null, "theatre:type": null, "natural": null, "ele": null, "male": null, "female": null, "brand:el": null, "brand:en": null, "operator:wikidata": null, "short_name": null, "short_name:el": null, "short_name:en": null, "brewery": null, "outdoor_seating": null, "colour": null, "parcel_locker:type": null, "parcel_mail_in": null, "parcel_pickup": null, "backrest": null, "access": null, "authentication:app": null, "authentication:membership_card": null, "branch": null, "capacity": null, "contact:phone": null, "contact:website": null, "covered": null, "motorcar": null, "parking:fee": null, "ref:EU:EVSE": null, "ref:GR:IDRO": null, "socket:type2": null, "socket:type2:output": null, "lit": null, "socket:type2_combo": null, "socket:type2_combo:output": null, "manufacturer": null, "building": null, "parking": null, "name:de": null, "leaf_type": null, "building:levels": null, "layer": null, "location": null, "intermittent": null, "seasonal": null, "waterway": null, "name:ru": null, "landuse": "commercial", "sport": null, "industrial": null, "education": null, "emergency": null, "operator:type": null, "type": null, "leaf_cycle": null, "label": "landuse:commercial" }, "geometry": { "type": "Polygon", "coordinates": [ [ [ 24.0390801, 35.4973669 ], [ 24.0391318, 35.4968162 ], [ 24.0386537, 35.4969179 ], [ 24.0386838, 35.4974791 ], [ 24.0390801, 35.4973669 ] ] ] } },
{ "type": "Feature", "properties": { "element": "way", "id": 1486270790, "amenity": null, "brand": null, "brand:wikidata": null, "name": null, "operator": null, "brand:wikipedia": null, "compressed_air": null, "cuisine": null, "addr:street": null, "name:el": null, "tourism": null, "addr:city": null, "addr:housenumber": null, "addr:postcode": null, "contact:facebook": null, "description": null, "email": null, "fax": null, "fuel:diesel": null, "fuel:diesel_B": null, "fuel:e10": null, "fuel:e5": null, "fuel:gasoline": null, "fuel:heating_oil": null, "fuel:octane_95": null, "fuel:unleaded": null, "opening_hours": null, "payment:app": null, "payment:apple_pay": null, "payment:cards": null, "payment:cash": null, "payment:coins": null, "payment:contactless": null, "payment:credit_cards": null, "payment:debit_cards": null, "payment:electronic_purses": null, "payment:google_pay": null, "payment:maestro": null, "payment:mastercard": null, "payment:mastercard_contactless": null, "payment:visa": null, "payment:visa_debit": null, "payment:visa_electron": null, "phone": null, "self_service": null, "start_date": null, "website": null, "wheelchair": null, "name:en": null, "shop": null, "fee": null, "wikidata": null, "wikipedia": null, "int_name": null, "leisure": null, "healthcare": null, "internet_access": null, "denomination": null, "religion": null, "castle_type": null, "historic": null, "historic:civilization": null, "image": null, "source": null, "theatre:type": null, "natural": null, "ele": null, "male": null, "female": null, "brand:el": null, "brand:en": null, "operator:wikidata": null, "short_name": null, "short_name:el": null, "short_name:en": null, "brewery": null, "outdoor_seating": null, "colour": null, "parcel_locker:type": null, "parcel_mail_in": null, "parcel_pickup": null, "backrest": null, "access": null, "authentication:app": null, "authentication:membership_card": null, "branch": null, "capacity": null, "contact:phone": null, "contact:website": null, "covered": null, "motorcar": null, "parking:fee": null, "ref:EU:EVSE": null, "ref:GR:IDRO": null, "socket:type2": null, "socket:type2:output": null, "lit": null, "socket:type2_combo": null, "socket:type2_combo:output": null, "manufacturer": null, "building": null, "parking": null, "name:de": null, "leaf_type": null, "building:levels": null, "layer": null, "location": null, "intermittent": null, "seasonal": null, "waterway": null, "name:ru": null, "landuse": "industrial", "sport": null, "industrial": null, "education": null, "emergency": null, "operator:type": null, "type": null, "leaf_cycle": null, "label": "landuse:industrial" }, "geometry": { "type": "Polygon", "coordinates": [ [ [ 24.045443, 35.4963813 ], [ 24.0467914, 35.4964374 ], [ 24.04683725795185, 35.495791824308938 ], [ 24.045843069883805, 35.495791824308938 ], [ 24.045443, 35.4963813 ] ] ] } },
{ "type": "Feature", "properties": { "element": "way", "id": 1486270791, "amenity": null, "brand": null, "brand:wikidata": null, "name": null, "operator": null, "brand:wikipedia": null, "compressed_air": null, "cuisine": null, "addr:street": null, "name:el": null, "tourism": null, "addr:city": null, "addr:housenumber": null, "addr:postcode": null, "contact:facebook": null, "description": null, "email": null, "fax": null, "fuel:diesel": null, "fuel:diesel_B": null, "fuel:e10": null, "fuel:e5": null, "fuel:gasoline": null, "fuel:heating_oil": null, "fuel:octane_95": null, "fuel:unleaded": null, "opening_hours": null, "payment:app": null, "payment:apple_pay": null, "payment:cards": null, "payment:cash": null, "payment:coins": null, "payment:contactless": null, "payment:credit_cards": null, "payment:debit_cards": null, "payment:electronic_purses": null, "payment:google_pay": null, "payment:maestro": null, "payment:mastercard": null, "payment:mastercard_contactless": null, "payment:visa": null, "payment:visa_debit": null, "payment:visa_electron": null, "phone": null, "self_service": null, "start_date": null, "website": null, "wheelchair": null, "name:en": null, "shop": null, "fee": null, "wikidata": null, "wikipedia": null, "int_name": null, "leisure": null, "healthcare": null, "internet_access": null, "denomination": null, "religion": null, "castle_type": null, "historic": null, "historic:civilization": null, "image": null, "source": null, "theatre:type": null, "natural": null, "ele": null, "male": null, "female": null, "brand:el": null, "brand:en": null, "operator:wikidata": null, "short_name": null, "short_name:el": null, "short_name:en": null, "brewery": null, "outdoor_seating": null, "colour": null, "parcel_locker:type": null, "parcel_mail_in": null, "parcel_pickup": null, "backrest": null, "access": null, "authentication:app": null, "authentication:membership_card": null, "branch": null, "capacity": null, "contact:phone": null, "contact:website": null, "covered": null, "motorcar": null, "parking:fee": null, "ref:EU:EVSE": null, "ref:GR:IDRO": null, "socket:type2": null, "socket:type2:output": null, "lit": null, "socket:type2_combo": null, "socket:type2_combo:output": null, "manufacturer": null, "building": null, "parking": null, "name:de": null, "leaf_type": null, "building:levels": null, "layer": null, "location": null, "intermittent": null, "seasonal": null, "waterway": null, "name:ru": null, "landuse": "industrial", "sport": null, "industrial": null, "education": null, "emergency": null, "operator:type": null, "type": null, "leaf_cycle": null, "label": "landuse:industrial" }, "geometry": { "type": "Polygon", "coordinates": [ [ [ 24.0436251, 35.4977562 ], [ 24.0433106, 35.4968653 ], [ 24.043302, 35.4959254 ], [ 24.042449, 35.4958798 ], [ 24.042443171644301, 35.495791824308938 ], [ 24.041390038112485, 35.495791824308938 ], [ 24.0416477, 35.4972406 ], [ 24.0415228, 35.4982016 ], [ 24.0436251, 35.4977562 ] ] ] } },
{ "type": "Feature", "properties": { "element": "way", "id": 1486270792, "amenity": null, "brand": null, "brand:wikidata": null, "name": null, "operator": null, "brand:wikipedia": null, "compressed_air": null, "cuisine": null, "addr:street": null, "name:el": null, "tourism": null, "addr:city": null, "addr:housenumber": null, "addr:postcode": null, "contact:facebook": null, "description": null, "email": null, "fax": null, "fuel:diesel": null, "fuel:diesel_B": null, "fuel:e10": null, "fuel:e5": null, "fuel:gasoline": null, "fuel:heating_oil": null, "fuel:octane_95": null, "fuel:unleaded": null, "opening_hours": null, "payment:app": null, "payment:apple_pay": null, "payment:cards": null, "payment:cash": null, "payment:coins": null, "payment:contactless": null, "payment:credit_cards": null, "payment:debit_cards": null, "payment:electronic_purses": null, "payment:google_pay": null, "payment:maestro": null, "payment:mastercard": null, "payment:mastercard_contactless": null, "payment:visa": null, "payment:visa_debit": null, "payment:visa_electron": null, "phone": null, "self_service": null, "start_date": null, "website": null, "wheelchair": null, "name:en": null, "shop": null, "fee": null, "wikidata": null, "wikipedia": null, "int_name": null, "leisure": null, "healthcare": null, "internet_access": null, "denomination": null, "religion": null, "castle_type": null, "historic": null, "historic:civilization": null, "image": null, "source": null, "theatre:type": null, "natural": null, "ele": null, "male": null, "female": null, "brand:el": null, "brand:en": null, "operator:wikidata": null, "short_name": null, "short_name:el": null, "short_name:en": null, "brewery": null, "outdoor_seating": null, "colour": null, "parcel_locker:type": null, "parcel_mail_in": null, "parcel_pickup": null, "backrest": null, "access": null, "authentication:app": null, "authentication:membership_card": null, "branch": null, "capacity": null, "contact:phone": null, "contact:website": null, "covered": null, "motorcar": null, "parking:fee": null, "ref:EU:EVSE": null, "ref:GR:IDRO": null, "socket:type2": null, "socket:type2:output": null, "lit": null, "socket:type2_combo": null, "socket:type2_combo:output": null, "manufacturer": null, "building": null, "parking": null, "name:de": null, "leaf_type": null, "building:levels": null, "layer": null, "location": null, "intermittent": null, "seasonal": null, "waterway": null, "name:ru": null, "landuse": "industrial", "sport": null, "industrial": null, "education": null, "emergency": null, "operator:type": null, "type": null, "leaf_cycle": null, "label": "landuse:industrial" }, "geometry": { "type": "Polygon", "coordinates": [ [ [ 24.043918, 35.4980227 ], [ 24.0444306, 35.4983664 ], [ 24.0449347, 35.4978649 ], [ 24.044422, 35.4975212 ], [ 24.043918, 35.4980227 ] ] ] } },
{ "type": "Feature", "properties": { "element": "way", "id": 1486270793, "amenity": null, "brand": null, "brand:wikidata": null, "name": null, "operator": null, "brand:wikipedia": null, "compressed_air": null, "cuisine": null, "addr:street": null, "name:el": null, "tourism": null, "addr:city": null, "addr:housenumber": null, "addr:postcode": null, "contact:facebook": null, "description": null, "email": null, "fax": null, "fuel:diesel": null, "fuel:diesel_B": null, "fuel:e10": null, "fuel:e5": null, "fuel:gasoline": null, "fuel:heating_oil": null, "fuel:octane_95": null, "fuel:unleaded": null, "opening_hours": null, "payment:app": null, "payment:apple_pay": null, "payment:cards": null, "payment:cash": null, "payment:coins": null, "payment:contactless": null, "payment:credit_cards": null, "payment:debit_cards": null, "payment:electronic_purses": null, "payment:google_pay": null, "payment:maestro": null, "payment:mastercard": null, "payment:mastercard_contactless": null, "payment:visa": null, "payment:visa_debit": null, "payment:visa_electron": null, "phone": null, "self_service": null, "start_date": null, "website": null, "wheelchair": null, "name:en": null, "shop": null, "fee": null, "wikidata": null, "wikipedia": null, "int_name": null, "leisure": null, "healthcare": null, "internet_access": null, "denomination": null, "religion": null, "castle_type": null, "historic": null, "historic:civilization": null, "image": null, "source": null, "theatre:type": null, "natural": null, "ele": null, "male": null, "female": null, "brand:el": null, "brand:en": null, "operator:wikidata": null, "short_name": null, "short_name:el": null, "short_name:en": null, "brewery": null, "outdoor_seating": null, "colour": null, "parcel_locker:type": null, "parcel_mail_in": null, "parcel_pickup": null, "backrest": null, "access": null, "authentication:app": null, "authentication:membership_card": null, "branch": null, "capacity": null, "contact:phone": null, "contact:website": null, "covered": null, "motorcar": null, "parking:fee": null, "ref:EU:EVSE": null, "ref:GR:IDRO": null, "socket:type2": null, "socket:type2:output": null, "lit": null, "socket:type2_combo": null, "socket:type2_combo:output": null, "manufacturer": null, "building": null, "parking": null, "name:de": null, "leaf_type": null, "building:levels": null, "layer": null, "location": null, "intermittent": null, "seasonal": null, "waterway": null, "name:ru": null, "landuse": "industrial", "sport": null, "industrial": null, "education": null, "emergency": null, "operator:type": null, "type": null, "leaf_cycle": null, "label": "landuse:industrial" }, "geometry": { "type": "Polygon", "coordinates": [ [ [ 24.0449691, 35.4962586 ], [ 24.04494497163266, 35.495791824308938 ], [ 24.043476181728895, 35.495791824308938 ], [ 24.0434312, 35.4968302 ], [ 24.0449691, 35.4962586 ] ] ] } },
{ "type": "Feature", "properties": { "element": "way", "id": 1486270796, "amenity": null, "brand": null, "brand:wikidata": null, "name": null, "operator": null, "brand:wikipedia": null, "compressed_air": null, "cuisine": null, "addr:street": null, "name:el": null, "tourism": null, "addr:city": null, "addr:housenumber": null, "addr:postcode": null, "contact:facebook": null, "description": null, "email": null, "fax": null, "fuel:diesel": null, "fuel:diesel_B": null, "fuel:e10": null, "fuel:e5": null, "fuel:gasoline": null, "fuel:heating_oil": null, "fuel:octane_95": null, "fuel:unleaded": null, "opening_hours": null, "payment:app": null, "payment:apple_pay": null, "payment:cards": null, "payment:cash": null, "payment:coins": null, "payment:contactless": null, "payment:credit_cards": null, "payment:debit_cards": null, "payment:electronic_purses": null, "payment:google_pay": null, "payment:maestro": null, "payment:mastercard": null, "payment:mastercard_contactless": null, "payment:visa": null, "payment:visa_debit": null, "payment:visa_electron": null, "phone": null, "self_service": null, "start_date": null, "website": null, "wheelchair": null, "name:en": null, "shop": null, "fee": null, "wikidata": null, "wikipedia": null, "int_name": null, "leisure": null, "healthcare": null, "internet_access": null, "denomination": null, "religion": null, "castle_type": null, "historic": null, "historic:civilization": null, "image": null, "source": null, "theatre:type": null, "natural": null, "ele": null, "male": null, "female": null, "brand:el": null, "brand:en": null, "operator:wikidata": null, "short_name": null, "short_name:el": null, "short_name:en": null, "brewery": null, "outdoor_seating": null, "colour": null, "parcel_locker:type": null, "parcel_mail_in": null, "parcel_pickup": null, "backrest": null, "access": null, "authentication:app": null, "authentication:membership_card": null, "branch": null, "capacity": null, "contact:phone": null, "contact:website": null, "covered": null, "motorcar": null, "parking:fee": null, "ref:EU:EVSE": null, "ref:GR:IDRO": null, "socket:type2": null, "socket:type2:output": null, "lit": null, "socket:type2_combo": null, "socket:type2_combo:output": null, "manufacturer": null, "building": null, "parking": null, "name:de": null, "leaf_type": null, "building:levels": null, "layer": null, "location": null, "intermittent": null, "seasonal": null, "waterway": null, "name:ru": null, "landuse": "commercial", "sport": null, "industrial": null, "education": null, "emergency": null, "operator:type": null, "type": null, "leaf_cycle": null, "label": "landuse:commercial" }, "geometry": { "type": "Polygon", "coordinates": [ [ [ 24.0337378, 35.4988691 ], [ 24.0336289, 35.4982769 ], [ 24.033054680649734, 35.498367609320873 ], [ 24.033054680649734, 35.498985199614708 ], [ 24.0337378, 35.4988691 ] ] ] } },
{ "type": "Feature", "properties": { "element": "way", "id": 1486306717, "amenity": null, "brand": null, "brand:wikidata": null, "name": null, "operator": null, "brand:wikipedia": null, "compressed_air": null, "cuisine": null, "addr:street": null, "name:el": null, "tourism": null, "addr:city": null, "addr:housenumber": null, "addr:postcode": null, "contact:facebook": null, "description": null, "email": null, "fax": null, "fuel:diesel": null, "fuel:diesel_B": null, "fuel:e10": null, "fuel:e5": null, "fuel:gasoline": null, "fuel:heating_oil": null, "fuel:octane_95": null, "fuel:unleaded": null, "opening_hours": null, "payment:app": null, "payment:apple_pay": null, "payment:cards": null, "payment:cash": null, "payment:coins": null, "payment:contactless": null, "payment:credit_cards": null, "payment:debit_cards": null, "payment:electronic_purses": null, "payment:google_pay": null, "payment:maestro": null, "payment:mastercard": null, "payment:mastercard_contactless": null, "payment:visa": null, "payment:visa_debit": null, "payment:visa_electron": null, "phone": null, "self_service": null, "start_date": null, "website": null, "wheelchair": null, "name:en": null, "shop": null, "fee": null, "wikidata": null, "wikipedia": null, "int_name": null, "leisure": null, "healthcare": null, "internet_access": null, "denomination": null, "religion": null, "castle_type": null, "historic": null, "historic:civilization": null, "image": null, "source": null, "theatre:type": null, "natural": null, "ele": null, "male": null, "female": null, "brand:el": null, "brand:en": null, "operator:wikidata": null, "short_name": null, "short_name:el": null, "short_name:en": null, "brewery": null, "outdoor_seating": null, "colour": null, "parcel_locker:type": null, "parcel_mail_in": null, "parcel_pickup": null, "backrest": null, "access": null, "authentication:app": null, "authentication:membership_card": null, "branch": null, "capacity": null, "contact:phone": null, "contact:website": null, "covered": null, "motorcar": null, "parking:fee": null, "ref:EU:EVSE": null, "ref:GR:IDRO": null, "socket:type2": null, "socket:type2:output": null, "lit": null, "socket:type2_combo": null, "socket:type2_combo:output": null, "manufacturer": null, "building": null, "parking": null, "name:de": null, "leaf_type": null, "building:levels": null, "layer": null, "location": null, "intermittent": null, "seasonal": null, "waterway": null, "name:ru": null, "landuse": "residential", "sport": null, "industrial": null, "education": null, "emergency": null, "operator:type": null, "type": null, "leaf_cycle": null, "label": "landuse:residential" }, "geometry": { "type": "Polygon", "coordinates": [ [ [ 24.060402065526969, 35.503890706530292 ], [ 24.060402065526969, 35.50350274373266 ], [ 24.0597768, 35.5031434 ], [ 24.0601529, 35.5026721 ], [ 24.0597521, 35.5025311 ], [ 24.0592424, 35.5032724 ], [ 24.0598312, 35.5035382 ], [ 24.0596828, 35.5037638 ], [ 24.0602717, 35.5040499 ], [ 24.060402065526969, 35.503890706530292 ] ] ] } },
{ "type": "Feature", "properties": { "element": "way", "id": 1486306718, "amenity": null, "brand": null, "brand:wikidata": null, "name": null, "operator": null, "brand:wikipedia": null, "compressed_air": null, "cuisine": null, "addr:street": null, "name:el": null, "tourism": null, "addr:city": null, "addr:housenumber": null, "addr:postcode": null, "contact:facebook": null, "description": null, "email": null, "fax": null, "fuel:diesel": null, "fuel:diesel_B": null, "fuel:e10": null, "fuel:e5": null, "fuel:gasoline": null, "fuel:heating_oil": null, "fuel:octane_95": null, "fuel:unleaded": null, "opening_hours": null, "payment:app": null, "payment:apple_pay": null, "payment:cards": null, "payment:cash": null, "payment:coins": null, "payment:contactless": null, "payment:credit_cards": null, "payment:debit_cards": null, "payment:electronic_purses": null, "payment:google_pay": null, "payment:maestro": null, "payment:mastercard": null, "payment:mastercard_contactless": null, "payment:visa": null, "payment:visa_debit": null, "payment:visa_electron": null, "phone": null, "self_service": null, "start_date": null, "website": null, "wheelchair": null, "name:en": null, "shop": null, "fee": null, "wikidata": null, "wikipedia": null, "int_name": null, "leisure": null, "healthcare": null, "internet_access": null, "denomination": null, "religion": null, "castle_type": null, "historic": null, "historic:civilization": null, "image": null, "source": null, "theatre:type": null, "natural": null, "ele": null, "male": null, "female": null, "brand:el": null, "brand:en": null, "operator:wikidata": null, "short_name": null, "short_name:el": null, "short_name:en": null, "brewery": null, "outdoor_seating": null, "colour": null, "parcel_locker:type": null, "parcel_mail_in": null, "parcel_pickup": null, "backrest": null, "access": null, "authentication:app": null, "authentication:membership_card": null, "branch": null, "capacity": null, "contact:phone": null, "contact:website": null, "covered": null, "motorcar": null, "parking:fee": null, "ref:EU:EVSE": null, "ref:GR:IDRO": null, "socket:type2": null, "socket:type2:output": null, "lit": null, "socket:type2_combo": null, "socket:type2_combo:output": null, "manufacturer": null, "building": null, "parking": null, "name:de": null, "leaf_type": null, "building:levels": null, "layer": null, "location": null, "intermittent": null, "seasonal": null, "waterway": null, "name:ru": null, "landuse": "residential", "sport": null, "industrial": null, "education": null, "emergency": null, "operator:type": null, "type": null, "leaf_cycle": null, "label": "landuse:residential" }, "geometry": { "type": "Polygon", "coordinates": [ [ [ 24.0576291, 35.5009801 ], [ 24.0573421, 35.5008391 ], [ 24.0570452, 35.5010727 ], [ 24.0573273, 35.5012984 ], [ 24.056867, 35.5019389 ], [ 24.0573916, 35.5023297 ], [ 24.0572827, 35.5025633 ], [ 24.0575846, 35.5026802 ], [ 24.0577875, 35.5024626 ], [ 24.0575499, 35.5023579 ], [ 24.0579706, 35.5018261 ], [ 24.0577281, 35.501677 ], [ 24.0582131, 35.5011412 ], [ 24.0580052, 35.5010365 ], [ 24.0581636, 35.5008834 ], [ 24.0578765, 35.5006941 ], [ 24.0576291, 35.5009801 ] ] ] } },
{ "type": "Feature", "properties": { "element": "way", "id": 1486306983, "amenity": "school", "brand": null, "brand:wikidata": null, "name": null, "operator": null, "brand:wikipedia": null, "compressed_air": null, "cuisine": null, "addr:street": null, "name:el": null, "tourism": null, "addr:city": null, "addr:housenumber": null, "addr:postcode": null, "contact:facebook": null, "description": null, "email": null, "fax": null, "fuel:diesel": null, "fuel:diesel_B": null, "fuel:e10": null, "fuel:e5": null, "fuel:gasoline": null, "fuel:heating_oil": null, "fuel:octane_95": null, "fuel:unleaded": null, "opening_hours": null, "payment:app": null, "payment:apple_pay": null, "payment:cards": null, "payment:cash": null, "payment:coins": null, "payment:contactless": null, "payment:credit_cards": null, "payment:debit_cards": null, "payment:electronic_purses": null, "payment:google_pay": null, "payment:maestro": null, "payment:mastercard": null, "payment:mastercard_contactless": null, "payment:visa": null, "payment:visa_debit": null, "payment:visa_electron": null, "phone": null, "self_service": null, "start_date": null, "website": null, "wheelchair": null, "name:en": null, "shop": null, "fee": null, "wikidata": null, "wikipedia": null, "int_name": null, "leisure": null, "healthcare": null, "internet_access": null, "denomination": null, "religion": null, "castle_type": null, "historic": null, "historic:civilization": null, "image": null, "source": null, "theatre:type": null, "natural": null, "ele": null, "male": null, "female": null, "brand:el": null, "brand:en": null, "operator:wikidata": null, "short_name": null, "short_name:el": null, "short_name:en": null, "brewery": null, "outdoor_seating": null, "colour": null, "parcel_locker:type": null, "parcel_mail_in": null, "parcel_pickup": null, "backrest": null, "access": null, "authentication:app": null, "authentication:membership_card": null, "branch": null, "capacity": null, "contact:phone": null, "contact:website": null, "covered": null, "motorcar": null, "parking:fee": null, "ref:EU:EVSE": null, "ref:GR:IDRO": null, "socket:type2": null, "socket:type2:output": null, "lit": null, "socket:type2_combo": null, "socket:type2_combo:output": null, "manufacturer": null, "building": null, "parking": null, "name:de": null, "leaf_type": null, "building:levels": null, "layer": null, "location": null, "intermittent": null, "seasonal": null, "waterway": null, "name:ru": null, "landuse": null, "sport": null, "industrial": null, "education": "school", "emergency": null, "operator:type": null, "type": null, "leaf_cycle": null, "label": "amenity:school" }, "geometry": { "type": "Polygon", "coordinates": [ [ [ 24.05402755658486, 35.495791824308938 ], [ 24.049277156208412, 35.495791824308938 ], [ 24.0496471, 35.4961697 ], [ 24.0507308, 35.4966814 ], [ 24.05402755658486, 35.495791824308938 ] ] ] } },
{ "type": "Feature", "properties": { "element": "way", "id": 1486371960, "amenity": null, "brand": null, "brand:wikidata": null, "name": null, "operator": null, "brand:wikipedia": null, "compressed_air": null, "cuisine": null, "addr:street": null, "name:el": null, "tourism": null, "addr:city": null, "addr:housenumber": null, "addr:postcode": null, "contact:facebook": null, "description": null, "email": null, "fax": null, "fuel:diesel": null, "fuel:diesel_B": null, "fuel:e10": null, "fuel:e5": null, "fuel:gasoline": null, "fuel:heating_oil": null, "fuel:octane_95": null, "fuel:unleaded": null, "opening_hours": null, "payment:app": null, "payment:apple_pay": null, "payment:cards": null, "payment:cash": null, "payment:coins": null, "payment:contactless": null, "payment:credit_cards": null, "payment:debit_cards": null, "payment:electronic_purses": null, "payment:google_pay": null, "payment:maestro": null, "payment:mastercard": null, "payment:mastercard_contactless": null, "payment:visa": null, "payment:visa_debit": null, "payment:visa_electron": null, "phone": null, "self_service": null, "start_date": null, "website": null, "wheelchair": null, "name:en": null, "shop": null, "fee": null, "wikidata": null, "wikipedia": null, "int_name": null, "leisure": null, "healthcare": null, "internet_access": null, "denomination": null, "religion": null, "castle_type": null, "historic": null, "historic:civilization": null, "image": null, "source": null, "theatre:type": null, "natural": null, "ele": null, "male": null, "female": null, "brand:el": null, "brand:en": null, "operator:wikidata": null, "short_name": null, "short_name:el": null, "short_name:en": null, "brewery": null, "outdoor_seating": null, "colour": null, "parcel_locker:type": null, "parcel_mail_in": null, "parcel_pickup": null, "backrest": null, "access": null, "authentication:app": null, "authentication:membership_card": null, "branch": null, "capacity": null, "contact:phone": null, "contact:website": null, "covered": null, "motorcar": null, "parking:fee": null, "ref:EU:EVSE": null, "ref:GR:IDRO": null, "socket:type2": null, "socket:type2:output": null, "lit": null, "socket:type2_combo": null, "socket:type2_combo:output": null, "manufacturer": null, "building": "yes", "parking": null, "name:de": null, "leaf_type": null, "building:levels": null, "layer": null, "location": null, "intermittent": null, "seasonal": null, "waterway": null, "name:ru": null, "landuse": null, "sport": null, "industrial": null, "education": null, "emergency": null, "operator:type": null, "type": null, "leaf_cycle": null, "label": "building:yes" }, "geometry": { "type": "Polygon", "coordinates": [ [ [ 24.0584178, 35.5128268 ], [ 24.0584176, 35.5126956 ], [ 24.0579306, 35.5126963 ], [ 24.0579308, 35.5128275 ], [ 24.0584178, 35.5128268 ] ] ] } },
{ "type": "Feature", "properties": { "element": "way", "id": 1486945926, "amenity": null, "brand": null, "brand:wikidata": null, "name": "Κεντρική Κλινική Τσεπέτη", "operator": "ΚΕΝΤΡΙΚΗ ΚΛΙΝΙΚΗ ΧΑΝΙΩΝ Α.Ε.", "brand:wikipedia": null, "compressed_air": null, "cuisine": null, "addr:street": "Παπαναστασίου", "name:el": null, "tourism": null, "addr:city": "Χανιά", "addr:housenumber": "9", "addr:postcode": "73133", "contact:facebook": null, "description": null, "email": null, "fax": null, "fuel:diesel": null, "fuel:diesel_B": null, "fuel:e10": null, "fuel:e5": null, "fuel:gasoline": null, "fuel:heating_oil": null, "fuel:octane_95": null, "fuel:unleaded": null, "opening_hours": null, "payment:app": null, "payment:apple_pay": null, "payment:cards": null, "payment:cash": null, "payment:coins": null, "payment:contactless": null, "payment:credit_cards": null, "payment:debit_cards": null, "payment:electronic_purses": null, "payment:google_pay": null, "payment:maestro": null, "payment:mastercard": null, "payment:mastercard_contactless": null, "payment:visa": null, "payment:visa_debit": null, "payment:visa_electron": null, "phone": "+30 28210 28828", "self_service": null, "start_date": null, "website": "https://chaniaclinic.com/", "wheelchair": null, "name:en": null, "shop": null, "fee": null, "wikidata": null, "wikipedia": null, "int_name": "Chania Clinic", "leisure": null, "healthcare": null, "internet_access": null, "denomination": null, "religion": null, "castle_type": null, "historic": null, "historic:civilization": null, "image": null, "source": null, "theatre:type": null, "natural": null, "ele": null, "male": null, "female": null, "brand:el": null, "brand:en": null, "operator:wikidata": null, "short_name": null, "short_name:el": null, "short_name:en": null, "brewery": null, "outdoor_seating": null, "colour": null, "parcel_locker:type": null, "parcel_mail_in": null, "parcel_pickup": null, "backrest": null, "access": null, "authentication:app": null, "authentication:membership_card": null, "branch": null, "capacity": null, "contact:phone": null, "contact:website": null, "covered": null, "motorcar": null, "parking:fee": null, "ref:EU:EVSE": null, "ref:GR:IDRO": null, "socket:type2": null, "socket:type2:output": null, "lit": null, "socket:type2_combo": null, "socket:type2_combo:output": null, "manufacturer": null, "building": "hospital", "parking": null, "name:de": null, "leaf_type": null, "building:levels": null, "layer": null, "location": null, "intermittent": null, "seasonal": null, "waterway": null, "name:ru": null, "landuse": null, "sport": null, "industrial": null, "education": null, "emergency": "yes", "operator:type": "private", "type": null, "leaf_cycle": null, "label": "building:hospital" }, "geometry": { "type": "Polygon", "coordinates": [ [ [ 24.0330874, 35.5105361 ], [ 24.0330962, 35.5103486 ], [ 24.033054680649734, 35.510347306888924 ], [ 24.033054680649734, 35.510535085700141 ], [ 24.0330874, 35.5105361 ] ] ] } },
{ "type": "Feature", "properties": { "element": "way", "id": 1491977992, "amenity": null, "brand": null, "brand:wikidata": null, "name": null, "operator": null, "brand:wikipedia": null, "compressed_air": null, "cuisine": null, "addr:street": null, "name:el": null, "tourism": null, "addr:city": null, "addr:housenumber": null, "addr:postcode": null, "contact:facebook": null, "description": null, "email": null, "fax": null, "fuel:diesel": null, "fuel:diesel_B": null, "fuel:e10": null, "fuel:e5": null, "fuel:gasoline": null, "fuel:heating_oil": null, "fuel:octane_95": null, "fuel:unleaded": null, "opening_hours": null, "payment:app": null, "payment:apple_pay": null, "payment:cards": null, "payment:cash": null, "payment:coins": null, "payment:contactless": null, "payment:credit_cards": null, "payment:debit_cards": null, "payment:electronic_purses": null, "payment:google_pay": null, "payment:maestro": null, "payment:mastercard": null, "payment:mastercard_contactless": null, "payment:visa": null, "payment:visa_debit": null, "payment:visa_electron": null, "phone": null, "self_service": null, "start_date": null, "website": null, "wheelchair": null, "name:en": null, "shop": null, "fee": null, "wikidata": null, "wikipedia": null, "int_name": null, "leisure": null, "healthcare": null, "internet_access": null, "denomination": null, "religion": null, "castle_type": null, "historic": null, "historic:civilization": null, "image": null, "source": null, "theatre:type": null, "natural": null, "ele": null, "male": null, "female": null, "brand:el": null, "brand:en": null, "operator:wikidata": null, "short_name": null, "short_name:el": null, "short_name:en": null, "brewery": null, "outdoor_seating": null, "colour": null, "parcel_locker:type": null, "parcel_mail_in": null, "parcel_pickup": null, "backrest": null, "access": null, "authentication:app": null, "authentication:membership_card": null, "branch": null, "capacity": null, "contact:phone": null, "contact:website": null, "covered": null, "motorcar": null, "parking:fee": null, "ref:EU:EVSE": null, "ref:GR:IDRO": null, "socket:type2": null, "socket:type2:output": null, "lit": null, "socket:type2_combo": null, "socket:type2_combo:output": null, "manufacturer": null, "building": null, "parking": null, "name:de": null, "leaf_type": null, "building:levels": null, "layer": null, "location": null, "intermittent": null, "seasonal": null, "waterway": null, "name:ru": null, "landuse": "orchard", "sport": null, "industrial": null, "education": null, "emergency": null, "operator:type": null, "type": null, "leaf_cycle": null, "label": "landuse:orchard" }, "geometry": { "type": "Polygon", "coordinates": [ [ [ 24.0526055, 35.5122422 ], [ 24.0530952, 35.5121684 ], [ 24.0529527, 35.5118942 ], [ 24.0528439, 35.5117613 ], [ 24.0526029, 35.5117571 ], [ 24.052336, 35.5117866 ], [ 24.0521573, 35.5118056 ], [ 24.0519293, 35.5119638 ], [ 24.0518438, 35.5121599 ], [ 24.0520303, 35.5123835 ], [ 24.0526055, 35.5122422 ] ] ] } },
{ "type": "Feature", "properties": { "element": "way", "id": 1491977993, "amenity": null, "brand": null, "brand:wikidata": null, "name": null, "operator": null, "brand:wikipedia": null, "compressed_air": null, "cuisine": null, "addr:street": null, "name:el": null, "tourism": null, "addr:city": null, "addr:housenumber": null, "addr:postcode": null, "contact:facebook": null, "description": null, "email": null, "fax": null, "fuel:diesel": null, "fuel:diesel_B": null, "fuel:e10": null, "fuel:e5": null, "fuel:gasoline": null, "fuel:heating_oil": null, "fuel:octane_95": null, "fuel:unleaded": null, "opening_hours": null, "payment:app": null, "payment:apple_pay": null, "payment:cards": null, "payment:cash": null, "payment:coins": null, "payment:contactless": null, "payment:credit_cards": null, "payment:debit_cards": null, "payment:electronic_purses": null, "payment:google_pay": null, "payment:maestro": null, "payment:mastercard": null, "payment:mastercard_contactless": null, "payment:visa": null, "payment:visa_debit": null, "payment:visa_electron": null, "phone": null, "self_service": null, "start_date": null, "website": null, "wheelchair": null, "name:en": null, "shop": null, "fee": null, "wikidata": null, "wikipedia": null, "int_name": null, "leisure": null, "healthcare": null, "internet_access": null, "denomination": null, "religion": null, "castle_type": null, "historic": null, "historic:civilization": null, "image": null, "source": null, "theatre:type": null, "natural": null, "ele": null, "male": null, "female": null, "brand:el": null, "brand:en": null, "operator:wikidata": null, "short_name": null, "short_name:el": null, "short_name:en": null, "brewery": null, "outdoor_seating": null, "colour": null, "parcel_locker:type": null, "parcel_mail_in": null, "parcel_pickup": null, "backrest": null, "access": null, "authentication:app": null, "authentication:membership_card": null, "branch": null, "capacity": null, "contact:phone": null, "contact:website": null, "covered": null, "motorcar": null, "parking:fee": null, "ref:EU:EVSE": null, "ref:GR:IDRO": null, "socket:type2": null, "socket:type2:output": null, "lit": null, "socket:type2_combo": null, "socket:type2_combo:output": null, "manufacturer": null, "building": null, "parking": null, "name:de": null, "leaf_type": null, "building:levels": null, "layer": null, "location": null, "intermittent": null, "seasonal": null, "waterway": null, "name:ru": null, "landuse": "orchard", "sport": null, "industrial": null, "education": null, "emergency": null, "operator:type": null, "type": null, "leaf_cycle": null, "label": "landuse:orchard" }, "geometry": { "type": "Polygon", "coordinates": [ [ [ 24.0516391, 35.5121494 ], [ 24.0515199, 35.5120271 ], [ 24.0511701, 35.5120418 ], [ 24.05131, 35.5122991 ], [ 24.0516391, 35.5121494 ] ] ] } },
{ "type": "Feature", "properties": { "element": "way", "id": 1491977994, "amenity": null, "brand": null, "brand:wikidata": null, "name": null, "operator": null, "brand:wikipedia": null, "compressed_air": null, "cuisine": null, "addr:street": null, "name:el": null, "tourism": null, "addr:city": null, "addr:housenumber": null, "addr:postcode": null, "contact:facebook": null, "description": null, "email": null, "fax": null, "fuel:diesel": null, "fuel:diesel_B": null, "fuel:e10": null, "fuel:e5": null, "fuel:gasoline": null, "fuel:heating_oil": null, "fuel:octane_95": null, "fuel:unleaded": null, "opening_hours": null, "payment:app": null, "payment:apple_pay": null, "payment:cards": null, "payment:cash": null, "payment:coins": null, "payment:contactless": null, "payment:credit_cards": null, "payment:debit_cards": null, "payment:electronic_purses": null, "payment:google_pay": null, "payment:maestro": null, "payment:mastercard": null, "payment:mastercard_contactless": null, "payment:visa": null, "payment:visa_debit": null, "payment:visa_electron": null, "phone": null, "self_service": null, "start_date": null, "website": null, "wheelchair": null, "name:en": null, "shop": null, "fee": null, "wikidata": null, "wikipedia": null, "int_name": null, "leisure": null, "healthcare": null, "internet_access": null, "denomination": null, "religion": null, "castle_type": null, "historic": null, "historic:civilization": null, "image": null, "source": null, "theatre:type": null, "natural": null, "ele": null, "male": null, "female": null, "brand:el": null, "brand:en": null, "operator:wikidata": null, "short_name": null, "short_name:el": null, "short_name:en": null, "brewery": null, "outdoor_seating": null, "colour": null, "parcel_locker:type": null, "parcel_mail_in": null, "parcel_pickup": null, "backrest": null, "access": null, "authentication:app": null, "authentication:membership_card": null, "branch": null, "capacity": null, "contact:phone": null, "contact:website": null, "covered": null, "motorcar": null, "parking:fee": null, "ref:EU:EVSE": null, "ref:GR:IDRO": null, "socket:type2": null, "socket:type2:output": null, "lit": null, "socket:type2_combo": null, "socket:type2_combo:output": null, "manufacturer": null, "building": null, "parking": null, "name:de": null, "leaf_type": null, "building:levels": null, "layer": null, "location": null, "intermittent": null, "seasonal": null, "waterway": null, "name:ru": null, "landuse": "orchard", "sport": null, "industrial": null, "education": null, "emergency": null, "operator:type": null, "type": null, "leaf_cycle": null, "label": "landuse:orchard" }, "geometry": { "type": "Polygon", "coordinates": [ [ [ 24.050968, 35.5131111 ], [ 24.0510742, 35.5128454 ], [ 24.0511753, 35.5126555 ], [ 24.0513307, 35.5125417 ], [ 24.0512427, 35.5124763 ], [ 24.0510457, 35.5124784 ], [ 24.0509176, 35.5125747 ], [ 24.0507186, 35.5131529 ], [ 24.050968, 35.5131111 ] ] ] } },
{ "type": "Feature", "properties": { "element": "way", "id": 1491990210, "amenity": null, "brand": null, "brand:wikidata": null, "name": null, "operator": null, "brand:wikipedia": null, "compressed_air": null, "cuisine": null, "addr:street": null, "name:el": null, "tourism": null, "addr:city": null, "addr:housenumber": null, "addr:postcode": null, "contact:facebook": null, "description": null, "email": null, "fax": null, "fuel:diesel": null, "fuel:diesel_B": null, "fuel:e10": null, "fuel:e5": null, "fuel:gasoline": null, "fuel:heating_oil": null, "fuel:octane_95": null, "fuel:unleaded": null, "opening_hours": null, "payment:app": null, "payment:apple_pay": null, "payment:cards": null, "payment:cash": null, "payment:coins": null, "payment:contactless": null, "payment:credit_cards": null, "payment:debit_cards": null, "payment:electronic_purses": null, "payment:google_pay": null, "payment:maestro": null, "payment:mastercard": null, "payment:mastercard_contactless": null, "payment:visa": null, "payment:visa_debit": null, "payment:visa_electron": null, "phone": null, "self_service": null, "start_date": null, "website": null, "wheelchair": null, "name:en": null, "shop": null, "fee": null, "wikidata": null, "wikipedia": null, "int_name": null, "leisure": null, "healthcare": null, "internet_access": null, "denomination": null, "religion": null, "castle_type": null, "historic": null, "historic:civilization": null, "image": null, "source": null, "theatre:type": null, "natural": null, "ele": null, "male": null, "female": null, "brand:el": null, "brand:en": null, "operator:wikidata": null, "short_name": null, "short_name:el": null, "short_name:en": null, "brewery": null, "outdoor_seating": null, "colour": null, "parcel_locker:type": null, "parcel_mail_in": null, "parcel_pickup": null, "backrest": null, "access": null, "authentication:app": null, "authentication:membership_card": null, "branch": null, "capacity": null, "contact:phone": null, "contact:website": null, "covered": null, "motorcar": null, "parking:fee": null, "ref:EU:EVSE": null, "ref:GR:IDRO": null, "socket:type2": null, "socket:type2:output": null, "lit": null, "socket:type2_combo": null, "socket:type2_combo:output": null, "manufacturer": null, "building": "yes", "parking": null, "name:de": null, "leaf_type": null, "building:levels": null, "layer": null, "location": null, "intermittent": null, "seasonal": null, "waterway": null, "name:ru": null, "landuse": null, "sport": null, "industrial": null, "education": null, "emergency": null, "operator:type": null, "type": null, "leaf_cycle": null, "label": "building:yes" }, "geometry": { "type": "Polygon", "coordinates": [ [ [ 24.0549875, 35.5122016 ], [ 24.054764, 35.5118029 ], [ 24.0547042, 35.5117496 ], [ 24.0545916, 35.5117914 ], [ 24.0548502, 35.5122526 ], [ 24.0549875, 35.5122016 ] ] ] } },
{ "type": "Feature", "properties": { "element": "way", "id": 1491994079, "amenity": null, "brand": null, "brand:wikidata": null, "name": null, "operator": null, "brand:wikipedia": null, "compressed_air": null, "cuisine": null, "addr:street": null, "name:el": null, "tourism": null, "addr:city": null, "addr:housenumber": null, "addr:postcode": null, "contact:facebook": null, "description": null, "email": null, "fax": null, "fuel:diesel": null, "fuel:diesel_B": null, "fuel:e10": null, "fuel:e5": null, "fuel:gasoline": null, "fuel:heating_oil": null, "fuel:octane_95": null, "fuel:unleaded": null, "opening_hours": null, "payment:app": null, "payment:apple_pay": null, "payment:cards": null, "payment:cash": null, "payment:coins": null, "payment:contactless": null, "payment:credit_cards": null, "payment:debit_cards": null, "payment:electronic_purses": null, "payment:google_pay": null, "payment:maestro": null, "payment:mastercard": null, "payment:mastercard_contactless": null, "payment:visa": null, "payment:visa_debit": null, "payment:visa_electron": null, "phone": null, "self_service": null, "start_date": null, "website": null, "wheelchair": null, "name:en": null, "shop": null, "fee": null, "wikidata": null, "wikipedia": null, "int_name": null, "leisure": null, "healthcare": null, "internet_access": null, "denomination": null, "religion": null, "castle_type": null, "historic": null, "historic:civilization": null, "image": null, "source": null, "theatre:type": null, "natural": null, "ele": null, "male": null, "female": null, "brand:el": null, "brand:en": null, "operator:wikidata": null, "short_name": null, "short_name:el": null, "short_name:en": null, "brewery": null, "outdoor_seating": null, "colour": null, "parcel_locker:type": null, "parcel_mail_in": null, "parcel_pickup": null, "backrest": null, "access": null, "authentication:app": null, "authentication:membership_card": null, "branch": null, "capacity": null, "contact:phone": null, "contact:website": null, "covered": null, "motorcar": null, "parking:fee": null, "ref:EU:EVSE": null, "ref:GR:IDRO": null, "socket:type2": null, "socket:type2:output": null, "lit": null, "socket:type2_combo": null, "socket:type2_combo:output": null, "manufacturer": null, "building": null, "parking": null, "name:de": null, "leaf_type": null, "building:levels": null, "layer": null, "location": null, "intermittent": null, "seasonal": null, "waterway": null, "name:ru": null, "landuse": "orchard", "sport": null, "industrial": null, "education": null, "emergency": null, "operator:type": null, "type": null, "leaf_cycle": null, "label": "landuse:orchard" }, "geometry": { "type": "Polygon", "coordinates": [ [ [ 24.0528509, 35.5111315 ], [ 24.0528649, 35.5109864 ], [ 24.0528264, 35.5107815 ], [ 24.0527495, 35.5105994 ], [ 24.0524209, 35.5104629 ], [ 24.0517463, 35.5103149 ], [ 24.0516974, 35.510147 ], [ 24.0514632, 35.5102267 ], [ 24.0511521, 35.5103234 ], [ 24.0509633, 35.5103064 ], [ 24.0509961, 35.5101426 ], [ 24.050825, 35.5101333 ], [ 24.0506077, 35.5097518 ], [ 24.0503621, 35.5099023 ], [ 24.0502118, 35.5099905 ], [ 24.0500475, 35.5102239 ], [ 24.0499287, 35.5104259 ], [ 24.0501698, 35.5105084 ], [ 24.0501454, 35.5105425 ], [ 24.0497119, 35.5105881 ], [ 24.0494428, 35.5106307 ], [ 24.0493449, 35.510682 ], [ 24.0490653, 35.510773 ], [ 24.049261, 35.5109352 ], [ 24.0492435, 35.5110518 ], [ 24.04931, 35.5111628 ], [ 24.0493938, 35.5112254 ], [ 24.0495511, 35.5112624 ], [ 24.0498203, 35.5113165 ], [ 24.0498518, 35.5113563 ], [ 24.050044, 35.5112823 ], [ 24.0501055, 35.5113086 ], [ 24.0501838, 35.5113421 ], [ 24.0502224, 35.5113116 ], [ 24.0503027, 35.5112482 ], [ 24.0508899, 35.51116 ], [ 24.051201, 35.511123 ], [ 24.0512744, 35.5111799 ], [ 24.051215, 35.5112965 ], [ 24.051215, 35.5114274 ], [ 24.0511311, 35.5115185 ], [ 24.0514317, 35.511638 ], [ 24.0517428, 35.5116949 ], [ 24.0524174, 35.5117063 ], [ 24.0526272, 35.5113961 ], [ 24.0526237, 35.5113506 ], [ 24.0528509, 35.5111315 ] ] ] } },
{ "type": "Feature", "properties": { "element": "way", "id": 1491994080, "amenity": null, "brand": null, "brand:wikidata": null, "name": null, "operator": null, "brand:wikipedia": null, "compressed_air": null, "cuisine": null, "addr:street": null, "name:el": null, "tourism": null, "addr:city": null, "addr:housenumber": null, "addr:postcode": null, "contact:facebook": null, "description": null, "email": null, "fax": null, "fuel:diesel": null, "fuel:diesel_B": null, "fuel:e10": null, "fuel:e5": null, "fuel:gasoline": null, "fuel:heating_oil": null, "fuel:octane_95": null, "fuel:unleaded": null, "opening_hours": null, "payment:app": null, "payment:apple_pay": null, "payment:cards": null, "payment:cash": null, "payment:coins": null, "payment:contactless": null, "payment:credit_cards": null, "payment:debit_cards": null, "payment:electronic_purses": null, "payment:google_pay": null, "payment:maestro": null, "payment:mastercard": null, "payment:mastercard_contactless": null, "payment:visa": null, "payment:visa_debit": null, "payment:visa_electron": null, "phone": null, "self_service": null, "start_date": null, "website": null, "wheelchair": null, "name:en": null, "shop": null, "fee": null, "wikidata": null, "wikipedia": null, "int_name": null, "leisure": null, "healthcare": null, "internet_access": null, "denomination": null, "religion": null, "castle_type": null, "historic": null, "historic:civilization": null, "image": null, "source": null, "theatre:type": null, "natural": null, "ele": null, "male": null, "female": null, "brand:el": null, "brand:en": null, "operator:wikidata": null, "short_name": null, "short_name:el": null, "short_name:en": null, "brewery": null, "outdoor_seating": null, "colour": null, "parcel_locker:type": null, "parcel_mail_in": null, "parcel_pickup": null, "backrest": null, "access": null, "authentication:app": null, "authentication:membership_card": null, "branch": null, "capacity": null, "contact:phone": null, "contact:website": null, "covered": null, "motorcar": null, "parking:fee": null, "ref:EU:EVSE": null, "ref:GR:IDRO": null, "socket:type2": null, "socket:type2:output": null, "lit": null, "socket:type2_combo": null, "socket:type2_combo:output": null, "manufacturer": null, "building": null, "parking": null, "name:de": null, "leaf_type": null, "building:levels": null, "layer": null, "location": null, "intermittent": null, "seasonal": null, "waterway": null, "name:ru": null, "landuse": "orchard", "sport": null, "industrial": null, "education": null, "emergency": null, "operator:type": null, "type": null, "leaf_cycle": null, "label": "landuse:orchard" }, "geometry": { "type": "Polygon", "coordinates": [ [ [ 24.0481093, 35.5121056 ], [ 24.0481085, 35.5116039 ], [ 24.0485305, 35.5115311 ], [ 24.0490293, 35.5116621 ], [ 24.0495229, 35.5118586 ], [ 24.0493449, 35.5121996 ], [ 24.0493429, 35.5124626 ], [ 24.0496117, 35.512501 ], [ 24.0497013, 35.51224 ], [ 24.0499884, 35.5123236 ], [ 24.0499469, 35.5125514 ], [ 24.0501749, 35.5125683 ], [ 24.0502812, 35.5122878 ], [ 24.0506724, 35.5123342 ], [ 24.0511932, 35.5123764 ], [ 24.0512243, 35.5122498 ], [ 24.0509911, 35.5119314 ], [ 24.0506128, 35.5119567 ], [ 24.0502915, 35.5119018 ], [ 24.0499392, 35.5117247 ], [ 24.0497422, 35.5115053 ], [ 24.0496541, 35.5113429 ], [ 24.0494158, 35.5112754 ], [ 24.0492966, 35.5112375 ], [ 24.0491878, 35.5110919 ], [ 24.0491878, 35.5109443 ], [ 24.0489883, 35.5107798 ], [ 24.0487758, 35.5106933 ], [ 24.0487862, 35.5110076 ], [ 24.0487266, 35.5110371 ], [ 24.0483535, 35.5110477 ], [ 24.0482861, 35.511035 ], [ 24.0482395, 35.5107925 ], [ 24.0481229, 35.510784 ], [ 24.0479312, 35.5107967 ], [ 24.0475606, 35.5109211 ], [ 24.0474337, 35.510976 ], [ 24.0474259, 35.5111151 ], [ 24.0476021, 35.5114674 ], [ 24.0475969, 35.5115496 ], [ 24.0475321, 35.5117458 ], [ 24.0475509, 35.5120442 ], [ 24.0481093, 35.5121056 ] ] ] } },
{ "type": "Feature", "properties": { "element": "way", "id": 1491994081, "amenity": null, "brand": null, "brand:wikidata": null, "name": null, "operator": null, "brand:wikipedia": null, "compressed_air": null, "cuisine": null, "addr:street": null, "name:el": null, "tourism": null, "addr:city": null, "addr:housenumber": null, "addr:postcode": null, "contact:facebook": null, "description": null, "email": null, "fax": null, "fuel:diesel": null, "fuel:diesel_B": null, "fuel:e10": null, "fuel:e5": null, "fuel:gasoline": null, "fuel:heating_oil": null, "fuel:octane_95": null, "fuel:unleaded": null, "opening_hours": null, "payment:app": null, "payment:apple_pay": null, "payment:cards": null, "payment:cash": null, "payment:coins": null, "payment:contactless": null, "payment:credit_cards": null, "payment:debit_cards": null, "payment:electronic_purses": null, "payment:google_pay": null, "payment:maestro": null, "payment:mastercard": null, "payment:mastercard_contactless": null, "payment:visa": null, "payment:visa_debit": null, "payment:visa_electron": null, "phone": null, "self_service": null, "start_date": null, "website": null, "wheelchair": null, "name:en": null, "shop": null, "fee": null, "wikidata": null, "wikipedia": null, "int_name": null, "leisure": null, "healthcare": null, "internet_access": null, "denomination": null, "religion": null, "castle_type": null, "historic": null, "historic:civilization": null, "image": null, "source": null, "theatre:type": null, "natural": null, "ele": null, "male": null, "female": null, "brand:el": null, "brand:en": null, "operator:wikidata": null, "short_name": null, "short_name:el": null, "short_name:en": null, "brewery": null, "outdoor_seating": null, "colour": null, "parcel_locker:type": null, "parcel_mail_in": null, "parcel_pickup": null, "backrest": null, "access": null, "authentication:app": null, "authentication:membership_card": null, "branch": null, "capacity": null, "contact:phone": null, "contact:website": null, "covered": null, "motorcar": null, "parking:fee": null, "ref:EU:EVSE": null, "ref:GR:IDRO": null, "socket:type2": null, "socket:type2:output": null, "lit": null, "socket:type2_combo": null, "socket:type2_combo:output": null, "manufacturer": null, "building": null, "parking": null, "name:de": null, "leaf_type": null, "building:levels": null, "layer": null, "location": null, "intermittent": null, "seasonal": null, "waterway": null, "name:ru": null, "landuse": "farmland", "sport": null, "industrial": null, "education": null, "emergency": null, "operator:type": null, "type": null, "leaf_cycle": null, "label": "landuse:farmland" }, "geometry": { "type": "Polygon", "coordinates": [ [ [ 24.0498873, 35.5115138 ], [ 24.0500687, 35.5116888 ], [ 24.0503071, 35.5118175 ], [ 24.0505092, 35.5118892 ], [ 24.0506879, 35.5118892 ], [ 24.051061, 35.5118575 ], [ 24.0511129, 35.5117922 ], [ 24.0505558, 35.5117057 ], [ 24.0502967, 35.5115095 ], [ 24.0501879, 35.5114695 ], [ 24.0500739, 35.5113197 ], [ 24.0498951, 35.5113914 ], [ 24.0498873, 35.5115138 ] ] ] } },
{ "type": "Feature", "properties": { "element": "way", "id": 1491994083, "amenity": null, "brand": null, "brand:wikidata": null, "name": null, "operator": null, "brand:wikipedia": null, "compressed_air": null, "cuisine": null, "addr:street": null, "name:el": null, "tourism": null, "addr:city": null, "addr:housenumber": null, "addr:postcode": null, "contact:facebook": null, "description": null, "email": null, "fax": null, "fuel:diesel": null, "fuel:diesel_B": null, "fuel:e10": null, "fuel:e5": null, "fuel:gasoline": null, "fuel:heating_oil": null, "fuel:octane_95": null, "fuel:unleaded": null, "opening_hours": null, "payment:app": null, "payment:apple_pay": null, "payment:cards": null, "payment:cash": null, "payment:coins": null, "payment:contactless": null, "payment:credit_cards": null, "payment:debit_cards": null, "payment:electronic_purses": null, "payment:google_pay": null, "payment:maestro": null, "payment:mastercard": null, "payment:mastercard_contactless": null, "payment:visa": null, "payment:visa_debit": null, "payment:visa_electron": null, "phone": null, "self_service": null, "start_date": null, "website": null, "wheelchair": null, "name:en": null, "shop": null, "fee": null, "wikidata": null, "wikipedia": null, "int_name": null, "leisure": null, "healthcare": null, "internet_access": null, "denomination": null, "religion": null, "castle_type": null, "historic": null, "historic:civilization": null, "image": null, "source": null, "theatre:type": null, "natural": "scrub", "ele": null, "male": null, "female": null, "brand:el": null, "brand:en": null, "operator:wikidata": null, "short_name": null, "short_name:el": null, "short_name:en": null, "brewery": null, "outdoor_seating": null, "colour": null, "parcel_locker:type": null, "parcel_mail_in": null, "parcel_pickup": null, "backrest": null, "access": null, "authentication:app": null, "authentication:membership_card": null, "branch": null, "capacity": null, "contact:phone": null, "contact:website": null, "covered": null, "motorcar": null, "parking:fee": null, "ref:EU:EVSE": null, "ref:GR:IDRO": null, "socket:type2": null, "socket:type2:output": null, "lit": null, "socket:type2_combo": null, "socket:type2_combo:output": null, "manufacturer": null, "building": null, "parking": null, "name:de": null, "leaf_type": null, "building:levels": null, "layer": null, "location": null, "intermittent": null, "seasonal": null, "waterway": null, "name:ru": null, "landuse": null, "sport": null, "industrial": null, "education": null, "emergency": null, "operator:type": null, "type": null, "leaf_cycle": null, "label": "natural:scrub" }, "geometry": { "type": "Polygon", "coordinates": [ [ [ 24.0501879, 35.5114695 ], [ 24.0502967, 35.5115095 ], [ 24.0505558, 35.5117057 ], [ 24.0511129, 35.5117922 ], [ 24.0514808, 35.5117816 ], [ 24.0516881, 35.5117922 ], [ 24.0517428, 35.5116949 ], [ 24.0514317, 35.511638 ], [ 24.0511311, 35.5115185 ], [ 24.051087, 35.5115538 ], [ 24.0510507, 35.511634 ], [ 24.0506465, 35.5115475 ], [ 24.0505714, 35.5114695 ], [ 24.0504314, 35.5113746 ], [ 24.0503226, 35.5113788 ], [ 24.0502224, 35.5113116 ], [ 24.0501838, 35.5113421 ], [ 24.0501055, 35.5113086 ], [ 24.0500739, 35.5113197 ], [ 24.0501879, 35.5114695 ] ] ] } },
{ "type": "Feature", "properties": { "element": "way", "id": 1491994084, "amenity": null, "brand": null, "brand:wikidata": null, "name": null, "operator": null, "brand:wikipedia": null, "compressed_air": null, "cuisine": null, "addr:street": null, "name:el": null, "tourism": null, "addr:city": null, "addr:housenumber": null, "addr:postcode": null, "contact:facebook": null, "description": null, "email": null, "fax": null, "fuel:diesel": null, "fuel:diesel_B": null, "fuel:e10": null, "fuel:e5": null, "fuel:gasoline": null, "fuel:heating_oil": null, "fuel:octane_95": null, "fuel:unleaded": null, "opening_hours": null, "payment:app": null, "payment:apple_pay": null, "payment:cards": null, "payment:cash": null, "payment:coins": null, "payment:contactless": null, "payment:credit_cards": null, "payment:debit_cards": null, "payment:electronic_purses": null, "payment:google_pay": null, "payment:maestro": null, "payment:mastercard": null, "payment:mastercard_contactless": null, "payment:visa": null, "payment:visa_debit": null, "payment:visa_electron": null, "phone": null, "self_service": null, "start_date": null, "website": null, "wheelchair": null, "name:en": null, "shop": null, "fee": null, "wikidata": null, "wikipedia": null, "int_name": null, "leisure": null, "healthcare": null, "internet_access": null, "denomination": null, "religion": null, "castle_type": null, "historic": null, "historic:civilization": null, "image": null, "source": null, "theatre:type": null, "natural": null, "ele": null, "male": null, "female": null, "brand:el": null, "brand:en": null, "operator:wikidata": null, "short_name": null, "short_name:el": null, "short_name:en": null, "brewery": null, "outdoor_seating": null, "colour": null, "parcel_locker:type": null, "parcel_mail_in": null, "parcel_pickup": null, "backrest": null, "access": null, "authentication:app": null, "authentication:membership_card": null, "branch": null, "capacity": null, "contact:phone": null, "contact:website": null, "covered": null, "motorcar": null, "parking:fee": null, "ref:EU:EVSE": null, "ref:GR:IDRO": null, "socket:type2": null, "socket:type2:output": null, "lit": null, "socket:type2_combo": null, "socket:type2_combo:output": null, "manufacturer": null, "building": null, "parking": null, "name:de": null, "leaf_type": null, "building:levels": null, "layer": null, "location": null, "intermittent": null, "seasonal": null, "waterway": null, "name:ru": null, "landuse": "orchard", "sport": null, "industrial": null, "education": null, "emergency": null, "operator:type": null, "type": null, "leaf_cycle": null, "label": "landuse:orchard" }, "geometry": { "type": "Polygon", "coordinates": [ [ [ 24.0487551, 35.5105837 ], [ 24.0489209, 35.5106701 ], [ 24.0490401, 35.5106469 ], [ 24.0492448, 35.51059 ], [ 24.0493717, 35.510533 ], [ 24.049592, 35.5104023 ], [ 24.0498537, 35.510261 ], [ 24.0495272, 35.510223 ], [ 24.0491308, 35.5100838 ], [ 24.0489986, 35.5100079 ], [ 24.0485633, 35.5101281 ], [ 24.0485582, 35.510552 ], [ 24.0487551, 35.5105837 ] ] ] } },
{ "type": "Feature", "properties": { "element": "way", "id": 1491994085, "amenity": null, "brand": null, "brand:wikidata": null, "name": null, "operator": null, "brand:wikipedia": null, "compressed_air": null, "cuisine": null, "addr:street": null, "name:el": null, "tourism": null, "addr:city": null, "addr:housenumber": null, "addr:postcode": null, "contact:facebook": null, "description": null, "email": null, "fax": null, "fuel:diesel": null, "fuel:diesel_B": null, "fuel:e10": null, "fuel:e5": null, "fuel:gasoline": null, "fuel:heating_oil": null, "fuel:octane_95": null, "fuel:unleaded": null, "opening_hours": null, "payment:app": null, "payment:apple_pay": null, "payment:cards": null, "payment:cash": null, "payment:coins": null, "payment:contactless": null, "payment:credit_cards": null, "payment:debit_cards": null, "payment:electronic_purses": null, "payment:google_pay": null, "payment:maestro": null, "payment:mastercard": null, "payment:mastercard_contactless": null, "payment:visa": null, "payment:visa_debit": null, "payment:visa_electron": null, "phone": null, "self_service": null, "start_date": null, "website": null, "wheelchair": null, "name:en": null, "shop": null, "fee": null, "wikidata": null, "wikipedia": null, "int_name": null, "leisure": null, "healthcare": null, "internet_access": null, "denomination": null, "religion": null, "castle_type": null, "historic": null, "historic:civilization": null, "image": null, "source": null, "theatre:type": null, "natural": null, "ele": null, "male": null, "female": null, "brand:el": null, "brand:en": null, "operator:wikidata": null, "short_name": null, "short_name:el": null, "short_name:en": null, "brewery": null, "outdoor_seating": null, "colour": null, "parcel_locker:type": null, "parcel_mail_in": null, "parcel_pickup": null, "backrest": null, "access": null, "authentication:app": null, "authentication:membership_card": null, "branch": null, "capacity": null, "contact:phone": null, "contact:website": null, "covered": null, "motorcar": null, "parking:fee": null, "ref:EU:EVSE": null, "ref:GR:IDRO": null, "socket:type2": null, "socket:type2:output": null, "lit": null, "socket:type2_combo": null, "socket:type2_combo:output": null, "manufacturer": null, "building": null, "parking": null, "name:de": null, "leaf_type": null, "building:levels": null, "layer": null, "location": null, "intermittent": null, "seasonal": null, "waterway": null, "name:ru": null, "landuse": "orchard", "sport": null, "industrial": null, "education": null, "emergency": null, "operator:type": null, "type": null, "leaf_cycle": null, "label": "landuse:orchard" }, "geometry": { "type": "Polygon", "coordinates": [ [ [ 24.0457107, 35.5113514 ], [ 24.0457677, 35.5113788 ], [ 24.0459698, 35.5113577 ], [ 24.0461252, 35.5113387 ], [ 24.0462133, 35.511286 ], [ 24.0463092, 35.5112122 ], [ 24.0463818, 35.5111257 ], [ 24.0464439, 35.5109464 ], [ 24.0464906, 35.5108578 ], [ 24.0466538, 35.510706 ], [ 24.046646, 35.5105056 ], [ 24.046545, 35.510223 ], [ 24.0463895, 35.5101618 ], [ 24.0463066, 35.5100733 ], [ 24.0459231, 35.5102842 ], [ 24.0458091, 35.5103158 ], [ 24.0456356, 35.51032 ], [ 24.0454516, 35.5103032 ], [ 24.0453402, 35.5102146 ], [ 24.0452987, 35.5099994 ], [ 24.0452054, 35.5097168 ], [ 24.0451562, 35.5097253 ], [ 24.045151, 35.5099509 ], [ 24.04505, 35.510145 ], [ 24.0449204, 35.5101091 ], [ 24.0448583, 35.5104297 ], [ 24.0447779, 35.5107018 ], [ 24.0449256, 35.5107587 ], [ 24.0450293, 35.5105942 ], [ 24.0452236, 35.5105098 ], [ 24.0453635, 35.5105562 ], [ 24.045449, 35.5105183 ], [ 24.0457185, 35.5105541 ], [ 24.0457314, 35.5106554 ], [ 24.0455682, 35.5108853 ], [ 24.0453868, 35.5111447 ], [ 24.0450319, 35.5113914 ], [ 24.0451407, 35.5116108 ], [ 24.0457107, 35.5113514 ] ] ] } },
{ "type": "Feature", "properties": { "element": "way", "id": 1491994766, "amenity": null, "brand": null, "brand:wikidata": null, "name": null, "operator": null, "brand:wikipedia": null, "compressed_air": null, "cuisine": null, "addr:street": null, "name:el": null, "tourism": null, "addr:city": null, "addr:housenumber": null, "addr:postcode": null, "contact:facebook": null, "description": null, "email": null, "fax": null, "fuel:diesel": null, "fuel:diesel_B": null, "fuel:e10": null, "fuel:e5": null, "fuel:gasoline": null, "fuel:heating_oil": null, "fuel:octane_95": null, "fuel:unleaded": null, "opening_hours": null, "payment:app": null, "payment:apple_pay": null, "payment:cards": null, "payment:cash": null, "payment:coins": null, "payment:contactless": null, "payment:credit_cards": null, "payment:debit_cards": null, "payment:electronic_purses": null, "payment:google_pay": null, "payment:maestro": null, "payment:mastercard": null, "payment:mastercard_contactless": null, "payment:visa": null, "payment:visa_debit": null, "payment:visa_electron": null, "phone": null, "self_service": null, "start_date": null, "website": null, "wheelchair": null, "name:en": null, "shop": null, "fee": null, "wikidata": null, "wikipedia": null, "int_name": null, "leisure": null, "healthcare": null, "internet_access": null, "denomination": null, "religion": null, "castle_type": null, "historic": null, "historic:civilization": null, "image": null, "source": null, "theatre:type": null, "natural": null, "ele": null, "male": null, "female": null, "brand:el": null, "brand:en": null, "operator:wikidata": null, "short_name": null, "short_name:el": null, "short_name:en": null, "brewery": null, "outdoor_seating": null, "colour": null, "parcel_locker:type": null, "parcel_mail_in": null, "parcel_pickup": null, "backrest": null, "access": null, "authentication:app": null, "authentication:membership_card": null, "branch": null, "capacity": null, "contact:phone": null, "contact:website": null, "covered": null, "motorcar": null, "parking:fee": null, "ref:EU:EVSE": null, "ref:GR:IDRO": null, "socket:type2": null, "socket:type2:output": null, "lit": null, "socket:type2_combo": null, "socket:type2_combo:output": null, "manufacturer": null, "building": null, "parking": null, "name:de": null, "leaf_type": null, "building:levels": null, "layer": null, "location": null, "intermittent": null, "seasonal": null, "waterway": null, "name:ru": null, "landuse": "orchard", "sport": null, "industrial": null, "education": null, "emergency": null, "operator:type": null, "type": null, "leaf_cycle": null, "label": "landuse:orchard" }, "geometry": { "type": "Polygon", "coordinates": [ [ [ 24.0446484, 35.5107165 ], [ 24.0448168, 35.5100922 ], [ 24.0447572, 35.5100944 ], [ 24.0443582, 35.5106005 ], [ 24.0446484, 35.5107165 ] ] ] } },
{ "type": "Feature", "properties": { "element": "way", "id": 1491994767, "amenity": null, "brand": null, "brand:wikidata": null, "name": null, "operator": null, "brand:wikipedia": null, "compressed_air": null, "cuisine": null, "addr:street": null, "name:el": null, "tourism": null, "addr:city": null, "addr:housenumber": null, "addr:postcode": null, "contact:facebook": null, "description": null, "email": null, "fax": null, "fuel:diesel": null, "fuel:diesel_B": null, "fuel:e10": null, "fuel:e5": null, "fuel:gasoline": null, "fuel:heating_oil": null, "fuel:octane_95": null, "fuel:unleaded": null, "opening_hours": null, "payment:app": null, "payment:apple_pay": null, "payment:cards": null, "payment:cash": null, "payment:coins": null, "payment:contactless": null, "payment:credit_cards": null, "payment:debit_cards": null, "payment:electronic_purses": null, "payment:google_pay": null, "payment:maestro": null, "payment:mastercard": null, "payment:mastercard_contactless": null, "payment:visa": null, "payment:visa_debit": null, "payment:visa_electron": null, "phone": null, "self_service": null, "start_date": null, "website": null, "wheelchair": null, "name:en": null, "shop": null, "fee": null, "wikidata": null, "wikipedia": null, "int_name": null, "leisure": null, "healthcare": null, "internet_access": null, "denomination": null, "religion": null, "castle_type": null, "historic": null, "historic:civilization": null, "image": null, "source": null, "theatre:type": null, "natural": null, "ele": null, "male": null, "female": null, "brand:el": null, "brand:en": null, "operator:wikidata": null, "short_name": null, "short_name:el": null, "short_name:en": null, "brewery": null, "outdoor_seating": null, "colour": null, "parcel_locker:type": null, "parcel_mail_in": null, "parcel_pickup": null, "backrest": null, "access": null, "authentication:app": null, "authentication:membership_card": null, "branch": null, "capacity": null, "contact:phone": null, "contact:website": null, "covered": null, "motorcar": null, "parking:fee": null, "ref:EU:EVSE": null, "ref:GR:IDRO": null, "socket:type2": null, "socket:type2:output": null, "lit": null, "socket:type2_combo": null, "socket:type2_combo:output": null, "manufacturer": null, "building": null, "parking": null, "name:de": null, "leaf_type": null, "building:levels": null, "layer": null, "location": null, "intermittent": null, "seasonal": null, "waterway": null, "name:ru": null, "landuse": "orchard", "sport": null, "industrial": null, "education": null, "emergency": null, "operator:type": null, "type": null, "leaf_cycle": null, "label": "landuse:orchard" }, "geometry": { "type": "Polygon", "coordinates": [ [ [ 24.0456122, 35.5121549 ], [ 24.0458713, 35.5119862 ], [ 24.0457211, 35.5116909 ], [ 24.045633, 35.5116276 ], [ 24.0455371, 35.5115981 ], [ 24.0453868, 35.511634 ], [ 24.0450448, 35.511847 ], [ 24.0452003, 35.5120937 ], [ 24.0453143, 35.5120684 ], [ 24.045392, 35.5121992 ], [ 24.0456122, 35.5121549 ] ] ] } },
{ "type": "Feature", "properties": { "element": "way", "id": 1491994768, "amenity": null, "brand": null, "brand:wikidata": null, "name": null, "operator": null, "brand:wikipedia": null, "compressed_air": null, "cuisine": null, "addr:street": null, "name:el": null, "tourism": null, "addr:city": null, "addr:housenumber": null, "addr:postcode": null, "contact:facebook": null, "description": null, "email": null, "fax": null, "fuel:diesel": null, "fuel:diesel_B": null, "fuel:e10": null, "fuel:e5": null, "fuel:gasoline": null, "fuel:heating_oil": null, "fuel:octane_95": null, "fuel:unleaded": null, "opening_hours": null, "payment:app": null, "payment:apple_pay": null, "payment:cards": null, "payment:cash": null, "payment:coins": null, "payment:contactless": null, "payment:credit_cards": null, "payment:debit_cards": null, "payment:electronic_purses": null, "payment:google_pay": null, "payment:maestro": null, "payment:mastercard": null, "payment:mastercard_contactless": null, "payment:visa": null, "payment:visa_debit": null, "payment:visa_electron": null, "phone": null, "self_service": null, "start_date": null, "website": null, "wheelchair": null, "name:en": null, "shop": null, "fee": null, "wikidata": null, "wikipedia": null, "int_name": null, "leisure": null, "healthcare": null, "internet_access": null, "denomination": null, "religion": null, "castle_type": null, "historic": null, "historic:civilization": null, "image": null, "source": null, "theatre:type": null, "natural": null, "ele": null, "male": null, "female": null, "brand:el": null, "brand:en": null, "operator:wikidata": null, "short_name": null, "short_name:el": null, "short_name:en": null, "brewery": null, "outdoor_seating": null, "colour": null, "parcel_locker:type": null, "parcel_mail_in": null, "parcel_pickup": null, "backrest": null, "access": null, "authentication:app": null, "authentication:membership_card": null, "branch": null, "capacity": null, "contact:phone": null, "contact:website": null, "covered": null, "motorcar": null, "parking:fee": null, "ref:EU:EVSE": null, "ref:GR:IDRO": null, "socket:type2": null, "socket:type2:output": null, "lit": null, "socket:type2_combo": null, "socket:type2_combo:output": null, "manufacturer": null, "building": null, "parking": null, "name:de": null, "leaf_type": null, "building:levels": null, "layer": null, "location": null, "intermittent": null, "seasonal": null, "waterway": null, "name:ru": null, "landuse": "orchard", "sport": null, "industrial": null, "education": null, "emergency": null, "operator:type": null, "type": null, "leaf_cycle": null, "label": "landuse:orchard" }, "geometry": { "type": "Polygon", "coordinates": [ [ [ 24.051033, 35.5091422 ], [ 24.0514386, 35.5088697 ], [ 24.0516508, 35.5086317 ], [ 24.0515329, 35.5085549 ], [ 24.0514103, 35.5086086 ], [ 24.0507878, 35.5088697 ], [ 24.0503303, 35.5090194 ], [ 24.0504954, 35.5094071 ], [ 24.051033, 35.5091422 ] ] ] } },
{ "type": "Feature", "properties": { "element": "way", "id": 1491994769, "amenity": null, "brand": null, "brand:wikidata": null, "name": null, "operator": null, "brand:wikipedia": null, "compressed_air": null, "cuisine": null, "addr:street": null, "name:el": null, "tourism": null, "addr:city": null, "addr:housenumber": null, "addr:postcode": null, "contact:facebook": null, "description": null, "email": null, "fax": null, "fuel:diesel": null, "fuel:diesel_B": null, "fuel:e10": null, "fuel:e5": null, "fuel:gasoline": null, "fuel:heating_oil": null, "fuel:octane_95": null, "fuel:unleaded": null, "opening_hours": null, "payment:app": null, "payment:apple_pay": null, "payment:cards": null, "payment:cash": null, "payment:coins": null, "payment:contactless": null, "payment:credit_cards": null, "payment:debit_cards": null, "payment:electronic_purses": null, "payment:google_pay": null, "payment:maestro": null, "payment:mastercard": null, "payment:mastercard_contactless": null, "payment:visa": null, "payment:visa_debit": null, "payment:visa_electron": null, "phone": null, "self_service": null, "start_date": null, "website": null, "wheelchair": null, "name:en": null, "shop": null, "fee": null, "wikidata": null, "wikipedia": null, "int_name": null, "leisure": null, "healthcare": null, "internet_access": null, "denomination": null, "religion": null, "castle_type": null, "historic": null, "historic:civilization": null, "image": null, "source": null, "theatre:type": null, "natural": null, "ele": null, "male": null, "female": null, "brand:el": null, "brand:en": null, "operator:wikidata": null, "short_name": null, "short_name:el": null, "short_name:en": null, "brewery": null, "outdoor_seating": null, "colour": null, "parcel_locker:type": null, "parcel_mail_in": null, "parcel_pickup": null, "backrest": null, "access": null, "authentication:app": null, "authentication:membership_card": null, "branch": null, "capacity": null, "contact:phone": null, "contact:website": null, "covered": null, "motorcar": null, "parking:fee": null, "ref:EU:EVSE": null, "ref:GR:IDRO": null, "socket:type2": null, "socket:type2:output": null, "lit": null, "socket:type2_combo": null, "socket:type2_combo:output": null, "manufacturer": null, "building": null, "parking": null, "name:de": null, "leaf_type": null, "building:levels": null, "layer": null, "location": null, "intermittent": null, "seasonal": null, "waterway": null, "name:ru": null, "landuse": "orchard", "sport": null, "industrial": null, "education": null, "emergency": null, "operator:type": null, "type": null, "leaf_cycle": null, "label": "landuse:orchard" }, "geometry": { "type": "Polygon", "coordinates": [ [ [ 24.0600262, 35.5144177 ], [ 24.0602438, 35.5143945 ], [ 24.0602775, 35.5143038 ], [ 24.0601532, 35.5142932 ], [ 24.0601169, 35.5141182 ], [ 24.0598008, 35.5140507 ], [ 24.0601298, 35.5131839 ], [ 24.0592437, 35.5131586 ], [ 24.0592204, 35.5142489 ], [ 24.0594096, 35.5142236 ], [ 24.0595961, 35.5142447 ], [ 24.0595806, 35.5143206 ], [ 24.0597697, 35.5143776 ], [ 24.0600262, 35.5144177 ] ] ] } }
]
}
