{
"type": "FeatureCollection",
"name": "patch_87243_polygon",
"crs": { "type": "name", "properties": { "name": "urn:ogc:def:crs:OGC:1.3:CRS84" } },
"features": [
{ "type": "Feature", "properties": { "element": "relation", "id": 3836280, "historic": null, "name": null, "tourism": null, "access": null, "amenity": null, "fee": null, "parking": null, "board_type": null, "information": null, "check_date": null, "source": null, "name:ru": null, "website": null, "addr:country": null, "addr:place": null, "air_conditioning": null, "description": null, "email": null, "internet_access": null, "internet_access:fee": null, "payment:cash": null, "payment:mastercard": null, "payment:visa": null, "phone": null, "natural": "grassland", "leaf_type": null, "surface": null, "building": null, "abandoned": null, "landuse": null, "religion": null, "addr:housename": null, "contact:email": null, "contact:phone": null, "opening_hours": null, "shop": null, "leisure": null, "type": "multipolygon", "label": "natural:grassland" }, "geometry": { "type": "Polygon", "coordinates": [ [ [ 20.5576536, 38.4495631 ], [ 20.5576688, 38.4497613 ], [ 20.5567958, 38.4513196 ], [ 20.555448, 38.45151 ], [ 20.55504, 38.452041 ], [ 20.555014, 38.452583 ], [ 20.554932, 38.452701 ], [ 20.5551351, 38.4534845 ], [ 20.5567351, 38.453651 ], [ 20.5569578, 38.454333 ], [ 20.5576546, 38.454418 ], [ 20.559503397380897, 38.454042877653286 ], [ 20.559503397380897, 38.453705826303278 ], [ 20.5592733, 38.4538206 ], [ 20.5582506, 38.4536104 ], [ 20.5584227, 38.4532338 ], [ 20.5585594, 38.4521632 ], [ 20.559503397380897, 38.452171766088782 ], [ 20.559503397380897, 38.449415375323973 ], [ 20.557799939963246, 38.449415375323973 ], [ 20.5576536, 38.4495631 ] ] ] } },
{ "type": "Feature", "properties": { "element": "way", "id": 136860606, "historic": null, "name": null, "tourism": null, "access": null, "amenity": null, "fee": null, "parking": null, "board_type": null, "information": null, "check_date": null, "source": "http://geodata.gov.gr/", "name:ru": null, "website": null, "addr:country": null, "addr:place": null, "air_conditioning": null, "description": null, "email": null, "internet_access": null, "internet_access:fee": null, "payment:cash": null, "payment:mastercard": null, "payment:visa": null, "phone": null, "natural": "wood", "leaf_type": "needleleaved", "surface": null, "building": null, "abandoned": null, "landuse": null, "religion": null, "addr:housename": null, "contact:email": null, "contact:phone": null, "opening_hours": null, "shop": null, "leisure": null, "type": null, "label": "natural:wood" }, "geometry": { "type": "Polygon", "coordinates": [ [ [ 20.5500655, 38.4578229 ], [ 20.550269, 38.4573894 ], [ 20.5501087, 38.4571891 ], [ 20.5502476, 38.4566583 ], [ 20.5504658, 38.4560685 ], [ 20.550297, 38.4558188 ], [ 20.550032, 38.455427 ], [ 20.550139, 38.455151 ], [ 20.550454, 38.45498 ], [ 20.551035, 38.455134 ], [ 20.551883, 38.455038 ], [ 20.552538, 38.45468 ], [ 20.553009, 38.454452 ], [ 20.554515, 38.453412 ], [ 20.554597, 38.453294 ], [ 20.554932, 38.452701 ], [ 20.555014, 38.452583 ], [ 20.55504, 38.452041 ], [ 20.555448, 38.45151 ], [ 20.554846, 38.450946 ], [ 20.554382, 38.450504 ], [ 20.554151, 38.44989 ], [ 20.55369, 38.449877 ], [ 20.553406, 38.449778 ], [ 20.552937, 38.449945 ], [ 20.55281, 38.450169 ], [ 20.552618, 38.450572 ], [ 20.551262, 38.45144 ], [ 20.550509, 38.451439 ], [ 20.550358, 38.451404 ], [ 20.550058, 38.451306 ], [ 20.549875, 38.451151 ], [ 20.5498319, 38.451019 ], [ 20.549776, 38.450848 ], [ 20.549872, 38.450432 ], [ 20.550001, 38.450107 ], [ 20.55029, 38.449636 ], [ 20.550422803203045, 38.449415375323973 ], [ 20.546999678285818, 38.449415375323973 ], [ 20.546944, 38.449795 ], [ 20.546858, 38.450522 ], [ 20.546741, 38.450802 ], [ 20.54632, 38.450992 ], [ 20.545916, 38.450818 ], [ 20.545674, 38.450487 ], [ 20.54553111670986, 38.449415375323973 ], [ 20.542067084038521, 38.449415375323973 ], [ 20.5419728, 38.4496719 ], [ 20.5421647, 38.4499805 ], [ 20.5424717, 38.4503944 ], [ 20.5429018, 38.4508494 ], [ 20.543063, 38.4519722 ], [ 20.5430683, 38.4524463 ], [ 20.5431874, 38.4529064 ], [ 20.5432605, 38.4532446 ], [ 20.5425842, 38.4540518 ], [ 20.5425672, 38.4544168 ], [ 20.5426078, 38.4550124 ], [ 20.5425695, 38.4563982 ], [ 20.5425046, 38.457007 ], [ 20.5426157, 38.457549 ], [ 20.5423365, 38.4579613 ], [ 20.541987, 38.4585216 ], [ 20.5417385, 38.4591114 ], [ 20.5414604, 38.4592129 ], [ 20.5411765, 38.4595436 ], [ 20.5408675, 38.4594053 ], [ 20.5407475, 38.4595464 ], [ 20.5407868, 38.4598103 ], [ 20.5407139, 38.4600304 ], [ 20.5408146, 38.4603746 ], [ 20.5407759, 38.460949 ], [ 20.541072, 38.460998 ], [ 20.541333, 38.46111 ], [ 20.541865, 38.461126 ], [ 20.541954, 38.461129 ], [ 20.542271, 38.460998 ], [ 20.542325, 38.46079 ], [ 20.542388, 38.460408 ], [ 20.542419, 38.459746 ], [ 20.542612, 38.459438 ], [ 20.5426643, 38.4594117 ], [ 20.543203, 38.459141 ], [ 20.544038, 38.458398 ], [ 20.544445, 38.458033 ], [ 20.54462, 38.457781 ], [ 20.544815, 38.456989 ], [ 20.5447652, 38.4564954 ], [ 20.544755, 38.456394 ], [ 20.544586, 38.456215 ], [ 20.544376, 38.455964 ], [ 20.5443, 38.455683 ], [ 20.544361, 38.455335 ], [ 20.544549, 38.455132 ], [ 20.544831, 38.454791 ], [ 20.544979, 38.454481 ], [ 20.545096, 38.453891 ], [ 20.545687, 38.453594 ], [ 20.54582, 38.453598 ], [ 20.546646, 38.453972 ], [ 20.54669, 38.453973 ], [ 20.547176, 38.454022 ], [ 20.547832, 38.454051 ], [ 20.54813, 38.454139 ], [ 20.548456, 38.454703 ], [ 20.548701, 38.455899 ], [ 20.54885, 38.457604 ], [ 20.5489595, 38.4580786 ], [ 20.5489966, 38.4583075 ], [ 20.5493227, 38.4582593 ], [ 20.5498664, 38.4581168 ], [ 20.5498622, 38.4579018 ], [ 20.5500655, 38.4578229 ] ] ] } },
{ "type": "Feature", "properties": { "element": "way", "id": 227295480, "historic": null, "name": "Dafnoudi beach", "tourism": null, "access": null, "amenity": null, "fee": null, "parking": null, "board_type": null, "information": null, "check_date": null, "source": null, "name:ru": "Дафноуди пляж", "website": null, "addr:country": null, "addr:place": null, "air_conditioning": null, "description": null, "email": null, "internet_access": null, "internet_access:fee": null, "payment:cash": null, "payment:mastercard": null, "payment:visa": null, "phone": null, "natural": "beach", "leaf_type": null, "surface": "pebblestone", "building": null, "abandoned": null, "landuse": null, "religion": null, "addr:housename": null, "contact:email": null, "contact:phone": null, "opening_hours": null, "shop": null, "leisure": null, "type": null, "label": "natural:beach" }, "geometry": { "type": "Polygon", "coordinates": [ [ [ 20.5484234, 38.471454 ], [ 20.5482272, 38.4715943 ], [ 20.5484846, 38.4717738 ], [ 20.5486252, 38.4714658 ], [ 20.5484234, 38.471454 ] ] ] } },
{ "type": "Feature", "properties": { "element": "way", "id": 288154189, "historic": null, "name": null, "tourism": null, "access": null, "amenity": null, "fee": null, "parking": null, "board_type": null, "information": null, "check_date": null, "source": null, "name:ru": null, "website": null, "addr:country": null, "addr:place": null, "air_conditioning": null, "description": null, "email": null, "internet_access": null, "internet_access:fee": null, "payment:cash": null, "payment:mastercard": null, "payment:visa": null, "phone": null, "natural": null, "leaf_type": null, "surface": null, "building": "yes", "abandoned": null, "landuse": null, "religion": null, "addr:housename": null, "contact:email": null, "contact:phone": null, "opening_hours": null, "shop": null, "leisure": null, "type": null, "label": "building:yes" }, "geometry": { "type": "Polygon", "coordinates": [ [ [ 20.559503397380897, 38.457743636079641 ], [ 20.559503397380897, 38.45768996480691 ], [ 20.5594449, 38.4576755 ], [ 20.5594252, 38.4577243 ], [ 20.559503397380897, 38.457743636079641 ] ] ] } },
{ "type": "Feature", "properties": { "element": "way", "id": 288154190, "historic": null, "name": null, "tourism": null, "access": null, "amenity": null, "fee": null, "parking": null, "board_type": null, "information": null, "check_date": null, "source": null, "name:ru": null, "website": null, "addr:country": null, "addr:place": null, "air_conditioning": null, "description": null, "email": null, "internet_access": null, "internet_access:fee": null, "payment:cash": null, "payment:mastercard": null, "payment:visa": null, "phone": null, "natural": null, "leaf_type": null, "surface": null, "building": "yes", "abandoned": null, "landuse": null, "religion": null, "addr:housename": null, "contact:email": null, "contact:phone": null, "opening_hours": null, "shop": null, "leisure": null, "type": null, "label": "building:yes" }, "geometry": { "type": "Polygon", "coordinates": [ [ [ 20.5527525, 38.4589721 ], [ 20.5527343, 38.4588865 ], [ 20.5526466, 38.4588979 ], [ 20.5526649, 38.4589835 ], [ 20.5527525, 38.4589721 ] ] ] } },
{ "type": "Feature", "properties": { "element": "way", "id": 288154192, "historic": null, "name": null, "tourism": null, "access": null, "amenity": null, "fee": null, "parking": null, "board_type": null, "information": null, "check_date": null, "source": null, "name:ru": null, "website": null, "addr:country": null, "addr:place": null, "air_conditioning": null, "description": null, "email": null, "internet_access": null, "internet_access:fee": null, "payment:cash": null, "payment:mastercard": null, "payment:visa": null, "phone": null, "natural": null, "leaf_type": null, "surface": null, "building": "yes", "abandoned": null, "landuse": null, "religion": null, "addr:housename": null, "contact:email": null, "contact:phone": null, "opening_hours": null, "shop": null, "leisure": null, "type": null, "label": "building:yes" }, "geometry": { "type": "Polygon", "coordinates": [ [ [ 20.5590482, 38.45781 ], [ 20.5591586, 38.4578904 ], [ 20.5592001, 38.4578554 ], [ 20.5590898, 38.457775 ], [ 20.5590482, 38.45781 ] ] ] } },
{ "type": "Feature", "properties": { "element": "way", "id": 288154194, "historic": null, "name": null, "tourism": null, "access": null, "amenity": null, "fee": null, "parking": null, "board_type": null, "information": null, "check_date": null, "source": null, "name:ru": null, "website": null, "addr:country": null, "addr:place": null, "air_conditioning": null, "description": null, "email": null, "internet_access": null, "internet_access:fee": null, "payment:cash": null, "payment:mastercard": null, "payment:visa": null, "phone": null, "natural": null, "leaf_type": null, "surface": null, "building": "yes", "abandoned": null, "landuse": null, "religion": null, "addr:housename": null, "contact:email": null, "contact:phone": null, "opening_hours": null, "shop": null, "leisure": null, "type": null, "label": "building:yes" }, "geometry": { "type": "Polygon", "coordinates": [ [ [ 20.552174, 38.4576405 ], [ 20.5521096, 38.4575703 ], [ 20.5520149, 38.4576235 ], [ 20.5520794, 38.4576937 ], [ 20.552174, 38.4576405 ] ] ] } },
{ "type": "Feature", "properties": { "element": "way", "id": 288154195, "historic": null, "name": null, "tourism": null, "access": null, "amenity": null, "fee": null, "parking": null, "board_type": null, "information": null, "check_date": null, "source": null, "name:ru": null, "website": null, "addr:country": null, "addr:place": null, "air_conditioning": null, "description": null, "email": null, "internet_access": null, "internet_access:fee": null, "payment:cash": null, "payment:mastercard": null, "payment:visa": null, "phone": null, "natural": null, "leaf_type": null, "surface": null, "building": "yes", "abandoned": null, "landuse": null, "religion": null, "addr:housename": null, "contact:email": null, "contact:phone": null, "opening_hours": null, "shop": null, "leisure": null, "type": null, "label": "building:yes" }, "geometry": { "type": "Polygon", "coordinates": [ [ [ 20.5528978, 38.4586627 ], [ 20.5528777, 38.4585686 ], [ 20.552787, 38.4585805 ], [ 20.552807, 38.4586745 ], [ 20.5528978, 38.4586627 ] ] ] } },
{ "type": "Feature", "properties": { "element": "way", "id": 288154197, "historic": null, "name": null, "tourism": null, "access": null, "amenity": null, "fee": null, "parking": null, "board_type": null, "information": null, "check_date": null, "source": null, "name:ru": null, "website": null, "addr:country": null, "addr:place": null, "air_conditioning": null, "description": null, "email": null, "internet_access": null, "internet_access:fee": null, "payment:cash": null, "payment:mastercard": null, "payment:visa": null, "phone": null, "natural": null, "leaf_type": null, "surface": null, "building": "yes", "abandoned": null, "landuse": null, "religion": null, "addr:housename": null, "contact:email": null, "contact:phone": null, "opening_hours": null, "shop": null, "leisure": null, "type": null, "label": "building:yes" }, "geometry": { "type": "Polygon", "coordinates": [ [ [ 20.5535702, 38.45852 ], [ 20.5536096, 38.4584578 ], [ 20.5534714, 38.4584042 ], [ 20.553432, 38.4584663 ], [ 20.5535702, 38.45852 ] ] ] } },
{ "type": "Feature", "properties": { "element": "way", "id": 288154200, "historic": null, "name": null, "tourism": null, "access": null, "amenity": null, "fee": null, "parking": null, "board_type": null, "information": null, "check_date": null, "source": null, "name:ru": null, "website": null, "addr:country": null, "addr:place": null, "air_conditioning": null, "description": null, "email": null, "internet_access": null, "internet_access:fee": null, "payment:cash": null, "payment:mastercard": null, "payment:visa": null, "phone": null, "natural": null, "leaf_type": null, "surface": null, "building": "yes", "abandoned": null, "landuse": null, "religion": null, "addr:housename": null, "contact:email": null, "contact:phone": null, "opening_hours": null, "shop": null, "leisure": null, "type": null, "label": "building:yes" }, "geometry": { "type": "Polygon", "coordinates": [ [ [ 20.5548895, 38.4583847 ], [ 20.5548911, 38.45829 ], [ 20.5548216, 38.4582892 ], [ 20.55482, 38.458384 ], [ 20.5548895, 38.4583847 ] ] ] } },
{ "type": "Feature", "properties": { "element": "way", "id": 288154201, "historic": null, "name": null, "tourism": null, "access": null, "amenity": null, "fee": null, "parking": null, "board_type": null, "information": null, "check_date": null, "source": null, "name:ru": null, "website": null, "addr:country": null, "addr:place": null, "air_conditioning": null, "description": null, "email": null, "internet_access": null, "internet_access:fee": null, "payment:cash": null, "payment:mastercard": null, "payment:visa": null, "phone": null, "natural": null, "leaf_type": null, "surface": null, "building": "yes", "abandoned": null, "landuse": null, "religion": null, "addr:housename": null, "contact:email": null, "contact:phone": null, "opening_hours": null, "shop": null, "leisure": null, "type": null, "label": "building:yes" }, "geometry": { "type": "Polygon", "coordinates": [ [ [ 20.5594907, 38.457491 ], [ 20.559503397380897, 38.457496093002014 ], [ 20.559503397380897, 38.457471574902357 ], [ 20.5594907, 38.457491 ] ] ] } },
{ "type": "Feature", "properties": { "element": "way", "id": 288154204, "historic": null, "name": null, "tourism": null, "access": null, "amenity": null, "fee": null, "parking": null, "board_type": null, "information": null, "check_date": null, "source": null, "name:ru": null, "website": null, "addr:country": null, "addr:place": null, "air_conditioning": null, "description": null, "email": null, "internet_access": null, "internet_access:fee": null, "payment:cash": null, "payment:mastercard": null, "payment:visa": null, "phone": null, "natural": null, "leaf_type": null, "surface": null, "building": "yes", "abandoned": null, "landuse": null, "religion": null, "addr:housename": null, "contact:email": null, "contact:phone": null, "opening_hours": null, "shop": null, "leisure": null, "type": null, "label": "building:yes" }, "geometry": { "type": "Polygon", "coordinates": [ [ [ 20.5531588, 38.4590956 ], [ 20.5531632, 38.4590364 ], [ 20.5530302, 38.4590303 ], [ 20.5530258, 38.4590895 ], [ 20.5531588, 38.4590956 ] ] ] } },
{ "type": "Feature", "properties": { "element": "way", "id": 288154205, "historic": null, "name": null, "tourism": null, "access": null, "amenity": null, "fee": null, "parking": null, "board_type": null, "information": null, "check_date": null, "source": null, "name:ru": null, "website": null, "addr:country": null, "addr:place": null, "air_conditioning": null, "description": null, "email": null, "internet_access": null, "internet_access:fee": null, "payment:cash": null, "payment:mastercard": null, "payment:visa": null, "phone": null, "natural": null, "leaf_type": null, "surface": null, "building": "yes", "abandoned": null, "landuse": null, "religion": null, "addr:housename": null, "contact:email": null, "contact:phone": null, "opening_hours": null, "shop": null, "leisure": null, "type": null, "label": "building:yes" }, "geometry": { "type": "Polygon", "coordinates": [ [ [ 20.5547541, 38.4585225 ], [ 20.554727, 38.4584757 ], [ 20.5545817, 38.4585272 ], [ 20.5546088, 38.458574 ], [ 20.5547541, 38.4585225 ] ] ] } },
{ "type": "Feature", "properties": { "element": "way", "id": 288154207, "historic": null, "name": null, "tourism": null, "access": null, "amenity": null, "fee": null, "parking": null, "board_type": null, "information": null, "check_date": null, "source": null, "name:ru": null, "website": null, "addr:country": null, "addr:place": null, "air_conditioning": null, "description": null, "email": null, "internet_access": null, "internet_access:fee": null, "payment:cash": null, "payment:mastercard": null, "payment:visa": null, "phone": null, "natural": null, "leaf_type": null, "surface": null, "building": "yes", "abandoned": null, "landuse": null, "religion": null, "addr:housename": null, "contact:email": null, "contact:phone": null, "opening_hours": null, "shop": null, "leisure": null, "type": null, "label": "building:yes" }, "geometry": { "type": "Polygon", "coordinates": [ [ [ 20.5533826, 38.4578319 ], [ 20.5534089, 38.4577723 ], [ 20.5532446, 38.4577278 ], [ 20.5532183, 38.4577874 ], [ 20.5533826, 38.4578319 ] ] ] } },
{ "type": "Feature", "properties": { "element": "way", "id": 288154208, "historic": null, "name": null, "tourism": null, "access": null, "amenity": null, "fee": null, "parking": null, "board_type": null, "information": null, "check_date": null, "source": "survey;bing", "name:ru": null, "website": null, "addr:country": null, "addr:place": null, "air_conditioning": null, "description": null, "email": null, "internet_access": null, "internet_access:fee": null, "payment:cash": null, "payment:mastercard": null, "payment:visa": null, "phone": null, "natural": null, "leaf_type": null, "surface": null, "building": "yes", "abandoned": "yes", "landuse": null, "religion": null, "addr:housename": null, "contact:email": null, "contact:phone": null, "opening_hours": null, "shop": null, "leisure": null, "type": null, "label": "building:yes" }, "geometry": { "type": "Polygon", "coordinates": [ [ [ 20.5589914, 38.4582372 ], [ 20.5589747, 38.4581174 ], [ 20.558884, 38.4581252 ], [ 20.5589007, 38.458245 ], [ 20.5589914, 38.4582372 ] ] ] } },
{ "type": "Feature", "properties": { "element": "way", "id": 288154210, "historic": null, "name": null, "tourism": null, "access": null, "amenity": null, "fee": null, "parking": null, "board_type": null, "information": null, "check_date": null, "source": null, "name:ru": null, "website": null, "addr:country": null, "addr:place": null, "air_conditioning": null, "description": null, "email": null, "internet_access": null, "internet_access:fee": null, "payment:cash": null, "payment:mastercard": null, "payment:visa": null, "phone": null, "natural": null, "leaf_type": null, "surface": null, "building": "yes", "abandoned": null, "landuse": null, "religion": null, "addr:housename": null, "contact:email": null, "contact:phone": null, "opening_hours": null, "shop": null, "leisure": null, "type": null, "label": "building:yes" }, "geometry": { "type": "Polygon", "coordinates": [ [ [ 20.5594677, 38.4584746 ], [ 20.559503397380897, 38.458464606247553 ], [ 20.559503397380897, 38.458393871464942 ], [ 20.559439, 38.4584119 ], [ 20.5594677, 38.4584746 ] ] ] } },
{ "type": "Feature", "properties": { "element": "way", "id": 288154211, "historic": null, "name": null, "tourism": null, "access": null, "amenity": null, "fee": null, "parking": null, "board_type": null, "information": null, "check_date": null, "source": null, "name:ru": null, "website": null, "addr:country": null, "addr:place": null, "air_conditioning": null, "description": null, "email": null, "internet_access": null, "internet_access:fee": null, "payment:cash": null, "payment:mastercard": null, "payment:visa": null, "phone": null, "natural": null, "leaf_type": null, "surface": null, "building": "yes", "abandoned": null, "landuse": null, "religion": null, "addr:housename": null, "contact:email": null, "contact:phone": null, "opening_hours": null, "shop": null, "leisure": null, "type": null, "label": "building:yes" }, "geometry": { "type": "Polygon", "coordinates": [ [ [ 20.5548859, 38.4585684 ], [ 20.5548859, 38.458432 ], [ 20.5548254, 38.458432 ], [ 20.5548254, 38.4585684 ], [ 20.5548859, 38.4585684 ] ] ] } },
{ "type": "Feature", "properties": { "element": "way", "id": 288154212, "historic": null, "name": null, "tourism": null, "access": null, "amenity": null, "fee": null, "parking": null, "board_type": null, "information": null, "check_date": null, "source": null, "name:ru": null, "website": null, "addr:country": null, "addr:place": null, "air_conditioning": null, "description": null, "email": null, "internet_access": null, "internet_access:fee": null, "payment:cash": null, "payment:mastercard": null, "payment:visa": null, "phone": null, "natural": null, "leaf_type": null, "surface": null, "building": "yes", "abandoned": null, "landuse": null, "religion": null, "addr:housename": null, "contact:email": null, "contact:phone": null, "opening_hours": null, "shop": null, "leisure": null, "type": null, "label": "building:yes" }, "geometry": { "type": "Polygon", "coordinates": [ [ [ 20.5582622, 38.4583492 ], [ 20.558302, 38.4583264 ], [ 20.5582711, 38.4582935 ], [ 20.5582314, 38.4583164 ], [ 20.5582622, 38.4583492 ] ] ] } },
{ "type": "Feature", "properties": { "element": "way", "id": 288154213, "historic": null, "name": null, "tourism": null, "access": null, "amenity": null, "fee": null, "parking": null, "board_type": null, "information": null, "check_date": null, "source": null, "name:ru": null, "website": null, "addr:country": null, "addr:place": null, "air_conditioning": null, "description": null, "email": null, "internet_access": null, "internet_access:fee": null, "payment:cash": null, "payment:mastercard": null, "payment:visa": null, "phone": null, "natural": null, "leaf_type": null, "surface": null, "building": "yes", "abandoned": null, "landuse": null, "religion": null, "addr:housename": null, "contact:email": null, "contact:phone": null, "opening_hours": null, "shop": null, "leisure": null, "type": null, "label": "building:yes" }, "geometry": { "type": "Polygon", "coordinates": [ [ [ 20.5594666, 38.4578189 ], [ 20.5594971, 38.457783 ], [ 20.5594236, 38.4577446 ], [ 20.5593931, 38.4577805 ], [ 20.5594666, 38.4578189 ] ] ] } },
{ "type": "Feature", "properties": { "element": "way", "id": 288154214, "historic": null, "name": null, "tourism": null, "access": null, "amenity": null, "fee": null, "parking": null, "board_type": null, "information": null, "check_date": null, "source": null, "name:ru": null, "website": null, "addr:country": null, "addr:place": null, "air_conditioning": null, "description": null, "email": null, "internet_access": null, "internet_access:fee": null, "payment:cash": null, "payment:mastercard": null, "payment:visa": null, "phone": null, "natural": null, "leaf_type": null, "surface": null, "building": "yes", "abandoned": null, "landuse": null, "religion": null, "addr:housename": null, "contact:email": null, "contact:phone": null, "opening_hours": null, "shop": null, "leisure": null, "type": null, "label": "building:yes" }, "geometry": { "type": "Polygon", "coordinates": [ [ [ 20.5594813, 38.4581373 ], [ 20.559503397380897, 38.458133869660536 ], [ 20.559503397380897, 38.458077881174148 ], [ 20.5594677, 38.4580834 ], [ 20.5594813, 38.4581373 ] ] ] } },
{ "type": "Feature", "properties": { "element": "way", "id": 288154229, "historic": null, "name": null, "tourism": null, "access": null, "amenity": null, "fee": null, "parking": null, "board_type": null, "information": null, "check_date": null, "source": "survey;bing", "name:ru": null, "website": null, "addr:country": null, "addr:place": null, "air_conditioning": null, "description": null, "email": null, "internet_access": null, "internet_access:fee": null, "payment:cash": null, "payment:mastercard": null, "payment:visa": null, "phone": null, "natural": null, "leaf_type": null, "surface": null, "building": null, "abandoned": null, "landuse": "residential", "religion": null, "addr:housename": null, "contact:email": null, "contact:phone": null, "opening_hours": null, "shop": null, "leisure": null, "type": null, "label": "landuse:residential" }, "geometry": { "type": "Polygon", "coordinates": [ [ [ 20.5521672, 38.4578247 ], [ 20.552276, 38.4578402 ], [ 20.5523133, 38.4577343 ], [ 20.5522012, 38.4574245 ], [ 20.5518243, 38.4575966 ], [ 20.55196, 38.4579241 ], [ 20.5521672, 38.4578247 ] ] ] } },
{ "type": "Feature", "properties": { "element": "way", "id": 288154230, "historic": null, "name": null, "tourism": null, "access": null, "amenity": null, "fee": null, "parking": null, "board_type": null, "information": null, "check_date": null, "source": "survey;bing", "name:ru": null, "website": null, "addr:country": null, "addr:place": null, "air_conditioning": null, "description": null, "email": null, "internet_access": null, "internet_access:fee": null, "payment:cash": null, "payment:mastercard": null, "payment:visa": null, "phone": null, "natural": null, "leaf_type": null, "surface": null, "building": null, "abandoned": null, "landuse": "residential", "religion": null, "addr:housename": null, "contact:email": null, "contact:phone": null, "opening_hours": null, "shop": null, "leisure": null, "type": null, "label": "landuse:residential" }, "geometry": { "type": "Polygon", "coordinates": [ [ [ 20.5532073, 38.4579379 ], [ 20.5532093, 38.4580034 ], [ 20.5533288, 38.4579878 ], [ 20.5534384, 38.4578826 ], [ 20.5534922, 38.4577399 ], [ 20.5531964, 38.4576697 ], [ 20.5531237, 38.4578732 ], [ 20.5532073, 38.4579379 ] ] ] } },
{ "type": "Feature", "properties": { "element": "way", "id": 288168528, "historic": null, "name": null, "tourism": null, "access": null, "amenity": null, "fee": null, "parking": null, "board_type": null, "information": null, "check_date": null, "source": null, "name:ru": null, "website": null, "addr:country": null, "addr:place": null, "air_conditioning": null, "description": null, "email": null, "internet_access": null, "internet_access:fee": null, "payment:cash": null, "payment:mastercard": null, "payment:visa": null, "phone": null, "natural": null, "leaf_type": null, "surface": null, "building": "yes", "abandoned": null, "landuse": null, "religion": null, "addr:housename": null, "contact:email": null, "contact:phone": null, "opening_hours": null, "shop": null, "leisure": null, "type": null, "label": "building:yes" }, "geometry": { "type": "Polygon", "coordinates": [ [ [ 20.5498195, 38.459019 ], [ 20.5498739, 38.4589227 ], [ 20.5498015, 38.4588976 ], [ 20.5497472, 38.458994 ], [ 20.5498195, 38.459019 ] ] ] } },
{ "type": "Feature", "properties": { "element": "way", "id": 288168529, "historic": null, "name": null, "tourism": null, "access": null, "amenity": null, "fee": null, "parking": null, "board_type": null, "information": null, "check_date": null, "source": null, "name:ru": null, "website": null, "addr:country": null, "addr:place": null, "air_conditioning": null, "description": null, "email": null, "internet_access": null, "internet_access:fee": null, "payment:cash": null, "payment:mastercard": null, "payment:visa": null, "phone": null, "natural": null, "leaf_type": null, "surface": null, "building": "yes", "abandoned": null, "landuse": null, "religion": null, "addr:housename": null, "contact:email": null, "contact:phone": null, "opening_hours": null, "shop": null, "leisure": null, "type": null, "label": "building:yes" }, "geometry": { "type": "Polygon", "coordinates": [ [ [ 20.5517783, 38.4592746 ], [ 20.5517783, 38.4591934 ], [ 20.5516985, 38.4591934 ], [ 20.5516985, 38.4592746 ], [ 20.5517783, 38.4592746 ] ] ] } },
{ "type": "Feature", "properties": { "element": "way", "id": 288168530, "historic": null, "name": null, "tourism": null, "access": null, "amenity": null, "fee": null, "parking": null, "board_type": null, "information": null, "check_date": null, "source": null, "name:ru": null, "website": null, "addr:country": null, "addr:place": null, "air_conditioning": null, "description": null, "email": null, "internet_access": null, "internet_access:fee": null, "payment:cash": null, "payment:mastercard": null, "payment:visa": null, "phone": null, "natural": null, "leaf_type": null, "surface": null, "building": "yes", "abandoned": null, "landuse": null, "religion": null, "addr:housename": null, "contact:email": null, "contact:phone": null, "opening_hours": null, "shop": null, "leisure": null, "type": null, "label": "building:yes" }, "geometry": { "type": "Polygon", "coordinates": [ [ [ 20.5474564, 38.4595277 ], [ 20.5475943, 38.4595277 ], [ 20.5475943, 38.4594671 ], [ 20.5474564, 38.4594671 ], [ 20.5474564, 38.4595277 ] ] ] } },
{ "type": "Feature", "properties": { "element": "way", "id": 288168531, "historic": null, "name": null, "tourism": null, "access": null, "amenity": null, "fee": null, "parking": null, "board_type": null, "information": null, "check_date": null, "source": null, "name:ru": null, "website": null, "addr:country": null, "addr:place": null, "air_conditioning": null, "description": null, "email": null, "internet_access": null, "internet_access:fee": null, "payment:cash": null, "payment:mastercard": null, "payment:visa": null, "phone": null, "natural": null, "leaf_type": null, "surface": null, "building": "yes", "abandoned": null, "landuse": null, "religion": null, "addr:housename": null, "contact:email": null, "contact:phone": null, "opening_hours": null, "shop": null, "leisure": null, "type": null, "label": "building:yes" }, "geometry": { "type": "Polygon", "coordinates": [ [ [ 20.551799, 38.4589785 ], [ 20.5518087, 38.4588436 ], [ 20.5516955, 38.4588386 ], [ 20.5516858, 38.4589735 ], [ 20.551799, 38.4589785 ] ] ] } },
{ "type": "Feature", "properties": { "element": "way", "id": 288168532, "historic": null, "name": null, "tourism": null, "access": null, "amenity": null, "fee": null, "parking": null, "board_type": null, "information": null, "check_date": null, "source": null, "name:ru": null, "website": null, "addr:country": null, "addr:place": null, "air_conditioning": null, "description": null, "email": null, "internet_access": null, "internet_access:fee": null, "payment:cash": null, "payment:mastercard": null, "payment:visa": null, "phone": null, "natural": null, "leaf_type": null, "surface": null, "building": "yes", "abandoned": null, "landuse": null, "religion": null, "addr:housename": null, "contact:email": null, "contact:phone": null, "opening_hours": null, "shop": null, "leisure": null, "type": null, "label": "building:yes" }, "geometry": { "type": "Polygon", "coordinates": [ [ [ 20.5505537, 38.4597743 ], [ 20.550611, 38.4597403 ], [ 20.5505429, 38.4596698 ], [ 20.5504855, 38.4597038 ], [ 20.5505537, 38.4597743 ] ] ] } },
{ "type": "Feature", "properties": { "element": "way", "id": 288168533, "historic": null, "name": null, "tourism": null, "access": null, "amenity": null, "fee": null, "parking": null, "board_type": null, "information": null, "check_date": null, "source": null, "name:ru": null, "website": null, "addr:country": null, "addr:place": null, "air_conditioning": null, "description": null, "email": null, "internet_access": null, "internet_access:fee": null, "payment:cash": null, "payment:mastercard": null, "payment:visa": null, "phone": null, "natural": null, "leaf_type": null, "surface": null, "building": "yes", "abandoned": null, "landuse": null, "religion": null, "addr:housename": null, "contact:email": null, "contact:phone": null, "opening_hours": null, "shop": null, "leisure": null, "type": null, "label": "building:yes" }, "geometry": { "type": "Polygon", "coordinates": [ [ [ 20.550474, 38.4591286 ], [ 20.5505078, 38.459079 ], [ 20.5504281, 38.4590457 ], [ 20.5503943, 38.4590953 ], [ 20.550474, 38.4591286 ] ] ] } },
{ "type": "Feature", "properties": { "element": "way", "id": 288168534, "historic": null, "name": null, "tourism": null, "access": null, "amenity": null, "fee": null, "parking": null, "board_type": null, "information": null, "check_date": null, "source": null, "name:ru": null, "website": null, "addr:country": null, "addr:place": null, "air_conditioning": null, "description": null, "email": null, "internet_access": null, "internet_access:fee": null, "payment:cash": null, "payment:mastercard": null, "payment:visa": null, "phone": null, "natural": null, "leaf_type": null, "surface": null, "building": "yes", "abandoned": null, "landuse": null, "religion": null, "addr:housename": null, "contact:email": null, "contact:phone": null, "opening_hours": null, "shop": null, "leisure": null, "type": null, "label": "building:yes" }, "geometry": { "type": "Polygon", "coordinates": [ [ [ 20.5518007, 38.4580962 ], [ 20.5517599, 38.4579702 ], [ 20.551678, 38.4579865 ], [ 20.5517188, 38.4581125 ], [ 20.5518007, 38.4580962 ] ] ] } },
{ "type": "Feature", "properties": { "element": "way", "id": 288168535, "historic": null, "name": null, "tourism": null, "access": null, "amenity": null, "fee": null, "parking": null, "board_type": null, "information": null, "check_date": null, "source": null, "name:ru": null, "website": null, "addr:country": null, "addr:place": null, "air_conditioning": null, "description": null, "email": null, "internet_access": null, "internet_access:fee": null, "payment:cash": null, "payment:mastercard": null, "payment:visa": null, "phone": null, "natural": null, "leaf_type": null, "surface": null, "building": "yes", "abandoned": null, "landuse": null, "religion": null, "addr:housename": null, "contact:email": null, "contact:phone": null, "opening_hours": null, "shop": null, "leisure": null, "type": null, "label": "building:yes" }, "geometry": { "type": "Polygon", "coordinates": [ [ [ 20.5496166, 38.459113 ], [ 20.549613, 38.459061 ], [ 20.5494908, 38.4590662 ], [ 20.5494944, 38.4591182 ], [ 20.5496166, 38.459113 ] ] ] } },
{ "type": "Feature", "properties": { "element": "way", "id": 288168536, "historic": null, "name": null, "tourism": null, "access": null, "amenity": null, "fee": null, "parking": null, "board_type": null, "information": null, "check_date": null, "source": null, "name:ru": null, "website": null, "addr:country": null, "addr:place": null, "air_conditioning": null, "description": null, "email": null, "internet_access": null, "internet_access:fee": null, "payment:cash": null, "payment:mastercard": null, "payment:visa": null, "phone": null, "natural": null, "leaf_type": null, "surface": null, "building": "yes", "abandoned": null, "landuse": null, "religion": null, "addr:housename": null, "contact:email": null, "contact:phone": null, "opening_hours": null, "shop": null, "leisure": null, "type": null, "label": "building:yes" }, "geometry": { "type": "Polygon", "coordinates": [ [ [ 20.5470107, 38.4541937 ], [ 20.5470189, 38.4541439 ], [ 20.5468796, 38.4541299 ], [ 20.5468714, 38.4541796 ], [ 20.5470107, 38.4541937 ] ] ] } },
{ "type": "Feature", "properties": { "element": "way", "id": 288168537, "historic": null, "name": null, "tourism": null, "access": null, "amenity": null, "fee": null, "parking": null, "board_type": null, "information": null, "check_date": null, "source": null, "name:ru": null, "website": null, "addr:country": null, "addr:place": null, "air_conditioning": null, "description": null, "email": null, "internet_access": null, "internet_access:fee": null, "payment:cash": null, "payment:mastercard": null, "payment:visa": null, "phone": null, "natural": null, "leaf_type": null, "surface": null, "building": "yes", "abandoned": null, "landuse": null, "religion": null, "addr:housename": null, "contact:email": null, "contact:phone": null, "opening_hours": null, "shop": null, "leisure": null, "type": null, "label": "building:yes" }, "geometry": { "type": "Polygon", "coordinates": [ [ [ 20.5475352, 38.4592725 ], [ 20.5475478, 38.459209 ], [ 20.5473917, 38.45919 ], [ 20.5473791, 38.4592535 ], [ 20.5475352, 38.4592725 ] ] ] } },
{ "type": "Feature", "properties": { "element": "way", "id": 288168538, "historic": null, "name": null, "tourism": null, "access": null, "amenity": null, "fee": null, "parking": null, "board_type": null, "information": null, "check_date": null, "source": null, "name:ru": null, "website": null, "addr:country": null, "addr:place": null, "air_conditioning": null, "description": null, "email": null, "internet_access": null, "internet_access:fee": null, "payment:cash": null, "payment:mastercard": null, "payment:visa": null, "phone": null, "natural": null, "leaf_type": null, "surface": null, "building": "yes", "abandoned": null, "landuse": null, "religion": null, "addr:housename": null, "contact:email": null, "contact:phone": null, "opening_hours": null, "shop": null, "leisure": null, "type": null, "label": "building:yes" }, "geometry": { "type": "Polygon", "coordinates": [ [ [ 20.550268, 38.4590485 ], [ 20.5502954, 38.4590023 ], [ 20.5502209, 38.4589753 ], [ 20.5501936, 38.4590214 ], [ 20.550268, 38.4590485 ] ] ] } },
{ "type": "Feature", "properties": { "element": "way", "id": 288168539, "historic": null, "name": null, "tourism": null, "access": null, "amenity": null, "fee": null, "parking": null, "board_type": null, "information": null, "check_date": null, "source": null, "name:ru": null, "website": null, "addr:country": null, "addr:place": null, "air_conditioning": null, "description": null, "email": null, "internet_access": null, "internet_access:fee": null, "payment:cash": null, "payment:mastercard": null, "payment:visa": null, "phone": null, "natural": null, "leaf_type": null, "surface": null, "building": "yes", "abandoned": null, "landuse": null, "religion": null, "addr:housename": null, "contact:email": null, "contact:phone": null, "opening_hours": null, "shop": null, "leisure": null, "type": null, "label": "building:yes" }, "geometry": { "type": "Polygon", "coordinates": [ [ [ 20.5505049, 38.4595555 ], [ 20.5505671, 38.4595207 ], [ 20.5505125, 38.4594609 ], [ 20.5504503, 38.4594957 ], [ 20.5505049, 38.4595555 ] ] ] } },
{ "type": "Feature", "properties": { "element": "way", "id": 288168540, "historic": null, "name": null, "tourism": null, "access": null, "amenity": null, "fee": null, "parking": null, "board_type": null, "information": null, "check_date": null, "source": null, "name:ru": null, "website": null, "addr:country": null, "addr:place": null, "air_conditioning": null, "description": null, "email": null, "internet_access": null, "internet_access:fee": null, "payment:cash": null, "payment:mastercard": null, "payment:visa": null, "phone": null, "natural": null, "leaf_type": null, "surface": null, "building": "yes", "abandoned": null, "landuse": null, "religion": null, "addr:housename": null, "contact:email": null, "contact:phone": null, "opening_hours": null, "shop": null, "leisure": null, "type": null, "label": "building:yes" }, "geometry": { "type": "Polygon", "coordinates": [ [ [ 20.5478532, 38.45895 ], [ 20.5478501, 38.4588901 ], [ 20.5477172, 38.4588943 ], [ 20.5477203, 38.4589542 ], [ 20.5478532, 38.45895 ] ] ] } },
{ "type": "Feature", "properties": { "element": "way", "id": 288168541, "historic": null, "name": null, "tourism": null, "access": null, "amenity": null, "fee": null, "parking": null, "board_type": null, "information": null, "check_date": null, "source": null, "name:ru": null, "website": null, "addr:country": null, "addr:place": null, "air_conditioning": null, "description": null, "email": null, "internet_access": null, "internet_access:fee": null, "payment:cash": null, "payment:mastercard": null, "payment:visa": null, "phone": null, "natural": null, "leaf_type": null, "surface": null, "building": "yes", "abandoned": null, "landuse": null, "religion": null, "addr:housename": null, "contact:email": null, "contact:phone": null, "opening_hours": null, "shop": null, "leisure": null, "type": null, "label": "building:yes" }, "geometry": { "type": "Polygon", "coordinates": [ [ [ 20.5476722, 38.4595424 ], [ 20.5477541, 38.4595364 ], [ 20.5477474, 38.4594802 ], [ 20.5476656, 38.4594861 ], [ 20.5476722, 38.4595424 ] ] ] } },
{ "type": "Feature", "properties": { "element": "way", "id": 288168542, "historic": null, "name": null, "tourism": null, "access": null, "amenity": null, "fee": null, "parking": null, "board_type": null, "information": null, "check_date": null, "source": null, "name:ru": null, "website": null, "addr:country": null, "addr:place": null, "air_conditioning": null, "description": null, "email": null, "internet_access": null, "internet_access:fee": null, "payment:cash": null, "payment:mastercard": null, "payment:visa": null, "phone": null, "natural": null, "leaf_type": null, "surface": null, "building": "yes", "abandoned": null, "landuse": null, "religion": null, "addr:housename": null, "contact:email": null, "contact:phone": null, "opening_hours": null, "shop": null, "leisure": null, "type": null, "label": "building:yes" }, "geometry": { "type": "Polygon", "coordinates": [ [ [ 20.5516984, 38.4591485 ], [ 20.5517071, 38.4590421 ], [ 20.5516051, 38.459037 ], [ 20.5515964, 38.4591434 ], [ 20.5516984, 38.4591485 ] ] ] } },
{ "type": "Feature", "properties": { "element": "way", "id": 288168543, "historic": null, "name": null, "tourism": null, "access": null, "amenity": "place_of_worship", "fee": null, "parking": null, "board_type": null, "information": null, "check_date": null, "source": null, "name:ru": null, "website": null, "addr:country": null, "addr:place": null, "air_conditioning": null, "description": null, "email": null, "internet_access": null, "internet_access:fee": null, "payment:cash": null, "payment:mastercard": null, "payment:visa": null, "phone": null, "natural": null, "leaf_type": null, "surface": null, "building": "yes", "abandoned": null, "landuse": null, "religion": "christian", "addr:housename": null, "contact:email": null, "contact:phone": null, "opening_hours": null, "shop": null, "leisure": null, "type": null, "label": "building:yes;amenity:place_of_worship" }, "geometry": { "type": "Polygon", "coordinates": [ [ [ 20.5489544, 38.4589672 ], [ 20.548938, 38.4589003 ], [ 20.548779, 38.4589242 ], [ 20.5487954, 38.4589911 ], [ 20.5489544, 38.4589672 ] ] ] } },
{ "type": "Feature", "properties": { "element": "way", "id": 288168545, "historic": null, "name": null, "tourism": null, "access": null, "amenity": null, "fee": null, "parking": null, "board_type": null, "information": null, "check_date": null, "source": null, "name:ru": null, "website": null, "addr:country": null, "addr:place": null, "air_conditioning": null, "description": null, "email": null, "internet_access": null, "internet_access:fee": null, "payment:cash": null, "payment:mastercard": null, "payment:visa": null, "phone": null, "natural": null, "leaf_type": null, "surface": null, "building": "yes", "abandoned": null, "landuse": null, "religion": null, "addr:housename": null, "contact:email": null, "contact:phone": null, "opening_hours": null, "shop": null, "leisure": null, "type": null, "label": "building:yes" }, "geometry": { "type": "Polygon", "coordinates": [ [ [ 20.5478977, 38.4593749 ], [ 20.5478446, 38.4592705 ], [ 20.547758, 38.4592974 ], [ 20.5478111, 38.4594019 ], [ 20.5478977, 38.4593749 ] ] ] } },
{ "type": "Feature", "properties": { "element": "way", "id": 288168546, "historic": null, "name": null, "tourism": null, "access": null, "amenity": null, "fee": null, "parking": null, "board_type": null, "information": null, "check_date": null, "source": null, "name:ru": null, "website": null, "addr:country": null, "addr:place": null, "air_conditioning": null, "description": null, "email": null, "internet_access": null, "internet_access:fee": null, "payment:cash": null, "payment:mastercard": null, "payment:visa": null, "phone": null, "natural": null, "leaf_type": null, "surface": null, "building": "yes", "abandoned": null, "landuse": null, "religion": null, "addr:housename": null, "contact:email": null, "contact:phone": null, "opening_hours": null, "shop": null, "leisure": null, "type": null, "label": "building:yes" }, "geometry": { "type": "Polygon", "coordinates": [ [ [ 20.5517701, 38.4582284 ], [ 20.5517517, 38.458172 ], [ 20.5516969, 38.4581829 ], [ 20.5517153, 38.4582393 ], [ 20.5517701, 38.4582284 ] ] ] } },
{ "type": "Feature", "properties": { "element": "way", "id": 288168547, "historic": null, "name": null, "tourism": null, "access": null, "amenity": null, "fee": null, "parking": null, "board_type": null, "information": null, "check_date": null, "source": null, "name:ru": null, "website": null, "addr:country": null, "addr:place": null, "air_conditioning": null, "description": null, "email": null, "internet_access": null, "internet_access:fee": null, "payment:cash": null, "payment:mastercard": null, "payment:visa": null, "phone": null, "natural": null, "leaf_type": null, "surface": null, "building": "yes", "abandoned": null, "landuse": null, "religion": null, "addr:housename": null, "contact:email": null, "contact:phone": null, "opening_hours": null, "shop": null, "leisure": null, "type": null, "label": "building:yes" }, "geometry": { "type": "Polygon", "coordinates": [ [ [ 20.5515673, 38.4585433 ], [ 20.5515673, 38.4584995 ], [ 20.5515148, 38.4584995 ], [ 20.5515148, 38.4585433 ], [ 20.5515673, 38.4585433 ] ] ] } },
{ "type": "Feature", "properties": { "element": "way", "id": 288168548, "historic": null, "name": null, "tourism": null, "access": null, "amenity": null, "fee": null, "parking": null, "board_type": null, "information": null, "check_date": null, "source": null, "name:ru": null, "website": null, "addr:country": null, "addr:place": null, "air_conditioning": null, "description": null, "email": null, "internet_access": null, "internet_access:fee": null, "payment:cash": null, "payment:mastercard": null, "payment:visa": null, "phone": null, "natural": null, "leaf_type": null, "surface": null, "building": "yes", "abandoned": null, "landuse": null, "religion": null, "addr:housename": null, "contact:email": null, "contact:phone": null, "opening_hours": null, "shop": null, "leisure": null, "type": null, "label": "building:yes" }, "geometry": { "type": "Polygon", "coordinates": [ [ [ 20.5494266, 38.4590246 ], [ 20.549476, 38.4589364 ], [ 20.5494002, 38.4589104 ], [ 20.5493508, 38.4589986 ], [ 20.5494266, 38.4590246 ] ] ] } },
{ "type": "Feature", "properties": { "element": "way", "id": 288168559, "historic": null, "name": null, "tourism": null, "access": null, "amenity": null, "fee": null, "parking": null, "board_type": null, "information": null, "check_date": null, "source": "survey;bing", "name:ru": null, "website": null, "addr:country": null, "addr:place": null, "air_conditioning": null, "description": null, "email": null, "internet_access": null, "internet_access:fee": null, "payment:cash": null, "payment:mastercard": null, "payment:visa": null, "phone": null, "natural": null, "leaf_type": null, "surface": null, "building": null, "abandoned": null, "landuse": "residential", "religion": null, "addr:housename": null, "contact:email": null, "contact:phone": null, "opening_hours": null, "shop": null, "leisure": null, "type": null, "label": "landuse:residential" }, "geometry": { "type": "Polygon", "coordinates": [ [ [ 20.5495576, 38.45918 ], [ 20.5498696, 38.45928 ], [ 20.5499805, 38.4592874 ], [ 20.550129, 38.4592212 ], [ 20.5502512, 38.4592167 ], [ 20.5504109, 38.4592727 ], [ 20.5505481, 38.4590696 ], [ 20.5502756, 38.458968 ], [ 20.5501046, 38.4589342 ], [ 20.5501422, 38.4588606 ], [ 20.5498095, 38.4587899 ], [ 20.5494862, 38.4588385 ], [ 20.5492982, 38.4588885 ], [ 20.5492024, 38.4590195 ], [ 20.5495576, 38.45918 ] ] ] } },
{ "type": "Feature", "properties": { "element": "way", "id": 288168560, "historic": null, "name": null, "tourism": null, "access": null, "amenity": null, "fee": null, "parking": null, "board_type": null, "information": null, "check_date": null, "source": "survey;bing", "name:ru": null, "website": null, "addr:country": null, "addr:place": null, "air_conditioning": null, "description": null, "email": null, "internet_access": null, "internet_access:fee": null, "payment:cash": null, "payment:mastercard": null, "payment:visa": null, "phone": null, "natural": null, "leaf_type": null, "surface": null, "building": null, "abandoned": null, "landuse": "residential", "religion": null, "addr:housename": null, "contact:email": null, "contact:phone": null, "opening_hours": null, "shop": null, "leisure": null, "type": null, "label": "landuse:residential" }, "geometry": { "type": "Polygon", "coordinates": [ [ [ 20.5484514, 38.4588654 ], [ 20.5484403, 38.4586239 ], [ 20.5481386, 38.4586324 ], [ 20.5481497, 38.4588739 ], [ 20.5484514, 38.4588654 ] ] ] } },
{ "type": "Feature", "properties": { "element": "way", "id": 288168561, "historic": null, "name": null, "tourism": null, "access": null, "amenity": null, "fee": null, "parking": null, "board_type": null, "information": null, "check_date": null, "source": "bing", "name:ru": null, "website": null, "addr:country": null, "addr:place": null, "air_conditioning": null, "description": null, "email": null, "internet_access": null, "internet_access:fee": null, "payment:cash": null, "payment:mastercard": null, "payment:visa": null, "phone": null, "natural": null, "leaf_type": null, "surface": null, "building": null, "abandoned": null, "landuse": "residential", "religion": null, "addr:housename": null, "contact:email": null, "contact:phone": null, "opening_hours": null, "shop": null, "leisure": null, "type": null, "label": "landuse:residential" }, "geometry": { "type": "Polygon", "coordinates": [ [ [ 20.5466047, 38.4540004 ], [ 20.5466486, 38.4541119 ], [ 20.5467638, 38.4542176 ], [ 20.5471079, 38.4543256 ], [ 20.5471685, 38.4541262 ], [ 20.5466047, 38.4540004 ] ] ] } },
{ "type": "Feature", "properties": { "element": "way", "id": 288168562, "historic": null, "name": null, "tourism": null, "access": null, "amenity": null, "fee": null, "parking": null, "board_type": null, "information": null, "check_date": null, "source": "survey;bing", "name:ru": null, "website": null, "addr:country": null, "addr:place": null, "air_conditioning": null, "description": null, "email": null, "internet_access": null, "internet_access:fee": null, "payment:cash": null, "payment:mastercard": null, "payment:visa": null, "phone": null, "natural": null, "leaf_type": null, "surface": null, "building": null, "abandoned": null, "landuse": "residential", "religion": null, "addr:housename": null, "contact:email": null, "contact:phone": null, "opening_hours": null, "shop": null, "leisure": null, "type": null, "label": "landuse:residential" }, "geometry": { "type": "Polygon", "coordinates": [ [ [ 20.5471745, 38.4595289 ], [ 20.547661, 38.4596345 ], [ 20.5480157, 38.459549 ], [ 20.5477974, 38.4590517 ], [ 20.5475337, 38.4590885 ], [ 20.5472639, 38.4590933 ], [ 20.5471745, 38.4595289 ] ] ] } },
{ "type": "Feature", "properties": { "element": "way", "id": 288168563, "historic": null, "name": null, "tourism": null, "access": null, "amenity": null, "fee": null, "parking": null, "board_type": null, "information": null, "check_date": null, "source": "survey;bing", "name:ru": null, "website": null, "addr:country": null, "addr:place": null, "air_conditioning": null, "description": null, "email": null, "internet_access": null, "internet_access:fee": null, "payment:cash": null, "payment:mastercard": null, "payment:visa": null, "phone": null, "natural": null, "leaf_type": null, "surface": null, "building": null, "abandoned": null, "landuse": "residential", "religion": null, "addr:housename": null, "contact:email": null, "contact:phone": null, "opening_hours": null, "shop": null, "leisure": null, "type": null, "label": "landuse:residential" }, "geometry": { "type": "Polygon", "coordinates": [ [ [ 20.5478631, 38.4589738 ], [ 20.5478717, 38.4589595 ], [ 20.5478513, 38.4587304 ], [ 20.5478192, 38.4587027 ], [ 20.5476766, 38.4586843 ], [ 20.5476627, 38.4590065 ], [ 20.5478631, 38.4589738 ] ] ] } },
{ "type": "Feature", "properties": { "element": "way", "id": 288168564, "historic": null, "name": null, "tourism": null, "access": null, "amenity": null, "fee": null, "parking": null, "board_type": null, "information": null, "check_date": null, "source": "survey;bing", "name:ru": null, "website": null, "addr:country": null, "addr:place": null, "air_conditioning": null, "description": null, "email": null, "internet_access": null, "internet_access:fee": null, "payment:cash": null, "payment:mastercard": null, "payment:visa": null, "phone": null, "natural": null, "leaf_type": null, "surface": null, "building": null, "abandoned": null, "landuse": "residential", "religion": null, "addr:housename": null, "contact:email": null, "contact:phone": null, "opening_hours": null, "shop": null, "leisure": null, "type": null, "label": "landuse:residential" }, "geometry": { "type": "Polygon", "coordinates": [ [ [ 20.5515258, 38.4588051 ], [ 20.5514332, 38.4590879 ], [ 20.5514085, 38.4591882 ], [ 20.5513239, 38.4593833 ], [ 20.5517759, 38.4594747 ], [ 20.551833, 38.4593168 ], [ 20.5518731, 38.4588232 ], [ 20.5515258, 38.4588051 ] ] ] } },
{ "type": "Feature", "properties": { "element": "way", "id": 288168565, "historic": null, "name": null, "tourism": null, "access": null, "amenity": null, "fee": null, "parking": null, "board_type": null, "information": null, "check_date": null, "source": "survey;bing", "name:ru": null, "website": null, "addr:country": null, "addr:place": null, "air_conditioning": null, "description": null, "email": null, "internet_access": null, "internet_access:fee": null, "payment:cash": null, "payment:mastercard": null, "payment:visa": null, "phone": null, "natural": null, "leaf_type": null, "surface": null, "building": null, "abandoned": null, "landuse": "residential", "religion": null, "addr:housename": null, "contact:email": null, "contact:phone": null, "opening_hours": null, "shop": null, "leisure": null, "type": null, "label": "landuse:residential" }, "geometry": { "type": "Polygon", "coordinates": [ [ [ 20.5503338, 38.4594789 ], [ 20.5503299, 38.4596863 ], [ 20.5503698, 38.4597206 ], [ 20.5505113, 38.4598857 ], [ 20.5506923, 38.459859 ], [ 20.5506823, 38.4597427 ], [ 20.5506643, 38.4595997 ], [ 20.5504688, 38.4593983 ], [ 20.5503338, 38.4594789 ] ] ] } },
{ "type": "Feature", "properties": { "element": "way", "id": 288168567, "historic": null, "name": null, "tourism": null, "access": null, "amenity": "grave_yard", "fee": null, "parking": null, "board_type": null, "information": null, "check_date": null, "source": null, "name:ru": null, "website": null, "addr:country": null, "addr:place": null, "air_conditioning": null, "description": null, "email": null, "internet_access": null, "internet_access:fee": null, "payment:cash": null, "payment:mastercard": null, "payment:visa": null, "phone": null, "natural": null, "leaf_type": null, "surface": null, "building": null, "abandoned": null, "landuse": null, "religion": null, "addr:housename": null, "contact:email": null, "contact:phone": null, "opening_hours": null, "shop": null, "leisure": null, "type": null, "label": "amenity:grave_yard" }, "geometry": { "type": "Polygon", "coordinates": [ [ [ 20.5490111, 38.4589582 ], [ 20.5489544, 38.4589672 ], [ 20.5487954, 38.4589911 ], [ 20.5486855, 38.4590046 ], [ 20.5487679, 38.4593616 ], [ 20.5488888, 38.4592982 ], [ 20.5489217, 38.4592347 ], [ 20.5490111, 38.4589582 ] ] ] } },
{ "type": "Feature", "properties": { "element": "way", "id": 288181982, "historic": null, "name": null, "tourism": null, "access": null, "amenity": null, "fee": null, "parking": null, "board_type": null, "information": null, "check_date": null, "source": null, "name:ru": null, "website": null, "addr:country": null, "addr:place": null, "air_conditioning": null, "description": null, "email": null, "internet_access": null, "internet_access:fee": null, "payment:cash": null, "payment:mastercard": null, "payment:visa": null, "phone": null, "natural": null, "leaf_type": null, "surface": null, "building": "yes", "abandoned": null, "landuse": null, "religion": null, "addr:housename": null, "contact:email": null, "contact:phone": null, "opening_hours": null, "shop": null, "leisure": null, "type": null, "label": "building:yes" }, "geometry": { "type": "Polygon", "coordinates": [ [ [ 20.546347, 38.4584975 ], [ 20.5463447, 38.4584462 ], [ 20.5462346, 38.4584492 ], [ 20.5462369, 38.4585005 ], [ 20.546347, 38.4584975 ] ] ] } },
{ "type": "Feature", "properties": { "element": "way", "id": 288181983, "historic": null, "name": null, "tourism": null, "access": null, "amenity": null, "fee": null, "parking": null, "board_type": null, "information": null, "check_date": null, "source": null, "name:ru": null, "website": null, "addr:country": null, "addr:place": null, "air_conditioning": null, "description": null, "email": null, "internet_access": null, "internet_access:fee": null, "payment:cash": null, "payment:mastercard": null, "payment:visa": null, "phone": null, "natural": null, "leaf_type": null, "surface": null, "building": "yes", "abandoned": null, "landuse": null, "religion": null, "addr:housename": null, "contact:email": null, "contact:phone": null, "opening_hours": null, "shop": null, "leisure": null, "type": null, "label": "building:yes" }, "geometry": { "type": "Polygon", "coordinates": [ [ [ 20.5491775, 38.4592743 ], [ 20.549242, 38.4592253 ], [ 20.5491636, 38.4591621 ], [ 20.5490992, 38.4592112 ], [ 20.5491775, 38.4592743 ] ] ] } },
{ "type": "Feature", "properties": { "element": "way", "id": 288181986, "historic": null, "name": null, "tourism": null, "access": null, "amenity": null, "fee": null, "parking": null, "board_type": null, "information": null, "check_date": null, "source": null, "name:ru": null, "website": null, "addr:country": null, "addr:place": null, "air_conditioning": null, "description": null, "email": null, "internet_access": null, "internet_access:fee": null, "payment:cash": null, "payment:mastercard": null, "payment:visa": null, "phone": null, "natural": null, "leaf_type": null, "surface": null, "building": "yes", "abandoned": null, "landuse": null, "religion": null, "addr:housename": null, "contact:email": null, "contact:phone": null, "opening_hours": null, "shop": null, "leisure": null, "type": null, "label": "building:yes" }, "geometry": { "type": "Polygon", "coordinates": [ [ [ 20.552172, 38.4589522 ], [ 20.5521704, 38.4588624 ], [ 20.5520847, 38.4588634 ], [ 20.5520863, 38.4589531 ], [ 20.552172, 38.4589522 ] ] ] } },
{ "type": "Feature", "properties": { "element": "way", "id": 288181987, "historic": null, "name": null, "tourism": null, "access": null, "amenity": null, "fee": null, "parking": null, "board_type": null, "information": null, "check_date": null, "source": null, "name:ru": null, "website": null, "addr:country": null, "addr:place": null, "air_conditioning": null, "description": null, "email": null, "internet_access": null, "internet_access:fee": null, "payment:cash": null, "payment:mastercard": null, "payment:visa": null, "phone": null, "natural": null, "leaf_type": null, "surface": null, "building": "yes", "abandoned": null, "landuse": null, "religion": null, "addr:housename": null, "contact:email": null, "contact:phone": null, "opening_hours": null, "shop": null, "leisure": null, "type": null, "label": "building:yes" }, "geometry": { "type": "Polygon", "coordinates": [ [ [ 20.5468222, 38.4579609 ], [ 20.5468193, 38.4578835 ], [ 20.54673, 38.4578855 ], [ 20.5467328, 38.4579629 ], [ 20.5468222, 38.4579609 ] ] ] } },
{ "type": "Feature", "properties": { "element": "way", "id": 288181988, "historic": null, "name": null, "tourism": null, "access": null, "amenity": null, "fee": null, "parking": null, "board_type": null, "information": null, "check_date": null, "source": null, "name:ru": null, "website": null, "addr:country": null, "addr:place": null, "air_conditioning": null, "description": null, "email": null, "internet_access": null, "internet_access:fee": null, "payment:cash": null, "payment:mastercard": null, "payment:visa": null, "phone": null, "natural": null, "leaf_type": null, "surface": null, "building": "yes", "abandoned": null, "landuse": null, "religion": null, "addr:housename": null, "contact:email": null, "contact:phone": null, "opening_hours": null, "shop": null, "leisure": null, "type": null, "label": "building:yes" }, "geometry": { "type": "Polygon", "coordinates": [ [ [ 20.5485036, 38.4595461 ], [ 20.5485504, 38.459474 ], [ 20.5484788, 38.4594456 ], [ 20.548432, 38.4595176 ], [ 20.5485036, 38.4595461 ] ] ] } },
{ "type": "Feature", "properties": { "element": "way", "id": 288181989, "historic": null, "name": null, "tourism": null, "access": null, "amenity": null, "fee": null, "parking": null, "board_type": null, "information": null, "check_date": null, "source": null, "name:ru": null, "website": null, "addr:country": null, "addr:place": null, "air_conditioning": null, "description": null, "email": null, "internet_access": null, "internet_access:fee": null, "payment:cash": null, "payment:mastercard": null, "payment:visa": null, "phone": null, "natural": null, "leaf_type": null, "surface": null, "building": "yes", "abandoned": null, "landuse": null, "religion": null, "addr:housename": null, "contact:email": null, "contact:phone": null, "opening_hours": null, "shop": null, "leisure": null, "type": null, "label": "building:yes" }, "geometry": { "type": "Polygon", "coordinates": [ [ [ 20.5464622, 38.4585107 ], [ 20.5464606, 38.4584656 ], [ 20.5463712, 38.4584676 ], [ 20.5463729, 38.4585127 ], [ 20.5464622, 38.4585107 ] ] ] } },
{ "type": "Feature", "properties": { "element": "way", "id": 288181991, "historic": null, "name": null, "tourism": null, "access": null, "amenity": null, "fee": null, "parking": null, "board_type": null, "information": null, "check_date": null, "source": null, "name:ru": null, "website": null, "addr:country": null, "addr:place": null, "air_conditioning": null, "description": null, "email": null, "internet_access": null, "internet_access:fee": null, "payment:cash": null, "payment:mastercard": null, "payment:visa": null, "phone": null, "natural": null, "leaf_type": null, "surface": null, "building": "yes", "abandoned": null, "landuse": null, "religion": null, "addr:housename": null, "contact:email": null, "contact:phone": null, "opening_hours": null, "shop": null, "leisure": null, "type": null, "label": "building:yes" }, "geometry": { "type": "Polygon", "coordinates": [ [ [ 20.5463049, 38.4586669 ], [ 20.5462907, 38.458602 ], [ 20.5462084, 38.4586131 ], [ 20.5462227, 38.458678 ], [ 20.5463049, 38.4586669 ] ] ] } },
{ "type": "Feature", "properties": { "element": "way", "id": 288181992, "historic": null, "name": null, "tourism": null, "access": null, "amenity": null, "fee": null, "parking": null, "board_type": null, "information": null, "check_date": null, "source": null, "name:ru": null, "website": null, "addr:country": null, "addr:place": null, "air_conditioning": null, "description": null, "email": null, "internet_access": null, "internet_access:fee": null, "payment:cash": null, "payment:mastercard": null, "payment:visa": null, "phone": null, "natural": null, "leaf_type": null, "surface": null, "building": "yes", "abandoned": null, "landuse": null, "religion": null, "addr:housename": null, "contact:email": null, "contact:phone": null, "opening_hours": null, "shop": null, "leisure": null, "type": null, "label": "building:yes" }, "geometry": { "type": "Polygon", "coordinates": [ [ [ 20.5464221, 38.4586628 ], [ 20.5464167, 38.4586026 ], [ 20.5463235, 38.4586076 ], [ 20.5463289, 38.4586678 ], [ 20.5464221, 38.4586628 ] ] ] } },
{ "type": "Feature", "properties": { "element": "way", "id": 288181993, "historic": null, "name": null, "tourism": null, "access": null, "amenity": null, "fee": null, "parking": null, "board_type": null, "information": null, "check_date": null, "source": null, "name:ru": null, "website": null, "addr:country": null, "addr:place": null, "air_conditioning": null, "description": null, "email": null, "internet_access": null, "internet_access:fee": null, "payment:cash": null, "payment:mastercard": null, "payment:visa": null, "phone": null, "natural": null, "leaf_type": null, "surface": null, "building": "yes", "abandoned": null, "landuse": null, "religion": null, "addr:housename": null, "contact:email": null, "contact:phone": null, "opening_hours": null, "shop": null, "leisure": null, "type": null, "label": "building:yes" }, "geometry": { "type": "Polygon", "coordinates": [ [ [ 20.547107, 38.4580461 ], [ 20.5470742, 38.4579849 ], [ 20.5470004, 38.4580093 ], [ 20.5470332, 38.4580704 ], [ 20.547107, 38.4580461 ] ] ] } },
{ "type": "Feature", "properties": { "element": "way", "id": 288181995, "historic": null, "name": null, "tourism": null, "access": null, "amenity": null, "fee": null, "parking": null, "board_type": null, "information": null, "check_date": null, "source": null, "name:ru": null, "website": null, "addr:country": null, "addr:place": null, "air_conditioning": null, "description": null, "email": null, "internet_access": null, "internet_access:fee": null, "payment:cash": null, "payment:mastercard": null, "payment:visa": null, "phone": null, "natural": null, "leaf_type": null, "surface": null, "building": "yes", "abandoned": null, "landuse": null, "religion": null, "addr:housename": null, "contact:email": null, "contact:phone": null, "opening_hours": null, "shop": null, "leisure": null, "type": null, "label": "building:yes" }, "geometry": { "type": "Polygon", "coordinates": [ [ [ 20.5464363, 38.4579903 ], [ 20.5464173, 38.4579353 ], [ 20.5462787, 38.4579647 ], [ 20.5462978, 38.4580197 ], [ 20.5464363, 38.4579903 ] ] ] } },
{ "type": "Feature", "properties": { "element": "way", "id": 288181996, "historic": null, "name": null, "tourism": null, "access": null, "amenity": null, "fee": null, "parking": null, "board_type": null, "information": null, "check_date": null, "source": null, "name:ru": null, "website": null, "addr:country": null, "addr:place": null, "air_conditioning": null, "description": null, "email": null, "internet_access": null, "internet_access:fee": null, "payment:cash": null, "payment:mastercard": null, "payment:visa": null, "phone": null, "natural": null, "leaf_type": null, "surface": null, "building": "yes", "abandoned": null, "landuse": null, "religion": null, "addr:housename": null, "contact:email": null, "contact:phone": null, "opening_hours": null, "shop": null, "leisure": null, "type": null, "label": "building:yes" }, "geometry": { "type": "Polygon", "coordinates": [ [ [ 20.5463081, 38.4584225 ], [ 20.5463067, 38.4583382 ], [ 20.546207, 38.4583392 ], [ 20.5462084, 38.4584235 ], [ 20.5463081, 38.4584225 ] ] ] } },
{ "type": "Feature", "properties": { "element": "way", "id": 288181997, "historic": null, "name": null, "tourism": null, "access": null, "amenity": null, "fee": null, "parking": null, "board_type": null, "information": null, "check_date": null, "source": null, "name:ru": null, "website": null, "addr:country": null, "addr:place": null, "air_conditioning": null, "description": null, "email": null, "internet_access": null, "internet_access:fee": null, "payment:cash": null, "payment:mastercard": null, "payment:visa": null, "phone": null, "natural": null, "leaf_type": null, "surface": null, "building": "yes", "abandoned": null, "landuse": null, "religion": null, "addr:housename": null, "contact:email": null, "contact:phone": null, "opening_hours": null, "shop": null, "leisure": null, "type": null, "label": "building:yes" }, "geometry": { "type": "Polygon", "coordinates": [ [ [ 20.5468817, 38.4580045 ], [ 20.5468257, 38.4580234 ], [ 20.5468619, 38.4580893 ], [ 20.546918, 38.4580704 ], [ 20.5468817, 38.4580045 ] ] ] } },
{ "type": "Feature", "properties": { "element": "way", "id": 288181998, "historic": null, "name": null, "tourism": null, "access": null, "amenity": null, "fee": null, "parking": null, "board_type": null, "information": null, "check_date": null, "source": null, "name:ru": null, "website": null, "addr:country": null, "addr:place": null, "air_conditioning": null, "description": null, "email": null, "internet_access": null, "internet_access:fee": null, "payment:cash": null, "payment:mastercard": null, "payment:visa": null, "phone": null, "natural": null, "leaf_type": null, "surface": null, "building": "yes", "abandoned": null, "landuse": null, "religion": null, "addr:housename": null, "contact:email": null, "contact:phone": null, "opening_hours": null, "shop": null, "leisure": null, "type": null, "label": "building:yes" }, "geometry": { "type": "Polygon", "coordinates": [ [ [ 20.5462037, 38.4587969 ], [ 20.546201, 38.4587151 ], [ 20.5460487, 38.4587182 ], [ 20.5460513, 38.4588 ], [ 20.5462037, 38.4587969 ] ] ] } },
{ "type": "Feature", "properties": { "element": "way", "id": 288181999, "historic": null, "name": null, "tourism": null, "access": null, "amenity": null, "fee": null, "parking": null, "board_type": null, "information": null, "check_date": null, "source": null, "name:ru": null, "website": null, "addr:country": null, "addr:place": null, "air_conditioning": null, "description": null, "email": null, "internet_access": null, "internet_access:fee": null, "payment:cash": null, "payment:mastercard": null, "payment:visa": null, "phone": null, "natural": null, "leaf_type": null, "surface": null, "building": "yes", "abandoned": null, "landuse": null, "religion": null, "addr:housename": null, "contact:email": null, "contact:phone": null, "opening_hours": null, "shop": null, "leisure": null, "type": null, "label": "building:yes" }, "geometry": { "type": "Polygon", "coordinates": [ [ [ 20.5467237, 38.4578792 ], [ 20.5467224, 38.4577575 ], [ 20.5466293, 38.4577581 ], [ 20.5466306, 38.4578798 ], [ 20.5467237, 38.4578792 ] ] ] } },
{ "type": "Feature", "properties": { "element": "way", "id": 288182001, "historic": null, "name": null, "tourism": null, "access": null, "amenity": null, "fee": null, "parking": null, "board_type": null, "information": null, "check_date": null, "source": null, "name:ru": null, "website": null, "addr:country": null, "addr:place": null, "air_conditioning": null, "description": null, "email": null, "internet_access": null, "internet_access:fee": null, "payment:cash": null, "payment:mastercard": null, "payment:visa": null, "phone": null, "natural": null, "leaf_type": null, "surface": null, "building": "yes", "abandoned": null, "landuse": null, "religion": null, "addr:housename": null, "contact:email": null, "contact:phone": null, "opening_hours": null, "shop": null, "leisure": null, "type": null, "label": "building:yes" }, "geometry": { "type": "Polygon", "coordinates": [ [ [ 20.546347, 38.4585715 ], [ 20.5463282, 38.4585274 ], [ 20.5462466, 38.4585487 ], [ 20.5462654, 38.4585928 ], [ 20.546347, 38.4585715 ] ] ] } },
{ "type": "Feature", "properties": { "element": "way", "id": 288182002, "historic": null, "name": null, "tourism": null, "access": null, "amenity": null, "fee": null, "parking": null, "board_type": null, "information": null, "check_date": null, "source": null, "name:ru": null, "website": null, "addr:country": null, "addr:place": null, "air_conditioning": null, "description": null, "email": null, "internet_access": null, "internet_access:fee": null, "payment:cash": null, "payment:mastercard": null, "payment:visa": null, "phone": null, "natural": null, "leaf_type": null, "surface": null, "building": "yes", "abandoned": null, "landuse": null, "religion": null, "addr:housename": null, "contact:email": null, "contact:phone": null, "opening_hours": null, "shop": null, "leisure": null, "type": null, "label": "building:yes" }, "geometry": { "type": "Polygon", "coordinates": [ [ [ 20.5487836, 38.4596879 ], [ 20.5489338, 38.4596971 ], [ 20.5489389, 38.4596463 ], [ 20.5487887, 38.4596371 ], [ 20.5487836, 38.4596879 ] ] ] } },
{ "type": "Feature", "properties": { "element": "way", "id": 288182003, "historic": null, "name": null, "tourism": null, "access": null, "amenity": null, "fee": null, "parking": null, "board_type": null, "information": null, "check_date": null, "source": null, "name:ru": null, "website": null, "addr:country": null, "addr:place": null, "air_conditioning": null, "description": null, "email": null, "internet_access": null, "internet_access:fee": null, "payment:cash": null, "payment:mastercard": null, "payment:visa": null, "phone": null, "natural": null, "leaf_type": null, "surface": null, "building": "yes", "abandoned": null, "landuse": null, "religion": null, "addr:housename": null, "contact:email": null, "contact:phone": null, "opening_hours": null, "shop": null, "leisure": null, "type": null, "label": "building:yes" }, "geometry": { "type": "Polygon", "coordinates": [ [ [ 20.5470226, 38.4581052 ], [ 20.546985, 38.4580301 ], [ 20.5469232, 38.4580491 ], [ 20.5469607, 38.4581241 ], [ 20.5470226, 38.4581052 ] ] ] } },
{ "type": "Feature", "properties": { "element": "way", "id": 288182023, "historic": null, "name": null, "tourism": null, "access": null, "amenity": null, "fee": null, "parking": null, "board_type": null, "information": null, "check_date": null, "source": "survey;bing", "name:ru": null, "website": null, "addr:country": null, "addr:place": null, "air_conditioning": null, "description": null, "email": null, "internet_access": null, "internet_access:fee": null, "payment:cash": null, "payment:mastercard": null, "payment:visa": null, "phone": null, "natural": null, "leaf_type": null, "surface": null, "building": null, "abandoned": null, "landuse": "residential", "religion": null, "addr:housename": null, "contact:email": null, "contact:phone": null, "opening_hours": null, "shop": null, "leisure": null, "type": null, "label": "landuse:residential" }, "geometry": { "type": "Polygon", "coordinates": [ [ [ 20.5462023, 38.4588838 ], [ 20.5464065, 38.4588797 ], [ 20.546883, 38.4587196 ], [ 20.5468597, 38.4586681 ], [ 20.5467121, 38.4583424 ], [ 20.5473285, 38.4581741 ], [ 20.5469426, 38.4575799 ], [ 20.5463703, 38.4576793 ], [ 20.5464791, 38.4577888 ], [ 20.5461398, 38.4579834 ], [ 20.5459035, 38.4580887 ], [ 20.5456711, 38.4581923 ], [ 20.545785, 38.4585229 ], [ 20.5459642, 38.4587707 ], [ 20.5460503, 38.4588869 ], [ 20.5462023, 38.4588838 ] ] ] } },
{ "type": "Feature", "properties": { "element": "way", "id": 288182024, "historic": null, "name": null, "tourism": null, "access": null, "amenity": null, "fee": null, "parking": null, "board_type": null, "information": null, "check_date": null, "source": "survey;bing", "name:ru": null, "website": null, "addr:country": null, "addr:place": null, "air_conditioning": null, "description": null, "email": null, "internet_access": null, "internet_access:fee": null, "payment:cash": null, "payment:mastercard": null, "payment:visa": null, "phone": null, "natural": null, "leaf_type": null, "surface": null, "building": null, "abandoned": null, "landuse": "residential", "religion": null, "addr:housename": null, "contact:email": null, "contact:phone": null, "opening_hours": null, "shop": null, "leisure": null, "type": null, "label": "landuse:residential" }, "geometry": { "type": "Polygon", "coordinates": [ [ [ 20.5504883, 38.4651037 ], [ 20.5503339, 38.4648493 ], [ 20.5502994, 38.4647663 ], [ 20.5501219, 38.4647771 ], [ 20.5500343, 38.4645498 ], [ 20.5497412, 38.4645827 ], [ 20.5494974, 38.4646869 ], [ 20.5493453, 38.4647699 ], [ 20.549578, 38.4649395 ], [ 20.5498315, 38.464889 ], [ 20.5499767, 38.4649287 ], [ 20.5498688, 38.4650606 ], [ 20.5504561, 38.4654231 ], [ 20.5506451, 38.4652932 ], [ 20.5504883, 38.4651037 ] ] ] } },
{ "type": "Feature", "properties": { "element": "way", "id": 288182025, "historic": null, "name": null, "tourism": null, "access": null, "amenity": null, "fee": null, "parking": null, "board_type": null, "information": null, "check_date": null, "source": "survey;bing", "name:ru": null, "website": null, "addr:country": null, "addr:place": null, "air_conditioning": null, "description": null, "email": null, "internet_access": null, "internet_access:fee": null, "payment:cash": null, "payment:mastercard": null, "payment:visa": null, "phone": null, "natural": null, "leaf_type": null, "surface": null, "building": null, "abandoned": null, "landuse": "residential", "religion": null, "addr:housename": null, "contact:email": null, "contact:phone": null, "opening_hours": null, "shop": null, "leisure": null, "type": null, "label": "landuse:residential" }, "geometry": { "type": "Polygon", "coordinates": [ [ [ 20.5530231, 38.4593817 ], [ 20.5531915, 38.459284 ], [ 20.5532096, 38.4589578 ], [ 20.5530517, 38.4590108 ], [ 20.552975, 38.4590497 ], [ 20.5528953, 38.4590438 ], [ 20.5527329, 38.4588448 ], [ 20.552566, 38.4588707 ], [ 20.5524931, 38.4589619 ], [ 20.5525931, 38.4591297 ], [ 20.5524833, 38.4591486 ], [ 20.5524863, 38.4593158 ], [ 20.5525239, 38.4594253 ], [ 20.5527765, 38.4594288 ], [ 20.5529344, 38.4594041 ], [ 20.5530231, 38.4593817 ] ] ] } },
{ "type": "Feature", "properties": { "element": "way", "id": 288182026, "historic": null, "name": null, "tourism": null, "access": null, "amenity": null, "fee": null, "parking": null, "board_type": null, "information": null, "check_date": null, "source": "survey;bing", "name:ru": null, "website": null, "addr:country": null, "addr:place": null, "air_conditioning": null, "description": null, "email": null, "internet_access": null, "internet_access:fee": null, "payment:cash": null, "payment:mastercard": null, "payment:visa": null, "phone": null, "natural": null, "leaf_type": null, "surface": null, "building": null, "abandoned": null, "landuse": "residential", "religion": null, "addr:housename": null, "contact:email": null, "contact:phone": null, "opening_hours": null, "shop": null, "leisure": null, "type": null, "label": "landuse:residential" }, "geometry": { "type": "Polygon", "coordinates": [ [ [ 20.5548533, 38.458703 ], [ 20.5549082, 38.4587318 ], [ 20.5550695, 38.4586149 ], [ 20.5553472, 38.4585029 ], [ 20.5550346, 38.4578813 ], [ 20.5547313, 38.4579567 ], [ 20.5547159, 38.4581047 ], [ 20.55445, 38.4584523 ], [ 20.5543423, 38.4586979 ], [ 20.5543754, 38.4586941 ], [ 20.5544164, 38.4587065 ], [ 20.5544593, 38.4587168 ], [ 20.5547214, 38.4587942 ], [ 20.554755, 38.4587999 ], [ 20.5547946, 38.458698 ], [ 20.5548533, 38.458703 ] ] ] } },
{ "type": "Feature", "properties": { "element": "way", "id": 288182027, "historic": null, "name": null, "tourism": null, "access": null, "amenity": null, "fee": null, "parking": null, "board_type": null, "information": null, "check_date": null, "source": "survey;bing", "name:ru": null, "website": null, "addr:country": null, "addr:place": null, "air_conditioning": null, "description": null, "email": null, "internet_access": null, "internet_access:fee": null, "payment:cash": null, "payment:mastercard": null, "payment:visa": null, "phone": null, "natural": null, "leaf_type": null, "surface": null, "building": null, "abandoned": null, "landuse": "residential", "religion": null, "addr:housename": null, "contact:email": null, "contact:phone": null, "opening_hours": null, "shop": null, "leisure": null, "type": null, "label": "landuse:residential" }, "geometry": { "type": "Polygon", "coordinates": [ [ [ 20.550571, 38.4607884 ], [ 20.5507389, 38.4610141 ], [ 20.55119, 38.4609631 ], [ 20.551165, 38.4612378 ], [ 20.5508317, 38.4615125 ], [ 20.5508141, 38.4621797 ], [ 20.55117, 38.4622464 ], [ 20.5513203, 38.4621561 ], [ 20.5513654, 38.4620084 ], [ 20.5515359, 38.4614497 ], [ 20.5521623, 38.4614988 ], [ 20.5521498, 38.4613104 ], [ 20.5524205, 38.4612653 ], [ 20.5523156, 38.4610386 ], [ 20.5521592, 38.4607766 ], [ 20.5520314, 38.4606302 ], [ 20.5519906, 38.4605516 ], [ 20.5518961, 38.4603695 ], [ 20.5517975, 38.4601131 ], [ 20.551788, 38.4600883 ], [ 20.5514455, 38.4600892 ], [ 20.5513518, 38.4601458 ], [ 20.5511452, 38.4600619 ], [ 20.5507375, 38.4598838 ], [ 20.5506923, 38.459859 ], [ 20.5505113, 38.4598857 ], [ 20.5501375, 38.4600192 ], [ 20.5499596, 38.4598426 ], [ 20.5496689, 38.4601625 ], [ 20.5499395, 38.4604097 ], [ 20.5499345, 38.4605981 ], [ 20.5499922, 38.460657 ], [ 20.5500924, 38.4608826 ], [ 20.550571, 38.4607884 ] ] ] } },
{ "type": "Feature", "properties": { "element": "way", "id": 288182031, "historic": null, "name": null, "tourism": null, "access": null, "amenity": null, "fee": null, "parking": null, "board_type": null, "information": null, "check_date": null, "source": "survey;bing", "name:ru": null, "website": null, "addr:country": null, "addr:place": null, "air_conditioning": null, "description": null, "email": null, "internet_access": null, "internet_access:fee": null, "payment:cash": null, "payment:mastercard": null, "payment:visa": null, "phone": null, "natural": null, "leaf_type": null, "surface": null, "building": null, "abandoned": null, "landuse": "residential", "religion": null, "addr:housename": null, "contact:email": null, "contact:phone": null, "opening_hours": null, "shop": null, "leisure": null, "type": null, "label": "landuse:residential" }, "geometry": { "type": "Polygon", "coordinates": [ [ [ 20.5515228, 38.4597163 ], [ 20.5513503, 38.4595654 ], [ 20.5512975, 38.4595107 ], [ 20.5512773, 38.4597419 ], [ 20.5511452, 38.4600619 ], [ 20.5513518, 38.4601458 ], [ 20.5514455, 38.4600892 ], [ 20.5515228, 38.4597163 ] ] ] } },
{ "type": "Feature", "properties": { "element": "way", "id": 288183783, "historic": null, "name": null, "tourism": null, "access": null, "amenity": null, "fee": null, "parking": null, "board_type": null, "information": null, "check_date": null, "source": "survey;bing", "name:ru": null, "website": null, "addr:country": null, "addr:place": null, "air_conditioning": null, "description": null, "email": null, "internet_access": null, "internet_access:fee": null, "payment:cash": null, "payment:mastercard": null, "payment:visa": null, "phone": null, "natural": null, "leaf_type": null, "surface": null, "building": null, "abandoned": null, "landuse": "residential", "religion": null, "addr:housename": null, "contact:email": null, "contact:phone": null, "opening_hours": null, "shop": null, "leisure": null, "type": null, "label": "landuse:residential" }, "geometry": { "type": "Polygon", "coordinates": [ [ [ 20.5516645, 38.4648743 ], [ 20.5515851, 38.4646275 ], [ 20.5511179, 38.4647196 ], [ 20.5511973, 38.4649665 ], [ 20.5516645, 38.4648743 ] ] ] } },
{ "type": "Feature", "properties": { "element": "way", "id": 288183784, "historic": null, "name": null, "tourism": null, "access": null, "amenity": null, "fee": null, "parking": null, "board_type": null, "information": null, "check_date": null, "source": "survey;bing", "name:ru": null, "website": null, "addr:country": null, "addr:place": null, "air_conditioning": null, "description": null, "email": null, "internet_access": null, "internet_access:fee": null, "payment:cash": null, "payment:mastercard": null, "payment:visa": null, "phone": null, "natural": null, "leaf_type": null, "surface": null, "building": null, "abandoned": null, "landuse": "residential", "religion": null, "addr:housename": null, "contact:email": null, "contact:phone": null, "opening_hours": null, "shop": null, "leisure": null, "type": null, "label": "landuse:residential" }, "geometry": { "type": "Polygon", "coordinates": [ [ [ 20.5467509, 38.459771 ], [ 20.5466744, 38.459593 ], [ 20.5466588, 38.4595568 ], [ 20.5464114, 38.4596221 ], [ 20.5465035, 38.4598362 ], [ 20.5467509, 38.459771 ] ] ] } },
{ "type": "Feature", "properties": { "element": "way", "id": 288183785, "historic": null, "name": null, "tourism": null, "access": null, "amenity": null, "fee": null, "parking": null, "board_type": null, "information": null, "check_date": null, "source": "survey;bing", "name:ru": null, "website": null, "addr:country": null, "addr:place": null, "air_conditioning": null, "description": null, "email": null, "internet_access": null, "internet_access:fee": null, "payment:cash": null, "payment:mastercard": null, "payment:visa": null, "phone": null, "natural": null, "leaf_type": null, "surface": null, "building": null, "abandoned": null, "landuse": "residential", "religion": null, "addr:housename": null, "contact:email": null, "contact:phone": null, "opening_hours": null, "shop": null, "leisure": null, "type": null, "label": "landuse:residential" }, "geometry": { "type": "Polygon", "coordinates": [ [ [ 20.5536588, 38.4585652 ], [ 20.5537219, 38.4584416 ], [ 20.5534137, 38.4583556 ], [ 20.5533114, 38.4584957 ], [ 20.5532783, 38.4585605 ], [ 20.5533941, 38.4585946 ], [ 20.5536588, 38.4585652 ] ] ] } },
{ "type": "Feature", "properties": { "element": "way", "id": 288427914, "historic": null, "name": null, "tourism": null, "access": null, "amenity": null, "fee": null, "parking": null, "board_type": null, "information": null, "check_date": null, "source": "survey;bing", "name:ru": null, "website": null, "addr:country": null, "addr:place": null, "air_conditioning": null, "description": null, "email": null, "internet_access": null, "internet_access:fee": null, "payment:cash": null, "payment:mastercard": null, "payment:visa": null, "phone": null, "natural": "wood", "leaf_type": null, "surface": null, "building": null, "abandoned": null, "landuse": null, "religion": null, "addr:housename": null, "contact:email": null, "contact:phone": null, "opening_hours": null, "shop": null, "leisure": null, "type": null, "label": "natural:wood" }, "geometry": { "type": "Polygon", "coordinates": [ [ [ 20.5568946, 38.4563662 ], [ 20.5562516, 38.4567007 ], [ 20.5559697, 38.4569249 ], [ 20.5561503, 38.4573319 ], [ 20.5569827, 38.4578561 ], [ 20.5573835, 38.457932 ], [ 20.5581895, 38.4579216 ], [ 20.5582711, 38.4582935 ], [ 20.558302, 38.4583264 ], [ 20.5583208, 38.45844 ], [ 20.5583332, 38.458607 ], [ 20.5586073, 38.4585863 ], [ 20.5586462, 38.4588192 ], [ 20.5586458, 38.4588539 ], [ 20.5589262, 38.4587221 ], [ 20.5593846, 38.4584409 ], [ 20.5593419, 38.4583192 ], [ 20.5588909, 38.4583503 ], [ 20.558833, 38.4580353 ], [ 20.5593175, 38.4572048 ], [ 20.559503397380897, 38.457161591845001 ], [ 20.559503397380897, 38.454043773147625 ], [ 20.5591925, 38.4541072 ], [ 20.5576546, 38.454418 ], [ 20.5570008, 38.4561092 ], [ 20.5568946, 38.4563662 ] ] ] } },
{ "type": "Feature", "properties": { "element": "way", "id": 288597452, "historic": null, "name": "Dafnooudi Apartments Hotel", "tourism": "apartment", "access": null, "amenity": null, "fee": null, "parking": null, "board_type": null, "information": null, "check_date": null, "source": null, "name:ru": null, "website": null, "addr:country": null, "addr:place": null, "air_conditioning": null, "description": null, "email": null, "internet_access": null, "internet_access:fee": null, "payment:cash": null, "payment:mastercard": null, "payment:visa": null, "phone": null, "natural": null, "leaf_type": null, "surface": null, "building": null, "abandoned": null, "landuse": null, "religion": null, "addr:housename": null, "contact:email": null, "contact:phone": null, "opening_hours": null, "shop": null, "leisure": null, "type": null, "label": "tourism:apartment" }, "geometry": { "type": "Polygon", "coordinates": [ [ [ 20.5519906, 38.4605516 ], [ 20.5518961, 38.4603695 ], [ 20.5517975, 38.4601131 ], [ 20.5515804, 38.4601532 ], [ 20.5515624, 38.4602477 ], [ 20.5517227, 38.4606401 ], [ 20.5519762, 38.4605577 ], [ 20.5519906, 38.4605516 ] ] ] } },
{ "type": "Feature", "properties": { "element": "way", "id": 288597453, "historic": null, "name": null, "tourism": null, "access": null, "amenity": null, "fee": null, "parking": null, "board_type": null, "information": null, "check_date": null, "source": "survey;bing", "name:ru": null, "website": null, "addr:country": null, "addr:place": null, "air_conditioning": null, "description": null, "email": null, "internet_access": null, "internet_access:fee": null, "payment:cash": null, "payment:mastercard": null, "payment:visa": null, "phone": null, "natural": null, "leaf_type": null, "surface": null, "building": "residential", "abandoned": null, "landuse": null, "religion": null, "addr:housename": "Anna's House", "contact:email": null, "contact:phone": null, "opening_hours": null, "shop": null, "leisure": null, "type": null, "label": "building:residential" }, "geometry": { "type": "Polygon", "coordinates": [ [ [ 20.5512236, 38.4617017 ], [ 20.5512198, 38.4617719 ], [ 20.551371, 38.4617769 ], [ 20.5513748, 38.4617067 ], [ 20.5513382, 38.4617055 ], [ 20.5513422, 38.4616305 ], [ 20.5512679, 38.461628 ], [ 20.5512639, 38.4617031 ], [ 20.5512236, 38.4617017 ] ] ] } },
{ "type": "Feature", "properties": { "element": "way", "id": 288597457, "historic": null, "name": null, "tourism": null, "access": null, "amenity": null, "fee": null, "parking": null, "board_type": null, "information": null, "check_date": null, "source": "survey;bing", "name:ru": null, "website": null, "addr:country": null, "addr:place": null, "air_conditioning": null, "description": null, "email": null, "internet_access": null, "internet_access:fee": null, "payment:cash": null, "payment:mastercard": null, "payment:visa": null, "phone": null, "natural": null, "leaf_type": null, "surface": null, "building": "residential", "abandoned": null, "landuse": null, "religion": null, "addr:housename": "Villa Ellie", "contact:email": null, "contact:phone": null, "opening_hours": null, "shop": null, "leisure": null, "type": null, "label": "building:residential" }, "geometry": { "type": "Polygon", "coordinates": [ [ [ 20.5512011, 38.4618622 ], [ 20.5510439, 38.4618622 ], [ 20.5510439, 38.4620434 ], [ 20.5512011, 38.4620434 ], [ 20.5512011, 38.4618622 ] ] ] } },
{ "type": "Feature", "properties": { "element": "way", "id": 288597459, "historic": null, "name": null, "tourism": null, "access": null, "amenity": null, "fee": null, "parking": null, "board_type": null, "information": null, "check_date": null, "source": "survey;bing", "name:ru": null, "website": null, "addr:country": null, "addr:place": null, "air_conditioning": null, "description": null, "email": null, "internet_access": null, "internet_access:fee": null, "payment:cash": null, "payment:mastercard": null, "payment:visa": null, "phone": null, "natural": null, "leaf_type": null, "surface": null, "building": "residential", "abandoned": null, "landuse": null, "religion": null, "addr:housename": "Villa Marmaniolos", "contact:email": null, "contact:phone": null, "opening_hours": null, "shop": null, "leisure": null, "type": null, "label": "building:residential" }, "geometry": { "type": "Polygon", "coordinates": [ [ [ 20.5513791, 38.4615625 ], [ 20.5514055, 38.4615067 ], [ 20.5513731, 38.4614973 ], [ 20.5513954, 38.4614499 ], [ 20.5513243, 38.4614294 ], [ 20.551302, 38.4614768 ], [ 20.551269, 38.4614672 ], [ 20.5512426, 38.4615231 ], [ 20.5513791, 38.4615625 ] ] ] } },
{ "type": "Feature", "properties": { "element": "way", "id": 288597461, "historic": null, "name": "Astragalia Restaurant", "tourism": null, "access": null, "amenity": "restaurant", "fee": null, "parking": null, "board_type": null, "information": null, "check_date": null, "source": null, "name:ru": null, "website": "https://astragaliarestaurant.com/", "addr:country": null, "addr:place": null, "air_conditioning": null, "description": null, "email": null, "internet_access": null, "internet_access:fee": null, "payment:cash": null, "payment:mastercard": null, "payment:visa": null, "phone": null, "natural": null, "leaf_type": null, "surface": null, "building": "yes", "abandoned": null, "landuse": null, "religion": null, "addr:housename": null, "contact:email": "info@astragaliarestaurant.com", "contact:phone": "+30 697 601 5660", "opening_hours": "Mo-Su 10:00-22:00", "shop": null, "leisure": null, "type": null, "label": "building:yes;amenity:restaurant" }, "geometry": { "type": "Polygon", "coordinates": [ [ [ 20.5531232, 38.4622692 ], [ 20.553111, 38.4621673 ], [ 20.5530034, 38.4621753 ], [ 20.5530157, 38.4622772 ], [ 20.5531232, 38.4622692 ] ] ] } },
{ "type": "Feature", "properties": { "element": "way", "id": 288597464, "historic": null, "name": "The Old Stone House", "tourism": null, "access": null, "amenity": "restaurant", "fee": null, "parking": null, "board_type": null, "information": null, "check_date": null, "source": null, "name:ru": null, "website": null, "addr:country": null, "addr:place": null, "air_conditioning": null, "description": null, "email": null, "internet_access": null, "internet_access:fee": null, "payment:cash": null, "payment:mastercard": null, "payment:visa": null, "phone": null, "natural": null, "leaf_type": null, "surface": null, "building": "yes", "abandoned": null, "landuse": null, "religion": null, "addr:housename": null, "contact:email": null, "contact:phone": null, "opening_hours": null, "shop": null, "leisure": null, "type": null, "label": "building:yes;amenity:restaurant" }, "geometry": { "type": "Polygon", "coordinates": [ [ [ 20.5528614, 38.462247 ], [ 20.5527321, 38.4622548 ], [ 20.5527463, 38.4623994 ], [ 20.5528756, 38.4623916 ], [ 20.5528614, 38.462247 ] ] ] } },
{ "type": "Feature", "properties": { "element": "way", "id": 288597466, "historic": null, "name": null, "tourism": null, "access": null, "amenity": null, "fee": null, "parking": null, "board_type": null, "information": null, "check_date": null, "source": null, "name:ru": null, "website": null, "addr:country": null, "addr:place": null, "air_conditioning": null, "description": null, "email": null, "internet_access": null, "internet_access:fee": null, "payment:cash": null, "payment:mastercard": null, "payment:visa": null, "phone": null, "natural": null, "leaf_type": null, "surface": null, "building": "yes", "abandoned": null, "landuse": null, "religion": null, "addr:housename": null, "contact:email": null, "contact:phone": null, "opening_hours": null, "shop": null, "leisure": null, "type": null, "label": "building:yes" }, "geometry": { "type": "Polygon", "coordinates": [ [ [ 20.5506546, 38.4608226 ], [ 20.5508177, 38.4607991 ], [ 20.5508034, 38.4607383 ], [ 20.5506403, 38.4607619 ], [ 20.5506546, 38.4608226 ] ] ] } },
{ "type": "Feature", "properties": { "element": "way", "id": 288597468, "historic": null, "name": null, "tourism": null, "access": null, "amenity": null, "fee": null, "parking": null, "board_type": null, "information": null, "check_date": null, "source": null, "name:ru": null, "website": null, "addr:country": null, "addr:place": null, "air_conditioning": null, "description": null, "email": null, "internet_access": null, "internet_access:fee": null, "payment:cash": null, "payment:mastercard": null, "payment:visa": null, "phone": null, "natural": null, "leaf_type": null, "surface": null, "building": "yes", "abandoned": null, "landuse": null, "religion": null, "addr:housename": null, "contact:email": null, "contact:phone": null, "opening_hours": null, "shop": null, "leisure": null, "type": null, "label": "building:yes" }, "geometry": { "type": "Polygon", "coordinates": [ [ [ 20.5510053, 38.4608076 ], [ 20.5509987, 38.4607159 ], [ 20.5509201, 38.4607194 ], [ 20.5509267, 38.4608111 ], [ 20.5510053, 38.4608076 ] ] ] } },
{ "type": "Feature", "properties": { "element": "way", "id": 288597470, "historic": null, "name": null, "tourism": null, "access": null, "amenity": null, "fee": null, "parking": null, "board_type": null, "information": null, "check_date": null, "source": null, "name:ru": null, "website": null, "addr:country": null, "addr:place": null, "air_conditioning": null, "description": null, "email": null, "internet_access": null, "internet_access:fee": null, "payment:cash": null, "payment:mastercard": null, "payment:visa": null, "phone": null, "natural": null, "leaf_type": null, "surface": null, "building": "yes", "abandoned": null, "landuse": null, "religion": null, "addr:housename": null, "contact:email": null, "contact:phone": null, "opening_hours": null, "shop": null, "leisure": null, "type": null, "label": "building:yes" }, "geometry": { "type": "Polygon", "coordinates": [ [ [ 20.5519482, 38.4597017 ], [ 20.5519661, 38.4596201 ], [ 20.5518824, 38.4596088 ], [ 20.5518645, 38.4596905 ], [ 20.5519482, 38.4597017 ] ] ] } },
{ "type": "Feature", "properties": { "element": "way", "id": 288597472, "historic": null, "name": null, "tourism": null, "access": null, "amenity": null, "fee": null, "parking": null, "board_type": null, "information": null, "check_date": null, "source": null, "name:ru": null, "website": null, "addr:country": null, "addr:place": null, "air_conditioning": null, "description": null, "email": null, "internet_access": null, "internet_access:fee": null, "payment:cash": null, "payment:mastercard": null, "payment:visa": null, "phone": null, "natural": null, "leaf_type": null, "surface": null, "building": "yes", "abandoned": null, "landuse": null, "religion": null, "addr:housename": null, "contact:email": null, "contact:phone": null, "opening_hours": null, "shop": null, "leisure": null, "type": null, "label": "building:yes" }, "geometry": { "type": "Polygon", "coordinates": [ [ [ 20.5525623, 38.4607535 ], [ 20.5524843, 38.4606967 ], [ 20.5523898, 38.4607763 ], [ 20.5524678, 38.4608331 ], [ 20.5525623, 38.4607535 ] ] ] } },
{ "type": "Feature", "properties": { "element": "way", "id": 288597473, "historic": null, "name": null, "tourism": null, "access": null, "amenity": null, "fee": null, "parking": null, "board_type": null, "information": null, "check_date": null, "source": null, "name:ru": null, "website": null, "addr:country": null, "addr:place": null, "air_conditioning": null, "description": null, "email": null, "internet_access": null, "internet_access:fee": null, "payment:cash": null, "payment:mastercard": null, "payment:visa": null, "phone": null, "natural": null, "leaf_type": null, "surface": null, "building": "yes", "abandoned": null, "landuse": null, "religion": null, "addr:housename": null, "contact:email": null, "contact:phone": null, "opening_hours": null, "shop": null, "leisure": null, "type": null, "label": "building:yes" }, "geometry": { "type": "Polygon", "coordinates": [ [ [ 20.5516313, 38.4622246 ], [ 20.5516337, 38.4621628 ], [ 20.5514928, 38.4621593 ], [ 20.5514903, 38.4622211 ], [ 20.5516313, 38.4622246 ] ] ] } },
{ "type": "Feature", "properties": { "element": "way", "id": 288597474, "historic": null, "name": null, "tourism": null, "access": null, "amenity": null, "fee": null, "parking": null, "board_type": null, "information": null, "check_date": null, "source": null, "name:ru": null, "website": null, "addr:country": null, "addr:place": null, "air_conditioning": null, "description": null, "email": null, "internet_access": null, "internet_access:fee": null, "payment:cash": null, "payment:mastercard": null, "payment:visa": null, "phone": null, "natural": null, "leaf_type": null, "surface": null, "building": "yes", "abandoned": null, "landuse": null, "religion": null, "addr:housename": null, "contact:email": null, "contact:phone": null, "opening_hours": null, "shop": null, "leisure": null, "type": null, "label": "building:yes" }, "geometry": { "type": "Polygon", "coordinates": [ [ [ 20.5510853, 38.4604134 ], [ 20.5510774, 38.4603092 ], [ 20.550919, 38.4603166 ], [ 20.550927, 38.4604208 ], [ 20.5510853, 38.4604134 ] ] ] } },
{ "type": "Feature", "properties": { "element": "way", "id": 288597475, "historic": null, "name": null, "tourism": null, "access": null, "amenity": null, "fee": null, "parking": null, "board_type": null, "information": null, "check_date": null, "source": null, "name:ru": null, "website": null, "addr:country": null, "addr:place": null, "air_conditioning": null, "description": null, "email": null, "internet_access": null, "internet_access:fee": null, "payment:cash": null, "payment:mastercard": null, "payment:visa": null, "phone": null, "natural": null, "leaf_type": null, "surface": null, "building": "yes", "abandoned": null, "landuse": null, "religion": null, "addr:housename": null, "contact:email": null, "contact:phone": null, "opening_hours": null, "shop": null, "leisure": null, "type": null, "label": "building:yes" }, "geometry": { "type": "Polygon", "coordinates": [ [ [ 20.553122, 38.4624225 ], [ 20.5531118, 38.4623239 ], [ 20.5530217, 38.4623296 ], [ 20.5530319, 38.4624282 ], [ 20.553122, 38.4624225 ] ] ] } },
{ "type": "Feature", "properties": { "element": "way", "id": 288597477, "historic": null, "name": null, "tourism": null, "access": null, "amenity": null, "fee": null, "parking": null, "board_type": null, "information": null, "check_date": null, "source": null, "name:ru": null, "website": null, "addr:country": null, "addr:place": null, "air_conditioning": null, "description": null, "email": null, "internet_access": null, "internet_access:fee": null, "payment:cash": null, "payment:mastercard": null, "payment:visa": null, "phone": null, "natural": null, "leaf_type": null, "surface": null, "building": "yes", "abandoned": null, "landuse": null, "religion": null, "addr:housename": null, "contact:email": null, "contact:phone": null, "opening_hours": null, "shop": null, "leisure": null, "type": null, "label": "building:yes" }, "geometry": { "type": "Polygon", "coordinates": [ [ [ 20.5534588, 38.4623508 ], [ 20.5534554, 38.4622934 ], [ 20.5533701, 38.4622966 ], [ 20.5533736, 38.462354 ], [ 20.5534588, 38.4623508 ] ] ] } },
{ "type": "Feature", "properties": { "element": "way", "id": 288597478, "historic": null, "name": null, "tourism": null, "access": null, "amenity": null, "fee": null, "parking": null, "board_type": null, "information": null, "check_date": null, "source": null, "name:ru": null, "website": null, "addr:country": null, "addr:place": null, "air_conditioning": null, "description": null, "email": null, "internet_access": null, "internet_access:fee": null, "payment:cash": null, "payment:mastercard": null, "payment:visa": null, "phone": null, "natural": null, "leaf_type": null, "surface": null, "building": "yes", "abandoned": null, "landuse": null, "religion": null, "addr:housename": null, "contact:email": null, "contact:phone": null, "opening_hours": null, "shop": null, "leisure": null, "type": null, "label": "building:yes" }, "geometry": { "type": "Polygon", "coordinates": [ [ [ 20.5529843, 38.4626938 ], [ 20.5528432, 38.4627146 ], [ 20.5528618, 38.4627922 ], [ 20.553003, 38.4627713 ], [ 20.5529843, 38.4626938 ] ] ] } },
{ "type": "Feature", "properties": { "element": "way", "id": 288597479, "historic": null, "name": null, "tourism": null, "access": null, "amenity": null, "fee": null, "parking": null, "board_type": null, "information": null, "check_date": null, "source": null, "name:ru": null, "website": null, "addr:country": null, "addr:place": null, "air_conditioning": null, "description": null, "email": null, "internet_access": null, "internet_access:fee": null, "payment:cash": null, "payment:mastercard": null, "payment:visa": null, "phone": null, "natural": null, "leaf_type": null, "surface": null, "building": "yes", "abandoned": null, "landuse": null, "religion": null, "addr:housename": null, "contact:email": null, "contact:phone": null, "opening_hours": null, "shop": null, "leisure": null, "type": null, "label": "building:yes" }, "geometry": { "type": "Polygon", "coordinates": [ [ [ 20.5529657, 38.461789 ], [ 20.5528894, 38.461816 ], [ 20.5529283, 38.4618835 ], [ 20.5530046, 38.4618566 ], [ 20.5529657, 38.461789 ] ] ] } },
{ "type": "Feature", "properties": { "element": "way", "id": 288597481, "historic": null, "name": null, "tourism": null, "access": null, "amenity": null, "fee": null, "parking": null, "board_type": null, "information": null, "check_date": null, "source": null, "name:ru": null, "website": null, "addr:country": null, "addr:place": null, "air_conditioning": null, "description": null, "email": null, "internet_access": null, "internet_access:fee": null, "payment:cash": null, "payment:mastercard": null, "payment:visa": null, "phone": null, "natural": null, "leaf_type": null, "surface": null, "building": "yes", "abandoned": null, "landuse": null, "religion": null, "addr:housename": null, "contact:email": null, "contact:phone": null, "opening_hours": null, "shop": null, "leisure": null, "type": null, "label": "building:yes" }, "geometry": { "type": "Polygon", "coordinates": [ [ [ 20.5515601, 38.4608785 ], [ 20.5514443, 38.460877 ], [ 20.5514414, 38.4610199 ], [ 20.5515571, 38.4610213 ], [ 20.5515601, 38.4608785 ] ] ] } },
{ "type": "Feature", "properties": { "element": "way", "id": 288597482, "historic": null, "name": null, "tourism": null, "access": null, "amenity": null, "fee": null, "parking": null, "board_type": null, "information": null, "check_date": null, "source": null, "name:ru": null, "website": null, "addr:country": null, "addr:place": null, "air_conditioning": null, "description": null, "email": null, "internet_access": null, "internet_access:fee": null, "payment:cash": null, "payment:mastercard": null, "payment:visa": null, "phone": null, "natural": null, "leaf_type": null, "surface": null, "building": "yes", "abandoned": null, "landuse": null, "religion": null, "addr:housename": null, "contact:email": null, "contact:phone": null, "opening_hours": null, "shop": null, "leisure": null, "type": null, "label": "building:yes" }, "geometry": { "type": "Polygon", "coordinates": [ [ [ 20.5514396, 38.4597515 ], [ 20.5514459, 38.4596787 ], [ 20.5513741, 38.4596749 ], [ 20.5513678, 38.4597477 ], [ 20.5514396, 38.4597515 ] ] ] } },
{ "type": "Feature", "properties": { "element": "way", "id": 288597484, "historic": null, "name": null, "tourism": null, "access": null, "amenity": null, "fee": null, "parking": null, "board_type": null, "information": null, "check_date": null, "source": null, "name:ru": null, "website": null, "addr:country": null, "addr:place": null, "air_conditioning": null, "description": null, "email": null, "internet_access": null, "internet_access:fee": null, "payment:cash": null, "payment:mastercard": null, "payment:visa": null, "phone": null, "natural": null, "leaf_type": null, "surface": null, "building": "yes", "abandoned": null, "landuse": null, "religion": null, "addr:housename": null, "contact:email": null, "contact:phone": null, "opening_hours": null, "shop": null, "leisure": null, "type": null, "label": "building:yes" }, "geometry": { "type": "Polygon", "coordinates": [ [ [ 20.5525199, 38.4596212 ], [ 20.552532, 38.4595243 ], [ 20.5524339, 38.4595168 ], [ 20.5524219, 38.4596137 ], [ 20.5525199, 38.4596212 ] ] ] } },
{ "type": "Feature", "properties": { "element": "way", "id": 288597485, "historic": null, "name": null, "tourism": null, "access": null, "amenity": null, "fee": null, "parking": null, "board_type": null, "information": null, "check_date": null, "source": "survey;bing", "name:ru": null, "website": null, "addr:country": null, "addr:place": null, "air_conditioning": null, "description": null, "email": null, "internet_access": null, "internet_access:fee": null, "payment:cash": null, "payment:mastercard": null, "payment:visa": null, "phone": null, "natural": null, "leaf_type": null, "surface": null, "building": "residential", "abandoned": null, "landuse": null, "religion": null, "addr:housename": null, "contact:email": null, "contact:phone": null, "opening_hours": null, "shop": null, "leisure": null, "type": null, "label": "building:residential" }, "geometry": { "type": "Polygon", "coordinates": [ [ [ 20.5511195, 38.4616322 ], [ 20.551038, 38.4616308 ], [ 20.5510336, 38.4617817 ], [ 20.5511151, 38.4617832 ], [ 20.5511195, 38.4616322 ] ] ] } },
{ "type": "Feature", "properties": { "element": "way", "id": 288597486, "historic": null, "name": "The Old School House", "tourism": null, "access": null, "amenity": null, "fee": null, "parking": null, "board_type": null, "information": null, "check_date": null, "source": null, "name:ru": null, "website": null, "addr:country": null, "addr:place": null, "air_conditioning": null, "description": null, "email": null, "internet_access": null, "internet_access:fee": null, "payment:cash": null, "payment:mastercard": null, "payment:visa": null, "phone": null, "natural": null, "leaf_type": null, "surface": null, "building": "yes", "abandoned": null, "landuse": null, "religion": null, "addr:housename": null, "contact:email": null, "contact:phone": null, "opening_hours": null, "shop": null, "leisure": null, "type": null, "label": "building:yes" }, "geometry": { "type": "Polygon", "coordinates": [ [ [ 20.5536064, 38.4629634 ], [ 20.5535866, 38.462886 ], [ 20.5533426, 38.4629242 ], [ 20.5533624, 38.4630016 ], [ 20.5536064, 38.4629634 ] ] ] } },
{ "type": "Feature", "properties": { "element": "way", "id": 288597487, "historic": null, "name": null, "tourism": null, "access": null, "amenity": null, "fee": null, "parking": null, "board_type": null, "information": null, "check_date": null, "source": null, "name:ru": null, "website": null, "addr:country": null, "addr:place": null, "air_conditioning": null, "description": null, "email": null, "internet_access": null, "internet_access:fee": null, "payment:cash": null, "payment:mastercard": null, "payment:visa": null, "phone": null, "natural": null, "leaf_type": null, "surface": null, "building": "yes", "abandoned": null, "landuse": null, "religion": null, "addr:housename": null, "contact:email": null, "contact:phone": null, "opening_hours": null, "shop": null, "leisure": null, "type": null, "label": "building:yes" }, "geometry": { "type": "Polygon", "coordinates": [ [ [ 20.5522164, 38.4611957 ], [ 20.5522634, 38.4611413 ], [ 20.5521586, 38.4610857 ], [ 20.5521115, 38.4611401 ], [ 20.5522164, 38.4611957 ] ] ] } },
{ "type": "Feature", "properties": { "element": "way", "id": 288597488, "historic": null, "name": null, "tourism": null, "access": null, "amenity": null, "fee": null, "parking": null, "board_type": null, "information": null, "check_date": null, "source": null, "name:ru": null, "website": null, "addr:country": null, "addr:place": null, "air_conditioning": null, "description": null, "email": null, "internet_access": null, "internet_access:fee": null, "payment:cash": null, "payment:mastercard": null, "payment:visa": null, "phone": null, "natural": null, "leaf_type": null, "surface": null, "building": "yes", "abandoned": null, "landuse": null, "religion": null, "addr:housename": null, "contact:email": null, "contact:phone": null, "opening_hours": null, "shop": null, "leisure": null, "type": null, "label": "building:yes" }, "geometry": { "type": "Polygon", "coordinates": [ [ [ 20.5507084, 38.4604344 ], [ 20.5505937, 38.4604448 ], [ 20.5506095, 38.4605527 ], [ 20.5507242, 38.4605423 ], [ 20.5507084, 38.4604344 ] ] ] } },
{ "type": "Feature", "properties": { "element": "way", "id": 288597489, "historic": null, "name": null, "tourism": null, "access": null, "amenity": null, "fee": null, "parking": null, "board_type": null, "information": null, "check_date": null, "source": null, "name:ru": null, "website": null, "addr:country": null, "addr:place": null, "air_conditioning": null, "description": null, "email": null, "internet_access": null, "internet_access:fee": null, "payment:cash": null, "payment:mastercard": null, "payment:visa": null, "phone": null, "natural": null, "leaf_type": null, "surface": null, "building": "yes", "abandoned": null, "landuse": null, "religion": null, "addr:housename": null, "contact:email": null, "contact:phone": null, "opening_hours": null, "shop": null, "leisure": null, "type": null, "label": "building:yes" }, "geometry": { "type": "Polygon", "coordinates": [ [ [ 20.5529268, 38.4613891 ], [ 20.5527693, 38.4614007 ], [ 20.5527862, 38.4615411 ], [ 20.5529437, 38.4615294 ], [ 20.5529268, 38.4613891 ] ] ] } },
{ "type": "Feature", "properties": { "element": "way", "id": 288597490, "historic": null, "name": null, "tourism": null, "access": null, "amenity": null, "fee": null, "parking": null, "board_type": null, "information": null, "check_date": null, "source": null, "name:ru": null, "website": null, "addr:country": null, "addr:place": null, "air_conditioning": null, "description": null, "email": null, "internet_access": null, "internet_access:fee": null, "payment:cash": null, "payment:mastercard": null, "payment:visa": null, "phone": null, "natural": null, "leaf_type": null, "surface": null, "building": "yes", "abandoned": null, "landuse": null, "religion": null, "addr:housename": null, "contact:email": null, "contact:phone": null, "opening_hours": null, "shop": null, "leisure": null, "type": null, "label": "building:yes" }, "geometry": { "type": "Polygon", "coordinates": [ [ [ 20.5517047, 38.4602908 ], [ 20.5517538, 38.4602026 ], [ 20.5516797, 38.4601773 ], [ 20.5516306, 38.4602655 ], [ 20.5517047, 38.4602908 ] ] ] } },
{ "type": "Feature", "properties": { "element": "way", "id": 288597492, "historic": null, "name": null, "tourism": null, "access": null, "amenity": null, "fee": null, "parking": null, "board_type": null, "information": null, "check_date": null, "source": null, "name:ru": null, "website": null, "addr:country": null, "addr:place": null, "air_conditioning": null, "description": null, "email": null, "internet_access": null, "internet_access:fee": null, "payment:cash": null, "payment:mastercard": null, "payment:visa": null, "phone": null, "natural": null, "leaf_type": null, "surface": null, "building": "yes", "abandoned": null, "landuse": null, "religion": null, "addr:housename": null, "contact:email": null, "contact:phone": null, "opening_hours": null, "shop": null, "leisure": null, "type": null, "label": "building:yes" }, "geometry": { "type": "Polygon", "coordinates": [ [ [ 20.5514187, 38.4598931 ], [ 20.5513128, 38.4598796 ], [ 20.5512884, 38.459997 ], [ 20.5513944, 38.4600105 ], [ 20.5514187, 38.4598931 ] ] ] } },
{ "type": "Feature", "properties": { "element": "way", "id": 288597493, "historic": null, "name": null, "tourism": null, "access": null, "amenity": null, "fee": null, "parking": null, "board_type": null, "information": null, "check_date": null, "source": null, "name:ru": null, "website": null, "addr:country": null, "addr:place": null, "air_conditioning": null, "description": null, "email": null, "internet_access": null, "internet_access:fee": null, "payment:cash": null, "payment:mastercard": null, "payment:visa": null, "phone": null, "natural": null, "leaf_type": null, "surface": null, "building": "yes", "abandoned": null, "landuse": null, "religion": null, "addr:housename": null, "contact:email": null, "contact:phone": null, "opening_hours": null, "shop": null, "leisure": null, "type": null, "label": "building:yes" }, "geometry": { "type": "Polygon", "coordinates": [ [ [ 20.5518267, 38.4602768 ], [ 20.5517564, 38.4602951 ], [ 20.5517743, 38.4603373 ], [ 20.5518447, 38.4603189 ], [ 20.5518267, 38.4602768 ] ] ] } },
{ "type": "Feature", "properties": { "element": "way", "id": 288597494, "historic": null, "name": null, "tourism": null, "access": null, "amenity": null, "fee": null, "parking": null, "board_type": null, "information": null, "check_date": null, "source": null, "name:ru": null, "website": null, "addr:country": null, "addr:place": null, "air_conditioning": null, "description": null, "email": null, "internet_access": null, "internet_access:fee": null, "payment:cash": null, "payment:mastercard": null, "payment:visa": null, "phone": null, "natural": null, "leaf_type": null, "surface": null, "building": "yes", "abandoned": null, "landuse": null, "religion": null, "addr:housename": null, "contact:email": null, "contact:phone": null, "opening_hours": null, "shop": null, "leisure": null, "type": null, "label": "building:yes" }, "geometry": { "type": "Polygon", "coordinates": [ [ [ 20.5536067, 38.4618751 ], [ 20.5535705, 38.4618205 ], [ 20.5534825, 38.4618562 ], [ 20.5535188, 38.4619109 ], [ 20.5536067, 38.4618751 ] ] ] } },
{ "type": "Feature", "properties": { "element": "way", "id": 288597495, "historic": null, "name": null, "tourism": null, "access": null, "amenity": null, "fee": null, "parking": null, "board_type": null, "information": null, "check_date": null, "source": null, "name:ru": null, "website": null, "addr:country": null, "addr:place": null, "air_conditioning": null, "description": null, "email": null, "internet_access": null, "internet_access:fee": null, "payment:cash": null, "payment:mastercard": null, "payment:visa": null, "phone": null, "natural": null, "leaf_type": null, "surface": null, "building": "yes", "abandoned": null, "landuse": null, "religion": null, "addr:housename": null, "contact:email": null, "contact:phone": null, "opening_hours": null, "shop": null, "leisure": null, "type": null, "label": "building:yes" }, "geometry": { "type": "Polygon", "coordinates": [ [ [ 20.5538841, 38.4617268 ], [ 20.5538331, 38.4616518 ], [ 20.5537536, 38.4616849 ], [ 20.5538046, 38.4617599 ], [ 20.5538841, 38.4617268 ] ] ] } },
{ "type": "Feature", "properties": { "element": "way", "id": 288597496, "historic": null, "name": null, "tourism": null, "access": null, "amenity": null, "fee": null, "parking": null, "board_type": null, "information": null, "check_date": null, "source": null, "name:ru": null, "website": null, "addr:country": null, "addr:place": null, "air_conditioning": null, "description": null, "email": null, "internet_access": null, "internet_access:fee": null, "payment:cash": null, "payment:mastercard": null, "payment:visa": null, "phone": null, "natural": null, "leaf_type": null, "surface": null, "building": "yes", "abandoned": null, "landuse": null, "religion": null, "addr:housename": null, "contact:email": null, "contact:phone": null, "opening_hours": null, "shop": null, "leisure": null, "type": null, "label": "building:yes" }, "geometry": { "type": "Polygon", "coordinates": [ [ [ 20.559503397380897, 38.462567636249588 ], [ 20.559503397380897, 38.462538235449919 ], [ 20.5594798, 38.4624913 ], [ 20.559382, 38.4625215 ], [ 20.5594183, 38.4625938 ], [ 20.559503397380897, 38.462567636249588 ] ] ] } },
{ "type": "Feature", "properties": { "element": "way", "id": 288597497, "historic": null, "name": null, "tourism": null, "access": null, "amenity": null, "fee": null, "parking": null, "board_type": null, "information": null, "check_date": null, "source": null, "name:ru": null, "website": null, "addr:country": null, "addr:place": null, "air_conditioning": null, "description": null, "email": null, "internet_access": null, "internet_access:fee": null, "payment:cash": null, "payment:mastercard": null, "payment:visa": null, "phone": null, "natural": null, "leaf_type": null, "surface": null, "building": "yes", "abandoned": null, "landuse": null, "religion": null, "addr:housename": null, "contact:email": null, "contact:phone": null, "opening_hours": null, "shop": null, "leisure": null, "type": null, "label": "building:yes" }, "geometry": { "type": "Polygon", "coordinates": [ [ [ 20.5518167, 38.4611828 ], [ 20.5516712, 38.4611327 ], [ 20.5515956, 38.4612674 ], [ 20.551741, 38.4613175 ], [ 20.5518167, 38.4611828 ] ] ] } },
{ "type": "Feature", "properties": { "element": "way", "id": 288597498, "historic": null, "name": null, "tourism": null, "access": null, "amenity": null, "fee": null, "parking": null, "board_type": null, "information": null, "check_date": null, "source": null, "name:ru": null, "website": null, "addr:country": null, "addr:place": null, "air_conditioning": null, "description": null, "email": null, "internet_access": null, "internet_access:fee": null, "payment:cash": null, "payment:mastercard": null, "payment:visa": null, "phone": null, "natural": null, "leaf_type": null, "surface": null, "building": "yes", "abandoned": null, "landuse": null, "religion": null, "addr:housename": null, "contact:email": null, "contact:phone": null, "opening_hours": null, "shop": null, "leisure": null, "type": null, "label": "building:yes" }, "geometry": { "type": "Polygon", "coordinates": [ [ [ 20.5525597, 38.4605657 ], [ 20.5525059, 38.4604402 ], [ 20.5524187, 38.4604631 ], [ 20.5524726, 38.4605886 ], [ 20.5525597, 38.4605657 ] ] ] } },
{ "type": "Feature", "properties": { "element": "way", "id": 288597500, "historic": null, "name": null, "tourism": null, "access": null, "amenity": null, "fee": null, "parking": null, "board_type": null, "information": null, "check_date": null, "source": null, "name:ru": null, "website": null, "addr:country": null, "addr:place": null, "air_conditioning": null, "description": null, "email": null, "internet_access": null, "internet_access:fee": null, "payment:cash": null, "payment:mastercard": null, "payment:visa": null, "phone": null, "natural": null, "leaf_type": null, "surface": null, "building": "yes", "abandoned": null, "landuse": null, "religion": null, "addr:housename": null, "contact:email": null, "contact:phone": null, "opening_hours": null, "shop": null, "leisure": null, "type": null, "label": "building:yes" }, "geometry": { "type": "Polygon", "coordinates": [ [ [ 20.5520439, 38.4614195 ], [ 20.5520603, 38.4613654 ], [ 20.5519893, 38.4613521 ], [ 20.5519728, 38.4614063 ], [ 20.5520439, 38.4614195 ] ] ] } },
{ "type": "Feature", "properties": { "element": "way", "id": 288597502, "historic": null, "name": null, "tourism": null, "access": null, "amenity": null, "fee": null, "parking": null, "board_type": null, "information": null, "check_date": null, "source": null, "name:ru": null, "website": null, "addr:country": null, "addr:place": null, "air_conditioning": null, "description": null, "email": null, "internet_access": null, "internet_access:fee": null, "payment:cash": null, "payment:mastercard": null, "payment:visa": null, "phone": null, "natural": null, "leaf_type": null, "surface": null, "building": "yes", "abandoned": null, "landuse": null, "religion": null, "addr:housename": null, "contact:email": null, "contact:phone": null, "opening_hours": null, "shop": null, "leisure": null, "type": null, "label": "building:yes" }, "geometry": { "type": "Polygon", "coordinates": [ [ [ 20.5533371, 38.4623683 ], [ 20.553328, 38.4622921 ], [ 20.5532407, 38.4622984 ], [ 20.5532498, 38.4623746 ], [ 20.5533371, 38.4623683 ] ] ] } },
{ "type": "Feature", "properties": { "element": "way", "id": 288597503, "historic": null, "name": null, "tourism": null, "access": null, "amenity": null, "fee": null, "parking": null, "board_type": null, "information": null, "check_date": null, "source": null, "name:ru": null, "website": null, "addr:country": null, "addr:place": null, "air_conditioning": null, "description": null, "email": null, "internet_access": null, "internet_access:fee": null, "payment:cash": null, "payment:mastercard": null, "payment:visa": null, "phone": null, "natural": null, "leaf_type": null, "surface": null, "building": "yes", "abandoned": null, "landuse": null, "religion": null, "addr:housename": null, "contact:email": null, "contact:phone": null, "opening_hours": null, "shop": null, "leisure": null, "type": null, "label": "building:yes" }, "geometry": { "type": "Polygon", "coordinates": [ [ [ 20.5506181, 38.4602769 ], [ 20.5505271, 38.4602845 ], [ 20.5505429, 38.4604011 ], [ 20.5506339, 38.4603935 ], [ 20.5506181, 38.4602769 ] ] ] } },
{ "type": "Feature", "properties": { "element": "way", "id": 288597504, "historic": null, "name": null, "tourism": null, "access": null, "amenity": null, "fee": null, "parking": null, "board_type": null, "information": null, "check_date": null, "source": null, "name:ru": null, "website": null, "addr:country": null, "addr:place": null, "air_conditioning": null, "description": null, "email": null, "internet_access": null, "internet_access:fee": null, "payment:cash": null, "payment:mastercard": null, "payment:visa": null, "phone": null, "natural": null, "leaf_type": null, "surface": null, "building": "yes", "abandoned": null, "landuse": null, "religion": null, "addr:housename": null, "contact:email": null, "contact:phone": null, "opening_hours": null, "shop": null, "leisure": null, "type": null, "label": "building:yes" }, "geometry": { "type": "Polygon", "coordinates": [ [ [ 20.5510958, 38.4605835 ], [ 20.5510868, 38.4604707 ], [ 20.5509919, 38.4604753 ], [ 20.5510009, 38.4605881 ], [ 20.5510958, 38.4605835 ] ] ] } },
{ "type": "Feature", "properties": { "element": "way", "id": 288597505, "historic": null, "name": null, "tourism": null, "access": null, "amenity": null, "fee": null, "parking": null, "board_type": null, "information": null, "check_date": null, "source": null, "name:ru": null, "website": null, "addr:country": null, "addr:place": null, "air_conditioning": null, "description": null, "email": null, "internet_access": null, "internet_access:fee": null, "payment:cash": null, "payment:mastercard": null, "payment:visa": null, "phone": null, "natural": null, "leaf_type": null, "surface": null, "building": "yes", "abandoned": null, "landuse": null, "religion": null, "addr:housename": null, "contact:email": null, "contact:phone": null, "opening_hours": null, "shop": null, "leisure": null, "type": null, "label": "building:yes" }, "geometry": { "type": "Polygon", "coordinates": [ [ [ 20.5528101, 38.4616698 ], [ 20.5527563, 38.4616951 ], [ 20.5528071, 38.4617613 ], [ 20.5528608, 38.4617361 ], [ 20.5528101, 38.4616698 ] ] ] } },
{ "type": "Feature", "properties": { "element": "way", "id": 288597506, "historic": null, "name": null, "tourism": null, "access": null, "amenity": null, "fee": null, "parking": null, "board_type": null, "information": null, "check_date": null, "source": null, "name:ru": null, "website": null, "addr:country": null, "addr:place": null, "air_conditioning": null, "description": null, "email": null, "internet_access": null, "internet_access:fee": null, "payment:cash": null, "payment:mastercard": null, "payment:visa": null, "phone": null, "natural": null, "leaf_type": null, "surface": null, "building": "yes", "abandoned": null, "landuse": null, "religion": null, "addr:housename": null, "contact:email": null, "contact:phone": null, "opening_hours": null, "shop": null, "leisure": null, "type": null, "label": "building:yes" }, "geometry": { "type": "Polygon", "coordinates": [ [ [ 20.5504169, 38.4605225 ], [ 20.550402, 38.4604582 ], [ 20.5502278, 38.460483 ], [ 20.5502427, 38.4605473 ], [ 20.5504169, 38.4605225 ] ] ] } },
{ "type": "Feature", "properties": { "element": "way", "id": 288597507, "historic": null, "name": null, "tourism": null, "access": null, "amenity": null, "fee": null, "parking": null, "board_type": null, "information": null, "check_date": null, "source": null, "name:ru": null, "website": null, "addr:country": null, "addr:place": null, "air_conditioning": null, "description": null, "email": null, "internet_access": null, "internet_access:fee": null, "payment:cash": null, "payment:mastercard": null, "payment:visa": null, "phone": null, "natural": null, "leaf_type": null, "surface": null, "building": "yes", "abandoned": null, "landuse": null, "religion": null, "addr:housename": null, "contact:email": null, "contact:phone": null, "opening_hours": null, "shop": null, "leisure": null, "type": null, "label": "building:yes" }, "geometry": { "type": "Polygon", "coordinates": [ [ [ 20.5517837, 38.4603545 ], [ 20.5516942, 38.4603768 ], [ 20.5517289, 38.460462 ], [ 20.5518184, 38.4604397 ], [ 20.5517837, 38.4603545 ] ] ] } },
{ "type": "Feature", "properties": { "element": "way", "id": 288597508, "historic": null, "name": null, "tourism": null, "access": null, "amenity": null, "fee": null, "parking": null, "board_type": null, "information": null, "check_date": null, "source": null, "name:ru": null, "website": null, "addr:country": null, "addr:place": null, "air_conditioning": null, "description": null, "email": null, "internet_access": null, "internet_access:fee": null, "payment:cash": null, "payment:mastercard": null, "payment:visa": null, "phone": null, "natural": null, "leaf_type": null, "surface": null, "building": "yes", "abandoned": null, "landuse": null, "religion": null, "addr:housename": null, "contact:email": null, "contact:phone": null, "opening_hours": null, "shop": "convenience", "leisure": null, "type": null, "label": "shop:convenience;building:yes" }, "geometry": { "type": "Polygon", "coordinates": [ [ [ 20.552833, 38.4624902 ], [ 20.5527396, 38.4624857 ], [ 20.5527335, 38.4625636 ], [ 20.5528269, 38.462568 ], [ 20.552833, 38.4624902 ] ] ] } },
{ "type": "Feature", "properties": { "element": "way", "id": 288597509, "historic": null, "name": null, "tourism": null, "access": null, "amenity": "place_of_worship", "fee": null, "parking": null, "board_type": null, "information": null, "check_date": null, "source": null, "name:ru": null, "website": null, "addr:country": null, "addr:place": null, "air_conditioning": null, "description": null, "email": null, "internet_access": null, "internet_access:fee": null, "payment:cash": null, "payment:mastercard": null, "payment:visa": null, "phone": null, "natural": null, "leaf_type": null, "surface": null, "building": "yes", "abandoned": null, "landuse": null, "religion": "christian", "addr:housename": null, "contact:email": null, "contact:phone": null, "opening_hours": null, "shop": null, "leisure": null, "type": null, "label": "building:yes;amenity:place_of_worship" }, "geometry": { "type": "Polygon", "coordinates": [ [ [ 20.5536788, 38.462494 ], [ 20.5536463, 38.462397 ], [ 20.553469, 38.4624334 ], [ 20.5535015, 38.4625304 ], [ 20.5536788, 38.462494 ] ] ] } },
{ "type": "Feature", "properties": { "element": "way", "id": 288597510, "historic": null, "name": null, "tourism": null, "access": null, "amenity": null, "fee": null, "parking": null, "board_type": null, "information": null, "check_date": null, "source": null, "name:ru": null, "website": null, "addr:country": null, "addr:place": null, "air_conditioning": null, "description": null, "email": null, "internet_access": null, "internet_access:fee": null, "payment:cash": null, "payment:mastercard": null, "payment:visa": null, "phone": null, "natural": null, "leaf_type": null, "surface": null, "building": "yes", "abandoned": null, "landuse": null, "religion": null, "addr:housename": null, "contact:email": null, "contact:phone": null, "opening_hours": null, "shop": null, "leisure": null, "type": null, "label": "building:yes" }, "geometry": { "type": "Polygon", "coordinates": [ [ [ 20.5522807, 38.4601531 ], [ 20.5522593, 38.4600674 ], [ 20.5521373, 38.4600861 ], [ 20.5521587, 38.4601718 ], [ 20.5522807, 38.4601531 ] ] ] } },
{ "type": "Feature", "properties": { "element": "way", "id": 288597511, "historic": null, "name": null, "tourism": null, "access": null, "amenity": null, "fee": null, "parking": null, "board_type": null, "information": null, "check_date": null, "source": null, "name:ru": null, "website": null, "addr:country": null, "addr:place": null, "air_conditioning": null, "description": null, "email": null, "internet_access": null, "internet_access:fee": null, "payment:cash": null, "payment:mastercard": null, "payment:visa": null, "phone": null, "natural": null, "leaf_type": null, "surface": null, "building": "yes", "abandoned": null, "landuse": null, "religion": null, "addr:housename": null, "contact:email": null, "contact:phone": null, "opening_hours": null, "shop": null, "leisure": null, "type": null, "label": "building:yes" }, "geometry": { "type": "Polygon", "coordinates": [ [ [ 20.5509618, 38.4601194 ], [ 20.5508779, 38.460113 ], [ 20.5508684, 38.4601886 ], [ 20.5509523, 38.4601951 ], [ 20.5509618, 38.4601194 ] ] ] } },
{ "type": "Feature", "properties": { "element": "way", "id": 288597513, "historic": null, "name": null, "tourism": null, "access": null, "amenity": null, "fee": null, "parking": null, "board_type": null, "information": null, "check_date": null, "source": null, "name:ru": null, "website": null, "addr:country": null, "addr:place": null, "air_conditioning": null, "description": null, "email": null, "internet_access": null, "internet_access:fee": null, "payment:cash": null, "payment:mastercard": null, "payment:visa": null, "phone": null, "natural": null, "leaf_type": null, "surface": null, "building": "yes", "abandoned": null, "landuse": null, "religion": null, "addr:housename": null, "contact:email": null, "contact:phone": null, "opening_hours": null, "shop": null, "leisure": null, "type": null, "label": "building:yes" }, "geometry": { "type": "Polygon", "coordinates": [ [ [ 20.5511954, 38.4609413 ], [ 20.5511875, 38.4608967 ], [ 20.5511211, 38.4609039 ], [ 20.5511066, 38.4608216 ], [ 20.5510399, 38.4608288 ], [ 20.5510623, 38.4609557 ], [ 20.5511954, 38.4609413 ] ] ] } },
{ "type": "Feature", "properties": { "element": "way", "id": 288597514, "historic": null, "name": null, "tourism": null, "access": null, "amenity": null, "fee": null, "parking": null, "board_type": null, "information": null, "check_date": null, "source": null, "name:ru": null, "website": null, "addr:country": null, "addr:place": null, "air_conditioning": null, "description": null, "email": null, "internet_access": null, "internet_access:fee": null, "payment:cash": null, "payment:mastercard": null, "payment:visa": null, "phone": null, "natural": null, "leaf_type": null, "surface": null, "building": "yes", "abandoned": null, "landuse": null, "religion": null, "addr:housename": null, "contact:email": null, "contact:phone": null, "opening_hours": null, "shop": null, "leisure": null, "type": null, "label": "building:yes" }, "geometry": { "type": "Polygon", "coordinates": [ [ [ 20.5522114, 38.4598628 ], [ 20.5521223, 38.4598775 ], [ 20.552151, 38.4599842 ], [ 20.5522401, 38.4599695 ], [ 20.5522114, 38.4598628 ] ] ] } },
{ "type": "Feature", "properties": { "element": "way", "id": 288597515, "historic": null, "name": null, "tourism": null, "access": null, "amenity": null, "fee": null, "parking": null, "board_type": null, "information": null, "check_date": null, "source": null, "name:ru": null, "website": null, "addr:country": null, "addr:place": null, "air_conditioning": null, "description": null, "email": null, "internet_access": null, "internet_access:fee": null, "payment:cash": null, "payment:mastercard": null, "payment:visa": null, "phone": null, "natural": null, "leaf_type": null, "surface": null, "building": "yes", "abandoned": null, "landuse": null, "religion": null, "addr:housename": null, "contact:email": null, "contact:phone": null, "opening_hours": null, "shop": null, "leisure": null, "type": null, "label": "building:yes" }, "geometry": { "type": "Polygon", "coordinates": [ [ [ 20.5518853, 38.4608705 ], [ 20.5519095, 38.4608138 ], [ 20.5518341, 38.4607941 ], [ 20.55181, 38.4608508 ], [ 20.5518853, 38.4608705 ] ] ] } },
{ "type": "Feature", "properties": { "element": "way", "id": 288597518, "historic": null, "name": null, "tourism": null, "access": null, "amenity": null, "fee": null, "parking": null, "board_type": null, "information": null, "check_date": null, "source": null, "name:ru": null, "website": null, "addr:country": null, "addr:place": null, "air_conditioning": null, "description": null, "email": null, "internet_access": null, "internet_access:fee": null, "payment:cash": null, "payment:mastercard": null, "payment:visa": null, "phone": null, "natural": null, "leaf_type": null, "surface": null, "building": "yes", "abandoned": null, "landuse": null, "religion": null, "addr:housename": null, "contact:email": null, "contact:phone": null, "opening_hours": null, "shop": null, "leisure": null, "type": null, "label": "building:yes" }, "geometry": { "type": "Polygon", "coordinates": [ [ [ 20.5521691, 38.4619551 ], [ 20.5521694, 38.4618992 ], [ 20.5520454, 38.4618981 ], [ 20.5520448, 38.4620026 ], [ 20.5521117, 38.4620028 ], [ 20.552112, 38.4619549 ], [ 20.5521691, 38.4619551 ] ] ] } },
{ "type": "Feature", "properties": { "element": "way", "id": 288597519, "historic": null, "name": null, "tourism": null, "access": null, "amenity": null, "fee": null, "parking": null, "board_type": null, "information": null, "check_date": null, "source": null, "name:ru": null, "website": null, "addr:country": null, "addr:place": null, "air_conditioning": null, "description": null, "email": null, "internet_access": null, "internet_access:fee": null, "payment:cash": null, "payment:mastercard": null, "payment:visa": null, "phone": null, "natural": null, "leaf_type": null, "surface": null, "building": "yes", "abandoned": null, "landuse": null, "religion": null, "addr:housename": null, "contact:email": null, "contact:phone": null, "opening_hours": null, "shop": null, "leisure": null, "type": null, "label": "building:yes" }, "geometry": { "type": "Polygon", "coordinates": [ [ [ 20.5520017, 38.4624241 ], [ 20.5520206, 38.4624252 ], [ 20.5520148, 38.4624851 ], [ 20.5520658, 38.4624882 ], [ 20.5520717, 38.4624283 ], [ 20.5521412, 38.4624324 ], [ 20.552146, 38.4623827 ], [ 20.5520065, 38.4623744 ], [ 20.5520017, 38.4624241 ] ] ] } },
{ "type": "Feature", "properties": { "element": "way", "id": 288597533, "historic": null, "name": null, "tourism": null, "access": null, "amenity": null, "fee": null, "parking": null, "board_type": null, "information": null, "check_date": null, "source": "survey;bing", "name:ru": null, "website": null, "addr:country": null, "addr:place": null, "air_conditioning": null, "description": null, "email": null, "internet_access": null, "internet_access:fee": null, "payment:cash": null, "payment:mastercard": null, "payment:visa": null, "phone": null, "natural": null, "leaf_type": null, "surface": null, "building": null, "abandoned": null, "landuse": "residential", "religion": null, "addr:housename": null, "contact:email": null, "contact:phone": null, "opening_hours": null, "shop": null, "leisure": null, "type": null, "label": "landuse:residential" }, "geometry": { "type": "Polygon", "coordinates": [ [ [ 20.5518265, 38.4597328 ], [ 20.5518404, 38.4598675 ], [ 20.5519009, 38.4601143 ], [ 20.5520904, 38.4605063 ], [ 20.552266, 38.4608151 ], [ 20.5525335, 38.4611844 ], [ 20.5527399, 38.4617062 ], [ 20.5528786, 38.461934 ], [ 20.5531627, 38.4620241 ], [ 20.5529462, 38.4615923 ], [ 20.5531526, 38.4615155 ], [ 20.5530477, 38.4612877 ], [ 20.5527466, 38.4612665 ], [ 20.5528278, 38.4610308 ], [ 20.5534604, 38.4606043 ], [ 20.5534739, 38.4602865 ], [ 20.5527263, 38.4602732 ], [ 20.5526857, 38.4600322 ], [ 20.5527094, 38.4597832 ], [ 20.5531356, 38.4597169 ], [ 20.553139, 38.4594733 ], [ 20.5527591, 38.4594901 ], [ 20.5523549, 38.4594638 ], [ 20.5521468, 38.4595331 ], [ 20.5520001, 38.4595304 ], [ 20.5518574, 38.459491 ], [ 20.5518265, 38.4597328 ] ] ] } },
{ "type": "Feature", "properties": { "element": "way", "id": 288597534, "historic": null, "name": null, "tourism": null, "access": null, "amenity": null, "fee": null, "parking": null, "board_type": null, "information": null, "check_date": null, "source": "survey;bing", "name:ru": null, "website": null, "addr:country": null, "addr:place": null, "air_conditioning": null, "description": null, "email": null, "internet_access": null, "internet_access:fee": null, "payment:cash": null, "payment:mastercard": null, "payment:visa": null, "phone": null, "natural": null, "leaf_type": null, "surface": null, "building": null, "abandoned": null, "landuse": "residential", "religion": null, "addr:housename": null, "contact:email": null, "contact:phone": null, "opening_hours": null, "shop": null, "leisure": null, "type": null, "label": "landuse:residential" }, "geometry": { "type": "Polygon", "coordinates": [ [ [ 20.5563052, 38.4627156 ], [ 20.556315, 38.4624369 ], [ 20.5561222, 38.4624001 ], [ 20.5558021, 38.4627193 ], [ 20.5563052, 38.4627156 ] ] ] } },
{ "type": "Feature", "properties": { "element": "way", "id": 288597535, "historic": null, "name": null, "tourism": null, "access": null, "amenity": null, "fee": null, "parking": null, "board_type": null, "information": null, "check_date": null, "source": "survey;bing", "name:ru": null, "website": null, "addr:country": null, "addr:place": null, "air_conditioning": null, "description": null, "email": null, "internet_access": null, "internet_access:fee": null, "payment:cash": null, "payment:mastercard": null, "payment:visa": null, "phone": null, "natural": null, "leaf_type": null, "surface": null, "building": null, "abandoned": null, "landuse": "residential", "religion": null, "addr:housename": null, "contact:email": null, "contact:phone": null, "opening_hours": null, "shop": null, "leisure": null, "type": null, "label": "landuse:residential" }, "geometry": { "type": "Polygon", "coordinates": [ [ [ 20.5593177, 38.4623426 ], [ 20.5592367, 38.4619744 ], [ 20.558817, 38.462031 ], [ 20.558898, 38.4623992 ], [ 20.5593177, 38.4623426 ] ] ] } },
{ "type": "Feature", "properties": { "element": "way", "id": 288597536, "historic": null, "name": null, "tourism": null, "access": null, "amenity": null, "fee": null, "parking": null, "board_type": null, "information": null, "check_date": null, "source": "survey;bing", "name:ru": null, "website": null, "addr:country": null, "addr:place": null, "air_conditioning": null, "description": null, "email": null, "internet_access": null, "internet_access:fee": null, "payment:cash": null, "payment:mastercard": null, "payment:visa": null, "phone": null, "natural": null, "leaf_type": null, "surface": null, "building": null, "abandoned": null, "landuse": "residential", "religion": null, "addr:housename": null, "contact:email": null, "contact:phone": null, "opening_hours": null, "shop": null, "leisure": null, "type": null, "label": "landuse:residential" }, "geometry": { "type": "Polygon", "coordinates": [ [ [ 20.559503397380897, 38.462629802225557 ], [ 20.559503397380897, 38.4624165624301 ], [ 20.5594235, 38.4624063 ], [ 20.5592872, 38.4624501 ], [ 20.5593676, 38.4626787 ], [ 20.559503397380897, 38.462629802225557 ] ] ] } },
{ "type": "Feature", "properties": { "element": "way", "id": 288597539, "historic": null, "name": null, "tourism": null, "access": null, "amenity": null, "fee": null, "parking": null, "board_type": null, "information": null, "check_date": null, "source": "survey;bing", "name:ru": null, "website": null, "addr:country": null, "addr:place": null, "air_conditioning": null, "description": null, "email": null, "internet_access": null, "internet_access:fee": null, "payment:cash": null, "payment:mastercard": null, "payment:visa": null, "phone": null, "natural": null, "leaf_type": null, "surface": null, "building": null, "abandoned": null, "landuse": "residential", "religion": null, "addr:housename": null, "contact:email": null, "contact:phone": null, "opening_hours": null, "shop": null, "leisure": null, "type": null, "label": "landuse:residential" }, "geometry": { "type": "Polygon", "coordinates": [ [ [ 20.554999, 38.46304 ], [ 20.5544398, 38.4632496 ], [ 20.5548559, 38.4637774 ], [ 20.5553778, 38.463536 ], [ 20.555362, 38.4633626 ], [ 20.5555339, 38.4630466 ], [ 20.5557589, 38.4629672 ], [ 20.5558478, 38.4627833 ], [ 20.5555537, 38.4627195 ], [ 20.5553065, 38.462642 ], [ 20.5550741, 38.4626053 ], [ 20.5549678, 38.4626072 ], [ 20.5548294, 38.4628046 ], [ 20.5553633, 38.462988 ], [ 20.554999, 38.46304 ] ] ] } },
{ "type": "Feature", "properties": { "element": "way", "id": 288597540, "historic": null, "name": null, "tourism": null, "access": null, "amenity": null, "fee": null, "parking": null, "board_type": null, "information": null, "check_date": null, "source": "survey;bing", "name:ru": null, "website": null, "addr:country": null, "addr:place": null, "air_conditioning": null, "description": null, "email": null, "internet_access": null, "internet_access:fee": null, "payment:cash": null, "payment:mastercard": null, "payment:visa": null, "phone": null, "natural": null, "leaf_type": null, "surface": null, "building": null, "abandoned": null, "landuse": "residential", "religion": null, "addr:housename": null, "contact:email": null, "contact:phone": null, "opening_hours": null, "shop": null, "leisure": null, "type": null, "label": "landuse:residential" }, "geometry": { "type": "Polygon", "coordinates": [ [ [ 20.558034, 38.4645615 ], [ 20.5580547, 38.4645655 ], [ 20.5584749, 38.4646478 ], [ 20.5585421, 38.4646162 ], [ 20.5588754, 38.4646141 ], [ 20.5590582, 38.4642815 ], [ 20.558569, 38.464191 ], [ 20.5582706, 38.4644036 ], [ 20.5578566, 38.4645552 ], [ 20.558034, 38.4645615 ] ] ] } },
{ "type": "Feature", "properties": { "element": "way", "id": 288597541, "historic": null, "name": null, "tourism": null, "access": null, "amenity": null, "fee": null, "parking": null, "board_type": null, "information": null, "check_date": null, "source": "survey;bing", "name:ru": null, "website": null, "addr:country": null, "addr:place": null, "air_conditioning": null, "description": null, "email": null, "internet_access": null, "internet_access:fee": null, "payment:cash": null, "payment:mastercard": null, "payment:visa": null, "phone": null, "natural": null, "leaf_type": null, "surface": null, "building": null, "abandoned": null, "landuse": "residential", "religion": null, "addr:housename": null, "contact:email": null, "contact:phone": null, "opening_hours": null, "shop": null, "leisure": null, "type": null, "label": "landuse:residential" }, "geometry": { "type": "Polygon", "coordinates": [ [ [ 20.5590869, 38.463915 ], [ 20.5594507, 38.4639868 ], [ 20.5594507, 38.4638037 ], [ 20.5592813, 38.4636922 ], [ 20.5592652, 38.463608 ], [ 20.559069, 38.4633449 ], [ 20.5589292, 38.4633322 ], [ 20.5587249, 38.4636227 ], [ 20.5588243, 38.4636564 ], [ 20.5588432, 38.4638669 ], [ 20.5590869, 38.463915 ] ] ] } },
{ "type": "Feature", "properties": { "element": "way", "id": 288597545, "historic": "ruins", "name": null, "tourism": null, "access": null, "amenity": null, "fee": null, "parking": null, "board_type": null, "information": null, "check_date": null, "source": null, "name:ru": null, "website": null, "addr:country": null, "addr:place": null, "air_conditioning": null, "description": null, "email": null, "internet_access": null, "internet_access:fee": null, "payment:cash": null, "payment:mastercard": null, "payment:visa": null, "phone": null, "natural": null, "leaf_type": null, "surface": null, "building": null, "abandoned": null, "landuse": null, "religion": null, "addr:housename": null, "contact:email": null, "contact:phone": null, "opening_hours": null, "shop": null, "leisure": null, "type": null, "label": "historic:ruins" }, "geometry": { "type": "Polygon", "coordinates": [ [ [ 20.5519477, 38.4612472 ], [ 20.5519667, 38.461261 ], [ 20.5519854, 38.4612595 ], [ 20.5519983, 38.4612486 ], [ 20.5519989, 38.4612339 ], [ 20.5519871, 38.4612224 ], [ 20.5519685, 38.4612198 ], [ 20.5519523, 38.4612273 ], [ 20.5519477, 38.4612472 ] ] ] } },
{ "type": "Feature", "properties": { "element": "way", "id": 288967990, "historic": null, "name": null, "tourism": null, "access": null, "amenity": null, "fee": null, "parking": null, "board_type": null, "information": null, "check_date": null, "source": null, "name:ru": null, "website": null, "addr:country": null, "addr:place": null, "air_conditioning": null, "description": null, "email": null, "internet_access": null, "internet_access:fee": null, "payment:cash": null, "payment:mastercard": null, "payment:visa": null, "phone": null, "natural": "scrub", "leaf_type": null, "surface": null, "building": null, "abandoned": null, "landuse": null, "religion": null, "addr:housename": null, "contact:email": null, "contact:phone": null, "opening_hours": null, "shop": null, "leisure": null, "type": null, "label": "natural:scrub" }, "geometry": { "type": "Polygon", "coordinates": [ [ [ 20.559503397380897, 38.453705826303278 ], [ 20.559503397380897, 38.452171766088782 ], [ 20.5585594, 38.4521632 ], [ 20.5584227, 38.4532338 ], [ 20.5582506, 38.4536104 ], [ 20.5592733, 38.4538206 ], [ 20.559503397380897, 38.453705826303278 ] ] ] } },
{ "type": "Feature", "properties": { "element": "way", "id": 288987906, "historic": null, "name": null, "tourism": null, "access": null, "amenity": null, "fee": null, "parking": null, "board_type": null, "information": null, "check_date": null, "source": null, "name:ru": null, "website": null, "addr:country": null, "addr:place": null, "air_conditioning": null, "description": null, "email": null, "internet_access": null, "internet_access:fee": null, "payment:cash": null, "payment:mastercard": null, "payment:visa": null, "phone": null, "natural": null, "leaf_type": null, "surface": null, "building": "yes", "abandoned": null, "landuse": null, "religion": null, "addr:housename": null, "contact:email": null, "contact:phone": null, "opening_hours": null, "shop": null, "leisure": null, "type": null, "label": "building:yes" }, "geometry": { "type": "Polygon", "coordinates": [ [ [ 20.5492949, 38.4584611 ], [ 20.5492566, 38.458353 ], [ 20.5491702, 38.4583719 ], [ 20.5492085, 38.4584799 ], [ 20.5492949, 38.4584611 ] ] ] } },
{ "type": "Feature", "properties": { "element": "way", "id": 288987907, "historic": null, "name": null, "tourism": null, "access": null, "amenity": null, "fee": null, "parking": null, "board_type": null, "information": null, "check_date": null, "source": null, "name:ru": null, "website": null, "addr:country": null, "addr:place": null, "air_conditioning": null, "description": null, "email": null, "internet_access": null, "internet_access:fee": null, "payment:cash": null, "payment:mastercard": null, "payment:visa": null, "phone": null, "natural": null, "leaf_type": null, "surface": null, "building": "yes", "abandoned": null, "landuse": null, "religion": null, "addr:housename": null, "contact:email": null, "contact:phone": null, "opening_hours": null, "shop": null, "leisure": null, "type": null, "label": "building:yes" }, "geometry": { "type": "Polygon", "coordinates": [ [ [ 20.5595006, 38.4586172 ], [ 20.559503397380897, 38.458627019377843 ], [ 20.559503397380897, 38.458616712140618 ], [ 20.5595006, 38.4586172 ] ] ] } },
{ "type": "Feature", "properties": { "element": "way", "id": 288987908, "historic": null, "name": null, "tourism": null, "access": null, "amenity": null, "fee": null, "parking": null, "board_type": null, "information": null, "check_date": null, "source": null, "name:ru": null, "website": null, "addr:country": null, "addr:place": null, "air_conditioning": null, "description": null, "email": null, "internet_access": null, "internet_access:fee": null, "payment:cash": null, "payment:mastercard": null, "payment:visa": null, "phone": null, "natural": null, "leaf_type": null, "surface": null, "building": "yes", "abandoned": null, "landuse": null, "religion": null, "addr:housename": null, "contact:email": null, "contact:phone": null, "opening_hours": null, "shop": null, "leisure": null, "type": null, "label": "building:yes" }, "geometry": { "type": "Polygon", "coordinates": [ [ [ 20.5500328, 38.4581823 ], [ 20.550026, 38.458016 ], [ 20.5499106, 38.4580189 ], [ 20.5499174, 38.4581852 ], [ 20.5500328, 38.4581823 ] ] ] } },
{ "type": "Feature", "properties": { "element": "way", "id": 288987909, "historic": null, "name": null, "tourism": null, "access": null, "amenity": null, "fee": null, "parking": null, "board_type": null, "information": null, "check_date": null, "source": null, "name:ru": null, "website": null, "addr:country": null, "addr:place": null, "air_conditioning": null, "description": null, "email": null, "internet_access": null, "internet_access:fee": null, "payment:cash": null, "payment:mastercard": null, "payment:visa": null, "phone": null, "natural": null, "leaf_type": null, "surface": null, "building": "yes", "abandoned": null, "landuse": null, "religion": null, "addr:housename": null, "contact:email": null, "contact:phone": null, "opening_hours": null, "shop": null, "leisure": null, "type": null, "label": "building:yes" }, "geometry": { "type": "Polygon", "coordinates": [ [ [ 20.5518378, 38.4570146 ], [ 20.5517504, 38.4570651 ], [ 20.5518506, 38.4571715 ], [ 20.551938, 38.457121 ], [ 20.5518378, 38.4570146 ] ] ] } },
{ "type": "Feature", "properties": { "element": "way", "id": 288987911, "historic": null, "name": null, "tourism": null, "access": null, "amenity": null, "fee": null, "parking": null, "board_type": null, "information": null, "check_date": null, "source": null, "name:ru": null, "website": null, "addr:country": null, "addr:place": null, "air_conditioning": null, "description": null, "email": null, "internet_access": null, "internet_access:fee": null, "payment:cash": null, "payment:mastercard": null, "payment:visa": null, "phone": null, "natural": null, "leaf_type": null, "surface": null, "building": "yes", "abandoned": null, "landuse": null, "religion": null, "addr:housename": null, "contact:email": null, "contact:phone": null, "opening_hours": null, "shop": null, "leisure": null, "type": null, "label": "building:yes" }, "geometry": { "type": "Polygon", "coordinates": [ [ [ 20.5507377, 38.4576585 ], [ 20.5507354, 38.4575375 ], [ 20.5506216, 38.4575388 ], [ 20.5506239, 38.4576599 ], [ 20.5507377, 38.4576585 ] ] ] } },
{ "type": "Feature", "properties": { "element": "way", "id": 288987912, "historic": null, "name": null, "tourism": null, "access": null, "amenity": null, "fee": null, "parking": null, "board_type": null, "information": null, "check_date": null, "source": null, "name:ru": null, "website": null, "addr:country": null, "addr:place": null, "air_conditioning": null, "description": null, "email": null, "internet_access": null, "internet_access:fee": null, "payment:cash": null, "payment:mastercard": null, "payment:visa": null, "phone": null, "natural": null, "leaf_type": null, "surface": null, "building": "yes", "abandoned": null, "landuse": null, "religion": null, "addr:housename": null, "contact:email": null, "contact:phone": null, "opening_hours": null, "shop": null, "leisure": null, "type": null, "label": "building:yes" }, "geometry": { "type": "Polygon", "coordinates": [ [ [ 20.5504795, 38.457858 ], [ 20.5505339, 38.4577543 ], [ 20.5504388, 38.4577237 ], [ 20.5503844, 38.4578274 ], [ 20.5504795, 38.457858 ] ] ] } },
{ "type": "Feature", "properties": { "element": "way", "id": 288987913, "historic": null, "name": null, "tourism": null, "access": null, "amenity": null, "fee": null, "parking": null, "board_type": null, "information": null, "check_date": null, "source": null, "name:ru": null, "website": null, "addr:country": null, "addr:place": null, "air_conditioning": null, "description": null, "email": null, "internet_access": null, "internet_access:fee": null, "payment:cash": null, "payment:mastercard": null, "payment:visa": null, "phone": null, "natural": null, "leaf_type": null, "surface": null, "building": "yes", "abandoned": null, "landuse": null, "religion": null, "addr:housename": null, "contact:email": null, "contact:phone": null, "opening_hours": null, "shop": null, "leisure": null, "type": null, "label": "building:yes" }, "geometry": { "type": "Polygon", "coordinates": [ [ [ 20.5510637, 38.4575934 ], [ 20.551049, 38.457509 ], [ 20.5508877, 38.4575263 ], [ 20.5509024, 38.4576107 ], [ 20.5510637, 38.4575934 ] ] ] } },
{ "type": "Feature", "properties": { "element": "way", "id": 288987914, "historic": null, "name": null, "tourism": null, "access": null, "amenity": null, "fee": null, "parking": null, "board_type": null, "information": null, "check_date": null, "source": null, "name:ru": null, "website": null, "addr:country": null, "addr:place": null, "air_conditioning": null, "description": null, "email": null, "internet_access": null, "internet_access:fee": null, "payment:cash": null, "payment:mastercard": null, "payment:visa": null, "phone": null, "natural": null, "leaf_type": null, "surface": null, "building": "yes", "abandoned": null, "landuse": null, "religion": null, "addr:housename": null, "contact:email": null, "contact:phone": null, "opening_hours": null, "shop": null, "leisure": null, "type": null, "label": "building:yes" }, "geometry": { "type": "Polygon", "coordinates": [ [ [ 20.5516221, 38.4568031 ], [ 20.551617, 38.4567155 ], [ 20.5515066, 38.4567195 ], [ 20.5515117, 38.4568071 ], [ 20.5516221, 38.4568031 ] ] ] } },
{ "type": "Feature", "properties": { "element": "way", "id": 288987915, "historic": null, "name": null, "tourism": null, "access": null, "amenity": null, "fee": null, "parking": null, "board_type": null, "information": null, "check_date": null, "source": null, "name:ru": null, "website": null, "addr:country": null, "addr:place": null, "air_conditioning": null, "description": null, "email": null, "internet_access": null, "internet_access:fee": null, "payment:cash": null, "payment:mastercard": null, "payment:visa": null, "phone": null, "natural": null, "leaf_type": null, "surface": null, "building": "yes", "abandoned": null, "landuse": null, "religion": null, "addr:housename": null, "contact:email": null, "contact:phone": null, "opening_hours": null, "shop": null, "leisure": null, "type": null, "label": "building:yes" }, "geometry": { "type": "Polygon", "coordinates": [ [ [ 20.5517257, 38.4570319 ], [ 20.5516664, 38.4569437 ], [ 20.551573, 38.4569823 ], [ 20.5516323, 38.4570705 ], [ 20.5517257, 38.4570319 ] ] ] } },
{ "type": "Feature", "properties": { "element": "way", "id": 288987916, "historic": null, "name": null, "tourism": null, "access": null, "amenity": null, "fee": null, "parking": null, "board_type": null, "information": null, "check_date": null, "source": null, "name:ru": null, "website": null, "addr:country": null, "addr:place": null, "air_conditioning": null, "description": null, "email": null, "internet_access": null, "internet_access:fee": null, "payment:cash": null, "payment:mastercard": null, "payment:visa": null, "phone": null, "natural": null, "leaf_type": null, "surface": null, "building": "yes", "abandoned": null, "landuse": null, "religion": null, "addr:housename": null, "contact:email": null, "contact:phone": null, "opening_hours": null, "shop": null, "leisure": null, "type": null, "label": "building:yes" }, "geometry": { "type": "Polygon", "coordinates": [ [ [ 20.5516782, 38.4566821 ], [ 20.55166, 38.4566089 ], [ 20.5515988, 38.4566182 ], [ 20.551617, 38.4566914 ], [ 20.5516782, 38.4566821 ] ] ] } },
{ "type": "Feature", "properties": { "element": "way", "id": 288987917, "historic": null, "name": null, "tourism": null, "access": null, "amenity": null, "fee": null, "parking": null, "board_type": null, "information": null, "check_date": null, "source": null, "name:ru": null, "website": null, "addr:country": null, "addr:place": null, "air_conditioning": null, "description": null, "email": null, "internet_access": null, "internet_access:fee": null, "payment:cash": null, "payment:mastercard": null, "payment:visa": null, "phone": null, "natural": null, "leaf_type": null, "surface": null, "building": "yes", "abandoned": null, "landuse": null, "religion": null, "addr:housename": null, "contact:email": null, "contact:phone": null, "opening_hours": null, "shop": null, "leisure": null, "type": null, "label": "building:yes" }, "geometry": { "type": "Polygon", "coordinates": [ [ [ 20.550542, 38.4571915 ], [ 20.5505692, 38.4570984 ], [ 20.5504812, 38.4570827 ], [ 20.5504541, 38.4571758 ], [ 20.550542, 38.4571915 ] ] ] } },
{ "type": "Feature", "properties": { "element": "way", "id": 288987918, "historic": null, "name": null, "tourism": null, "access": null, "amenity": null, "fee": null, "parking": null, "board_type": null, "information": null, "check_date": null, "source": null, "name:ru": null, "website": null, "addr:country": null, "addr:place": null, "air_conditioning": null, "description": null, "email": null, "internet_access": null, "internet_access:fee": null, "payment:cash": null, "payment:mastercard": null, "payment:visa": null, "phone": null, "natural": null, "leaf_type": null, "surface": null, "building": "yes", "abandoned": null, "landuse": null, "religion": null, "addr:housename": null, "contact:email": null, "contact:phone": null, "opening_hours": null, "shop": null, "leisure": null, "type": null, "label": "building:yes" }, "geometry": { "type": "Polygon", "coordinates": [ [ [ 20.5537428, 38.459751 ], [ 20.5538164, 38.4596619 ], [ 20.5537151, 38.4596106 ], [ 20.5536416, 38.4596998 ], [ 20.5537428, 38.459751 ] ] ] } },
{ "type": "Feature", "properties": { "element": "way", "id": 288987919, "historic": null, "name": null, "tourism": null, "access": null, "amenity": null, "fee": null, "parking": null, "board_type": null, "information": null, "check_date": null, "source": null, "name:ru": null, "website": null, "addr:country": null, "addr:place": null, "air_conditioning": null, "description": null, "email": null, "internet_access": null, "internet_access:fee": null, "payment:cash": null, "payment:mastercard": null, "payment:visa": null, "phone": null, "natural": null, "leaf_type": null, "surface": null, "building": "yes", "abandoned": null, "landuse": null, "religion": null, "addr:housename": null, "contact:email": null, "contact:phone": null, "opening_hours": null, "shop": null, "leisure": null, "type": null, "label": "building:yes" }, "geometry": { "type": "Polygon", "coordinates": [ [ [ 20.5505298, 38.4572716 ], [ 20.5505433, 38.4572118 ], [ 20.5504473, 38.4571984 ], [ 20.5504337, 38.4572582 ], [ 20.5505298, 38.4572716 ] ] ] } },
{ "type": "Feature", "properties": { "element": "way", "id": 288987920, "historic": null, "name": null, "tourism": null, "access": null, "amenity": null, "fee": null, "parking": null, "board_type": null, "information": null, "check_date": null, "source": null, "name:ru": null, "website": null, "addr:country": null, "addr:place": null, "air_conditioning": null, "description": null, "email": null, "internet_access": null, "internet_access:fee": null, "payment:cash": null, "payment:mastercard": null, "payment:visa": null, "phone": null, "natural": null, "leaf_type": null, "surface": null, "building": "yes", "abandoned": null, "landuse": null, "religion": null, "addr:housename": null, "contact:email": null, "contact:phone": null, "opening_hours": null, "shop": null, "leisure": null, "type": null, "label": "building:yes" }, "geometry": { "type": "Polygon", "coordinates": [ [ [ 20.5504722, 38.4568085 ], [ 20.5504812, 38.4567595 ], [ 20.5503522, 38.4567449 ], [ 20.5503233, 38.4568899 ], [ 20.5503996, 38.4568992 ], [ 20.5504188, 38.4568025 ], [ 20.5504722, 38.4568085 ] ] ] } },
{ "type": "Feature", "properties": { "element": "way", "id": 288987921, "historic": null, "name": null, "tourism": null, "access": null, "amenity": null, "fee": null, "parking": null, "board_type": null, "information": null, "check_date": null, "source": "bing", "name:ru": null, "website": null, "addr:country": null, "addr:place": null, "air_conditioning": null, "description": null, "email": null, "internet_access": null, "internet_access:fee": null, "payment:cash": null, "payment:mastercard": null, "payment:visa": null, "phone": null, "natural": null, "leaf_type": null, "surface": null, "building": null, "abandoned": null, "landuse": "residential", "religion": null, "addr:housename": null, "contact:email": null, "contact:phone": null, "opening_hours": null, "shop": null, "leisure": null, "type": null, "label": "landuse:residential" }, "geometry": { "type": "Polygon", "coordinates": [ [ [ 20.5520101, 38.457146 ], [ 20.5518573, 38.4569279 ], [ 20.5517435, 38.4566207 ], [ 20.5515647, 38.4564362 ], [ 20.5514495, 38.4564005 ], [ 20.5513366, 38.4566394 ], [ 20.5513054, 38.4566676 ], [ 20.551363, 38.4570174 ], [ 20.5513846, 38.4571547 ], [ 20.5515252, 38.4573567 ], [ 20.5520101, 38.457146 ] ] ] } },
{ "type": "Feature", "properties": { "element": "way", "id": 288987922, "historic": null, "name": null, "tourism": null, "access": null, "amenity": null, "fee": null, "parking": null, "board_type": null, "information": null, "check_date": null, "source": "survey;bing", "name:ru": null, "website": null, "addr:country": null, "addr:place": null, "air_conditioning": null, "description": null, "email": null, "internet_access": null, "internet_access:fee": null, "payment:cash": null, "payment:mastercard": null, "payment:visa": null, "phone": null, "natural": null, "leaf_type": null, "surface": null, "building": null, "abandoned": null, "landuse": "residential", "religion": null, "addr:housename": null, "contact:email": null, "contact:phone": null, "opening_hours": null, "shop": null, "leisure": null, "type": null, "label": "landuse:residential" }, "geometry": { "type": "Polygon", "coordinates": [ [ [ 20.5593175, 38.4572048 ], [ 20.558964, 38.4577918 ], [ 20.558833, 38.4580353 ], [ 20.5588909, 38.4583503 ], [ 20.5593419, 38.4583192 ], [ 20.5593846, 38.4584409 ], [ 20.5594339, 38.458612 ], [ 20.5594547, 38.4586843 ], [ 20.559503397380897, 38.458687507009714 ], [ 20.559503397380897, 38.457161591845001 ], [ 20.5593175, 38.4572048 ] ] ] } },
{ "type": "Feature", "properties": { "element": "way", "id": 288987923, "historic": null, "name": null, "tourism": null, "access": null, "amenity": null, "fee": null, "parking": null, "board_type": null, "information": null, "check_date": null, "source": "survey;bing", "name:ru": null, "website": null, "addr:country": null, "addr:place": null, "air_conditioning": null, "description": null, "email": null, "internet_access": null, "internet_access:fee": null, "payment:cash": null, "payment:mastercard": null, "payment:visa": null, "phone": null, "natural": null, "leaf_type": null, "surface": null, "building": null, "abandoned": null, "landuse": "residential", "religion": null, "addr:housename": null, "contact:email": null, "contact:phone": null, "opening_hours": null, "shop": null, "leisure": null, "type": null, "label": "landuse:residential" }, "geometry": { "type": "Polygon", "coordinates": [ [ [ 20.5482625, 38.4599368 ], [ 20.5485107, 38.4599857 ], [ 20.5487103, 38.4599871 ], [ 20.5489532, 38.4599246 ], [ 20.5489914, 38.4596338 ], [ 20.5493628, 38.4591499 ], [ 20.5490678, 38.459048 ], [ 20.5490504, 38.4590711 ], [ 20.5489706, 38.4593266 ], [ 20.5487068, 38.4594367 ], [ 20.5483996, 38.4593878 ], [ 20.5482972, 38.4596623 ], [ 20.5481462, 38.4598526 ], [ 20.5482174, 38.4599096 ], [ 20.5482625, 38.4599368 ] ] ] } },
{ "type": "Feature", "properties": { "element": "way", "id": 288987924, "historic": null, "name": null, "tourism": null, "access": null, "amenity": null, "fee": null, "parking": null, "board_type": null, "information": null, "check_date": null, "source": "survey;bing", "name:ru": null, "website": null, "addr:country": null, "addr:place": null, "air_conditioning": null, "description": null, "email": null, "internet_access": null, "internet_access:fee": null, "payment:cash": null, "payment:mastercard": null, "payment:visa": null, "phone": null, "natural": null, "leaf_type": null, "surface": null, "building": null, "abandoned": null, "landuse": "residential", "religion": null, "addr:housename": null, "contact:email": null, "contact:phone": null, "opening_hours": null, "shop": null, "leisure": null, "type": null, "label": "landuse:residential" }, "geometry": { "type": "Polygon", "coordinates": [ [ [ 20.5518616, 38.458201 ], [ 20.5517953, 38.4578473 ], [ 20.5517121, 38.4576957 ], [ 20.5515219, 38.4575188 ], [ 20.5506694, 38.4573885 ], [ 20.5508537, 38.4568174 ], [ 20.5508801, 38.4566124 ], [ 20.550808, 38.4563133 ], [ 20.5504658, 38.4560685 ], [ 20.5502476, 38.4566583 ], [ 20.5501087, 38.4571891 ], [ 20.550269, 38.4573894 ], [ 20.5500655, 38.4578229 ], [ 20.5498622, 38.4579018 ], [ 20.5498664, 38.4581168 ], [ 20.5498899, 38.458299 ], [ 20.550099, 38.458264 ], [ 20.5501578, 38.4578665 ], [ 20.5505684, 38.4579264 ], [ 20.5506765, 38.4577533 ], [ 20.5508277, 38.4577533 ], [ 20.551514, 38.457808 ], [ 20.5515788, 38.4578912 ], [ 20.5516736, 38.4582387 ], [ 20.5517393, 38.4583473 ], [ 20.5518616, 38.458201 ] ] ] } },
{ "type": "Feature", "properties": { "element": "way", "id": 288987925, "historic": null, "name": null, "tourism": null, "access": null, "amenity": null, "fee": null, "parking": null, "board_type": null, "information": null, "check_date": null, "source": "survey;bing", "name:ru": null, "website": null, "addr:country": null, "addr:place": null, "air_conditioning": null, "description": null, "email": null, "internet_access": null, "internet_access:fee": null, "payment:cash": null, "payment:mastercard": null, "payment:visa": null, "phone": null, "natural": null, "leaf_type": null, "surface": null, "building": null, "abandoned": null, "landuse": "residential", "religion": null, "addr:housename": null, "contact:email": null, "contact:phone": null, "opening_hours": null, "shop": null, "leisure": null, "type": null, "label": "landuse:residential" }, "geometry": { "type": "Polygon", "coordinates": [ [ [ 20.5493846, 38.4585548 ], [ 20.5493227, 38.4582593 ], [ 20.5489966, 38.4583075 ], [ 20.5490767, 38.458621 ], [ 20.5493846, 38.4585548 ] ] ] } },
{ "type": "Feature", "properties": { "element": "way", "id": 288987926, "historic": null, "name": null, "tourism": null, "access": null, "amenity": null, "fee": null, "parking": null, "board_type": null, "information": null, "check_date": null, "source": "survey;bing", "name:ru": null, "website": null, "addr:country": null, "addr:place": null, "air_conditioning": null, "description": null, "email": null, "internet_access": null, "internet_access:fee": null, "payment:cash": null, "payment:mastercard": null, "payment:visa": null, "phone": null, "natural": null, "leaf_type": null, "surface": null, "building": null, "abandoned": null, "landuse": "residential", "religion": null, "addr:housename": null, "contact:email": null, "contact:phone": null, "opening_hours": null, "shop": null, "leisure": null, "type": null, "label": "landuse:residential" }, "geometry": { "type": "Polygon", "coordinates": [ [ [ 20.5530602, 38.4587685 ], [ 20.5529567, 38.458467 ], [ 20.5526623, 38.4585006 ], [ 20.5527546, 38.4587785 ], [ 20.5530602, 38.4587685 ] ] ] } },
{ "type": "Feature", "properties": { "element": "way", "id": 288987929, "historic": null, "name": null, "tourism": null, "access": null, "amenity": null, "fee": null, "parking": null, "board_type": null, "information": null, "check_date": null, "source": "survey;bing", "name:ru": null, "website": null, "addr:country": null, "addr:place": null, "air_conditioning": null, "description": null, "email": null, "internet_access": null, "internet_access:fee": null, "payment:cash": null, "payment:mastercard": null, "payment:visa": null, "phone": null, "natural": "wood", "leaf_type": null, "surface": null, "building": null, "abandoned": null, "landuse": null, "religion": null, "addr:housename": null, "contact:email": null, "contact:phone": null, "opening_hours": null, "shop": null, "leisure": null, "type": null, "label": "natural:wood" }, "geometry": { "type": "Polygon", "coordinates": [ [ [ 20.5483235, 38.4713569 ], [ 20.5487662, 38.4714226 ], [ 20.5488157, 38.4714349 ], [ 20.5496568, 38.471644 ], [ 20.5501152, 38.4716707 ], [ 20.5514538, 38.4714923 ], [ 20.5527006, 38.4714308 ], [ 20.553607, 38.471439 ], [ 20.5549738, 38.4714677 ], [ 20.5553564, 38.4713114 ], [ 20.5554028, 38.4712925 ], [ 20.5554558, 38.4712708 ], [ 20.5561354, 38.4715882 ], [ 20.5567429, 38.4724583 ], [ 20.5575505, 38.4725105 ], [ 20.557672680483648, 38.472599831443333 ], [ 20.559503397380897, 38.472599831443333 ], [ 20.559503397380897, 38.465529587186516 ], [ 20.5589116, 38.4658006 ], [ 20.5581715, 38.4659929 ], [ 20.557892, 38.4659229 ], [ 20.557495, 38.4661724 ], [ 20.5575733, 38.466527 ], [ 20.5567737, 38.4671005 ], [ 20.5560749, 38.466527 ], [ 20.5547609, 38.4662381 ], [ 20.5538552, 38.4667152 ], [ 20.553117, 38.4663817 ], [ 20.5521049, 38.466004 ], [ 20.5516432, 38.465646 ], [ 20.5509051, 38.4657511 ], [ 20.5504208, 38.465461 ], [ 20.5496261, 38.4655879 ], [ 20.5487721, 38.4659067 ], [ 20.5482345, 38.4661018 ], [ 20.5474754, 38.4660089 ], [ 20.5472975, 38.4662906 ], [ 20.5475465, 38.4665785 ], [ 20.5471174, 38.4665935 ], [ 20.5469665, 38.4666066 ], [ 20.5467523, 38.4667514 ], [ 20.5468225, 38.4667926 ], [ 20.5468358, 38.4668004 ], [ 20.5469102, 38.466967 ], [ 20.5464885, 38.4673505 ], [ 20.5462134, 38.4673587 ], [ 20.5459331, 38.4675699 ], [ 20.5459934, 38.4677545 ], [ 20.5460143, 38.4679842 ], [ 20.5456057, 38.4682673 ], [ 20.5453909, 38.4685503 ], [ 20.5450511, 38.4689107 ], [ 20.5480844, 38.4714202 ], [ 20.5483235, 38.4713569 ] ] ] } },
{ "type": "Feature", "properties": { "element": "way", "id": 288987931, "historic": null, "name": null, "tourism": null, "access": null, "amenity": null, "fee": null, "parking": null, "board_type": null, "information": null, "check_date": null, "source": null, "name:ru": null, "website": null, "addr:country": null, "addr:place": null, "air_conditioning": null, "description": null, "email": null, "internet_access": null, "internet_access:fee": null, "payment:cash": null, "payment:mastercard": null, "payment:visa": null, "phone": null, "natural": "grassland", "leaf_type": null, "surface": null, "building": null, "abandoned": null, "landuse": null, "religion": null, "addr:housename": null, "contact:email": null, "contact:phone": null, "opening_hours": null, "shop": null, "leisure": null, "type": null, "label": "natural:grassland" }, "geometry": { "type": "Polygon", "coordinates": [ [ [ 20.5453909, 38.4685503 ], [ 20.5456057, 38.4682673 ], [ 20.5460143, 38.4679842 ], [ 20.5459934, 38.4677545 ], [ 20.5459331, 38.4675699 ], [ 20.5462134, 38.4673587 ], [ 20.5464885, 38.4673505 ], [ 20.5469102, 38.466967 ], [ 20.5468358, 38.4668004 ], [ 20.5468225, 38.4667926 ], [ 20.5467523, 38.4667514 ], [ 20.5465226, 38.4669787 ], [ 20.5462265, 38.4672644 ], [ 20.5456738, 38.4675905 ], [ 20.5453752, 38.4677812 ], [ 20.5450651, 38.4680574 ], [ 20.5449823, 38.4681955 ], [ 20.5448448, 38.4688295 ], [ 20.5450511, 38.4689107 ], [ 20.5453909, 38.4685503 ] ] ] } },
{ "type": "Feature", "properties": { "element": "way", "id": 288987934, "historic": null, "name": null, "tourism": null, "access": null, "amenity": null, "fee": null, "parking": null, "board_type": null, "information": null, "check_date": null, "source": null, "name:ru": null, "website": null, "addr:country": null, "addr:place": null, "air_conditioning": null, "description": null, "email": null, "internet_access": null, "internet_access:fee": null, "payment:cash": null, "payment:mastercard": null, "payment:visa": null, "phone": null, "natural": "scrub", "leaf_type": null, "surface": null, "building": null, "abandoned": null, "landuse": null, "religion": null, "addr:housename": null, "contact:email": null, "contact:phone": null, "opening_hours": null, "shop": null, "leisure": null, "type": null, "label": "natural:scrub" }, "geometry": { "type": "Polygon", "coordinates": [ [ [ 20.546574, 38.4589877 ], [ 20.5464268, 38.4589447 ], [ 20.5463133, 38.4589544 ], [ 20.546253, 38.459003 ], [ 20.5462477, 38.4591238 ], [ 20.5462796, 38.4596363 ], [ 20.5464114, 38.4596221 ], [ 20.5466588, 38.4595568 ], [ 20.5466744, 38.459593 ], [ 20.5468755, 38.4595891 ], [ 20.5468631, 38.4597363 ], [ 20.5469607, 38.4598363 ], [ 20.5472196, 38.4597738 ], [ 20.5476027, 38.4599349 ], [ 20.5481462, 38.4598526 ], [ 20.5482972, 38.4596623 ], [ 20.5483996, 38.4593878 ], [ 20.5482128, 38.4593474 ], [ 20.5479379, 38.4590238 ], [ 20.5477974, 38.4590517 ], [ 20.5480157, 38.459549 ], [ 20.547661, 38.4596345 ], [ 20.5471745, 38.4595289 ], [ 20.5472639, 38.4590933 ], [ 20.546574, 38.4589877 ] ] ] } },
{ "type": "Feature", "properties": { "element": "way", "id": 288987935, "historic": null, "name": null, "tourism": null, "access": null, "amenity": null, "fee": null, "parking": null, "board_type": null, "information": null, "check_date": null, "source": "bing", "name:ru": null, "website": null, "addr:country": null, "addr:place": null, "air_conditioning": null, "description": null, "email": null, "internet_access": null, "internet_access:fee": null, "payment:cash": null, "payment:mastercard": null, "payment:visa": null, "phone": null, "natural": "wood", "leaf_type": null, "surface": null, "building": null, "abandoned": null, "landuse": null, "religion": null, "addr:housename": null, "contact:email": null, "contact:phone": null, "opening_hours": null, "shop": null, "leisure": null, "type": null, "label": "natural:wood" }, "geometry": { "type": "Polygon", "coordinates": [ [ [ 20.5542495, 38.4641368 ], [ 20.5550993, 38.4645462 ], [ 20.5555215, 38.4648526 ], [ 20.5559492, 38.4648636 ], [ 20.5563713, 38.4647651 ], [ 20.5572212, 38.4646644 ], [ 20.5576126, 38.464533 ], [ 20.5576165, 38.4640081 ], [ 20.5582875, 38.4640869 ], [ 20.5582483, 38.4635922 ], [ 20.5576557, 38.4635878 ], [ 20.557706, 38.4631413 ], [ 20.5578458, 38.4629355 ], [ 20.5565243, 38.4627837 ], [ 20.5565401, 38.4629385 ], [ 20.5560459, 38.4629818 ], [ 20.5557589, 38.4629672 ], [ 20.5555339, 38.4630466 ], [ 20.555362, 38.4633626 ], [ 20.5553778, 38.463536 ], [ 20.5548559, 38.4637774 ], [ 20.5544398, 38.4632496 ], [ 20.554168, 38.4633936 ], [ 20.5539347, 38.4631892 ], [ 20.5533885, 38.4634802 ], [ 20.5542495, 38.4641368 ] ] ] } },
{ "type": "Feature", "properties": { "element": "way", "id": 288987936, "historic": null, "name": null, "tourism": null, "access": null, "amenity": null, "fee": null, "parking": null, "board_type": null, "information": null, "check_date": null, "source": null, "name:ru": null, "website": null, "addr:country": null, "addr:place": null, "air_conditioning": null, "description": null, "email": null, "internet_access": null, "internet_access:fee": null, "payment:cash": null, "payment:mastercard": null, "payment:visa": null, "phone": null, "natural": "scrub", "leaf_type": null, "surface": null, "building": null, "abandoned": null, "landuse": null, "religion": null, "addr:housename": null, "contact:email": null, "contact:phone": null, "opening_hours": null, "shop": null, "leisure": null, "type": null, "label": "natural:scrub" }, "geometry": { "type": "Polygon", "coordinates": [ [ [ 20.5462023, 38.4588838 ], [ 20.5460503, 38.4588869 ], [ 20.545785, 38.4585229 ], [ 20.5456711, 38.4581923 ], [ 20.5459035, 38.4580887 ], [ 20.5454396, 38.4570593 ], [ 20.5452799, 38.4565482 ], [ 20.5447652, 38.4564954 ], [ 20.544815, 38.456989 ], [ 20.54462, 38.457781 ], [ 20.544445, 38.458033 ], [ 20.544038, 38.458398 ], [ 20.543203, 38.459141 ], [ 20.5426643, 38.4594117 ], [ 20.542419, 38.459746 ], [ 20.542388, 38.460408 ], [ 20.5439096, 38.4603424 ], [ 20.5451135, 38.4605781 ], [ 20.545871, 38.4603935 ], [ 20.5461595, 38.4602757 ], [ 20.5465035, 38.4598362 ], [ 20.5464114, 38.4596221 ], [ 20.5462796, 38.4596363 ], [ 20.5462477, 38.4591238 ], [ 20.546253, 38.459003 ], [ 20.5463133, 38.4589544 ], [ 20.5462023, 38.4588838 ] ] ] } },
{ "type": "Feature", "properties": { "element": "way", "id": 288987940, "historic": null, "name": null, "tourism": null, "access": null, "amenity": null, "fee": null, "parking": null, "board_type": null, "information": null, "check_date": null, "source": null, "name:ru": null, "website": null, "addr:country": null, "addr:place": null, "air_conditioning": null, "description": null, "email": null, "internet_access": null, "internet_access:fee": null, "payment:cash": null, "payment:mastercard": null, "payment:visa": null, "phone": null, "natural": "grassland", "leaf_type": null, "surface": null, "building": null, "abandoned": null, "landuse": null, "religion": null, "addr:housename": null, "contact:email": null, "contact:phone": null, "opening_hours": null, "shop": null, "leisure": null, "type": null, "label": "natural:grassland" }, "geometry": { "type": "Polygon", "coordinates": [ [ [ 20.5586073, 38.4585863 ], [ 20.5583332, 38.458607 ], [ 20.5583208, 38.45844 ], [ 20.558302, 38.4583264 ], [ 20.5582711, 38.4582935 ], [ 20.5580882, 38.458232 ], [ 20.5578074, 38.45827 ], [ 20.5574463, 38.458364 ], [ 20.557417, 38.4587102 ], [ 20.5574412, 38.4588551 ], [ 20.5567695, 38.4591051 ], [ 20.5561926, 38.4591844 ], [ 20.5556817, 38.4595672 ], [ 20.5554526, 38.4598018 ], [ 20.5550518, 38.4604053 ], [ 20.5541093, 38.4610295 ], [ 20.5541719, 38.4611399 ], [ 20.5543207, 38.461402 ], [ 20.5547788, 38.4612158 ], [ 20.5551575, 38.4606881 ], [ 20.555849, 38.4600639 ], [ 20.556263, 38.4598087 ], [ 20.5567916, 38.4597121 ], [ 20.5575095, 38.4596707 ], [ 20.5578222, 38.459619 ], [ 20.5581393, 38.4592396 ], [ 20.5582582, 38.4590051 ], [ 20.5583904, 38.4589539 ], [ 20.5586458, 38.4588539 ], [ 20.5586462, 38.4588192 ], [ 20.5586073, 38.4585863 ] ] ] } },
{ "type": "Feature", "properties": { "element": "way", "id": 288987941, "historic": null, "name": null, "tourism": null, "access": null, "amenity": null, "fee": null, "parking": null, "board_type": null, "information": null, "check_date": null, "source": "survey;bing", "name:ru": null, "website": null, "addr:country": null, "addr:place": null, "air_conditioning": null, "description": null, "email": null, "internet_access": null, "internet_access:fee": null, "payment:cash": null, "payment:mastercard": null, "payment:visa": null, "phone": null, "natural": "wood", "leaf_type": null, "surface": null, "building": null, "abandoned": null, "landuse": null, "religion": null, "addr:housename": null, "contact:email": null, "contact:phone": null, "opening_hours": null, "shop": null, "leisure": null, "type": null, "label": "natural:wood" }, "geometry": { "type": "Polygon", "coordinates": [ [ [ 20.5548268, 38.4596387 ], [ 20.5546618, 38.4598069 ], [ 20.5546618, 38.460202 ], [ 20.5540638, 38.4601386 ], [ 20.5537742, 38.4604581 ], [ 20.5534604, 38.4606043 ], [ 20.5535032, 38.4609385 ], [ 20.5538364, 38.460958 ], [ 20.5539423, 38.461236 ], [ 20.5541719, 38.4611399 ], [ 20.5541093, 38.4610295 ], [ 20.5550518, 38.4604053 ], [ 20.5554526, 38.4598018 ], [ 20.5556817, 38.4595672 ], [ 20.5561926, 38.4591844 ], [ 20.5567695, 38.4591051 ], [ 20.5574412, 38.4588551 ], [ 20.557417, 38.4587102 ], [ 20.5574463, 38.458364 ], [ 20.5574415, 38.458287 ], [ 20.5566641, 38.4584249 ], [ 20.5562545, 38.4583766 ], [ 20.5559308, 38.458368 ], [ 20.5555327, 38.4585036 ], [ 20.5553605, 38.4585605 ], [ 20.5551336, 38.4586819 ], [ 20.5549949, 38.458775 ], [ 20.5547878, 38.4588491 ], [ 20.5547218, 38.458856 ], [ 20.5544333, 38.4588026 ], [ 20.5548268, 38.4596387 ] ] ] } },
{ "type": "Feature", "properties": { "element": "way", "id": 288987943, "historic": null, "name": null, "tourism": null, "access": null, "amenity": null, "fee": null, "parking": null, "board_type": null, "information": null, "check_date": null, "source": "bing", "name:ru": null, "website": null, "addr:country": null, "addr:place": null, "air_conditioning": null, "description": null, "email": null, "internet_access": null, "internet_access:fee": null, "payment:cash": null, "payment:mastercard": null, "payment:visa": null, "phone": null, "natural": "wood", "leaf_type": null, "surface": null, "building": null, "abandoned": null, "landuse": null, "religion": null, "addr:housename": null, "contact:email": null, "contact:phone": null, "opening_hours": null, "shop": null, "leisure": null, "type": null, "label": "natural:wood" }, "geometry": { "type": "Polygon", "coordinates": [ [ [ 20.5530964, 38.4635928 ], [ 20.5533336, 38.4639922 ], [ 20.5528197, 38.4641315 ], [ 20.552622, 38.4640355 ], [ 20.5526576, 38.4638188 ], [ 20.5524204, 38.4637847 ], [ 20.5523215, 38.4641284 ], [ 20.5519341, 38.4643296 ], [ 20.5519262, 38.4644998 ], [ 20.5523176, 38.4645679 ], [ 20.5522029, 38.4648713 ], [ 20.5520804, 38.4653202 ], [ 20.5526457, 38.4660198 ], [ 20.5530846, 38.4661374 ], [ 20.5535115, 38.4661033 ], [ 20.553982, 38.4657752 ], [ 20.5541243, 38.4652056 ], [ 20.5544525, 38.465184 ], [ 20.5548004, 38.4654749 ], [ 20.5557532, 38.4658 ], [ 20.5567534, 38.4658526 ], [ 20.5573188, 38.4661869 ], [ 20.557647, 38.4659331 ], [ 20.5575363, 38.4657319 ], [ 20.5576707, 38.4655833 ], [ 20.5574374, 38.4653976 ], [ 20.5568602, 38.4652211 ], [ 20.5560932, 38.4651004 ], [ 20.555686, 38.4650601 ], [ 20.5550178, 38.4647289 ], [ 20.5539188, 38.464116 ], [ 20.5533653, 38.4636702 ], [ 20.5532308, 38.4635123 ], [ 20.5530964, 38.4635928 ] ] ] } },
{ "type": "Feature", "properties": { "element": "way", "id": 288987948, "historic": null, "name": null, "tourism": null, "access": null, "amenity": null, "fee": null, "parking": null, "board_type": null, "information": null, "check_date": null, "source": null, "name:ru": null, "website": null, "addr:country": null, "addr:place": null, "air_conditioning": null, "description": null, "email": null, "internet_access": null, "internet_access:fee": null, "payment:cash": null, "payment:mastercard": null, "payment:visa": null, "phone": null, "natural": "scrub", "leaf_type": null, "surface": null, "building": null, "abandoned": null, "landuse": null, "religion": null, "addr:housename": null, "contact:email": null, "contact:phone": null, "opening_hours": null, "shop": null, "leisure": null, "type": null, "label": "natural:scrub" }, "geometry": { "type": "Polygon", "coordinates": [ [ [ 20.5506083, 38.459473 ], [ 20.5506947, 38.4594912 ], [ 20.5507496, 38.4594574 ], [ 20.5509041, 38.4591477 ], [ 20.5509822, 38.459149 ], [ 20.5511235, 38.4592114 ], [ 20.5512656, 38.4593761 ], [ 20.5514343, 38.4595621 ], [ 20.5516171, 38.4597274 ], [ 20.5516852, 38.4597743 ], [ 20.5517759, 38.4594747 ], [ 20.5513239, 38.4593833 ], [ 20.5514085, 38.4591882 ], [ 20.5514332, 38.4590879 ], [ 20.5515258, 38.4588051 ], [ 20.551681, 38.4585379 ], [ 20.55172, 38.458473 ], [ 20.551777, 38.458405 ], [ 20.5517393, 38.4583473 ], [ 20.5516736, 38.4582387 ], [ 20.5515788, 38.4578912 ], [ 20.551514, 38.457808 ], [ 20.5508277, 38.4577533 ], [ 20.5506765, 38.4577533 ], [ 20.5505684, 38.4579264 ], [ 20.5501578, 38.4578665 ], [ 20.550099, 38.458264 ], [ 20.5498899, 38.458299 ], [ 20.5498664, 38.4581168 ], [ 20.5493227, 38.4582593 ], [ 20.5493846, 38.4585548 ], [ 20.5490767, 38.458621 ], [ 20.5490861, 38.4589615 ], [ 20.5492024, 38.4590195 ], [ 20.5492982, 38.4588885 ], [ 20.5494862, 38.4588385 ], [ 20.5498095, 38.4587899 ], [ 20.5501422, 38.4588606 ], [ 20.5501046, 38.4589342 ], [ 20.5502756, 38.458968 ], [ 20.5505481, 38.4590696 ], [ 20.5504109, 38.4592727 ], [ 20.5506083, 38.459473 ] ] ] } },
{ "type": "Feature", "properties": { "element": "way", "id": 288987952, "historic": null, "name": null, "tourism": null, "access": null, "amenity": null, "fee": null, "parking": null, "board_type": null, "information": null, "check_date": null, "source": "survey;bing", "name:ru": null, "website": null, "addr:country": null, "addr:place": null, "air_conditioning": null, "description": null, "email": null, "internet_access": null, "internet_access:fee": null, "payment:cash": null, "payment:mastercard": null, "payment:visa": null, "phone": null, "natural": "wood", "leaf_type": null, "surface": null, "building": null, "abandoned": null, "landuse": null, "religion": null, "addr:housename": null, "contact:email": null, "contact:phone": null, "opening_hours": null, "shop": null, "leisure": null, "type": null, "label": "natural:wood" }, "geometry": { "type": "Polygon", "coordinates": [ [ [ 20.5458955, 38.4670319 ], [ 20.5445806, 38.4670442 ], [ 20.545555, 38.4656249 ], [ 20.5462465, 38.4656741 ], [ 20.5472065, 38.4641161 ], [ 20.5482334, 38.4629675 ], [ 20.5483224, 38.4613061 ], [ 20.5486656, 38.4603606 ], [ 20.5476911, 38.4601165 ], [ 20.5475313, 38.460018 ], [ 20.5471646, 38.4599832 ], [ 20.5469629, 38.4599319 ], [ 20.5467509, 38.459771 ], [ 20.5465035, 38.4598362 ], [ 20.5461595, 38.4602757 ], [ 20.545871, 38.4603935 ], [ 20.5451135, 38.4605781 ], [ 20.5439096, 38.4603424 ], [ 20.542388, 38.460408 ], [ 20.542325, 38.46079 ], [ 20.542271, 38.460998 ], [ 20.541954, 38.461129 ], [ 20.541865, 38.461126 ], [ 20.541333, 38.46111 ], [ 20.541072, 38.460998 ], [ 20.5407759, 38.460949 ], [ 20.5405299, 38.4617008 ], [ 20.5409857, 38.4632391 ], [ 20.540598, 38.4634811 ], [ 20.5403413, 38.4634811 ], [ 20.5401003, 38.4637395 ], [ 20.5396655, 38.4638667 ], [ 20.5393302, 38.4650563 ], [ 20.5384082, 38.465528 ], [ 20.5381096, 38.4661638 ], [ 20.5380205, 38.4664551 ], [ 20.5381462, 38.4669596 ], [ 20.5383348, 38.4675379 ], [ 20.538251, 38.467985 ], [ 20.5379524, 38.4680589 ], [ 20.5378529, 38.4684075 ], [ 20.537879, 38.4695642 ], [ 20.5387068, 38.4699785 ], [ 20.5394664, 38.4702041 ], [ 20.5396341, 38.4710818 ], [ 20.5398698, 38.4720006 ], [ 20.540494175634528, 38.472599831443333 ], [ 20.549088878628332, 38.472599831443333 ], [ 20.5488074, 38.4721031 ], [ 20.5481839, 38.4716171 ], [ 20.5480582, 38.4715125 ], [ 20.5480844, 38.4714202 ], [ 20.5450511, 38.4689107 ], [ 20.5448448, 38.4688295 ], [ 20.5449823, 38.4681955 ], [ 20.5450651, 38.4680574 ], [ 20.5451305, 38.4677856 ], [ 20.5458327, 38.4674051 ], [ 20.5458955, 38.4670319 ] ] ] } },
{ "type": "Feature", "properties": { "element": "way", "id": 288987955, "historic": null, "name": null, "tourism": null, "access": null, "amenity": null, "fee": null, "parking": null, "board_type": null, "information": null, "check_date": null, "source": "survey;bing", "name:ru": null, "website": null, "addr:country": null, "addr:place": null, "air_conditioning": null, "description": null, "email": null, "internet_access": null, "internet_access:fee": null, "payment:cash": null, "payment:mastercard": null, "payment:visa": null, "phone": null, "natural": "wood", "leaf_type": null, "surface": null, "building": null, "abandoned": null, "landuse": null, "religion": null, "addr:housename": null, "contact:email": null, "contact:phone": null, "opening_hours": null, "shop": null, "leisure": null, "type": null, "label": "natural:wood" }, "geometry": { "type": "Polygon", "coordinates": [ [ [ 20.5511452, 38.4600619 ], [ 20.5512773, 38.4597419 ], [ 20.5512975, 38.4595107 ], [ 20.5511679, 38.4593675 ], [ 20.5510168, 38.4592345 ], [ 20.5509353, 38.4592465 ], [ 20.5508198, 38.4594898 ], [ 20.5507315, 38.4596002 ], [ 20.5507375, 38.4598838 ], [ 20.5511452, 38.4600619 ] ] ] } },
{ "type": "Feature", "properties": { "element": "way", "id": 288987956, "historic": null, "name": null, "tourism": null, "access": null, "amenity": null, "fee": null, "parking": null, "board_type": null, "information": null, "check_date": null, "source": null, "name:ru": null, "website": null, "addr:country": null, "addr:place": null, "air_conditioning": null, "description": null, "email": null, "internet_access": null, "internet_access:fee": null, "payment:cash": null, "payment:mastercard": null, "payment:visa": null, "phone": null, "natural": "scrub", "leaf_type": null, "surface": null, "building": null, "abandoned": null, "landuse": null, "religion": null, "addr:housename": null, "contact:email": null, "contact:phone": null, "opening_hours": null, "shop": null, "leisure": null, "type": null, "label": "natural:scrub" }, "geometry": { "type": "Polygon", "coordinates": [ [ [ 20.5467975, 38.4589694 ], [ 20.5472693, 38.4590319 ], [ 20.5476627, 38.4590065 ], [ 20.5476766, 38.4586843 ], [ 20.5474094, 38.4586764 ], [ 20.5472746, 38.4586528 ], [ 20.5468597, 38.4586681 ], [ 20.546883, 38.4587196 ], [ 20.5464065, 38.4588797 ], [ 20.5467975, 38.4589694 ] ] ] } },
{ "type": "Feature", "properties": { "element": "way", "id": 289065487, "historic": null, "name": null, "tourism": null, "access": null, "amenity": null, "fee": null, "parking": null, "board_type": null, "information": null, "check_date": null, "source": null, "name:ru": null, "website": null, "addr:country": null, "addr:place": null, "air_conditioning": null, "description": null, "email": null, "internet_access": null, "internet_access:fee": null, "payment:cash": null, "payment:mastercard": null, "payment:visa": null, "phone": null, "natural": null, "leaf_type": null, "surface": null, "building": "yes", "abandoned": null, "landuse": null, "religion": null, "addr:housename": null, "contact:email": null, "contact:phone": null, "opening_hours": null, "shop": null, "leisure": null, "type": null, "label": "building:yes" }, "geometry": { "type": "Polygon", "coordinates": [ [ [ 20.5528801, 38.4636146 ], [ 20.552794, 38.4636225 ], [ 20.5528146, 38.4637603 ], [ 20.5529007, 38.4637524 ], [ 20.5528801, 38.4636146 ] ] ] } },
{ "type": "Feature", "properties": { "element": "way", "id": 289065488, "historic": null, "name": null, "tourism": null, "access": null, "amenity": null, "fee": null, "parking": null, "board_type": null, "information": null, "check_date": null, "source": null, "name:ru": null, "website": null, "addr:country": null, "addr:place": null, "air_conditioning": null, "description": null, "email": null, "internet_access": null, "internet_access:fee": null, "payment:cash": null, "payment:mastercard": null, "payment:visa": null, "phone": null, "natural": null, "leaf_type": null, "surface": null, "building": "yes", "abandoned": null, "landuse": null, "religion": null, "addr:housename": null, "contact:email": null, "contact:phone": null, "opening_hours": null, "shop": null, "leisure": null, "type": null, "label": "building:yes" }, "geometry": { "type": "Polygon", "coordinates": [ [ [ 20.5504467, 38.4652144 ], [ 20.5503614, 38.465159 ], [ 20.5502628, 38.4652521 ], [ 20.550348, 38.4653075 ], [ 20.5504467, 38.4652144 ] ] ] } },
{ "type": "Feature", "properties": { "element": "way", "id": 289065489, "historic": null, "name": null, "tourism": null, "access": null, "amenity": null, "fee": null, "parking": null, "board_type": null, "information": null, "check_date": null, "source": null, "name:ru": null, "website": null, "addr:country": null, "addr:place": null, "air_conditioning": null, "description": null, "email": null, "internet_access": null, "internet_access:fee": null, "payment:cash": null, "payment:mastercard": null, "payment:visa": null, "phone": null, "natural": null, "leaf_type": null, "surface": null, "building": "yes", "abandoned": null, "landuse": null, "religion": null, "addr:housename": null, "contact:email": null, "contact:phone": null, "opening_hours": null, "shop": null, "leisure": null, "type": null, "label": "building:yes" }, "geometry": { "type": "Polygon", "coordinates": [ [ [ 20.5506724, 38.4632739 ], [ 20.5506776, 38.4632053 ], [ 20.5505251, 38.4631983 ], [ 20.55052, 38.4632668 ], [ 20.5506724, 38.4632739 ] ] ] } },
{ "type": "Feature", "properties": { "element": "way", "id": 289065490, "historic": null, "name": null, "tourism": null, "access": null, "amenity": null, "fee": null, "parking": null, "board_type": null, "information": null, "check_date": null, "source": null, "name:ru": null, "website": null, "addr:country": null, "addr:place": null, "air_conditioning": null, "description": null, "email": null, "internet_access": null, "internet_access:fee": null, "payment:cash": null, "payment:mastercard": null, "payment:visa": null, "phone": null, "natural": null, "leaf_type": null, "surface": null, "building": "yes", "abandoned": null, "landuse": null, "religion": null, "addr:housename": null, "contact:email": null, "contact:phone": null, "opening_hours": null, "shop": null, "leisure": null, "type": null, "label": "building:yes" }, "geometry": { "type": "Polygon", "coordinates": [ [ [ 20.5510049, 38.4628697 ], [ 20.5510116, 38.4627415 ], [ 20.5509415, 38.4627393 ], [ 20.5509348, 38.4628674 ], [ 20.5510049, 38.4628697 ] ] ] } },
{ "type": "Feature", "properties": { "element": "way", "id": 289065491, "historic": null, "name": null, "tourism": null, "access": null, "amenity": null, "fee": null, "parking": null, "board_type": null, "information": null, "check_date": null, "source": null, "name:ru": null, "website": null, "addr:country": null, "addr:place": null, "air_conditioning": null, "description": null, "email": null, "internet_access": null, "internet_access:fee": null, "payment:cash": null, "payment:mastercard": null, "payment:visa": null, "phone": null, "natural": null, "leaf_type": null, "surface": null, "building": "yes", "abandoned": null, "landuse": null, "religion": null, "addr:housename": null, "contact:email": null, "contact:phone": null, "opening_hours": null, "shop": null, "leisure": null, "type": null, "label": "building:yes" }, "geometry": { "type": "Polygon", "coordinates": [ [ [ 20.5503361, 38.4638041 ], [ 20.5503563, 38.4637251 ], [ 20.5501769, 38.463697 ], [ 20.5501568, 38.463776 ], [ 20.5503361, 38.4638041 ] ] ] } },
{ "type": "Feature", "properties": { "element": "way", "id": 289065492, "historic": null, "name": null, "tourism": null, "access": null, "amenity": null, "fee": null, "parking": null, "board_type": null, "information": null, "check_date": null, "source": null, "name:ru": null, "website": null, "addr:country": null, "addr:place": null, "air_conditioning": null, "description": null, "email": null, "internet_access": null, "internet_access:fee": null, "payment:cash": null, "payment:mastercard": null, "payment:visa": null, "phone": null, "natural": null, "leaf_type": null, "surface": null, "building": "yes", "abandoned": null, "landuse": null, "religion": null, "addr:housename": null, "contact:email": null, "contact:phone": null, "opening_hours": null, "shop": null, "leisure": null, "type": null, "label": "building:yes" }, "geometry": { "type": "Polygon", "coordinates": [ [ [ 20.5515285, 38.4637668 ], [ 20.5515564, 38.4637021 ], [ 20.5514343, 38.4636699 ], [ 20.5514064, 38.4637345 ], [ 20.5515285, 38.4637668 ] ] ] } },
{ "type": "Feature", "properties": { "element": "way", "id": 289065493, "historic": null, "name": null, "tourism": null, "access": null, "amenity": null, "fee": null, "parking": null, "board_type": null, "information": null, "check_date": null, "source": null, "name:ru": null, "website": null, "addr:country": null, "addr:place": null, "air_conditioning": null, "description": null, "email": null, "internet_access": null, "internet_access:fee": null, "payment:cash": null, "payment:mastercard": null, "payment:visa": null, "phone": null, "natural": null, "leaf_type": null, "surface": null, "building": "yes", "abandoned": null, "landuse": null, "religion": null, "addr:housename": null, "contact:email": null, "contact:phone": null, "opening_hours": null, "shop": null, "leisure": null, "type": null, "label": "building:yes" }, "geometry": { "type": "Polygon", "coordinates": [ [ [ 20.5509606, 38.463061 ], [ 20.5509942, 38.4629223 ], [ 20.5508967, 38.4629078 ], [ 20.550863, 38.4630465 ], [ 20.5509606, 38.463061 ] ] ] } },
{ "type": "Feature", "properties": { "element": "way", "id": 289065494, "historic": null, "name": null, "tourism": null, "access": null, "amenity": null, "fee": null, "parking": null, "board_type": null, "information": null, "check_date": null, "source": null, "name:ru": null, "website": null, "addr:country": null, "addr:place": null, "air_conditioning": null, "description": null, "email": null, "internet_access": null, "internet_access:fee": null, "payment:cash": null, "payment:mastercard": null, "payment:visa": null, "phone": null, "natural": null, "leaf_type": null, "surface": null, "building": "yes", "abandoned": null, "landuse": null, "religion": null, "addr:housename": null, "contact:email": null, "contact:phone": null, "opening_hours": null, "shop": null, "leisure": null, "type": null, "label": "building:yes" }, "geometry": { "type": "Polygon", "coordinates": [ [ [ 20.5509168, 38.4626743 ], [ 20.5509507, 38.4625708 ], [ 20.5508633, 38.4625532 ], [ 20.5508294, 38.4626568 ], [ 20.5509168, 38.4626743 ] ] ] } },
{ "type": "Feature", "properties": { "element": "way", "id": 289065495, "historic": null, "name": null, "tourism": null, "access": null, "amenity": null, "fee": null, "parking": null, "board_type": null, "information": null, "check_date": null, "source": null, "name:ru": null, "website": null, "addr:country": null, "addr:place": null, "air_conditioning": null, "description": null, "email": null, "internet_access": null, "internet_access:fee": null, "payment:cash": null, "payment:mastercard": null, "payment:visa": null, "phone": null, "natural": null, "leaf_type": null, "surface": null, "building": "yes", "abandoned": null, "landuse": null, "religion": null, "addr:housename": null, "contact:email": null, "contact:phone": null, "opening_hours": null, "shop": null, "leisure": null, "type": null, "label": "building:yes" }, "geometry": { "type": "Polygon", "coordinates": [ [ [ 20.5495476, 38.464851 ], [ 20.5496009, 38.4647995 ], [ 20.5495067, 38.4647398 ], [ 20.5494534, 38.4647914 ], [ 20.5495476, 38.464851 ] ] ] } },
{ "type": "Feature", "properties": { "element": "way", "id": 289065496, "historic": null, "name": null, "tourism": null, "access": null, "amenity": null, "fee": null, "parking": null, "board_type": null, "information": null, "check_date": null, "source": null, "name:ru": null, "website": null, "addr:country": null, "addr:place": null, "air_conditioning": null, "description": null, "email": null, "internet_access": null, "internet_access:fee": null, "payment:cash": null, "payment:mastercard": null, "payment:visa": null, "phone": null, "natural": null, "leaf_type": null, "surface": null, "building": "yes", "abandoned": null, "landuse": null, "religion": null, "addr:housename": null, "contact:email": null, "contact:phone": null, "opening_hours": null, "shop": null, "leisure": null, "type": null, "label": "building:yes" }, "geometry": { "type": "Polygon", "coordinates": [ [ [ 20.5501746, 38.4642364 ], [ 20.550212, 38.4641805 ], [ 20.5500788, 38.4641259 ], [ 20.5500414, 38.4641818 ], [ 20.5501746, 38.4642364 ] ] ] } },
{ "type": "Feature", "properties": { "element": "way", "id": 289065497, "historic": null, "name": null, "tourism": null, "access": null, "amenity": null, "fee": null, "parking": null, "board_type": null, "information": null, "check_date": null, "source": null, "name:ru": null, "website": null, "addr:country": null, "addr:place": null, "air_conditioning": null, "description": null, "email": null, "internet_access": null, "internet_access:fee": null, "payment:cash": null, "payment:mastercard": null, "payment:visa": null, "phone": null, "natural": null, "leaf_type": null, "surface": null, "building": "yes", "abandoned": null, "landuse": null, "religion": null, "addr:housename": null, "contact:email": null, "contact:phone": null, "opening_hours": null, "shop": null, "leisure": null, "type": null, "label": "building:yes" }, "geometry": { "type": "Polygon", "coordinates": [ [ [ 20.5508294, 38.4641078 ], [ 20.5508572, 38.4640171 ], [ 20.5507451, 38.463996 ], [ 20.5507173, 38.4640867 ], [ 20.5508294, 38.4641078 ] ] ] } },
{ "type": "Feature", "properties": { "element": "way", "id": 289065498, "historic": null, "name": null, "tourism": null, "access": null, "amenity": null, "fee": null, "parking": null, "board_type": null, "information": null, "check_date": null, "source": null, "name:ru": null, "website": null, "addr:country": null, "addr:place": null, "air_conditioning": null, "description": null, "email": null, "internet_access": null, "internet_access:fee": null, "payment:cash": null, "payment:mastercard": null, "payment:visa": null, "phone": null, "natural": null, "leaf_type": null, "surface": null, "building": "yes", "abandoned": null, "landuse": null, "religion": null, "addr:housename": null, "contact:email": null, "contact:phone": null, "opening_hours": null, "shop": null, "leisure": null, "type": null, "label": "building:yes" }, "geometry": { "type": "Polygon", "coordinates": [ [ [ 20.5567055, 38.4626733 ], [ 20.5567263, 38.4625435 ], [ 20.5566186, 38.4625329 ], [ 20.5565979, 38.4626628 ], [ 20.5567055, 38.4626733 ] ] ] } },
{ "type": "Feature", "properties": { "element": "way", "id": 289065499, "historic": null, "name": null, "tourism": null, "access": null, "amenity": null, "fee": null, "parking": null, "board_type": null, "information": null, "check_date": null, "source": null, "name:ru": null, "website": null, "addr:country": null, "addr:place": null, "air_conditioning": null, "description": null, "email": null, "internet_access": null, "internet_access:fee": null, "payment:cash": null, "payment:mastercard": null, "payment:visa": null, "phone": null, "natural": null, "leaf_type": null, "surface": null, "building": "yes", "abandoned": null, "landuse": null, "religion": null, "addr:housename": null, "contact:email": null, "contact:phone": null, "opening_hours": null, "shop": null, "leisure": null, "type": null, "label": "building:yes" }, "geometry": { "type": "Polygon", "coordinates": [ [ [ 20.5501159, 38.4644375 ], [ 20.5501536, 38.4643724 ], [ 20.5500378, 38.4643314 ], [ 20.5500002, 38.4643966 ], [ 20.5501159, 38.4644375 ] ] ] } },
{ "type": "Feature", "properties": { "element": "way", "id": 289065500, "historic": null, "name": null, "tourism": null, "access": null, "amenity": null, "fee": null, "parking": null, "board_type": null, "information": null, "check_date": null, "source": null, "name:ru": null, "website": null, "addr:country": null, "addr:place": null, "air_conditioning": null, "description": null, "email": null, "internet_access": null, "internet_access:fee": null, "payment:cash": null, "payment:mastercard": null, "payment:visa": null, "phone": null, "natural": null, "leaf_type": null, "surface": null, "building": "yes", "abandoned": null, "landuse": null, "religion": null, "addr:housename": null, "contact:email": null, "contact:phone": null, "opening_hours": null, "shop": null, "leisure": null, "type": null, "label": "building:yes" }, "geometry": { "type": "Polygon", "coordinates": [ [ [ 20.5519157, 38.4639494 ], [ 20.5518766, 38.4638857 ], [ 20.5517555, 38.4639314 ], [ 20.5517946, 38.4639951 ], [ 20.5519157, 38.4639494 ] ] ] } },
{ "type": "Feature", "properties": { "element": "way", "id": 289065501, "historic": null, "name": null, "tourism": null, "access": null, "amenity": null, "fee": null, "parking": null, "board_type": null, "information": null, "check_date": null, "source": null, "name:ru": null, "website": null, "addr:country": null, "addr:place": null, "air_conditioning": null, "description": null, "email": null, "internet_access": null, "internet_access:fee": null, "payment:cash": null, "payment:mastercard": null, "payment:visa": null, "phone": null, "natural": null, "leaf_type": null, "surface": null, "building": "yes", "abandoned": null, "landuse": null, "religion": null, "addr:housename": null, "contact:email": null, "contact:phone": null, "opening_hours": null, "shop": null, "leisure": null, "type": null, "label": "building:yes" }, "geometry": { "type": "Polygon", "coordinates": [ [ [ 20.5501126, 38.4649932 ], [ 20.5501719, 38.4649428 ], [ 20.5500598, 38.464862 ], [ 20.5500005, 38.4649125 ], [ 20.5501126, 38.4649932 ] ] ] } },
{ "type": "Feature", "properties": { "element": "way", "id": 289065502, "historic": null, "name": null, "tourism": null, "access": null, "amenity": null, "fee": null, "parking": null, "board_type": null, "information": null, "check_date": null, "source": null, "name:ru": null, "website": null, "addr:country": null, "addr:place": null, "air_conditioning": null, "description": null, "email": null, "internet_access": null, "internet_access:fee": null, "payment:cash": null, "payment:mastercard": null, "payment:visa": null, "phone": null, "natural": null, "leaf_type": null, "surface": null, "building": "yes", "abandoned": null, "landuse": null, "religion": null, "addr:housename": null, "contact:email": null, "contact:phone": null, "opening_hours": null, "shop": null, "leisure": null, "type": null, "label": "building:yes" }, "geometry": { "type": "Polygon", "coordinates": [ [ [ 20.5504325, 38.4639621 ], [ 20.5504592, 38.4638786 ], [ 20.5503874, 38.4638646 ], [ 20.5503608, 38.463948 ], [ 20.5504325, 38.4639621 ] ] ] } },
{ "type": "Feature", "properties": { "element": "way", "id": 289065503, "historic": null, "name": null, "tourism": null, "access": null, "amenity": null, "fee": null, "parking": null, "board_type": null, "information": null, "check_date": null, "source": null, "name:ru": null, "website": null, "addr:country": null, "addr:place": null, "air_conditioning": null, "description": null, "email": null, "internet_access": null, "internet_access:fee": null, "payment:cash": null, "payment:mastercard": null, "payment:visa": null, "phone": null, "natural": null, "leaf_type": null, "surface": null, "building": "yes", "abandoned": null, "landuse": null, "religion": null, "addr:housename": null, "contact:email": null, "contact:phone": null, "opening_hours": null, "shop": null, "leisure": null, "type": null, "label": "building:yes" }, "geometry": { "type": "Polygon", "coordinates": [ [ [ 20.5551921, 38.4625329 ], [ 20.5552095, 38.4624603 ], [ 20.5551377, 38.4624497 ], [ 20.5551203, 38.4625223 ], [ 20.5551921, 38.4625329 ] ] ] } },
{ "type": "Feature", "properties": { "element": "way", "id": 289065504, "historic": null, "name": null, "tourism": null, "access": null, "amenity": null, "fee": null, "parking": null, "board_type": null, "information": null, "check_date": null, "source": null, "name:ru": null, "website": null, "addr:country": null, "addr:place": null, "air_conditioning": null, "description": null, "email": null, "internet_access": null, "internet_access:fee": null, "payment:cash": null, "payment:mastercard": null, "payment:visa": null, "phone": null, "natural": null, "leaf_type": null, "surface": null, "building": "yes", "abandoned": null, "landuse": null, "religion": null, "addr:housename": null, "contact:email": null, "contact:phone": null, "opening_hours": null, "shop": null, "leisure": null, "type": null, "label": "building:yes" }, "geometry": { "type": "Polygon", "coordinates": [ [ [ 20.5525599, 38.4636071 ], [ 20.5525517, 38.4635416 ], [ 20.5524549, 38.4635491 ], [ 20.5524632, 38.4636146 ], [ 20.5525599, 38.4636071 ] ] ] } },
{ "type": "Feature", "properties": { "element": "way", "id": 289065505, "historic": null, "name": null, "tourism": null, "access": null, "amenity": null, "fee": null, "parking": null, "board_type": null, "information": null, "check_date": null, "source": null, "name:ru": null, "website": null, "addr:country": null, "addr:place": null, "air_conditioning": null, "description": null, "email": null, "internet_access": null, "internet_access:fee": null, "payment:cash": null, "payment:mastercard": null, "payment:visa": null, "phone": null, "natural": null, "leaf_type": null, "surface": null, "building": "yes", "abandoned": null, "landuse": null, "religion": null, "addr:housename": null, "contact:email": null, "contact:phone": null, "opening_hours": null, "shop": null, "leisure": null, "type": null, "label": "building:yes" }, "geometry": { "type": "Polygon", "coordinates": [ [ [ 20.5521691, 38.463974 ], [ 20.5521662, 38.4638702 ], [ 20.5520609, 38.463872 ], [ 20.5520637, 38.4639757 ], [ 20.5521691, 38.463974 ] ] ] } },
{ "type": "Feature", "properties": { "element": "way", "id": 289065506, "historic": null, "name": null, "tourism": null, "access": null, "amenity": null, "fee": null, "parking": null, "board_type": null, "information": null, "check_date": null, "source": null, "name:ru": null, "website": null, "addr:country": null, "addr:place": null, "air_conditioning": null, "description": null, "email": null, "internet_access": null, "internet_access:fee": null, "payment:cash": null, "payment:mastercard": null, "payment:visa": null, "phone": null, "natural": null, "leaf_type": null, "surface": null, "building": "yes", "abandoned": null, "landuse": null, "religion": null, "addr:housename": null, "contact:email": null, "contact:phone": null, "opening_hours": null, "shop": null, "leisure": null, "type": null, "label": "building:yes" }, "geometry": { "type": "Polygon", "coordinates": [ [ [ 20.5513637, 38.4648036 ], [ 20.5513236, 38.4647223 ], [ 20.5512249, 38.4647521 ], [ 20.5512651, 38.4648335 ], [ 20.5513637, 38.4648036 ] ] ] } },
{ "type": "Feature", "properties": { "element": "way", "id": 289065508, "historic": null, "name": null, "tourism": null, "access": null, "amenity": null, "fee": null, "parking": null, "board_type": null, "information": null, "check_date": null, "source": "survey;bing", "name:ru": null, "website": null, "addr:country": null, "addr:place": null, "air_conditioning": null, "description": null, "email": null, "internet_access": null, "internet_access:fee": null, "payment:cash": null, "payment:mastercard": null, "payment:visa": null, "phone": null, "natural": null, "leaf_type": null, "surface": null, "building": null, "abandoned": null, "landuse": "residential", "religion": null, "addr:housename": null, "contact:email": null, "contact:phone": null, "opening_hours": null, "shop": null, "leisure": null, "type": null, "label": "landuse:residential" }, "geometry": { "type": "Polygon", "coordinates": [ [ [ 20.5543184, 38.4627878 ], [ 20.5539838, 38.4627824 ], [ 20.5537952, 38.4626508 ], [ 20.55376, 38.4625716 ], [ 20.5534409, 38.4621532 ], [ 20.5537956, 38.4618618 ], [ 20.5541113, 38.4615987 ], [ 20.554017, 38.4614018 ], [ 20.5533702, 38.4618562 ], [ 20.5531627, 38.4620241 ], [ 20.5528786, 38.461934 ], [ 20.5525867, 38.4618867 ], [ 20.551849, 38.4618551 ], [ 20.551784, 38.4620082 ], [ 20.5517593, 38.4621276 ], [ 20.5513654, 38.4620084 ], [ 20.5513203, 38.4621561 ], [ 20.5514432, 38.4622874 ], [ 20.5520261, 38.4626157 ], [ 20.552145, 38.4628474 ], [ 20.5525889, 38.4629282 ], [ 20.5530351, 38.4629545 ], [ 20.5532705, 38.4630616 ], [ 20.553349, 38.4632214 ], [ 20.553934, 38.4631381 ], [ 20.5544034, 38.4630246 ], [ 20.5543184, 38.4627878 ] ] ] } },
{ "type": "Feature", "properties": { "element": "way", "id": 289065509, "historic": null, "name": null, "tourism": null, "access": null, "amenity": null, "fee": null, "parking": null, "board_type": null, "information": null, "check_date": null, "source": "survey;bing", "name:ru": null, "website": null, "addr:country": null, "addr:place": null, "air_conditioning": null, "description": null, "email": null, "internet_access": null, "internet_access:fee": null, "payment:cash": null, "payment:mastercard": null, "payment:visa": null, "phone": null, "natural": null, "leaf_type": null, "surface": null, "building": null, "abandoned": null, "landuse": "residential", "religion": null, "addr:housename": null, "contact:email": null, "contact:phone": null, "opening_hours": null, "shop": null, "leisure": null, "type": null, "label": "landuse:residential" }, "geometry": { "type": "Polygon", "coordinates": [ [ [ 20.5501603, 38.4644611 ], [ 20.550365, 38.4643645 ], [ 20.5504637, 38.4643136 ], [ 20.5507596, 38.4642768 ], [ 20.5510982, 38.4639853 ], [ 20.551596, 38.4638835 ], [ 20.5515489, 38.4642803 ], [ 20.5519341, 38.4643296 ], [ 20.5523215, 38.4641284 ], [ 20.5524204, 38.4637847 ], [ 20.5526576, 38.4638188 ], [ 20.5529569, 38.4637659 ], [ 20.5529278, 38.4634727 ], [ 20.5524771, 38.4634429 ], [ 20.5517888, 38.4634587 ], [ 20.5515421, 38.4634762 ], [ 20.5514406, 38.4634495 ], [ 20.551365, 38.4633744 ], [ 20.5513336, 38.4630952 ], [ 20.5512193, 38.4627915 ], [ 20.551217, 38.4625633 ], [ 20.5507058, 38.4625141 ], [ 20.5505489, 38.4630514 ], [ 20.5504471, 38.4630474 ], [ 20.5502731, 38.46319 ], [ 20.5497955, 38.4630787 ], [ 20.5497193, 38.4636194 ], [ 20.5499601, 38.463661 ], [ 20.5499823, 38.463939 ], [ 20.5500203, 38.4639986 ], [ 20.5498111, 38.4643189 ], [ 20.5499614, 38.4644857 ], [ 20.5501603, 38.4644611 ] ] ] } },
{ "type": "Feature", "properties": { "element": "way", "id": 289065514, "historic": null, "name": null, "tourism": null, "access": null, "amenity": null, "fee": null, "parking": null, "board_type": null, "information": null, "check_date": null, "source": "survey;bing", "name:ru": null, "website": null, "addr:country": null, "addr:place": null, "air_conditioning": null, "description": null, "email": null, "internet_access": null, "internet_access:fee": null, "payment:cash": null, "payment:mastercard": null, "payment:visa": null, "phone": null, "natural": "wood", "leaf_type": null, "surface": null, "building": null, "abandoned": null, "landuse": null, "religion": null, "addr:housename": null, "contact:email": null, "contact:phone": null, "opening_hours": null, "shop": null, "leisure": null, "type": null, "label": "natural:wood" }, "geometry": { "type": "Polygon", "coordinates": [ [ [ 20.5590291, 38.4629483 ], [ 20.559503397380897, 38.463059066822652 ], [ 20.559503397380897, 38.462718437331688 ], [ 20.5593242, 38.4628008 ], [ 20.55918, 38.4628281 ], [ 20.5589437, 38.4628194 ], [ 20.5588251, 38.4628079 ], [ 20.5590291, 38.4629483 ] ] ] } },
{ "type": "Feature", "properties": { "element": "way", "id": 289065515, "historic": null, "name": null, "tourism": null, "access": null, "amenity": null, "fee": null, "parking": null, "board_type": null, "information": null, "check_date": null, "source": "survey;bing", "name:ru": null, "website": null, "addr:country": null, "addr:place": null, "air_conditioning": null, "description": null, "email": null, "internet_access": null, "internet_access:fee": null, "payment:cash": null, "payment:mastercard": null, "payment:visa": null, "phone": null, "natural": "wood", "leaf_type": null, "surface": null, "building": null, "abandoned": null, "landuse": null, "religion": null, "addr:housename": null, "contact:email": null, "contact:phone": null, "opening_hours": null, "shop": null, "leisure": null, "type": null, "label": "natural:wood" }, "geometry": { "type": "Polygon", "coordinates": [ [ [ 20.5589527, 38.4630309 ], [ 20.5586262, 38.4635671 ], [ 20.5587249, 38.4636227 ], [ 20.5589292, 38.4633322 ], [ 20.559069, 38.4633449 ], [ 20.5592652, 38.463608 ], [ 20.5592813, 38.4636922 ], [ 20.5594507, 38.4638037 ], [ 20.559503397380897, 38.463771488614469 ], [ 20.559503397380897, 38.463488412465345 ], [ 20.5594965, 38.463482 ], [ 20.559503397380897, 38.463469837811559 ], [ 20.559503397380897, 38.463157385874744 ], [ 20.5589527, 38.4630309 ] ] ] } },
{ "type": "Feature", "properties": { "element": "way", "id": 289065516, "historic": null, "name": null, "tourism": null, "access": null, "amenity": null, "fee": null, "parking": null, "board_type": null, "information": null, "check_date": null, "source": "survey;bing", "name:ru": null, "website": null, "addr:country": null, "addr:place": null, "air_conditioning": null, "description": null, "email": null, "internet_access": null, "internet_access:fee": null, "payment:cash": null, "payment:mastercard": null, "payment:visa": null, "phone": null, "natural": "wood", "leaf_type": null, "surface": null, "building": null, "abandoned": null, "landuse": null, "religion": null, "addr:housename": null, "contact:email": null, "contact:phone": null, "opening_hours": null, "shop": null, "leisure": null, "type": null, "label": "natural:wood" }, "geometry": { "type": "Polygon", "coordinates": [ [ [ 20.5564988, 38.4649741 ], [ 20.5569293, 38.4650864 ], [ 20.5573755, 38.4652655 ], [ 20.5577118, 38.4653515 ], [ 20.5579427, 38.4655622 ], [ 20.5580795, 38.4657097 ], [ 20.5583777, 38.4657729 ], [ 20.5588037, 38.4657149 ], [ 20.5592813, 38.4654937 ], [ 20.559503397380897, 38.465376865046593 ], [ 20.559503397380897, 38.463771488614469 ], [ 20.5594507, 38.4638037 ], [ 20.5594507, 38.4639868 ], [ 20.5590869, 38.463915 ], [ 20.5590582, 38.4642815 ], [ 20.5588754, 38.4646141 ], [ 20.5588755, 38.4648161 ], [ 20.558788, 38.4649372 ], [ 20.5588216, 38.4652058 ], [ 20.5590122, 38.4653129 ], [ 20.5590391, 38.4654727 ], [ 20.5585997, 38.4655464 ], [ 20.5582499, 38.4655306 ], [ 20.5584651, 38.4653199 ], [ 20.5585503, 38.4651812 ], [ 20.5584749, 38.4646478 ], [ 20.5580547, 38.4645655 ], [ 20.5578566, 38.4645552 ], [ 20.5574741, 38.4647055 ], [ 20.5571625, 38.4647546 ], [ 20.5566939, 38.464795 ], [ 20.5562948, 38.4648582 ], [ 20.555871, 38.4649671 ], [ 20.5564988, 38.4649741 ] ] ] } },
{ "type": "Feature", "properties": { "element": "way", "id": 289065517, "historic": null, "name": null, "tourism": null, "access": null, "amenity": null, "fee": null, "parking": null, "board_type": null, "information": null, "check_date": null, "source": "survey;bing", "name:ru": null, "website": null, "addr:country": null, "addr:place": null, "air_conditioning": null, "description": null, "email": null, "internet_access": null, "internet_access:fee": null, "payment:cash": null, "payment:mastercard": null, "payment:visa": null, "phone": null, "natural": "wood", "leaf_type": null, "surface": null, "building": null, "abandoned": null, "landuse": null, "religion": null, "addr:housename": null, "contact:email": null, "contact:phone": null, "opening_hours": null, "shop": null, "leisure": null, "type": null, "label": "natural:wood" }, "geometry": { "type": "Polygon", "coordinates": [ [ [ 20.5594547, 38.4586843 ], [ 20.5594339, 38.458612 ], [ 20.5593959, 38.4586232 ], [ 20.5584076, 38.4590723 ], [ 20.5580674, 38.4596787 ], [ 20.5577919, 38.4597599 ], [ 20.5571828, 38.4598462 ], [ 20.5564828, 38.4599604 ], [ 20.5560292, 38.4602217 ], [ 20.555683, 38.4604669 ], [ 20.5554103, 38.4607038 ], [ 20.5552059, 38.4609735 ], [ 20.5554592, 38.4612789 ], [ 20.5553225, 38.4613878 ], [ 20.5549637, 38.4612509 ], [ 20.5548359, 38.4613421 ], [ 20.5540355, 38.4617354 ], [ 20.5535646, 38.4621849 ], [ 20.5540153, 38.4626729 ], [ 20.554298, 38.4627155 ], [ 20.5545569, 38.4627478 ], [ 20.554754, 38.4625791 ], [ 20.5549465, 38.4625271 ], [ 20.5553703, 38.4625665 ], [ 20.5558021, 38.4627193 ], [ 20.5561222, 38.4624001 ], [ 20.5561906, 38.4622221 ], [ 20.5563441, 38.4623046 ], [ 20.5566122, 38.4623423 ], [ 20.5567635, 38.4624266 ], [ 20.5567176, 38.462719 ], [ 20.5571255, 38.4627495 ], [ 20.5579664, 38.4628393 ], [ 20.5583055, 38.4628249 ], [ 20.558498, 38.4627029 ], [ 20.5586881, 38.4626724 ], [ 20.5584957, 38.4621467 ], [ 20.558475, 38.4619512 ], [ 20.558817, 38.462031 ], [ 20.5592367, 38.4619744 ], [ 20.5590516, 38.4617344 ], [ 20.5589767, 38.4614575 ], [ 20.5591387, 38.4614067 ], [ 20.5590124, 38.4610033 ], [ 20.5593753, 38.461016 ], [ 20.559503397380897, 38.461285622332909 ], [ 20.559503397380897, 38.458687507009714 ], [ 20.5594547, 38.4586843 ] ] ] } },
{ "type": "Feature", "properties": { "element": "way", "id": 289090412, "historic": null, "name": null, "tourism": null, "access": null, "amenity": null, "fee": null, "parking": null, "board_type": null, "information": null, "check_date": null, "source": null, "name:ru": null, "website": null, "addr:country": null, "addr:place": null, "air_conditioning": null, "description": null, "email": null, "internet_access": null, "internet_access:fee": null, "payment:cash": null, "payment:mastercard": null, "payment:visa": null, "phone": null, "natural": null, "leaf_type": null, "surface": null, "building": "yes", "abandoned": null, "landuse": null, "religion": null, "addr:housename": null, "contact:email": null, "contact:phone": null, "opening_hours": null, "shop": null, "leisure": null, "type": null, "label": "building:yes" }, "geometry": { "type": "Polygon", "coordinates": [ [ [ 20.5551068, 38.4631177 ], [ 20.5550193, 38.46314 ], [ 20.5550688, 38.4632593 ], [ 20.5551563, 38.4632371 ], [ 20.5551068, 38.4631177 ] ] ] } },
{ "type": "Feature", "properties": { "element": "way", "id": 289090418, "historic": null, "name": null, "tourism": null, "access": null, "amenity": null, "fee": null, "parking": null, "board_type": null, "information": null, "check_date": null, "source": null, "name:ru": null, "website": null, "addr:country": null, "addr:place": null, "air_conditioning": null, "description": null, "email": null, "internet_access": null, "internet_access:fee": null, "payment:cash": null, "payment:mastercard": null, "payment:visa": null, "phone": null, "natural": null, "leaf_type": null, "surface": null, "building": "yes", "abandoned": null, "landuse": null, "religion": null, "addr:housename": null, "contact:email": null, "contact:phone": null, "opening_hours": null, "shop": null, "leisure": null, "type": null, "label": "building:yes" }, "geometry": { "type": "Polygon", "coordinates": [ [ [ 20.5549108, 38.4631177 ], [ 20.5548062, 38.4631539 ], [ 20.5548656, 38.4632593 ], [ 20.5549702, 38.4632232 ], [ 20.5549108, 38.4631177 ] ] ] } },
{ "type": "Feature", "properties": { "element": "way", "id": 289090419, "historic": null, "name": null, "tourism": null, "access": null, "amenity": null, "fee": null, "parking": null, "board_type": null, "information": null, "check_date": null, "source": null, "name:ru": null, "website": null, "addr:country": null, "addr:place": null, "air_conditioning": null, "description": null, "email": null, "internet_access": null, "internet_access:fee": null, "payment:cash": null, "payment:mastercard": null, "payment:visa": null, "phone": null, "natural": null, "leaf_type": null, "surface": null, "building": "yes", "abandoned": null, "landuse": null, "religion": null, "addr:housename": null, "contact:email": null, "contact:phone": null, "opening_hours": null, "shop": null, "leisure": null, "type": null, "label": "building:yes" }, "geometry": { "type": "Polygon", "coordinates": [ [ [ 20.5557817, 38.4628649 ], [ 20.5557685, 38.4628025 ], [ 20.5556616, 38.4628165 ], [ 20.5556748, 38.4628788 ], [ 20.5557817, 38.4628649 ] ] ] } },
{ "type": "Feature", "properties": { "element": "way", "id": 289090422, "historic": null, "name": null, "tourism": null, "access": null, "amenity": null, "fee": null, "parking": null, "board_type": null, "information": null, "check_date": null, "source": null, "name:ru": null, "website": null, "addr:country": null, "addr:place": null, "air_conditioning": null, "description": null, "email": null, "internet_access": null, "internet_access:fee": null, "payment:cash": null, "payment:mastercard": null, "payment:visa": null, "phone": null, "natural": null, "leaf_type": null, "surface": null, "building": "yes", "abandoned": null, "landuse": null, "religion": null, "addr:housename": null, "contact:email": null, "contact:phone": null, "opening_hours": null, "shop": null, "leisure": null, "type": null, "label": "building:yes" }, "geometry": { "type": "Polygon", "coordinates": [ [ [ 20.5465164, 38.4597372 ], [ 20.546552, 38.459814 ], [ 20.5466407, 38.4597887 ], [ 20.546605, 38.459712 ], [ 20.5465164, 38.4597372 ] ] ] } },
{ "type": "Feature", "properties": { "element": "way", "id": 289090424, "historic": null, "name": null, "tourism": null, "access": null, "amenity": null, "fee": null, "parking": null, "board_type": null, "information": null, "check_date": null, "source": null, "name:ru": null, "website": null, "addr:country": null, "addr:place": null, "air_conditioning": null, "description": null, "email": null, "internet_access": null, "internet_access:fee": null, "payment:cash": null, "payment:mastercard": null, "payment:visa": null, "phone": null, "natural": null, "leaf_type": null, "surface": null, "building": "yes", "abandoned": null, "landuse": null, "religion": null, "addr:housename": null, "contact:email": null, "contact:phone": null, "opening_hours": null, "shop": null, "leisure": null, "type": null, "label": "building:yes" }, "geometry": { "type": "Polygon", "coordinates": [ [ [ 20.5549761, 38.4635937 ], [ 20.5549388, 38.4635182 ], [ 20.5548417, 38.4635477 ], [ 20.5548791, 38.4636231 ], [ 20.5549761, 38.4635937 ] ] ] } },
{ "type": "Feature", "properties": { "element": "way", "id": 289090427, "historic": null, "name": null, "tourism": null, "access": null, "amenity": null, "fee": null, "parking": null, "board_type": null, "information": null, "check_date": null, "source": null, "name:ru": null, "website": null, "addr:country": null, "addr:place": null, "air_conditioning": null, "description": null, "email": null, "internet_access": null, "internet_access:fee": null, "payment:cash": null, "payment:mastercard": null, "payment:visa": null, "phone": null, "natural": null, "leaf_type": null, "surface": null, "building": "yes", "abandoned": null, "landuse": null, "religion": null, "addr:housename": null, "contact:email": null, "contact:phone": null, "opening_hours": null, "shop": null, "leisure": null, "type": null, "label": "building:yes" }, "geometry": { "type": "Polygon", "coordinates": [ [ [ 20.5552266, 38.4611483 ], [ 20.5551531, 38.461116 ], [ 20.5550761, 38.4612234 ], [ 20.5551496, 38.4612557 ], [ 20.5552266, 38.4611483 ] ] ] } },
{ "type": "Feature", "properties": { "element": "way", "id": 289090449, "historic": null, "name": null, "tourism": null, "access": null, "amenity": null, "fee": null, "parking": null, "board_type": null, "information": null, "check_date": null, "source": null, "name:ru": null, "website": null, "addr:country": null, "addr:place": null, "air_conditioning": null, "description": null, "email": null, "internet_access": null, "internet_access:fee": null, "payment:cash": null, "payment:mastercard": null, "payment:visa": null, "phone": null, "natural": null, "leaf_type": null, "surface": null, "building": "yes", "abandoned": null, "landuse": null, "religion": null, "addr:housename": null, "contact:email": null, "contact:phone": null, "opening_hours": null, "shop": null, "leisure": null, "type": null, "label": "building:yes" }, "geometry": { "type": "Polygon", "coordinates": [ [ [ 20.5591952, 38.4622069 ], [ 20.5591745, 38.4621119 ], [ 20.5590002, 38.4621351 ], [ 20.5590209, 38.4622301 ], [ 20.5591952, 38.4622069 ] ] ] } },
{ "type": "Feature", "properties": { "element": "way", "id": 289090453, "historic": null, "name": null, "tourism": null, "access": null, "amenity": null, "fee": null, "parking": null, "board_type": null, "information": null, "check_date": null, "source": null, "name:ru": null, "website": null, "addr:country": null, "addr:place": null, "air_conditioning": null, "description": null, "email": null, "internet_access": null, "internet_access:fee": null, "payment:cash": null, "payment:mastercard": null, "payment:visa": null, "phone": null, "natural": null, "leaf_type": null, "surface": null, "building": "yes", "abandoned": null, "landuse": null, "religion": null, "addr:housename": null, "contact:email": null, "contact:phone": null, "opening_hours": null, "shop": null, "leisure": null, "type": null, "label": "building:yes" }, "geometry": { "type": "Polygon", "coordinates": [ [ [ 20.555063, 38.4627548 ], [ 20.5550983, 38.4626772 ], [ 20.5550092, 38.4626524 ], [ 20.5549739, 38.46273 ], [ 20.555063, 38.4627548 ] ] ] } },
{ "type": "Feature", "properties": { "element": "way", "id": 289090459, "historic": null, "name": null, "tourism": null, "access": null, "amenity": null, "fee": null, "parking": null, "board_type": null, "information": null, "check_date": null, "source": null, "name:ru": null, "website": null, "addr:country": null, "addr:place": null, "air_conditioning": null, "description": null, "email": null, "internet_access": null, "internet_access:fee": null, "payment:cash": null, "payment:mastercard": null, "payment:visa": null, "phone": null, "natural": null, "leaf_type": null, "surface": null, "building": "yes", "abandoned": null, "landuse": null, "religion": null, "addr:housename": null, "contact:email": null, "contact:phone": null, "opening_hours": null, "shop": null, "leisure": null, "type": null, "label": "building:yes" }, "geometry": { "type": "Polygon", "coordinates": [ [ [ 20.5562074, 38.4626168 ], [ 20.5562573, 38.4625303 ], [ 20.5561346, 38.4624869 ], [ 20.5560847, 38.4625734 ], [ 20.5562074, 38.4626168 ] ] ] } },
{ "type": "Feature", "properties": { "element": "way", "id": 686496349, "historic": null, "name": null, "tourism": null, "access": null, "amenity": null, "fee": null, "parking": null, "board_type": null, "information": null, "check_date": null, "source": null, "name:ru": null, "website": null, "addr:country": null, "addr:place": null, "air_conditioning": null, "description": null, "email": null, "internet_access": null, "internet_access:fee": null, "payment:cash": null, "payment:mastercard": null, "payment:visa": null, "phone": null, "natural": null, "leaf_type": null, "surface": null, "building": null, "abandoned": null, "landuse": null, "religion": null, "addr:housename": null, "contact:email": null, "contact:phone": null, "opening_hours": null, "shop": null, "leisure": "swimming_pool", "type": null, "label": "leisure:swimming_pool" }, "geometry": { "type": "Polygon", "coordinates": [ [ [ 20.5513297, 38.4609555 ], [ 20.5513763, 38.4609563 ], [ 20.5513763, 38.4608832 ], [ 20.5513316, 38.4608832 ], [ 20.5513297, 38.4609555 ] ] ] } },
{ "type": "Feature", "properties": { "element": "way", "id": 686496350, "historic": null, "name": null, "tourism": null, "access": null, "amenity": null, "fee": null, "parking": null, "board_type": null, "information": null, "check_date": null, "source": null, "name:ru": null, "website": null, "addr:country": null, "addr:place": null, "air_conditioning": null, "description": null, "email": null, "internet_access": null, "internet_access:fee": null, "payment:cash": null, "payment:mastercard": null, "payment:visa": null, "phone": null, "natural": null, "leaf_type": null, "surface": null, "building": null, "abandoned": null, "landuse": null, "religion": null, "addr:housename": null, "contact:email": null, "contact:phone": null, "opening_hours": null, "shop": null, "leisure": "swimming_pool", "type": null, "label": "leisure:swimming_pool" }, "geometry": { "type": "Polygon", "coordinates": [ [ [ 20.5510781, 38.4614729 ], [ 20.5510483, 38.4615566 ], [ 20.5511009, 38.4615697 ], [ 20.5511202, 38.4615738 ], [ 20.5511351, 38.4615731 ], [ 20.5511447, 38.4615669 ], [ 20.55115, 38.4615518 ], [ 20.5511404, 38.4615367 ], [ 20.5511316, 38.4615299 ], [ 20.5511237, 38.4615196 ], [ 20.5511237, 38.4615127 ], [ 20.5511342, 38.461488 ], [ 20.5510781, 38.4614729 ] ] ] } },
{ "type": "Feature", "properties": { "element": "way", "id": 686496351, "historic": null, "name": null, "tourism": null, "access": null, "amenity": null, "fee": null, "parking": null, "board_type": null, "information": null, "check_date": null, "source": null, "name:ru": null, "website": null, "addr:country": null, "addr:place": null, "air_conditioning": null, "description": null, "email": null, "internet_access": null, "internet_access:fee": null, "payment:cash": null, "payment:mastercard": null, "payment:visa": null, "phone": null, "natural": null, "leaf_type": null, "surface": null, "building": null, "abandoned": null, "landuse": null, "religion": null, "addr:housename": null, "contact:email": null, "contact:phone": null, "opening_hours": null, "shop": null, "leisure": "swimming_pool", "type": null, "label": "leisure:swimming_pool" }, "geometry": { "type": "Polygon", "coordinates": [ [ [ 20.5507246, 38.4629345 ], [ 20.5507071, 38.4630025 ], [ 20.5507447, 38.4630073 ], [ 20.550757, 38.4629393 ], [ 20.5507246, 38.4629345 ] ] ] } },
{ "type": "Feature", "properties": { "element": "way", "id": 686496352, "historic": null, "name": null, "tourism": null, "access": null, "amenity": null, "fee": null, "parking": null, "board_type": null, "information": null, "check_date": null, "source": null, "name:ru": null, "website": null, "addr:country": null, "addr:place": null, "air_conditioning": null, "description": null, "email": null, "internet_access": null, "internet_access:fee": null, "payment:cash": null, "payment:mastercard": null, "payment:visa": null, "phone": null, "natural": null, "leaf_type": null, "surface": null, "building": null, "abandoned": null, "landuse": null, "religion": null, "addr:housename": null, "contact:email": null, "contact:phone": null, "opening_hours": null, "shop": null, "leisure": "swimming_pool", "type": null, "label": "leisure:swimming_pool" }, "geometry": { "type": "Polygon", "coordinates": [ [ [ 20.5514824, 38.4647798 ], [ 20.5514142, 38.4647998 ], [ 20.5514212, 38.4648089 ], [ 20.5514104, 38.4648113 ], [ 20.551405, 38.464818 ], [ 20.5514104, 38.4648253 ], [ 20.5514173, 38.4648253 ], [ 20.5514274, 38.4648241 ], [ 20.5514328, 38.4648332 ], [ 20.5514994, 38.4648138 ], [ 20.5514824, 38.4647798 ] ] ] } },
{ "type": "Feature", "properties": { "element": "way", "id": 686496353, "historic": null, "name": null, "tourism": null, "access": null, "amenity": null, "fee": null, "parking": null, "board_type": null, "information": null, "check_date": null, "source": null, "name:ru": null, "website": null, "addr:country": null, "addr:place": null, "air_conditioning": null, "description": null, "email": null, "internet_access": null, "internet_access:fee": null, "payment:cash": null, "payment:mastercard": null, "payment:visa": null, "phone": null, "natural": null, "leaf_type": null, "surface": null, "building": null, "abandoned": null, "landuse": null, "religion": null, "addr:housename": null, "contact:email": null, "contact:phone": null, "opening_hours": null, "shop": null, "leisure": "swimming_pool", "type": null, "label": "leisure:swimming_pool" }, "geometry": { "type": "Polygon", "coordinates": [ [ [ 20.5504866, 38.465342 ], [ 20.5504642, 38.4653517 ], [ 20.5504611, 38.4653638 ], [ 20.5504704, 38.4653777 ], [ 20.5504835, 38.4653826 ], [ 20.5505021, 38.4653801 ], [ 20.5505246, 38.4653692 ], [ 20.5505369, 38.4653595 ], [ 20.5505431, 38.4653371 ], [ 20.5505385, 38.4653256 ], [ 20.5505307, 38.4653183 ], [ 20.5505215, 38.4653153 ], [ 20.5505083, 38.4653177 ], [ 20.5504998, 38.465322 ], [ 20.5504951, 38.4653323 ], [ 20.5504866, 38.465342 ] ] ] } },
{ "type": "Feature", "properties": { "element": "way", "id": 686496490, "historic": null, "name": null, "tourism": null, "access": null, "amenity": null, "fee": null, "parking": null, "board_type": null, "information": null, "check_date": null, "source": null, "name:ru": null, "website": null, "addr:country": null, "addr:place": null, "air_conditioning": null, "description": null, "email": null, "internet_access": null, "internet_access:fee": null, "payment:cash": null, "payment:mastercard": null, "payment:visa": null, "phone": null, "natural": null, "leaf_type": null, "surface": null, "building": null, "abandoned": null, "landuse": null, "religion": null, "addr:housename": null, "contact:email": null, "contact:phone": null, "opening_hours": null, "shop": null, "leisure": "swimming_pool", "type": null, "label": "leisure:swimming_pool" }, "geometry": { "type": "Polygon", "coordinates": [ [ [ 20.5524634, 38.460317 ], [ 20.5523539, 38.4603441 ], [ 20.5523712, 38.4603892 ], [ 20.5524793, 38.4603576 ], [ 20.5524634, 38.460317 ] ] ] } },
{ "type": "Feature", "properties": { "element": "way", "id": 686496491, "historic": null, "name": null, "tourism": null, "access": null, "amenity": null, "fee": null, "parking": null, "board_type": null, "information": null, "check_date": null, "source": null, "name:ru": null, "website": null, "addr:country": null, "addr:place": null, "air_conditioning": null, "description": null, "email": null, "internet_access": null, "internet_access:fee": null, "payment:cash": null, "payment:mastercard": null, "payment:visa": null, "phone": null, "natural": null, "leaf_type": null, "surface": null, "building": null, "abandoned": null, "landuse": null, "religion": null, "addr:housename": null, "contact:email": null, "contact:phone": null, "opening_hours": null, "shop": null, "leisure": "swimming_pool", "type": null, "label": "leisure:swimming_pool" }, "geometry": { "type": "Polygon", "coordinates": [ [ [ 20.5520167, 38.4600214 ], [ 20.5520931, 38.460009 ], [ 20.5520859, 38.4599751 ], [ 20.5520095, 38.4599887 ], [ 20.5520167, 38.4600214 ] ] ] } },
{ "type": "Feature", "properties": { "element": "way", "id": 686496493, "historic": null, "name": null, "tourism": null, "access": null, "amenity": null, "fee": null, "parking": null, "board_type": null, "information": null, "check_date": null, "source": null, "name:ru": null, "website": null, "addr:country": null, "addr:place": null, "air_conditioning": null, "description": null, "email": null, "internet_access": null, "internet_access:fee": null, "payment:cash": null, "payment:mastercard": null, "payment:visa": null, "phone": null, "natural": null, "leaf_type": null, "surface": null, "building": null, "abandoned": null, "landuse": null, "religion": null, "addr:housename": null, "contact:email": null, "contact:phone": null, "opening_hours": null, "shop": null, "leisure": "swimming_pool", "type": null, "label": "leisure:swimming_pool" }, "geometry": { "type": "Polygon", "coordinates": [ [ [ 20.5523726, 38.459754 ], [ 20.5524447, 38.4597416 ], [ 20.5524288, 38.4596998 ], [ 20.5523597, 38.45971 ], [ 20.5523726, 38.459754 ] ] ] } },
{ "type": "Feature", "properties": { "element": "way", "id": 686496496, "historic": null, "name": null, "tourism": null, "access": null, "amenity": null, "fee": null, "parking": null, "board_type": null, "information": null, "check_date": null, "source": null, "name:ru": null, "website": null, "addr:country": null, "addr:place": null, "air_conditioning": null, "description": null, "email": null, "internet_access": null, "internet_access:fee": null, "payment:cash": null, "payment:mastercard": null, "payment:visa": null, "phone": null, "natural": null, "leaf_type": null, "surface": null, "building": null, "abandoned": null, "landuse": null, "religion": null, "addr:housename": null, "contact:email": null, "contact:phone": null, "opening_hours": null, "shop": null, "leisure": "swimming_pool", "type": null, "label": "leisure:swimming_pool" }, "geometry": { "type": "Polygon", "coordinates": [ [ [ 20.5513597, 38.4602391 ], [ 20.5513251, 38.4602832 ], [ 20.5513553, 38.4603565 ], [ 20.5513726, 38.460361 ], [ 20.5514029, 38.4602753 ], [ 20.5513597, 38.4602391 ] ] ] } },
{ "type": "Feature", "properties": { "element": "way", "id": 686496497, "historic": null, "name": null, "tourism": null, "access": null, "amenity": null, "fee": null, "parking": null, "board_type": null, "information": null, "check_date": null, "source": null, "name:ru": null, "website": null, "addr:country": null, "addr:place": null, "air_conditioning": null, "description": null, "email": null, "internet_access": null, "internet_access:fee": null, "payment:cash": null, "payment:mastercard": null, "payment:visa": null, "phone": null, "natural": null, "leaf_type": null, "surface": null, "building": null, "abandoned": null, "landuse": null, "religion": null, "addr:housename": null, "contact:email": null, "contact:phone": null, "opening_hours": null, "shop": null, "leisure": "swimming_pool", "type": null, "label": "leisure:swimming_pool" }, "geometry": { "type": "Polygon", "coordinates": [ [ [ 20.5509241, 38.4605213 ], [ 20.550931, 38.4605892 ], [ 20.5509396, 38.4605934 ], [ 20.5509512, 38.4605965 ], [ 20.5509628, 38.4605934 ], [ 20.5509698, 38.460588 ], [ 20.5509574, 38.4605195 ], [ 20.5509241, 38.4605213 ] ] ] } },
{ "type": "Feature", "properties": { "element": "way", "id": 686496707, "historic": null, "name": null, "tourism": null, "access": null, "amenity": null, "fee": null, "parking": null, "board_type": null, "information": null, "check_date": null, "source": null, "name:ru": null, "website": null, "addr:country": null, "addr:place": null, "air_conditioning": null, "description": null, "email": null, "internet_access": null, "internet_access:fee": null, "payment:cash": null, "payment:mastercard": null, "payment:visa": null, "phone": null, "natural": null, "leaf_type": null, "surface": null, "building": null, "abandoned": null, "landuse": null, "religion": null, "addr:housename": null, "contact:email": null, "contact:phone": null, "opening_hours": null, "shop": null, "leisure": "swimming_pool", "type": null, "label": "leisure:swimming_pool" }, "geometry": { "type": "Polygon", "coordinates": [ [ [ 20.5514658, 38.4591146 ], [ 20.5515035, 38.4591161 ], [ 20.5515026, 38.4590501 ], [ 20.5514678, 38.4590485 ], [ 20.5514658, 38.4591146 ] ] ] } },
{ "type": "Feature", "properties": { "element": "way", "id": 686496709, "historic": null, "name": null, "tourism": null, "access": null, "amenity": null, "fee": null, "parking": null, "board_type": null, "information": null, "check_date": null, "source": null, "name:ru": null, "website": null, "addr:country": null, "addr:place": null, "air_conditioning": null, "description": null, "email": null, "internet_access": null, "internet_access:fee": null, "payment:cash": null, "payment:mastercard": null, "payment:visa": null, "phone": null, "natural": null, "leaf_type": null, "surface": null, "building": null, "abandoned": null, "landuse": null, "religion": null, "addr:housename": null, "contact:email": null, "contact:phone": null, "opening_hours": null, "shop": null, "leisure": "swimming_pool", "type": null, "label": "leisure:swimming_pool" }, "geometry": { "type": "Polygon", "coordinates": [ [ [ 20.5515432, 38.4589133 ], [ 20.5515859, 38.4589133 ], [ 20.5515859, 38.4588425 ], [ 20.5515472, 38.4588418 ], [ 20.5515432, 38.4589133 ] ] ] } },
{ "type": "Feature", "properties": { "element": "way", "id": 686496711, "historic": null, "name": null, "tourism": null, "access": null, "amenity": null, "fee": null, "parking": null, "board_type": null, "information": null, "check_date": null, "source": null, "name:ru": null, "website": null, "addr:country": null, "addr:place": null, "air_conditioning": null, "description": null, "email": null, "internet_access": null, "internet_access:fee": null, "payment:cash": null, "payment:mastercard": null, "payment:visa": null, "phone": null, "natural": null, "leaf_type": null, "surface": null, "building": null, "abandoned": null, "landuse": null, "religion": null, "addr:housename": null, "contact:email": null, "contact:phone": null, "opening_hours": null, "shop": null, "leisure": "swimming_pool", "type": null, "label": "leisure:swimming_pool" }, "geometry": { "type": "Polygon", "coordinates": [ [ [ 20.5527925, 38.4591707 ], [ 20.5527143, 38.4591689 ], [ 20.5527112, 38.4591992 ], [ 20.5527925, 38.4591986 ], [ 20.5527925, 38.4591707 ] ] ] } },
{ "type": "Feature", "properties": { "element": "way", "id": 686496713, "historic": null, "name": null, "tourism": null, "access": null, "amenity": null, "fee": null, "parking": null, "board_type": null, "information": null, "check_date": null, "source": null, "name:ru": null, "website": null, "addr:country": null, "addr:place": null, "air_conditioning": null, "description": null, "email": null, "internet_access": null, "internet_access:fee": null, "payment:cash": null, "payment:mastercard": null, "payment:visa": null, "phone": null, "natural": null, "leaf_type": null, "surface": null, "building": null, "abandoned": null, "landuse": null, "religion": null, "addr:housename": null, "contact:email": null, "contact:phone": null, "opening_hours": null, "shop": null, "leisure": "swimming_pool", "type": null, "label": "leisure:swimming_pool" }, "geometry": { "type": "Polygon", "coordinates": [ [ [ 20.5532809, 38.4579289 ], [ 20.5532914, 38.4579001 ], [ 20.5531976, 38.4578768 ], [ 20.5531871, 38.4579063 ], [ 20.5532809, 38.4579289 ] ] ] } },
{ "type": "Feature", "properties": { "element": "way", "id": 686496714, "historic": null, "name": null, "tourism": null, "access": null, "amenity": null, "fee": null, "parking": null, "board_type": null, "information": null, "check_date": null, "source": null, "name:ru": null, "website": null, "addr:country": null, "addr:place": null, "air_conditioning": null, "description": null, "email": null, "internet_access": null, "internet_access:fee": null, "payment:cash": null, "payment:mastercard": null, "payment:visa": null, "phone": null, "natural": null, "leaf_type": null, "surface": null, "building": null, "abandoned": null, "landuse": null, "religion": null, "addr:housename": null, "contact:email": null, "contact:phone": null, "opening_hours": null, "shop": null, "leisure": "swimming_pool", "type": null, "label": "leisure:swimming_pool" }, "geometry": { "type": "Polygon", "coordinates": [ [ [ 20.5517694, 38.4572245 ], [ 20.5518036, 38.4572063 ], [ 20.5517537, 38.4571544 ], [ 20.5517215, 38.4571737 ], [ 20.5517694, 38.4572245 ] ] ] } },
{ "type": "Feature", "properties": { "element": "way", "id": 686496716, "historic": null, "name": null, "tourism": null, "access": null, "amenity": null, "fee": null, "parking": null, "board_type": null, "information": null, "check_date": null, "source": null, "name:ru": null, "website": null, "addr:country": null, "addr:place": null, "air_conditioning": null, "description": null, "email": null, "internet_access": null, "internet_access:fee": null, "payment:cash": null, "payment:mastercard": null, "payment:visa": null, "phone": null, "natural": null, "leaf_type": null, "surface": null, "building": null, "abandoned": null, "landuse": null, "religion": null, "addr:housename": null, "contact:email": null, "contact:phone": null, "opening_hours": null, "shop": null, "leisure": "swimming_pool", "type": null, "label": "leisure:swimming_pool" }, "geometry": { "type": "Polygon", "coordinates": [ [ [ 20.5515686, 38.4571033 ], [ 20.5516049, 38.4570878 ], [ 20.5515584, 38.4570263 ], [ 20.5515249, 38.4570412 ], [ 20.5515686, 38.4571033 ] ] ] } },
{ "type": "Feature", "properties": { "element": "way", "id": 686496996, "historic": null, "name": null, "tourism": null, "access": null, "amenity": null, "fee": null, "parking": null, "board_type": null, "information": null, "check_date": null, "source": null, "name:ru": null, "website": null, "addr:country": null, "addr:place": null, "air_conditioning": null, "description": null, "email": null, "internet_access": null, "internet_access:fee": null, "payment:cash": null, "payment:mastercard": null, "payment:visa": null, "phone": null, "natural": null, "leaf_type": null, "surface": null, "building": null, "abandoned": null, "landuse": null, "religion": null, "addr:housename": null, "contact:email": null, "contact:phone": null, "opening_hours": null, "shop": null, "leisure": "swimming_pool", "type": null, "label": "leisure:swimming_pool" }, "geometry": { "type": "Polygon", "coordinates": [ [ [ 20.5505899, 38.4563682 ], [ 20.5506227, 38.4563433 ], [ 20.5505522, 38.4562912 ], [ 20.5505234, 38.4563176 ], [ 20.5505899, 38.4563682 ] ] ] } },
{ "type": "Feature", "properties": { "element": "way", "id": 1161635794, "historic": null, "name": null, "tourism": null, "access": null, "amenity": null, "fee": null, "parking": null, "board_type": null, "information": null, "check_date": null, "source": "microsoft/BuildingFootprints", "name:ru": null, "website": null, "addr:country": null, "addr:place": null, "air_conditioning": null, "description": null, "email": null, "internet_access": null, "internet_access:fee": null, "payment:cash": null, "payment:mastercard": null, "payment:visa": null, "phone": null, "natural": null, "leaf_type": null, "surface": null, "building": "yes", "abandoned": null, "landuse": null, "religion": null, "addr:housename": null, "contact:email": null, "contact:phone": null, "opening_hours": null, "shop": null, "leisure": null, "type": null, "label": "building:yes" }, "geometry": { "type": "Polygon", "coordinates": [ [ [ 20.5531924, 38.4570616 ], [ 20.5531946, 38.4569936 ], [ 20.5532443, 38.4569946 ], [ 20.5532505, 38.4568036 ], [ 20.5531258, 38.4568011 ], [ 20.5531228, 38.4568934 ], [ 20.5530813, 38.4568926 ], [ 20.5530759, 38.4570593 ], [ 20.5531924, 38.4570616 ] ] ] } },
{ "type": "Feature", "properties": { "element": "way", "id": 1161635795, "historic": null, "name": null, "tourism": null, "access": null, "amenity": null, "fee": null, "parking": null, "board_type": null, "information": null, "check_date": null, "source": "microsoft/BuildingFootprints", "name:ru": null, "website": null, "addr:country": null, "addr:place": null, "air_conditioning": null, "description": null, "email": null, "internet_access": null, "internet_access:fee": null, "payment:cash": null, "payment:mastercard": null, "payment:visa": null, "phone": null, "natural": null, "leaf_type": null, "surface": null, "building": "yes", "abandoned": null, "landuse": null, "religion": null, "addr:housename": null, "contact:email": null, "contact:phone": null, "opening_hours": null, "shop": null, "leisure": null, "type": null, "label": "building:yes" }, "geometry": { "type": "Polygon", "coordinates": [ [ [ 20.5530371, 38.4566591 ], [ 20.5530188, 38.4566637 ], [ 20.5530358, 38.4567057 ], [ 20.5531394, 38.4566798 ], [ 20.5530776, 38.4565281 ], [ 20.5530568, 38.4565333 ], [ 20.5530425, 38.4564982 ], [ 20.5529416, 38.4565234 ], [ 20.552961, 38.456571 ], [ 20.5529975, 38.4565619 ], [ 20.5530371, 38.4566591 ] ] ] } },
{ "type": "Feature", "properties": { "element": "way", "id": 1161635796, "historic": null, "name": null, "tourism": null, "access": null, "amenity": null, "fee": null, "parking": null, "board_type": null, "information": null, "check_date": null, "source": "microsoft/BuildingFootprints", "name:ru": null, "website": null, "addr:country": null, "addr:place": null, "air_conditioning": null, "description": null, "email": null, "internet_access": null, "internet_access:fee": null, "payment:cash": null, "payment:mastercard": null, "payment:visa": null, "phone": null, "natural": null, "leaf_type": null, "surface": null, "building": "yes", "abandoned": null, "landuse": null, "religion": null, "addr:housename": null, "contact:email": null, "contact:phone": null, "opening_hours": null, "shop": null, "leisure": null, "type": null, "label": "building:yes" }, "geometry": { "type": "Polygon", "coordinates": [ [ [ 20.5530304, 38.4581234 ], [ 20.5529567, 38.4581844 ], [ 20.5530927, 38.458285 ], [ 20.5531663, 38.458224 ], [ 20.5530304, 38.4581234 ] ] ] } },
{ "type": "Feature", "properties": { "element": "way", "id": 1161635797, "historic": null, "name": null, "tourism": null, "access": null, "amenity": null, "fee": null, "parking": null, "board_type": null, "information": null, "check_date": null, "source": "microsoft/BuildingFootprints", "name:ru": null, "website": null, "addr:country": null, "addr:place": null, "air_conditioning": null, "description": null, "email": null, "internet_access": null, "internet_access:fee": null, "payment:cash": null, "payment:mastercard": null, "payment:visa": null, "phone": null, "natural": null, "leaf_type": null, "surface": null, "building": "yes", "abandoned": null, "landuse": null, "religion": null, "addr:housename": null, "contact:email": null, "contact:phone": null, "opening_hours": null, "shop": null, "leisure": null, "type": null, "label": "building:yes" }, "geometry": { "type": "Polygon", "coordinates": [ [ [ 20.5535793, 38.4592575 ], [ 20.5535821, 38.4593436 ], [ 20.5537027, 38.4593411 ], [ 20.5536999, 38.4592551 ], [ 20.5535793, 38.4592575 ] ] ] } },
{ "type": "Feature", "properties": { "element": "way", "id": 1161635798, "historic": null, "name": null, "tourism": null, "access": null, "amenity": null, "fee": null, "parking": null, "board_type": null, "information": null, "check_date": null, "source": "microsoft/BuildingFootprints", "name:ru": null, "website": null, "addr:country": null, "addr:place": null, "air_conditioning": null, "description": null, "email": null, "internet_access": null, "internet_access:fee": null, "payment:cash": null, "payment:mastercard": null, "payment:visa": null, "phone": null, "natural": null, "leaf_type": null, "surface": null, "building": "yes", "abandoned": null, "landuse": null, "religion": null, "addr:housename": null, "contact:email": null, "contact:phone": null, "opening_hours": null, "shop": null, "leisure": null, "type": null, "label": "building:yes" }, "geometry": { "type": "Polygon", "coordinates": [ [ [ 20.5533046, 38.4603907 ], [ 20.5532358, 38.4603846 ], [ 20.5532143, 38.4605318 ], [ 20.5533097, 38.4605403 ], [ 20.5533193, 38.460474 ], [ 20.5532928, 38.4604716 ], [ 20.5533046, 38.4603907 ] ] ] } },
{ "type": "Feature", "properties": { "element": "way", "id": 1161635799, "historic": null, "name": null, "tourism": null, "access": null, "amenity": null, "fee": null, "parking": null, "board_type": null, "information": null, "check_date": null, "source": "microsoft/BuildingFootprints", "name:ru": null, "website": null, "addr:country": null, "addr:place": null, "air_conditioning": null, "description": null, "email": null, "internet_access": null, "internet_access:fee": null, "payment:cash": null, "payment:mastercard": null, "payment:visa": null, "phone": null, "natural": null, "leaf_type": null, "surface": null, "building": "yes", "abandoned": null, "landuse": null, "religion": null, "addr:housename": null, "contact:email": null, "contact:phone": null, "opening_hours": null, "shop": null, "leisure": null, "type": null, "label": "building:yes" }, "geometry": { "type": "Polygon", "coordinates": [ [ [ 20.5530226, 38.4604743 ], [ 20.5530261, 38.4603366 ], [ 20.5529376, 38.4603352 ], [ 20.5529341, 38.4604729 ], [ 20.5530226, 38.4604743 ] ] ] } },
{ "type": "Feature", "properties": { "element": "way", "id": 1161635800, "historic": null, "name": null, "tourism": null, "access": null, "amenity": null, "fee": null, "parking": null, "board_type": null, "information": null, "check_date": null, "source": "microsoft/BuildingFootprints", "name:ru": null, "website": null, "addr:country": null, "addr:place": null, "air_conditioning": null, "description": null, "email": null, "internet_access": null, "internet_access:fee": null, "payment:cash": null, "payment:mastercard": null, "payment:visa": null, "phone": null, "natural": null, "leaf_type": null, "surface": null, "building": "yes", "abandoned": null, "landuse": null, "religion": null, "addr:housename": null, "contact:email": null, "contact:phone": null, "opening_hours": null, "shop": null, "leisure": null, "type": null, "label": "building:yes" }, "geometry": { "type": "Polygon", "coordinates": [ [ [ 20.5529255, 38.4596021 ], [ 20.5529416, 38.4596018 ], [ 20.5529432, 38.45965 ], [ 20.5530814, 38.4596472 ], [ 20.5530767, 38.4595095 ], [ 20.5530243, 38.4595106 ], [ 20.5530257, 38.4595505 ], [ 20.5529238, 38.4595526 ], [ 20.5529255, 38.4596021 ] ] ] } },
{ "type": "Feature", "properties": { "element": "way", "id": 1161635801, "historic": null, "name": null, "tourism": null, "access": null, "amenity": null, "fee": null, "parking": null, "board_type": null, "information": null, "check_date": null, "source": "microsoft/BuildingFootprints", "name:ru": null, "website": null, "addr:country": null, "addr:place": null, "air_conditioning": null, "description": null, "email": null, "internet_access": null, "internet_access:fee": null, "payment:cash": null, "payment:mastercard": null, "payment:visa": null, "phone": null, "natural": null, "leaf_type": null, "surface": null, "building": "yes", "abandoned": null, "landuse": null, "religion": null, "addr:housename": null, "contact:email": null, "contact:phone": null, "opening_hours": null, "shop": null, "leisure": null, "type": null, "label": "building:yes" }, "geometry": { "type": "Polygon", "coordinates": [ [ [ 20.5501304, 38.4576823 ], [ 20.5501947, 38.4575453 ], [ 20.5500932, 38.4575161 ], [ 20.5500288, 38.457653 ], [ 20.5501304, 38.4576823 ] ] ] } },
{ "type": "Feature", "properties": { "element": "way", "id": 1161635802, "historic": null, "name": null, "tourism": null, "access": null, "amenity": null, "fee": null, "parking": null, "board_type": null, "information": null, "check_date": null, "source": "microsoft/BuildingFootprints", "name:ru": null, "website": null, "addr:country": null, "addr:place": null, "air_conditioning": null, "description": null, "email": null, "internet_access": null, "internet_access:fee": null, "payment:cash": null, "payment:mastercard": null, "payment:visa": null, "phone": null, "natural": null, "leaf_type": null, "surface": null, "building": "yes", "abandoned": null, "landuse": null, "religion": null, "addr:housename": null, "contact:email": null, "contact:phone": null, "opening_hours": null, "shop": null, "leisure": null, "type": null, "label": "building:yes" }, "geometry": { "type": "Polygon", "coordinates": [ [ [ 20.5482701, 38.4575459 ], [ 20.5482685, 38.4575984 ], [ 20.5483543, 38.4576 ], [ 20.5483538, 38.4576168 ], [ 20.5484128, 38.4576179 ], [ 20.5484187, 38.4574184 ], [ 20.5483222, 38.4574167 ], [ 20.5483183, 38.4575468 ], [ 20.5482701, 38.4575459 ] ] ] } },
{ "type": "Feature", "properties": { "element": "way", "id": 1161635803, "historic": null, "name": null, "tourism": null, "access": null, "amenity": null, "fee": null, "parking": null, "board_type": null, "information": null, "check_date": null, "source": "microsoft/BuildingFootprints", "name:ru": null, "website": null, "addr:country": null, "addr:place": null, "air_conditioning": null, "description": null, "email": null, "internet_access": null, "internet_access:fee": null, "payment:cash": null, "payment:mastercard": null, "payment:visa": null, "phone": null, "natural": null, "leaf_type": null, "surface": null, "building": "yes", "abandoned": null, "landuse": null, "religion": null, "addr:housename": null, "contact:email": null, "contact:phone": null, "opening_hours": null, "shop": null, "leisure": null, "type": null, "label": "building:yes" }, "geometry": { "type": "Polygon", "coordinates": [ [ [ 20.5494433, 38.4568332 ], [ 20.5495291, 38.4568317 ], [ 20.549528, 38.4567949 ], [ 20.5496165, 38.4567933 ], [ 20.5496137, 38.4566999 ], [ 20.5495508, 38.456701 ], [ 20.5495486, 38.4566265 ], [ 20.5494373, 38.4566285 ], [ 20.5494433, 38.4568332 ] ] ] } },
{ "type": "Feature", "properties": { "element": "way", "id": 1161635804, "historic": null, "name": null, "tourism": null, "access": null, "amenity": null, "fee": null, "parking": null, "board_type": null, "information": null, "check_date": null, "source": "microsoft/BuildingFootprints", "name:ru": null, "website": null, "addr:country": null, "addr:place": null, "air_conditioning": null, "description": null, "email": null, "internet_access": null, "internet_access:fee": null, "payment:cash": null, "payment:mastercard": null, "payment:visa": null, "phone": null, "natural": null, "leaf_type": null, "surface": null, "building": "yes", "abandoned": null, "landuse": null, "religion": null, "addr:housename": null, "contact:email": null, "contact:phone": null, "opening_hours": null, "shop": null, "leisure": null, "type": null, "label": "building:yes" }, "geometry": { "type": "Polygon", "coordinates": [ [ [ 20.5503284, 38.4557254 ], [ 20.5504444, 38.4557025 ], [ 20.5504024, 38.4555722 ], [ 20.5503711, 38.4555784 ], [ 20.5503838, 38.4556179 ], [ 20.5502991, 38.4556346 ], [ 20.5503284, 38.4557254 ] ] ] } },
{ "type": "Feature", "properties": { "element": "way", "id": 1161635805, "historic": null, "name": null, "tourism": null, "access": null, "amenity": null, "fee": null, "parking": null, "board_type": null, "information": null, "check_date": null, "source": "microsoft/BuildingFootprints", "name:ru": null, "website": null, "addr:country": null, "addr:place": null, "air_conditioning": null, "description": null, "email": null, "internet_access": null, "internet_access:fee": null, "payment:cash": null, "payment:mastercard": null, "payment:visa": null, "phone": null, "natural": null, "leaf_type": null, "surface": null, "building": "yes", "abandoned": null, "landuse": null, "religion": null, "addr:housename": null, "contact:email": null, "contact:phone": null, "opening_hours": null, "shop": null, "leisure": null, "type": null, "label": "building:yes" }, "geometry": { "type": "Polygon", "coordinates": [ [ [ 20.5506271, 38.4553618 ], [ 20.5506601, 38.4553068 ], [ 20.550559, 38.4552696 ], [ 20.5505818, 38.4552317 ], [ 20.5505246, 38.4552107 ], [ 20.5504689, 38.4553036 ], [ 20.5506271, 38.4553618 ] ] ] } },
{ "type": "Feature", "properties": { "element": "way", "id": 1161635806, "historic": null, "name": null, "tourism": null, "access": null, "amenity": null, "fee": null, "parking": null, "board_type": null, "information": null, "check_date": null, "source": "microsoft/BuildingFootprints", "name:ru": null, "website": null, "addr:country": null, "addr:place": null, "air_conditioning": null, "description": null, "email": null, "internet_access": null, "internet_access:fee": null, "payment:cash": null, "payment:mastercard": null, "payment:visa": null, "phone": null, "natural": null, "leaf_type": null, "surface": null, "building": "yes", "abandoned": null, "landuse": null, "religion": null, "addr:housename": null, "contact:email": null, "contact:phone": null, "opening_hours": null, "shop": null, "leisure": null, "type": null, "label": "building:yes" }, "geometry": { "type": "Polygon", "coordinates": [ [ [ 20.5502027, 38.4551682 ], [ 20.550229, 38.4549985 ], [ 20.5501101, 38.4549872 ], [ 20.5500837, 38.4551569 ], [ 20.5502027, 38.4551682 ] ] ] } },
{ "type": "Feature", "properties": { "element": "way", "id": 1161635807, "historic": null, "name": null, "tourism": null, "access": null, "amenity": null, "fee": null, "parking": null, "board_type": null, "information": null, "check_date": null, "source": "microsoft/BuildingFootprints", "name:ru": null, "website": null, "addr:country": null, "addr:place": null, "air_conditioning": null, "description": null, "email": null, "internet_access": null, "internet_access:fee": null, "payment:cash": null, "payment:mastercard": null, "payment:visa": null, "phone": null, "natural": null, "leaf_type": null, "surface": null, "building": "yes", "abandoned": null, "landuse": null, "religion": null, "addr:housename": null, "contact:email": null, "contact:phone": null, "opening_hours": null, "shop": null, "leisure": null, "type": null, "label": "building:yes" }, "geometry": { "type": "Polygon", "coordinates": [ [ [ 20.5513554, 38.4558396 ], [ 20.5512536, 38.4558686 ], [ 20.5512743, 38.4559131 ], [ 20.5512374, 38.4559236 ], [ 20.5512586, 38.4559691 ], [ 20.5513973, 38.4559296 ], [ 20.5513554, 38.4558396 ] ] ] } },
{ "type": "Feature", "properties": { "element": "way", "id": 1161635808, "historic": null, "name": null, "tourism": null, "access": null, "amenity": null, "fee": null, "parking": null, "board_type": null, "information": null, "check_date": null, "source": "microsoft/BuildingFootprints", "name:ru": null, "website": null, "addr:country": null, "addr:place": null, "air_conditioning": null, "description": null, "email": null, "internet_access": null, "internet_access:fee": null, "payment:cash": null, "payment:mastercard": null, "payment:visa": null, "phone": null, "natural": null, "leaf_type": null, "surface": null, "building": "yes", "abandoned": null, "landuse": null, "religion": null, "addr:housename": null, "contact:email": null, "contact:phone": null, "opening_hours": null, "shop": null, "leisure": null, "type": null, "label": "building:yes" }, "geometry": { "type": "Polygon", "coordinates": [ [ [ 20.5533505, 38.4551871 ], [ 20.5533539, 38.4552437 ], [ 20.5533111, 38.4552452 ], [ 20.5533142, 38.4552976 ], [ 20.55344, 38.455293 ], [ 20.5534335, 38.455184 ], [ 20.5533505, 38.4551871 ] ] ] } },
{ "type": "Feature", "properties": { "element": "way", "id": 1161635809, "historic": null, "name": null, "tourism": null, "access": null, "amenity": null, "fee": null, "parking": null, "board_type": null, "information": null, "check_date": null, "source": "microsoft/BuildingFootprints", "name:ru": null, "website": null, "addr:country": null, "addr:place": null, "air_conditioning": null, "description": null, "email": null, "internet_access": null, "internet_access:fee": null, "payment:cash": null, "payment:mastercard": null, "payment:visa": null, "phone": null, "natural": null, "leaf_type": null, "surface": null, "building": "yes", "abandoned": null, "landuse": null, "religion": null, "addr:housename": null, "contact:email": null, "contact:phone": null, "opening_hours": null, "shop": null, "leisure": null, "type": null, "label": "building:yes" }, "geometry": { "type": "Polygon", "coordinates": [ [ [ 20.5481793, 38.4587142 ], [ 20.5481893, 38.4588259 ], [ 20.5482961, 38.45882 ], [ 20.5482861, 38.4587083 ], [ 20.5481793, 38.4587142 ] ] ] } },
{ "type": "Feature", "properties": { "element": "way", "id": 1161635810, "historic": null, "name": null, "tourism": null, "access": null, "amenity": null, "fee": null, "parking": null, "board_type": null, "information": null, "check_date": null, "source": "microsoft/BuildingFootprints", "name:ru": null, "website": null, "addr:country": null, "addr:place": null, "air_conditioning": null, "description": null, "email": null, "internet_access": null, "internet_access:fee": null, "payment:cash": null, "payment:mastercard": null, "payment:visa": null, "phone": null, "natural": null, "leaf_type": null, "surface": null, "building": "yes", "abandoned": null, "landuse": null, "religion": null, "addr:housename": null, "contact:email": null, "contact:phone": null, "opening_hours": null, "shop": null, "leisure": null, "type": null, "label": "building:yes" }, "geometry": { "type": "Polygon", "coordinates": [ [ [ 20.5483682, 38.4598497 ], [ 20.5483374, 38.459919 ], [ 20.5484273, 38.4599435 ], [ 20.5484581, 38.4598742 ], [ 20.5483682, 38.4598497 ] ] ] } },
{ "type": "Feature", "properties": { "element": "way", "id": 1161635811, "historic": null, "name": null, "tourism": null, "access": null, "amenity": null, "fee": null, "parking": null, "board_type": null, "information": null, "check_date": null, "source": "microsoft/BuildingFootprints", "name:ru": null, "website": null, "addr:country": null, "addr:place": null, "air_conditioning": null, "description": null, "email": null, "internet_access": null, "internet_access:fee": null, "payment:cash": null, "payment:mastercard": null, "payment:visa": null, "phone": null, "natural": null, "leaf_type": null, "surface": null, "building": "yes", "abandoned": null, "landuse": null, "religion": null, "addr:housename": null, "contact:email": null, "contact:phone": null, "opening_hours": null, "shop": null, "leisure": null, "type": null, "label": "building:yes" }, "geometry": { "type": "Polygon", "coordinates": [ [ [ 20.5503088, 38.4601114 ], [ 20.5501919, 38.4601805 ], [ 20.5501906, 38.4601792 ], [ 20.5500932, 38.4602368 ], [ 20.5501409, 38.4602863 ], [ 20.5503552, 38.4601596 ], [ 20.5503088, 38.4601114 ] ] ] } },
{ "type": "Feature", "properties": { "element": "way", "id": 1161635812, "historic": null, "name": null, "tourism": null, "access": null, "amenity": null, "fee": null, "parking": null, "board_type": null, "information": null, "check_date": null, "source": "microsoft/BuildingFootprints", "name:ru": null, "website": null, "addr:country": null, "addr:place": null, "air_conditioning": null, "description": null, "email": null, "internet_access": null, "internet_access:fee": null, "payment:cash": null, "payment:mastercard": null, "payment:visa": null, "phone": null, "natural": null, "leaf_type": null, "surface": null, "building": "yes", "abandoned": null, "landuse": null, "religion": null, "addr:housename": null, "contact:email": null, "contact:phone": null, "opening_hours": null, "shop": null, "leisure": null, "type": null, "label": "building:yes" }, "geometry": { "type": "Polygon", "coordinates": [ [ [ 20.552392, 38.4628996 ], [ 20.5523961, 38.4628813 ], [ 20.552495, 38.462895 ], [ 20.5525336, 38.4627239 ], [ 20.5524816, 38.4627167 ], [ 20.5524954, 38.4626556 ], [ 20.5524372, 38.4626475 ], [ 20.5524188, 38.462729 ], [ 20.5524328, 38.4627309 ], [ 20.5524075, 38.4628429 ], [ 20.552306, 38.4628289 ], [ 20.5522931, 38.4628859 ], [ 20.552392, 38.4628996 ] ] ] } },
{ "type": "Feature", "properties": { "element": "way", "id": 1161635813, "historic": null, "name": null, "tourism": null, "access": null, "amenity": null, "fee": null, "parking": null, "board_type": null, "information": null, "check_date": null, "source": "microsoft/BuildingFootprints", "name:ru": null, "website": null, "addr:country": null, "addr:place": null, "air_conditioning": null, "description": null, "email": null, "internet_access": null, "internet_access:fee": null, "payment:cash": null, "payment:mastercard": null, "payment:visa": null, "phone": null, "natural": null, "leaf_type": null, "surface": null, "building": "yes", "abandoned": null, "landuse": null, "religion": null, "addr:housename": null, "contact:email": null, "contact:phone": null, "opening_hours": null, "shop": null, "leisure": null, "type": null, "label": "building:yes" }, "geometry": { "type": "Polygon", "coordinates": [ [ [ 20.5524781, 38.4638586 ], [ 20.5524794, 38.4638241 ], [ 20.5525181, 38.463825 ], [ 20.55252, 38.4637725 ], [ 20.5523914, 38.4637695 ], [ 20.5523881, 38.4638565 ], [ 20.5524781, 38.4638586 ] ] ] } },
{ "type": "Feature", "properties": { "element": "way", "id": 1161635814, "historic": null, "name": null, "tourism": null, "access": null, "amenity": null, "fee": null, "parking": null, "board_type": null, "information": null, "check_date": null, "source": "microsoft/BuildingFootprints", "name:ru": null, "website": null, "addr:country": null, "addr:place": null, "air_conditioning": null, "description": null, "email": null, "internet_access": null, "internet_access:fee": null, "payment:cash": null, "payment:mastercard": null, "payment:visa": null, "phone": null, "natural": null, "leaf_type": null, "surface": null, "building": "yes", "abandoned": null, "landuse": null, "religion": null, "addr:housename": null, "contact:email": null, "contact:phone": null, "opening_hours": null, "shop": null, "leisure": null, "type": null, "label": "building:yes" }, "geometry": { "type": "Polygon", "coordinates": [ [ [ 20.5489639, 38.4651411 ], [ 20.5488975, 38.4652521 ], [ 20.548981, 38.4652828 ], [ 20.5490475, 38.4651717 ], [ 20.5489639, 38.4651411 ] ] ] } },
{ "type": "Feature", "properties": { "element": "way", "id": 1161635815, "historic": null, "name": null, "tourism": null, "access": null, "amenity": null, "fee": null, "parking": null, "board_type": null, "information": null, "check_date": null, "source": "microsoft/BuildingFootprints", "name:ru": null, "website": null, "addr:country": null, "addr:place": null, "air_conditioning": null, "description": null, "email": null, "internet_access": null, "internet_access:fee": null, "payment:cash": null, "payment:mastercard": null, "payment:visa": null, "phone": null, "natural": null, "leaf_type": null, "surface": null, "building": "yes", "abandoned": null, "landuse": null, "religion": null, "addr:housename": null, "contact:email": null, "contact:phone": null, "opening_hours": null, "shop": null, "leisure": null, "type": null, "label": "building:yes" }, "geometry": { "type": "Polygon", "coordinates": [ [ [ 20.5488298, 38.4655128 ], [ 20.5489467, 38.4655404 ], [ 20.5489697, 38.4654807 ], [ 20.5488528, 38.4654531 ], [ 20.5488298, 38.4655128 ] ] ] } },
{ "type": "Feature", "properties": { "element": "way", "id": 1161635816, "historic": null, "name": null, "tourism": null, "access": null, "amenity": null, "fee": null, "parking": null, "board_type": null, "information": null, "check_date": null, "source": "microsoft/BuildingFootprints", "name:ru": null, "website": null, "addr:country": null, "addr:place": null, "air_conditioning": null, "description": null, "email": null, "internet_access": null, "internet_access:fee": null, "payment:cash": null, "payment:mastercard": null, "payment:visa": null, "phone": null, "natural": null, "leaf_type": null, "surface": null, "building": "yes", "abandoned": null, "landuse": null, "religion": null, "addr:housename": null, "contact:email": null, "contact:phone": null, "opening_hours": null, "shop": null, "leisure": null, "type": null, "label": "building:yes" }, "geometry": { "type": "Polygon", "coordinates": [ [ [ 20.5483177, 38.4646062 ], [ 20.5482768, 38.4646806 ], [ 20.5483546, 38.4647069 ], [ 20.5483956, 38.4646325 ], [ 20.5483177, 38.4646062 ] ] ] } },
{ "type": "Feature", "properties": { "element": "way", "id": 1161635817, "historic": null, "name": null, "tourism": null, "access": null, "amenity": null, "fee": null, "parking": null, "board_type": null, "information": null, "check_date": null, "source": "microsoft/BuildingFootprints", "name:ru": null, "website": null, "addr:country": null, "addr:place": null, "air_conditioning": null, "description": null, "email": null, "internet_access": null, "internet_access:fee": null, "payment:cash": null, "payment:mastercard": null, "payment:visa": null, "phone": null, "natural": null, "leaf_type": null, "surface": null, "building": "yes", "abandoned": null, "landuse": null, "religion": null, "addr:housename": null, "contact:email": null, "contact:phone": null, "opening_hours": null, "shop": null, "leisure": null, "type": null, "label": "building:yes" }, "geometry": { "type": "Polygon", "coordinates": [ [ [ 20.5477769, 38.465728 ], [ 20.5477112, 38.4657288 ], [ 20.5477133, 38.4658284 ], [ 20.547779, 38.4658276 ], [ 20.5477769, 38.465728 ] ] ] } },
{ "type": "Feature", "properties": { "element": "way", "id": 1161635818, "historic": null, "name": null, "tourism": null, "access": null, "amenity": null, "fee": null, "parking": null, "board_type": null, "information": null, "check_date": null, "source": "microsoft/BuildingFootprints", "name:ru": null, "website": null, "addr:country": null, "addr:place": null, "air_conditioning": null, "description": null, "email": null, "internet_access": null, "internet_access:fee": null, "payment:cash": null, "payment:mastercard": null, "payment:visa": null, "phone": null, "natural": null, "leaf_type": null, "surface": null, "building": "yes", "abandoned": null, "landuse": null, "religion": null, "addr:housename": null, "contact:email": null, "contact:phone": null, "opening_hours": null, "shop": null, "leisure": null, "type": null, "label": "building:yes" }, "geometry": { "type": "Polygon", "coordinates": [ [ [ 20.5585127, 38.4645743 ], [ 20.5585584, 38.4644722 ], [ 20.5584963, 38.4644552 ], [ 20.558518, 38.4644065 ], [ 20.5585911, 38.4644266 ], [ 20.5586475, 38.4643004 ], [ 20.5585281, 38.4642677 ], [ 20.5584418, 38.4644603 ], [ 20.5584132, 38.4644525 ], [ 20.5583755, 38.4645366 ], [ 20.5585127, 38.4645743 ] ] ] } },
{ "type": "Feature", "properties": { "element": "way", "id": 1161635819, "historic": null, "name": null, "tourism": null, "access": null, "amenity": null, "fee": null, "parking": null, "board_type": null, "information": null, "check_date": null, "source": "microsoft/BuildingFootprints", "name:ru": null, "website": null, "addr:country": null, "addr:place": null, "air_conditioning": null, "description": null, "email": null, "internet_access": null, "internet_access:fee": null, "payment:cash": null, "payment:mastercard": null, "payment:visa": null, "phone": null, "natural": null, "leaf_type": null, "surface": null, "building": "yes", "abandoned": null, "landuse": null, "religion": null, "addr:housename": null, "contact:email": null, "contact:phone": null, "opening_hours": null, "shop": null, "leisure": null, "type": null, "label": "building:yes" }, "geometry": { "type": "Polygon", "coordinates": [ [ [ 20.5588445, 38.4637671 ], [ 20.5588421, 38.4638321 ], [ 20.5588957, 38.4638334 ], [ 20.5588946, 38.4638637 ], [ 20.5590179, 38.4638665 ], [ 20.5590214, 38.4637711 ], [ 20.5588445, 38.4637671 ] ] ] } },
{ "type": "Feature", "properties": { "element": "way", "id": 1161635820, "historic": null, "name": null, "tourism": null, "access": null, "amenity": null, "fee": null, "parking": null, "board_type": null, "information": null, "check_date": null, "source": "microsoft/BuildingFootprints", "name:ru": null, "website": null, "addr:country": null, "addr:place": null, "air_conditioning": null, "description": null, "email": null, "internet_access": null, "internet_access:fee": null, "payment:cash": null, "payment:mastercard": null, "payment:visa": null, "phone": null, "natural": null, "leaf_type": null, "surface": null, "building": "yes", "abandoned": null, "landuse": null, "religion": null, "addr:housename": null, "contact:email": null, "contact:phone": null, "opening_hours": null, "shop": null, "leisure": null, "type": null, "label": "building:yes" }, "geometry": { "type": "Polygon", "coordinates": [ [ [ 20.55891, 38.4635561 ], [ 20.5589878, 38.4635577 ], [ 20.5589919, 38.4634318 ], [ 20.5589142, 38.4634302 ], [ 20.55891, 38.4635561 ] ] ] } },
{ "type": "Feature", "properties": { "element": "way", "id": 1312030674, "historic": null, "name": null, "tourism": null, "access": null, "amenity": null, "fee": null, "parking": null, "board_type": null, "information": null, "check_date": null, "source": null, "name:ru": null, "website": null, "addr:country": null, "addr:place": null, "air_conditioning": null, "description": null, "email": null, "internet_access": null, "internet_access:fee": null, "payment:cash": null, "payment:mastercard": null, "payment:visa": null, "phone": null, "natural": null, "leaf_type": null, "surface": null, "building": null, "abandoned": null, "landuse": null, "religion": null, "addr:housename": null, "contact:email": null, "contact:phone": null, "opening_hours": null, "shop": null, "leisure": "swimming_pool", "type": null, "label": "leisure:swimming_pool" }, "geometry": { "type": "Polygon", "coordinates": [ [ [ 20.5527306, 38.4507144 ], [ 20.5527605, 38.4506681 ], [ 20.5527383, 38.4506594 ], [ 20.5527066, 38.4507023 ], [ 20.5527306, 38.4507144 ] ] ] } },
{ "type": "Feature", "properties": { "element": "way", "id": 1312030675, "historic": null, "name": null, "tourism": null, "access": null, "amenity": null, "fee": null, "parking": null, "board_type": null, "information": null, "check_date": null, "source": null, "name:ru": null, "website": null, "addr:country": null, "addr:place": null, "air_conditioning": null, "description": null, "email": null, "internet_access": null, "internet_access:fee": null, "payment:cash": null, "payment:mastercard": null, "payment:visa": null, "phone": null, "natural": null, "leaf_type": null, "surface": null, "building": null, "abandoned": null, "landuse": null, "religion": null, "addr:housename": null, "contact:email": null, "contact:phone": null, "opening_hours": null, "shop": null, "leisure": "swimming_pool", "type": null, "label": "leisure:swimming_pool" }, "geometry": { "type": "Polygon", "coordinates": [ [ [ 20.5499965, 38.4575956 ], [ 20.5500327, 38.4575168 ], [ 20.5499911, 38.4575042 ], [ 20.5499509, 38.4575841 ], [ 20.5499965, 38.4575956 ] ] ] } },
{ "type": "Feature", "properties": { "element": "way", "id": 1312030676, "historic": null, "name": null, "tourism": null, "access": null, "amenity": null, "fee": null, "parking": null, "board_type": null, "information": null, "check_date": null, "source": null, "name:ru": null, "website": null, "addr:country": null, "addr:place": null, "air_conditioning": null, "description": null, "email": null, "internet_access": null, "internet_access:fee": null, "payment:cash": null, "payment:mastercard": null, "payment:visa": null, "phone": null, "natural": null, "leaf_type": null, "surface": null, "building": null, "abandoned": null, "landuse": null, "religion": null, "addr:housename": null, "contact:email": null, "contact:phone": null, "opening_hours": null, "shop": null, "leisure": "swimming_pool", "type": null, "label": "leisure:swimming_pool" }, "geometry": { "type": "Polygon", "coordinates": [ [ [ 20.5507605, 38.4576586 ], [ 20.5508444, 38.4576579 ], [ 20.5508436, 38.4576264 ], [ 20.5507605, 38.4576277 ], [ 20.5507605, 38.4576586 ] ] ] } },
{ "type": "Feature", "properties": { "element": "way", "id": 1312030677, "historic": null, "name": null, "tourism": null, "access": null, "amenity": null, "fee": null, "parking": null, "board_type": null, "information": null, "check_date": null, "source": null, "name:ru": null, "website": null, "addr:country": null, "addr:place": null, "air_conditioning": null, "description": null, "email": null, "internet_access": null, "internet_access:fee": null, "payment:cash": null, "payment:mastercard": null, "payment:visa": null, "phone": null, "natural": null, "leaf_type": null, "surface": null, "building": null, "abandoned": null, "landuse": null, "religion": null, "addr:housename": null, "contact:email": null, "contact:phone": null, "opening_hours": null, "shop": null, "leisure": "swimming_pool", "type": null, "label": "leisure:swimming_pool" }, "geometry": { "type": "Polygon", "coordinates": [ [ [ 20.5529948, 38.4582867 ], [ 20.5530226, 38.4582623 ], [ 20.5529683, 38.4582225 ], [ 20.5529371, 38.4582424 ], [ 20.5529948, 38.4582867 ] ] ] } }
]
}
