{
"type": "FeatureCollection",
"name": "patch_95933_features",
"crs": { "type": "name", "properties": { "name": "urn:ogc:def:crs:OGC:1.3:CRS84" } },
"features": [
{ "type": "Feature", "properties": { "element": "node", "id": 7481885799, "amenity": "cafe", "fixme": "add proper tags", "name": "Dimis Design", "operator": "Παντοπουλος Δημητρης", "phone": "+30698 906 6688", "brand": null, "brand:wikidata": null, "brand:wikipedia": null, "aeroway": null, "length": null, "ref": null, "surface": null, "width": null, "barrier": null, "icao": null, "landuse": null, "military": null, "name:de": null, "name:el": null, "name:en": null, "name:tr": null, "wikidata": null, "waterway": null, "layer": null, "tunnel": null, "oneway": null, "leisure": null, "sport": null, "religion": null, "building": null, "source": null, "natural": null, "wetland": null, "label": "amenity:cafe" }, "geometry": { "type": "Point", "coordinates": [ 22.5066182, 40.6328222 ] } },
{ "type": "Feature", "properties": { "element": "node", "id": 9234655345, "amenity": "fuel", "fixme": null, "name": "ΕΛΙΝΟΙΛ", "operator": "Θ. ΧΑΤΖΟΠΟΥΛΟΣ & ΣΙΑ Ε.Ε. (ΥΠ/ΜΑ)", "phone": null, "brand": "ΕΛΙΝΟΙΛ", "brand:wikidata": "Q12876543", "brand:wikipedia": "el:ΕΛΙΝΟΙΛ", "aeroway": null, "length": null, "ref": null, "surface": null, "width": null, "barrier": null, "icao": null, "landuse": null, "military": null, "name:de": null, "name:el": null, "name:en": null, "name:tr": null, "wikidata": null, "waterway": null, "layer": null, "tunnel": null, "oneway": null, "leisure": null, "sport": null, "religion": null, "building": null, "source": null, "natural": null, "wetland": null, "label": "amenity:fuel" }, "geometry": { "type": "Point", "coordinates": [ 22.4910531, 40.6425893 ] } },
{ "type": "Feature", "properties": { "element": "node", "id": 9234663926, "amenity": "fuel", "fixme": null, "name": "SILKOIL", "operator": "ΣΤΑΥΡΟΣ ΑΓΡΙΟΠΟΥΛΟΣ", "phone": null, "brand": "SILKOIL", "brand:wikidata": null, "brand:wikipedia": null, "aeroway": null, "length": null, "ref": null, "surface": null, "width": null, "barrier": null, "icao": null, "landuse": null, "military": null, "name:de": null, "name:el": null, "name:en": null, "name:tr": null, "wikidata": null, "waterway": null, "layer": null, "tunnel": null, "oneway": null, "leisure": null, "sport": null, "religion": null, "building": null, "source": null, "natural": null, "wetland": null, "label": "amenity:fuel" }, "geometry": { "type": "Point", "coordinates": [ 22.5077725, 40.6326813 ] } },
{ "type": "Feature", "properties": { "element": "way", "id": 26165925, "amenity": null, "fixme": null, "name": null, "operator": null, "phone": null, "brand": null, "brand:wikidata": null, "brand:wikipedia": null, "aeroway": "runway", "length": "1814", "ref": "13/31", "surface": "asphalt", "width": "30", "barrier": null, "icao": null, "landuse": null, "military": null, "name:de": null, "name:el": null, "name:en": null, "name:tr": null, "wikidata": null, "waterway": null, "layer": null, "tunnel": null, "oneway": null, "leisure": null, "sport": null, "religion": null, "building": null, "source": null, "natural": null, "wetland": null, "label": "aeroway:runway" }, "geometry": { "type": "LineString", "coordinates": [ [ 22.4972238, 40.646145 ], [ 22.4957218, 40.6469946 ], [ 22.4955363, 40.6471035 ], [ 22.4953797, 40.6471955 ], [ 22.4934916, 40.6483045 ], [ 22.4932915, 40.648422 ], [ 22.4931036, 40.6485343 ], [ 22.4916459, 40.6494051 ], [ 22.4894798, 40.6506805 ], [ 22.488043326534704, 40.651515063465574 ] ] } },
{ "type": "Feature", "properties": { "element": "way", "id": 27895684, "amenity": null, "fixme": null, "name": "Βάση Αεροπορίας Στρατού \"Αλεξάνδρεια\"", "operator": null, "phone": null, "brand": null, "brand:wikidata": null, "brand:wikipedia": null, "aeroway": "aerodrome", "length": null, "ref": null, "surface": null, "width": null, "barrier": "fence", "icao": "LGAX", "landuse": "military", "military": "airfield", "name:de": "Luftwaffenbasis Alexandria", "name:el": "Βάση Αεροπορίας Στραού Αλεξάνδρεια", "name:en": "Alexandria Army Aviation Base", "name:tr": "Aleksandreya Havaalanı", "wikidata": "Q4720925", "waterway": null, "layer": null, "tunnel": null, "oneway": null, "leisure": null, "sport": null, "religion": null, "building": null, "source": null, "natural": null, "wetland": null, "label": "aeroway:aerodrome;landuse:military;military:airfield" }, "geometry": { "type": "Polygon", "coordinates": [ [ [ 22.5009825, 40.6443361 ], [ 22.5006161, 40.6441605 ], [ 22.4998665, 40.6439393 ], [ 22.4987641, 40.6437784 ], [ 22.4945608, 40.6432577 ], [ 22.4916033, 40.642909 ], [ 22.4902195, 40.6427458 ], [ 22.4902134, 40.6428364 ], [ 22.4901947, 40.643115 ], [ 22.4905982, 40.6431814 ], [ 22.4901159, 40.6442918 ], [ 22.4901207, 40.6449497 ], [ 22.4901213, 40.6450394 ], [ 22.4901508, 40.6491194 ], [ 22.488043326534704, 40.650366623881915 ], [ 22.488043326534704, 40.652745284118978 ], [ 22.4880689, 40.6527303 ], [ 22.4935588, 40.6495138 ], [ 22.5016778, 40.6447619 ], [ 22.5013243, 40.6445417 ], [ 22.5009825, 40.6443361 ] ] ] } },
{ "type": "Feature", "properties": { "element": "way", "id": 162246853, "amenity": null, "fixme": null, "name": null, "operator": null, "phone": null, "brand": null, "brand:wikidata": null, "brand:wikipedia": null, "aeroway": null, "length": null, "ref": null, "surface": null, "width": null, "barrier": null, "icao": null, "landuse": null, "military": null, "name:de": null, "name:el": null, "name:en": null, "name:tr": null, "wikidata": null, "waterway": "canal", "layer": null, "tunnel": null, "oneway": null, "leisure": null, "sport": null, "religion": null, "building": null, "source": null, "natural": null, "wetland": null, "label": "waterway:canal" }, "geometry": { "type": "LineString", "coordinates": [ [ 22.5017017, 40.635288 ], [ 22.5017178, 40.6354224 ], [ 22.5017071, 40.6354875 ], [ 22.5016588, 40.6355689 ], [ 22.5012726, 40.6360452 ], [ 22.501117, 40.6362203 ], [ 22.5010312, 40.636375 ], [ 22.5010044, 40.6365419 ], [ 22.5010044, 40.6367291 ], [ 22.5010717, 40.6374588 ], [ 22.5011009, 40.6375881 ], [ 22.5011975, 40.6377346 ], [ 22.5013209, 40.6378527 ], [ 22.5015301, 40.6380155 ], [ 22.5029302, 40.6390169 ], [ 22.5045502, 40.6402014 ], [ 22.5057519, 40.6410522 ], [ 22.5067335, 40.6417767 ], [ 22.5080907, 40.6427496 ], [ 22.5082839, 40.6428839 ], [ 22.5084716, 40.6429653 ], [ 22.5086916, 40.643006 ], [ 22.5089383, 40.6430223 ], [ 22.5092012, 40.6429938 ], [ 22.5095123, 40.6429531 ], [ 22.5097376, 40.6429246 ], [ 22.5100005, 40.6429327 ], [ 22.5103438, 40.6429653 ], [ 22.5133962, 40.6434049 ], [ 22.5135625, 40.6434375 ], [ 22.5137073, 40.6435107 ], [ 22.513836, 40.6436166 ], [ 22.5155118, 40.6450954 ], [ 22.5173705, 40.6466831 ], [ 22.518826407243438, 40.647923667760537 ] ] } },
{ "type": "Feature", "properties": { "element": "way", "id": 162246949, "amenity": null, "fixme": null, "name": null, "operator": null, "phone": null, "brand": null, "brand:wikidata": null, "brand:wikipedia": null, "aeroway": null, "length": null, "ref": null, "surface": null, "width": null, "barrier": null, "icao": null, "landuse": null, "military": null, "name:de": null, "name:el": null, "name:en": null, "name:tr": null, "wikidata": null, "waterway": "canal", "layer": "-1", "tunnel": "yes", "oneway": null, "leisure": null, "sport": null, "religion": null, "building": null, "source": null, "natural": null, "wetland": null, "label": "waterway:canal" }, "geometry": { "type": "LineString", "coordinates": [ [ 22.503503343253872, 40.630592928570593 ], [ 22.5039053, 40.6311065 ], [ 22.5039322, 40.6311798 ], [ 22.5039429, 40.6312653 ], [ 22.5039214, 40.6313711 ], [ 22.503841, 40.6315828 ], [ 22.5035513, 40.6322179 ], [ 22.5034011, 40.6325477 ], [ 22.5029129, 40.6335777 ], [ 22.502693, 40.633997 ], [ 22.5025481, 40.6342209 ], [ 22.5021512, 40.6346727 ], [ 22.5017864, 40.6350961 ], [ 22.5017328, 40.6351938 ], [ 22.5017017, 40.635288 ] ] } },
{ "type": "Feature", "properties": { "element": "way", "id": 173230750, "amenity": null, "fixme": null, "name": null, "operator": null, "phone": null, "brand": null, "brand:wikidata": null, "brand:wikipedia": null, "aeroway": "taxiway", "length": null, "ref": null, "surface": "asphalt", "width": null, "barrier": null, "icao": null, "landuse": null, "military": null, "name:de": null, "name:el": null, "name:en": null, "name:tr": null, "wikidata": null, "waterway": null, "layer": null, "tunnel": null, "oneway": null, "leisure": null, "sport": null, "religion": null, "building": null, "source": null, "natural": null, "wetland": null, "label": "aeroway:taxiway" }, "geometry": { "type": "LineString", "coordinates": [ [ 22.4939509, 40.6436279 ], [ 22.4938651, 40.6443198 ], [ 22.4938597, 40.644387 ], [ 22.4938785, 40.6444196 ], [ 22.4939107, 40.6444359 ], [ 22.4939644, 40.6444623 ], [ 22.4940153, 40.6444827 ], [ 22.4940663, 40.6444928 ], [ 22.4953993, 40.6444928 ], [ 22.4965312, 40.6444888 ], [ 22.4967699, 40.6444908 ], [ 22.4968558, 40.6444949 ], [ 22.4969389, 40.644505 ], [ 22.4970274, 40.6445193 ], [ 22.4971159, 40.6445498 ], [ 22.4971857, 40.6445783 ], [ 22.4972715, 40.6446251 ], [ 22.4974217, 40.6447228 ], [ 22.4978321, 40.6450261 ], [ 22.4979045, 40.6450932 ], [ 22.4979474, 40.6451543 ], [ 22.4979877, 40.6452377 ], [ 22.4979984, 40.6453273 ], [ 22.4980011, 40.6454066 ], [ 22.497985, 40.6454962 ], [ 22.4979474, 40.6455776 ], [ 22.4979018, 40.6456508 ], [ 22.4978348, 40.64572 ], [ 22.497757, 40.6457852 ], [ 22.4976685, 40.6458523 ], [ 22.4975535, 40.6459372 ], [ 22.4972238, 40.646145 ] ] } },
{ "type": "Feature", "properties": { "element": "way", "id": 173230752, "amenity": null, "fixme": null, "name": null, "operator": null, "phone": null, "brand": null, "brand:wikidata": null, "brand:wikipedia": null, "aeroway": "taxiway", "length": null, "ref": null, "surface": "asphalt", "width": null, "barrier": null, "icao": null, "landuse": null, "military": null, "name:de": null, "name:el": null, "name:en": null, "name:tr": null, "wikidata": null, "waterway": null, "layer": null, "tunnel": null, "oneway": "no", "leisure": null, "sport": null, "religion": null, "building": null, "source": null, "natural": null, "wetland": null, "label": "aeroway:taxiway" }, "geometry": { "type": "LineString", "coordinates": [ [ 22.4931597, 40.6482863 ], [ 22.493216, 40.6483188 ], [ 22.493275, 40.6483311 ], [ 22.4933314, 40.6483351 ], [ 22.4933823, 40.648329 ], [ 22.4934252, 40.6483209 ], [ 22.4934916, 40.6483045 ] ] } },
{ "type": "Feature", "properties": { "element": "way", "id": 173230756, "amenity": null, "fixme": null, "name": null, "operator": null, "phone": null, "brand": null, "brand:wikidata": null, "brand:wikipedia": null, "aeroway": "taxiway", "length": null, "ref": null, "surface": "asphalt", "width": null, "barrier": null, "icao": null, "landuse": null, "military": null, "name:de": null, "name:el": null, "name:en": null, "name:tr": null, "wikidata": null, "waterway": null, "layer": null, "tunnel": null, "oneway": "no", "leisure": null, "sport": null, "religion": null, "building": null, "source": null, "natural": null, "wetland": null, "label": "aeroway:taxiway" }, "geometry": { "type": "LineString", "coordinates": [ [ 22.4925285, 40.6476437 ], [ 22.4925857, 40.6476737 ], [ 22.4926447, 40.64769 ], [ 22.4927064, 40.6476941 ], [ 22.4927547, 40.6476859 ], [ 22.492811, 40.6476737 ] ] } },
{ "type": "Feature", "properties": { "element": "way", "id": 173230759, "amenity": null, "fixme": null, "name": null, "operator": null, "phone": null, "brand": null, "brand:wikidata": null, "brand:wikipedia": null, "aeroway": "taxiway", "length": null, "ref": null, "surface": "asphalt", "width": null, "barrier": null, "icao": null, "landuse": null, "military": null, "name:de": null, "name:el": null, "name:en": null, "name:tr": null, "wikidata": null, "waterway": null, "layer": null, "tunnel": null, "oneway": "no", "leisure": null, "sport": null, "religion": null, "building": null, "source": null, "natural": null, "wetland": null, "label": "aeroway:taxiway" }, "geometry": { "type": "LineString", "coordinates": [ [ 22.4923041, 40.6471344 ], [ 22.4922477, 40.6471772 ], [ 22.4922263, 40.6472219 ], [ 22.4922156, 40.6472688 ], [ 22.4922209, 40.6473135 ], [ 22.4922429, 40.6473624 ] ] } },
{ "type": "Feature", "properties": { "element": "way", "id": 173230763, "amenity": null, "fixme": null, "name": null, "operator": null, "phone": null, "brand": null, "brand:wikidata": null, "brand:wikipedia": null, "aeroway": "taxiway", "length": null, "ref": "D", "surface": "asphalt", "width": null, "barrier": null, "icao": null, "landuse": null, "military": null, "name:de": null, "name:el": null, "name:en": null, "name:tr": null, "wikidata": null, "waterway": null, "layer": null, "tunnel": null, "oneway": "no", "leisure": null, "sport": null, "religion": null, "building": null, "source": null, "natural": null, "wetland": null, "label": "aeroway:taxiway" }, "geometry": { "type": "LineString", "coordinates": [ [ 22.491997, 40.6471271 ], [ 22.4920653, 40.6471589 ], [ 22.492127, 40.6471711 ], [ 22.4922021, 40.6471731 ], [ 22.4922531, 40.6471609 ], [ 22.4923041, 40.6471344 ], [ 22.4941923, 40.6460172 ] ] } },
{ "type": "Feature", "properties": { "element": "way", "id": 173230767, "amenity": null, "fixme": null, "name": null, "operator": null, "phone": null, "brand": null, "brand:wikidata": null, "brand:wikipedia": null, "aeroway": "taxiway", "length": null, "ref": null, "surface": "asphalt", "width": null, "barrier": null, "icao": null, "landuse": null, "military": null, "name:de": null, "name:el": null, "name:en": null, "name:tr": null, "wikidata": null, "waterway": null, "layer": null, "tunnel": null, "oneway": "no", "leisure": null, "sport": null, "religion": null, "building": null, "source": null, "natural": null, "wetland": null, "label": "aeroway:taxiway" }, "geometry": { "type": "LineString", "coordinates": [ [ 22.4947234, 40.6465402 ], [ 22.494769, 40.6464995 ], [ 22.4947878, 40.6464649 ], [ 22.4947932, 40.6464303 ], [ 22.4947956, 40.6463855 ], [ 22.4947696, 40.6463282 ] ] } },
{ "type": "Feature", "properties": { "element": "way", "id": 173230772, "amenity": null, "fixme": null, "name": null, "operator": null, "phone": null, "brand": null, "brand:wikidata": null, "brand:wikipedia": null, "aeroway": "taxiway", "length": null, "ref": "C", "surface": "asphalt", "width": null, "barrier": null, "icao": null, "landuse": null, "military": null, "name:de": null, "name:el": null, "name:en": null, "name:tr": null, "wikidata": null, "waterway": null, "layer": null, "tunnel": null, "oneway": "no", "leisure": null, "sport": null, "religion": null, "building": null, "source": null, "natural": null, "wetland": null, "label": "aeroway:taxiway" }, "geometry": { "type": "LineString", "coordinates": [ [ 22.4927734, 40.6478895 ], [ 22.492752, 40.6478386 ], [ 22.4927493, 40.6477979 ], [ 22.4927547, 40.6477592 ], [ 22.4927681, 40.6477266 ], [ 22.4927842, 40.6476982 ], [ 22.492811, 40.6476737 ], [ 22.4932026, 40.6474438 ], [ 22.4947234, 40.6465402 ] ] } },
{ "type": "Feature", "properties": { "element": "way", "id": 173230775, "amenity": null, "fixme": null, "name": null, "operator": null, "phone": null, "brand": null, "brand:wikidata": null, "brand:wikipedia": null, "aeroway": "taxiway", "length": null, "ref": null, "surface": "asphalt", "width": null, "barrier": null, "icao": null, "landuse": null, "military": null, "name:de": null, "name:el": null, "name:en": null, "name:tr": null, "wikidata": null, "waterway": null, "layer": null, "tunnel": null, "oneway": "no", "leisure": null, "sport": null, "religion": null, "building": null, "source": null, "natural": null, "wetland": null, "label": "aeroway:taxiway" }, "geometry": { "type": "LineString", "coordinates": [ [ 22.4954154, 40.6469655 ], [ 22.4954664, 40.646992 ], [ 22.4955227, 40.6470123 ], [ 22.495579, 40.6470184 ], [ 22.4956407, 40.6470164 ], [ 22.4957218, 40.6469946 ] ] } },
{ "type": "Feature", "properties": { "element": "way", "id": 173230777, "amenity": null, "fixme": null, "name": null, "operator": null, "phone": null, "brand": null, "brand:wikidata": null, "brand:wikipedia": null, "aeroway": "taxiway", "length": null, "ref": null, "surface": "asphalt", "width": null, "barrier": null, "icao": null, "landuse": null, "military": null, "name:de": null, "name:el": null, "name:en": null, "name:tr": null, "wikidata": null, "waterway": null, "layer": null, "tunnel": null, "oneway": "no", "leisure": null, "sport": null, "religion": null, "building": null, "source": null, "natural": null, "wetland": null, "label": "aeroway:taxiway" }, "geometry": { "type": "LineString", "coordinates": [ [ 22.4940663, 40.6444928 ], [ 22.4936237, 40.644503 ] ] } },
{ "type": "Feature", "properties": { "element": "way", "id": 173230792, "amenity": null, "fixme": null, "name": null, "operator": null, "phone": null, "brand": null, "brand:wikidata": null, "brand:wikipedia": null, "aeroway": "taxiway", "length": null, "ref": "E", "surface": "asphalt", "width": null, "barrier": null, "icao": null, "landuse": null, "military": null, "name:de": null, "name:el": null, "name:en": null, "name:tr": null, "wikidata": null, "waterway": null, "layer": null, "tunnel": null, "oneway": "no", "leisure": null, "sport": null, "religion": null, "building": null, "source": null, "natural": null, "wetland": null, "label": "aeroway:taxiway" }, "geometry": { "type": "LineString", "coordinates": [ [ 22.4938946, 40.6454921 ], [ 22.4938276, 40.6454758 ], [ 22.4937653, 40.6454757 ], [ 22.4937042, 40.645488 ], [ 22.4936479, 40.6455165 ], [ 22.4928673, 40.6459724 ], [ 22.4918025, 40.6465951 ], [ 22.4917488, 40.6466277 ], [ 22.4917059, 40.6466704 ], [ 22.4916845, 40.6467193 ], [ 22.4916791, 40.6467681 ] ] } },
{ "type": "Feature", "properties": { "element": "way", "id": 173230794, "amenity": null, "fixme": null, "name": null, "operator": null, "phone": null, "brand": null, "brand:wikidata": null, "brand:wikipedia": null, "aeroway": "taxiway", "length": null, "ref": null, "surface": "asphalt", "width": null, "barrier": null, "icao": null, "landuse": null, "military": null, "name:de": null, "name:el": null, "name:en": null, "name:tr": null, "wikidata": null, "waterway": null, "layer": null, "tunnel": null, "oneway": "no", "leisure": null, "sport": null, "religion": null, "building": null, "source": null, "natural": null, "wetland": null, "label": "aeroway:taxiway" }, "geometry": { "type": "LineString", "coordinates": [ [ 22.4941923, 40.6460172 ], [ 22.4942433, 40.6459968 ], [ 22.4942862, 40.6459887 ], [ 22.4943345, 40.6459887 ], [ 22.4943855, 40.6459988 ], [ 22.4944364, 40.6460151 ], [ 22.4944816, 40.6460439 ] ] } },
{ "type": "Feature", "properties": { "element": "way", "id": 304412062, "amenity": null, "fixme": null, "name": null, "operator": null, "phone": null, "brand": null, "brand:wikidata": null, "brand:wikipedia": null, "aeroway": null, "length": null, "ref": null, "surface": null, "width": null, "barrier": null, "icao": null, "landuse": null, "military": null, "name:de": null, "name:el": null, "name:en": null, "name:tr": null, "wikidata": null, "waterway": null, "layer": null, "tunnel": null, "oneway": null, "leisure": "pitch", "sport": "soccer", "religion": null, "building": null, "source": null, "natural": null, "wetland": null, "label": "sport:soccer;leisure:pitch" }, "geometry": { "type": "Polygon", "coordinates": [ [ [ 22.4899421, 40.6404179 ], [ 22.4897529, 40.6409303 ], [ 22.4908046, 40.6411538 ], [ 22.4909938, 40.6406415 ], [ 22.4899421, 40.6404179 ] ] ] } },
{ "type": "Feature", "properties": { "element": "way", "id": 304412626, "amenity": null, "fixme": null, "name": null, "operator": null, "phone": null, "brand": null, "brand:wikidata": null, "brand:wikipedia": null, "aeroway": null, "length": null, "ref": null, "surface": null, "width": null, "barrier": null, "icao": null, "landuse": "residential", "military": null, "name:de": null, "name:el": null, "name:en": null, "name:tr": null, "wikidata": null, "waterway": null, "layer": null, "tunnel": null, "oneway": null, "leisure": null, "sport": null, "religion": null, "building": null, "source": null, "natural": null, "wetland": null, "label": "landuse:residential" }, "geometry": { "type": "Polygon", "coordinates": [ [ [ 22.4904566, 40.6379665 ], [ 22.4907927, 40.6389867 ], [ 22.4897748, 40.6401088 ], [ 22.4922998, 40.6407054 ], [ 22.4923963, 40.6407282 ], [ 22.4932797, 40.6381123 ], [ 22.4958916, 40.6399849 ], [ 22.4964885, 40.6404717 ], [ 22.4979308, 40.6392151 ], [ 22.4980552, 40.6391068 ], [ 22.497399, 40.6387201 ], [ 22.4988849, 40.6374364 ], [ 22.498918, 40.6373598 ], [ 22.4991197, 40.6368932 ], [ 22.499063, 40.6362334 ], [ 22.5004348, 40.6360748 ], [ 22.501079, 40.635358 ], [ 22.5013497, 40.6353937 ], [ 22.5018309, 40.6354571 ], [ 22.5021573, 40.6356475 ], [ 22.5041183, 40.6367917 ], [ 22.5039732, 40.6370791 ], [ 22.5046864, 40.6375747 ], [ 22.5043509, 40.6381597 ], [ 22.5051691, 40.6384046 ], [ 22.5052965, 40.6384427 ], [ 22.5058051, 40.6386371 ], [ 22.5055368, 40.6391054 ], [ 22.5064553, 40.6397575 ], [ 22.5068367, 40.6392907 ], [ 22.5072725, 40.6394664 ], [ 22.5070905, 40.6397646 ], [ 22.5076016, 40.6399445 ], [ 22.5077152, 40.6399845 ], [ 22.5078527, 40.6398167 ], [ 22.5080485, 40.6399015 ], [ 22.5079889, 40.6400092 ], [ 22.5082741, 40.6401464 ], [ 22.5083813, 40.6400046 ], [ 22.5088621, 40.6402207 ], [ 22.5090293, 40.6400095 ], [ 22.5099851, 40.6404647 ], [ 22.5104438, 40.6406219 ], [ 22.5125819, 40.6406748 ], [ 22.5126128, 40.6405176 ], [ 22.5126433, 40.6403625 ], [ 22.5133253, 40.636894 ], [ 22.5162673, 40.6373381 ], [ 22.5173298, 40.6332092 ], [ 22.5126768, 40.6328009 ], [ 22.5127401, 40.6322487 ], [ 22.5117832, 40.6321288 ], [ 22.5120554, 40.6314905 ], [ 22.506797863101315, 40.630592928570593 ], [ 22.505444818514412, 40.630592928570593 ], [ 22.5054269, 40.6306526 ], [ 22.505134335590903, 40.630592928570593 ], [ 22.503033275360131, 40.630592928570593 ], [ 22.5029318, 40.6315366 ], [ 22.5019806, 40.6314358 ], [ 22.5019123, 40.6315767 ], [ 22.5012696, 40.6315822 ], [ 22.4993903, 40.6313124 ], [ 22.4987471, 40.6337548 ], [ 22.4974064, 40.6333319 ], [ 22.4965725, 40.6331054 ], [ 22.4949409, 40.6329735 ], [ 22.4947019, 40.6327839 ], [ 22.4931164, 40.6325298 ], [ 22.4932163, 40.632184 ], [ 22.4892666, 40.6315568 ], [ 22.4888242, 40.6324829 ], [ 22.488043326534704, 40.632785561222903 ], [ 22.488043326534704, 40.637466994298713 ], [ 22.4904566, 40.6379665 ] ] ] } },
{ "type": "Feature", "properties": { "element": "way", "id": 304433182, "amenity": "grave_yard", "fixme": null, "name": "Κοιμητήρια Παλαιοχωρίου", "operator": null, "phone": null, "brand": null, "brand:wikidata": null, "brand:wikipedia": null, "aeroway": null, "length": null, "ref": null, "surface": null, "width": null, "barrier": null, "icao": null, "landuse": null, "military": null, "name:de": null, "name:el": null, "name:en": null, "name:tr": null, "wikidata": null, "waterway": null, "layer": null, "tunnel": null, "oneway": null, "leisure": null, "sport": null, "religion": "christian", "building": null, "source": null, "natural": null, "wetland": null, "label": "amenity:grave_yard" }, "geometry": { "type": "Polygon", "coordinates": [ [ [ 22.5015537, 40.6393251 ], [ 22.5016432, 40.6391832 ], [ 22.5013642, 40.6390131 ], [ 22.5010976, 40.6388834 ], [ 22.5007468, 40.6392228 ], [ 22.501303, 40.6395521 ], [ 22.5015537, 40.6393251 ] ] ] } },
{ "type": "Feature", "properties": { "element": "way", "id": 304433183, "amenity": "grave_yard", "fixme": null, "name": "Κοιμητήρια Λιανοβεργίου", "operator": null, "phone": null, "brand": null, "brand:wikidata": null, "brand:wikipedia": null, "aeroway": null, "length": null, "ref": null, "surface": null, "width": null, "barrier": null, "icao": null, "landuse": null, "military": null, "name:de": null, "name:el": null, "name:en": null, "name:tr": null, "wikidata": null, "waterway": null, "layer": null, "tunnel": null, "oneway": null, "leisure": null, "sport": null, "religion": "christian", "building": null, "source": null, "natural": null, "wetland": null, "label": "amenity:grave_yard" }, "geometry": { "type": "Polygon", "coordinates": [ [ [ 22.5042501, 40.6427666 ], [ 22.5046755, 40.643062 ], [ 22.5051402, 40.6426767 ], [ 22.5049878, 40.6425709 ], [ 22.50492, 40.6425238 ], [ 22.5048659, 40.6424863 ], [ 22.5047148, 40.6423813 ], [ 22.5042501, 40.6427666 ] ] ] } },
{ "type": "Feature", "properties": { "element": "way", "id": 304433187, "amenity": null, "fixme": null, "name": null, "operator": null, "phone": null, "brand": null, "brand:wikidata": null, "brand:wikipedia": null, "aeroway": null, "length": null, "ref": null, "surface": null, "width": null, "barrier": null, "icao": null, "landuse": null, "military": null, "name:de": null, "name:el": null, "name:en": null, "name:tr": null, "wikidata": null, "waterway": null, "layer": null, "tunnel": null, "oneway": null, "leisure": null, "sport": null, "religion": null, "building": "industrial", "source": null, "natural": null, "wetland": null, "label": "building:industrial" }, "geometry": { "type": "Polygon", "coordinates": [ [ [ 22.5067742, 40.6438146 ], [ 22.5067973, 40.6437122 ], [ 22.5054576, 40.6435386 ], [ 22.5054346, 40.643641 ], [ 22.5067742, 40.6438146 ] ] ] } },
{ "type": "Feature", "properties": { "element": "way", "id": 304433188, "amenity": null, "fixme": null, "name": null, "operator": null, "phone": null, "brand": null, "brand:wikidata": null, "brand:wikipedia": null, "aeroway": null, "length": null, "ref": null, "surface": null, "width": null, "barrier": null, "icao": null, "landuse": null, "military": null, "name:de": null, "name:el": null, "name:en": null, "name:tr": null, "wikidata": null, "waterway": null, "layer": null, "tunnel": null, "oneway": null, "leisure": null, "sport": null, "religion": null, "building": "industrial", "source": null, "natural": null, "wetland": null, "label": "building:industrial" }, "geometry": { "type": "Polygon", "coordinates": [ [ [ 22.5077944, 40.6442059 ], [ 22.5078341, 40.6441438 ], [ 22.5071961, 40.6439092 ], [ 22.5071564, 40.6439713 ], [ 22.5077944, 40.6442059 ] ] ] } },
{ "type": "Feature", "properties": { "element": "way", "id": 304433189, "amenity": null, "fixme": null, "name": null, "operator": null, "phone": null, "brand": null, "brand:wikidata": null, "brand:wikipedia": null, "aeroway": null, "length": null, "ref": null, "surface": null, "width": null, "barrier": null, "icao": null, "landuse": null, "military": null, "name:de": null, "name:el": null, "name:en": null, "name:tr": null, "wikidata": null, "waterway": null, "layer": null, "tunnel": null, "oneway": null, "leisure": null, "sport": null, "religion": null, "building": "industrial", "source": null, "natural": null, "wetland": null, "label": "building:industrial" }, "geometry": { "type": "Polygon", "coordinates": [ [ [ 22.5071291, 40.6438303 ], [ 22.5071723, 40.6437575 ], [ 22.5068554, 40.6436882 ], [ 22.5068218, 40.6437684 ], [ 22.5071291, 40.6438303 ] ] ] } },
{ "type": "Feature", "properties": { "element": "way", "id": 304433190, "amenity": null, "fixme": null, "name": null, "operator": null, "phone": null, "brand": null, "brand:wikidata": null, "brand:wikipedia": null, "aeroway": null, "length": null, "ref": null, "surface": null, "width": null, "barrier": null, "icao": null, "landuse": null, "military": null, "name:de": null, "name:el": null, "name:en": null, "name:tr": null, "wikidata": null, "waterway": null, "layer": null, "tunnel": null, "oneway": null, "leisure": null, "sport": null, "religion": null, "building": "industrial", "source": null, "natural": null, "wetland": null, "label": "building:industrial" }, "geometry": { "type": "Polygon", "coordinates": [ [ [ 22.5052829, 40.6435401 ], [ 22.5051727, 40.6435219 ], [ 22.5051369, 40.6436468 ], [ 22.5052471, 40.643665 ], [ 22.5052829, 40.6435401 ] ] ] } },
{ "type": "Feature", "properties": { "element": "way", "id": 304433191, "amenity": null, "fixme": null, "name": null, "operator": null, "phone": null, "brand": null, "brand:wikidata": null, "brand:wikipedia": null, "aeroway": null, "length": null, "ref": null, "surface": null, "width": null, "barrier": null, "icao": null, "landuse": null, "military": null, "name:de": null, "name:el": null, "name:en": null, "name:tr": null, "wikidata": null, "waterway": null, "layer": null, "tunnel": null, "oneway": null, "leisure": null, "sport": null, "religion": null, "building": "industrial", "source": null, "natural": null, "wetland": null, "label": "building:industrial" }, "geometry": { "type": "Polygon", "coordinates": [ [ [ 22.5050412, 40.6436232 ], [ 22.5050472, 40.6434829 ], [ 22.5049344, 40.6434802 ], [ 22.5049285, 40.6436204 ], [ 22.5050412, 40.6436232 ] ] ] } },
{ "type": "Feature", "properties": { "element": "way", "id": 304433192, "amenity": null, "fixme": null, "name": null, "operator": null, "phone": null, "brand": null, "brand:wikidata": null, "brand:wikipedia": null, "aeroway": null, "length": null, "ref": null, "surface": null, "width": null, "barrier": null, "icao": null, "landuse": null, "military": null, "name:de": null, "name:el": null, "name:en": null, "name:tr": null, "wikidata": null, "waterway": null, "layer": null, "tunnel": null, "oneway": null, "leisure": null, "sport": null, "religion": null, "building": "industrial", "source": null, "natural": null, "wetland": null, "label": "building:industrial" }, "geometry": { "type": "Polygon", "coordinates": [ [ [ 22.504811, 40.6435131 ], [ 22.5047237, 40.64345 ], [ 22.5046121, 40.6435388 ], [ 22.5046994, 40.6436019 ], [ 22.504811, 40.6435131 ] ] ] } },
{ "type": "Feature", "properties": { "element": "way", "id": 339549367, "amenity": null, "fixme": null, "name": null, "operator": null, "phone": null, "brand": null, "brand:wikidata": null, "brand:wikipedia": null, "aeroway": null, "length": null, "ref": null, "surface": null, "width": null, "barrier": null, "icao": null, "landuse": null, "military": null, "name:de": null, "name:el": null, "name:en": null, "name:tr": null, "wikidata": null, "waterway": "drain", "layer": "-1", "tunnel": "yes", "oneway": null, "leisure": null, "sport": null, "religion": null, "building": null, "source": null, "natural": null, "wetland": null, "label": "waterway:drain" }, "geometry": { "type": "LineString", "coordinates": [ [ 22.50331171323624, 40.630592928570593 ], [ 22.5037748, 40.631154 ] ] } },
{ "type": "Feature", "properties": { "element": "way", "id": 350197789, "amenity": null, "fixme": null, "name": null, "operator": null, "phone": null, "brand": null, "brand:wikidata": null, "brand:wikipedia": null, "aeroway": null, "length": null, "ref": null, "surface": null, "width": null, "barrier": null, "icao": null, "landuse": null, "military": null, "name:de": null, "name:el": null, "name:en": null, "name:tr": null, "wikidata": null, "waterway": "stream", "layer": null, "tunnel": null, "oneway": null, "leisure": null, "sport": null, "religion": null, "building": null, "source": null, "natural": null, "wetland": null, "label": "waterway:stream" }, "geometry": { "type": "LineString", "coordinates": [ [ 22.5100826, 40.6307881 ], [ 22.508835818345432, 40.630592928570593 ] ] } },
{ "type": "Feature", "properties": { "element": "way", "id": 350197790, "amenity": null, "fixme": null, "name": null, "operator": null, "phone": null, "brand": null, "brand:wikidata": null, "brand:wikipedia": null, "aeroway": null, "length": null, "ref": null, "surface": null, "width": null, "barrier": null, "icao": null, "landuse": null, "military": null, "name:de": null, "name:el": null, "name:en": null, "name:tr": null, "wikidata": null, "waterway": "stream", "layer": null, "tunnel": null, "oneway": null, "leisure": null, "sport": null, "religion": null, "building": null, "source": null, "natural": null, "wetland": null, "label": "waterway:stream" }, "geometry": { "type": "LineString", "coordinates": [ [ 22.5132956, 40.6312976 ], [ 22.5101896, 40.630805 ] ] } },
{ "type": "Feature", "properties": { "element": "way", "id": 350197791, "amenity": null, "fixme": null, "name": null, "operator": null, "phone": null, "brand": null, "brand:wikidata": null, "brand:wikipedia": null, "aeroway": null, "length": null, "ref": null, "surface": null, "width": null, "barrier": null, "icao": null, "landuse": null, "military": null, "name:de": null, "name:el": null, "name:en": null, "name:tr": null, "wikidata": null, "waterway": "stream", "layer": "-1", "tunnel": "yes", "oneway": null, "leisure": null, "sport": null, "religion": null, "building": null, "source": null, "natural": null, "wetland": null, "label": "waterway:stream" }, "geometry": { "type": "LineString", "coordinates": [ [ 22.5134619, 40.631322 ], [ 22.5132956, 40.6312976 ] ] } },
{ "type": "Feature", "properties": { "element": "way", "id": 350197792, "amenity": null, "fixme": null, "name": null, "operator": null, "phone": null, "brand": null, "brand:wikidata": null, "brand:wikipedia": null, "aeroway": null, "length": null, "ref": null, "surface": null, "width": null, "barrier": null, "icao": null, "landuse": null, "military": null, "name:de": null, "name:el": null, "name:en": null, "name:tr": null, "wikidata": null, "waterway": "stream", "layer": "-1", "tunnel": "yes", "oneway": null, "leisure": null, "sport": null, "religion": null, "building": null, "source": null, "natural": null, "wetland": null, "label": "waterway:stream" }, "geometry": { "type": "LineString", "coordinates": [ [ 22.5101896, 40.630805 ], [ 22.5100826, 40.6307881 ] ] } },
{ "type": "Feature", "properties": { "element": "way", "id": 350197793, "amenity": null, "fixme": null, "name": null, "operator": null, "phone": null, "brand": null, "brand:wikidata": null, "brand:wikipedia": null, "aeroway": null, "length": null, "ref": null, "surface": null, "width": null, "barrier": null, "icao": null, "landuse": null, "military": null, "name:de": null, "name:el": null, "name:en": null, "name:tr": null, "wikidata": null, "waterway": "stream", "layer": null, "tunnel": null, "oneway": null, "leisure": null, "sport": null, "religion": null, "building": null, "source": null, "natural": null, "wetland": null, "label": "waterway:stream" }, "geometry": { "type": "LineString", "coordinates": [ [ 22.518826407243438, 40.632041429076949 ], [ 22.518081, 40.6318873 ], [ 22.5179898, 40.6318751 ], [ 22.51792, 40.6318873 ], [ 22.5176894, 40.6319525 ], [ 22.5176143, 40.6319647 ], [ 22.5175445, 40.6319687 ], [ 22.5134619, 40.631322 ] ] } },
{ "type": "Feature", "properties": { "element": "way", "id": 447824291, "amenity": null, "fixme": null, "name": null, "operator": null, "phone": null, "brand": null, "brand:wikidata": null, "brand:wikipedia": null, "aeroway": null, "length": null, "ref": null, "surface": null, "width": null, "barrier": null, "icao": null, "landuse": "industrial", "military": null, "name:de": null, "name:el": null, "name:en": null, "name:tr": null, "wikidata": null, "waterway": null, "layer": null, "tunnel": null, "oneway": null, "leisure": null, "sport": null, "religion": null, "building": null, "source": null, "natural": null, "wetland": null, "label": "landuse:industrial" }, "geometry": { "type": "Polygon", "coordinates": [ [ [ 22.5188178, 40.6458906 ], [ 22.5185445, 40.645297 ], [ 22.518141, 40.6454152 ], [ 22.5181678, 40.6454697 ], [ 22.518826407243438, 40.646807117163057 ], [ 22.518826407243438, 40.645909329846639 ], [ 22.5188178, 40.6458906 ] ] ] } },
{ "type": "Feature", "properties": { "element": "way", "id": 447824292, "amenity": null, "fixme": null, "name": null, "operator": null, "phone": null, "brand": null, "brand:wikidata": null, "brand:wikipedia": null, "aeroway": null, "length": null, "ref": null, "surface": null, "width": null, "barrier": null, "icao": null, "landuse": null, "military": null, "name:de": null, "name:el": null, "name:en": null, "name:tr": null, "wikidata": null, "waterway": null, "layer": null, "tunnel": null, "oneway": null, "leisure": null, "sport": null, "religion": null, "building": "industrial", "source": null, "natural": null, "wetland": null, "label": "building:industrial" }, "geometry": { "type": "Polygon", "coordinates": [ [ [ 22.5188178, 40.6458906 ], [ 22.5185449, 40.6459514 ], [ 22.5186158, 40.6461209 ], [ 22.518826407243438, 40.646071768403672 ], [ 22.518826407243438, 40.645909329846639 ], [ 22.5188178, 40.6458906 ] ] ] } },
{ "type": "Feature", "properties": { "element": "way", "id": 447824329, "amenity": null, "fixme": null, "name": null, "operator": null, "phone": null, "brand": null, "brand:wikidata": null, "brand:wikipedia": null, "aeroway": null, "length": null, "ref": null, "surface": null, "width": null, "barrier": null, "icao": null, "landuse": "industrial", "military": null, "name:de": null, "name:el": null, "name:en": null, "name:tr": null, "wikidata": null, "waterway": null, "layer": null, "tunnel": null, "oneway": null, "leisure": null, "sport": null, "religion": null, "building": null, "source": null, "natural": null, "wetland": null, "label": "landuse:industrial" }, "geometry": { "type": "Polygon", "coordinates": [ [ [ 22.5091068, 40.6485826 ], [ 22.5088348, 40.6488944 ], [ 22.5087147, 40.6490768 ], [ 22.5092356, 40.649356 ], [ 22.509933, 40.6486356 ], [ 22.5094287, 40.6482692 ], [ 22.5091068, 40.6485826 ] ] ] } },
{ "type": "Feature", "properties": { "element": "way", "id": 447824330, "amenity": null, "fixme": null, "name": null, "operator": null, "phone": null, "brand": null, "brand:wikidata": null, "brand:wikipedia": null, "aeroway": null, "length": null, "ref": null, "surface": null, "width": null, "barrier": null, "icao": null, "landuse": null, "military": null, "name:de": null, "name:el": null, "name:en": null, "name:tr": null, "wikidata": null, "waterway": null, "layer": null, "tunnel": null, "oneway": null, "leisure": null, "sport": null, "religion": null, "building": "industrial", "source": null, "natural": null, "wetland": null, "label": "building:industrial" }, "geometry": { "type": "Polygon", "coordinates": [ [ [ 22.5092356, 40.6487414 ], [ 22.5089754, 40.6489998 ], [ 22.5092704, 40.6491667 ], [ 22.5095279, 40.6489042 ], [ 22.5092356, 40.6487414 ] ] ] } },
{ "type": "Feature", "properties": { "element": "way", "id": 486166096, "amenity": null, "fixme": null, "name": null, "operator": "Οργανισμός Σιδηροδρόμων Ελλάδος", "phone": null, "brand": null, "brand:wikidata": null, "brand:wikipedia": null, "aeroway": null, "length": null, "ref": null, "surface": null, "width": null, "barrier": null, "icao": null, "landuse": "railway", "military": null, "name:de": null, "name:el": null, "name:en": null, "name:tr": null, "wikidata": null, "waterway": null, "layer": null, "tunnel": null, "oneway": null, "leisure": null, "sport": null, "religion": null, "building": null, "source": "GAIAOSE SA", "natural": null, "wetland": null, "label": "landuse:railway" }, "geometry": { "type": "Polygon", "coordinates": [ [ [ 22.5168508, 40.6321186 ], [ 22.5179354, 40.632345 ], [ 22.518826407243438, 40.632488125641132 ], [ 22.518826407243438, 40.632278227987769 ], [ 22.5168648, 40.6320571 ], [ 22.5168508, 40.6321186 ] ] ] } },
{ "type": "Feature", "properties": { "element": "way", "id": 487982527, "amenity": null, "fixme": null, "name": null, "operator": null, "phone": null, "brand": null, "brand:wikidata": null, "brand:wikipedia": null, "aeroway": null, "length": null, "ref": null, "surface": null, "width": null, "barrier": null, "icao": null, "landuse": "farmland", "military": null, "name:de": null, "name:el": null, "name:en": null, "name:tr": null, "wikidata": null, "waterway": null, "layer": null, "tunnel": null, "oneway": null, "leisure": null, "sport": null, "religion": null, "building": null, "source": null, "natural": null, "wetland": null, "label": "landuse:farmland" }, "geometry": { "type": "Polygon", "coordinates": [ [ [ 22.5175309, 40.6319084 ], [ 22.5180191, 40.6318115 ], [ 22.518826407243438, 40.631973519564056 ], [ 22.518826407243438, 40.630592928570593 ], [ 22.509376480373035, 40.630592928570593 ], [ 22.5175309, 40.6319084 ] ] ] } },
{ "type": "Feature", "properties": { "element": "way", "id": 487982625, "amenity": null, "fixme": null, "name": null, "operator": null, "phone": null, "brand": null, "brand:wikidata": null, "brand:wikipedia": null, "aeroway": null, "length": null, "ref": null, "surface": null, "width": null, "barrier": null, "icao": null, "landuse": "farmland", "military": null, "name:de": null, "name:el": null, "name:en": null, "name:tr": null, "wikidata": null, "waterway": null, "layer": null, "tunnel": null, "oneway": null, "leisure": null, "sport": null, "religion": null, "building": null, "source": null, "natural": null, "wetland": null, "label": "landuse:farmland" }, "geometry": { "type": "Polygon", "coordinates": [ [ [ 22.5120554, 40.6314905 ], [ 22.5117832, 40.6321288 ], [ 22.5127401, 40.6322487 ], [ 22.5126768, 40.6328009 ], [ 22.5155354, 40.632918 ], [ 22.5162167, 40.6329677 ], [ 22.518826407243438, 40.633362722765092 ], [ 22.518826407243438, 40.632551853668751 ], [ 22.5120554, 40.6314905 ] ] ] } },
{ "type": "Feature", "properties": { "element": "way", "id": 488216168, "amenity": null, "fixme": null, "name": null, "operator": "Οργανισμός Σιδηροδρόμων Ελλάδος", "phone": null, "brand": null, "brand:wikidata": null, "brand:wikipedia": null, "aeroway": null, "length": null, "ref": null, "surface": null, "width": null, "barrier": null, "icao": null, "landuse": "railway", "military": null, "name:de": null, "name:el": null, "name:en": null, "name:tr": null, "wikidata": null, "waterway": null, "layer": null, "tunnel": null, "oneway": null, "leisure": null, "sport": null, "religion": null, "building": null, "source": "GAIAOSE SA", "natural": null, "wetland": null, "label": "landuse:railway" }, "geometry": { "type": "Polygon", "coordinates": [ [ [ 22.5168508, 40.6321186 ], [ 22.5168648, 40.6320571 ], [ 22.507579723675679, 40.630592928570593 ], [ 22.507174512535691, 40.630592928570593 ], [ 22.5168508, 40.6321186 ] ] ] } },
{ "type": "Feature", "properties": { "element": "way", "id": 1254984754, "amenity": null, "fixme": null, "name": null, "operator": null, "phone": null, "brand": null, "brand:wikidata": null, "brand:wikipedia": null, "aeroway": null, "length": null, "ref": null, "surface": null, "width": null, "barrier": null, "icao": null, "landuse": "farmland", "military": null, "name:de": null, "name:el": null, "name:en": null, "name:tr": null, "wikidata": null, "waterway": null, "layer": null, "tunnel": null, "oneway": null, "leisure": null, "sport": null, "religion": null, "building": null, "source": null, "natural": null, "wetland": null, "label": "landuse:farmland" }, "geometry": { "type": "Polygon", "coordinates": [ [ [ 22.5062311, 40.6481385 ], [ 22.5017591, 40.644915 ], [ 22.488043326534704, 40.653026595693412 ], [ 22.488043326534704, 40.65325338723698 ], [ 22.514807086325813, 40.65325338723698 ], [ 22.5062311, 40.6481385 ] ] ] } },
{ "type": "Feature", "properties": { "element": "way", "id": 1387942701, "amenity": null, "fixme": null, "name": null, "operator": null, "phone": null, "brand": null, "brand:wikidata": null, "brand:wikipedia": null, "aeroway": null, "length": null, "ref": null, "surface": null, "width": null, "barrier": null, "icao": null, "landuse": "orchard", "military": null, "name:de": null, "name:el": null, "name:en": null, "name:tr": null, "wikidata": null, "waterway": null, "layer": null, "tunnel": null, "oneway": null, "leisure": null, "sport": null, "religion": null, "building": null, "source": null, "natural": null, "wetland": null, "label": "landuse:orchard" }, "geometry": { "type": "Polygon", "coordinates": [ [ [ 22.5181678, 40.6454697 ], [ 22.5169276, 40.645828 ], [ 22.5170333, 40.646047 ], [ 22.5182285, 40.6470248 ], [ 22.5184079, 40.6469774 ], [ 22.518826407243438, 40.646866770976146 ], [ 22.518826407243438, 40.646807117163057 ], [ 22.5181678, 40.6454697 ] ] ] } },
{ "type": "Feature", "properties": { "element": "way", "id": 1387942702, "amenity": null, "fixme": null, "name": null, "operator": null, "phone": null, "brand": null, "brand:wikidata": null, "brand:wikipedia": null, "aeroway": null, "length": null, "ref": null, "surface": null, "width": null, "barrier": null, "icao": null, "landuse": "farmland", "military": null, "name:de": null, "name:el": null, "name:en": null, "name:tr": null, "wikidata": null, "waterway": null, "layer": null, "tunnel": null, "oneway": null, "leisure": null, "sport": null, "religion": null, "building": null, "source": null, "natural": null, "wetland": null, "label": "landuse:farmland" }, "geometry": { "type": "Polygon", "coordinates": [ [ [ 22.5117518, 40.6509273 ], [ 22.5144472, 40.6525281 ], [ 22.5159515, 40.6510507 ], [ 22.512943, 40.6492524 ], [ 22.5125812, 40.6493696 ], [ 22.5119754, 40.649456 ], [ 22.5115242, 40.649419 ], [ 22.5106338, 40.6490458 ], [ 22.509933, 40.6486356 ], [ 22.5092356, 40.649356 ], [ 22.5117518, 40.6509273 ] ] ] } },
{ "type": "Feature", "properties": { "element": "way", "id": 1387942703, "amenity": null, "fixme": null, "name": null, "operator": null, "phone": null, "brand": null, "brand:wikidata": null, "brand:wikipedia": null, "aeroway": null, "length": null, "ref": null, "surface": null, "width": null, "barrier": null, "icao": null, "landuse": "farmland", "military": null, "name:de": null, "name:el": null, "name:en": null, "name:tr": null, "wikidata": null, "waterway": null, "layer": null, "tunnel": null, "oneway": null, "leisure": null, "sport": null, "religion": null, "building": null, "source": null, "natural": null, "wetland": null, "label": "landuse:farmland" }, "geometry": { "type": "Polygon", "coordinates": [ [ [ 22.5161593, 40.6460112 ], [ 22.5149984, 40.6463254 ], [ 22.5121635, 40.6471041 ], [ 22.5130094, 40.6488442 ], [ 22.5127192, 40.6489704 ], [ 22.5118662, 40.647182 ], [ 22.5107903, 40.6474908 ], [ 22.5107443, 40.6475043 ], [ 22.5102842, 40.6476761 ], [ 22.5099055, 40.6479044 ], [ 22.5098595, 40.6480682 ], [ 22.5100117, 40.6481917 ], [ 22.5104895, 40.6486213 ], [ 22.5112752, 40.6483072 ], [ 22.5115229, 40.6486482 ], [ 22.5108469, 40.6488496 ], [ 22.5110027, 40.6489973 ], [ 22.5118485, 40.6492765 ], [ 22.5123122, 40.6493007 ], [ 22.5126944, 40.6492094 ], [ 22.5129669, 40.6490805 ], [ 22.5130625, 40.6491691 ], [ 22.5131474, 40.6492416 ], [ 22.5165309, 40.6513012 ], [ 22.515048, 40.6527323 ], [ 22.5150019, 40.6528102 ], [ 22.515660826714836, 40.65325338723698 ], [ 22.51638996041407, 40.65325338723698 ], [ 22.5163964, 40.6532479 ], [ 22.516406211066421, 40.65325338723698 ], [ 22.518826407243438, 40.65325338723698 ], [ 22.518826407243438, 40.648251447727368 ], [ 22.5161593, 40.6460112 ] ] ] } },
{ "type": "Feature", "properties": { "element": "way", "id": 1387942704, "amenity": null, "fixme": null, "name": null, "operator": null, "phone": null, "brand": null, "brand:wikidata": null, "brand:wikipedia": null, "aeroway": null, "length": null, "ref": null, "surface": null, "width": null, "barrier": null, "icao": null, "landuse": "orchard", "military": null, "name:de": null, "name:el": null, "name:en": null, "name:tr": null, "wikidata": null, "waterway": null, "layer": null, "tunnel": null, "oneway": null, "leisure": null, "sport": null, "religion": null, "building": null, "source": null, "natural": null, "wetland": null, "label": "landuse:orchard" }, "geometry": { "type": "Polygon", "coordinates": [ [ [ 22.5130094, 40.6488442 ], [ 22.5121635, 40.6471041 ], [ 22.5118662, 40.647182 ], [ 22.5127192, 40.6489704 ], [ 22.5130094, 40.6488442 ] ] ] } },
{ "type": "Feature", "properties": { "element": "way", "id": 1387963091, "amenity": null, "fixme": null, "name": null, "operator": null, "phone": null, "brand": null, "brand:wikidata": null, "brand:wikipedia": null, "aeroway": null, "length": null, "ref": null, "surface": null, "width": null, "barrier": null, "icao": null, "landuse": "farmland", "military": null, "name:de": null, "name:el": null, "name:en": null, "name:tr": null, "wikidata": null, "waterway": null, "layer": null, "tunnel": null, "oneway": null, "leisure": null, "sport": null, "religion": null, "building": null, "source": null, "natural": null, "wetland": null, "label": "landuse:farmland" }, "geometry": { "type": "MultiPolygon", "coordinates": [ [ [ [ 22.5184079, 40.6469774 ], [ 22.518826407243438, 40.64734282120925 ], [ 22.518826407243438, 40.646866770976146 ], [ 22.5184079, 40.6469774 ] ] ], [ [ [ 22.5185445, 40.645297 ], [ 22.518826407243438, 40.645909281123139 ], [ 22.518826407243438, 40.645248148321329 ], [ 22.5185445, 40.645297 ] ] ] ] } },
{ "type": "Feature", "properties": { "element": "way", "id": 1387963107, "amenity": null, "fixme": null, "name": null, "operator": null, "phone": null, "brand": null, "brand:wikidata": null, "brand:wikipedia": null, "aeroway": null, "length": null, "ref": null, "surface": null, "width": null, "barrier": null, "icao": null, "landuse": "farmland", "military": null, "name:de": null, "name:el": null, "name:en": null, "name:tr": null, "wikidata": null, "waterway": null, "layer": null, "tunnel": null, "oneway": null, "leisure": null, "sport": null, "religion": null, "building": null, "source": null, "natural": null, "wetland": null, "label": "landuse:farmland" }, "geometry": { "type": "Polygon", "coordinates": [ [ [ 22.5186958, 40.633481 ], [ 22.5185941, 40.6338575 ], [ 22.5173401, 40.6336634 ], [ 22.5169744, 40.635019 ], [ 22.5183047, 40.6352205 ], [ 22.5181814, 40.6356419 ], [ 22.5168751, 40.6354404 ], [ 22.5162673, 40.6373381 ], [ 22.5133253, 40.636894 ], [ 22.5126433, 40.6403625 ], [ 22.5159444, 40.6408459 ], [ 22.518826407243438, 40.641278107547009 ], [ 22.518826407243438, 40.633500020066201 ], [ 22.5186958, 40.633481 ] ] ] } },
{ "type": "Feature", "properties": { "element": "way", "id": 1387963108, "amenity": null, "fixme": null, "name": null, "operator": null, "phone": null, "brand": null, "brand:wikidata": null, "brand:wikipedia": null, "aeroway": null, "length": null, "ref": null, "surface": null, "width": null, "barrier": null, "icao": null, "landuse": "orchard", "military": null, "name:de": null, "name:el": null, "name:en": null, "name:tr": null, "wikidata": null, "waterway": null, "layer": null, "tunnel": null, "oneway": null, "leisure": null, "sport": null, "religion": null, "building": null, "source": null, "natural": null, "wetland": null, "label": "landuse:orchard" }, "geometry": { "type": "Polygon", "coordinates": [ [ [ 22.5181814, 40.6356419 ], [ 22.5183047, 40.6352205 ], [ 22.5169744, 40.635019 ], [ 22.5168751, 40.6354404 ], [ 22.5181814, 40.6356419 ] ] ] } },
{ "type": "Feature", "properties": { "element": "way", "id": 1387963109, "amenity": null, "fixme": null, "name": null, "operator": null, "phone": null, "brand": null, "brand:wikidata": null, "brand:wikipedia": null, "aeroway": null, "length": null, "ref": null, "surface": null, "width": null, "barrier": null, "icao": null, "landuse": "orchard", "military": null, "name:de": null, "name:el": null, "name:en": null, "name:tr": null, "wikidata": null, "waterway": null, "layer": null, "tunnel": null, "oneway": null, "leisure": null, "sport": null, "religion": null, "building": null, "source": null, "natural": null, "wetland": null, "label": "landuse:orchard" }, "geometry": { "type": "Polygon", "coordinates": [ [ [ 22.5174384, 40.6332868 ], [ 22.5173401, 40.6336634 ], [ 22.5185941, 40.6338575 ], [ 22.5186958, 40.633481 ], [ 22.5174384, 40.6332868 ] ] ] } },
{ "type": "Feature", "properties": { "element": "way", "id": 1387963110, "amenity": null, "fixme": null, "name": null, "operator": null, "phone": null, "brand": null, "brand:wikidata": null, "brand:wikipedia": null, "aeroway": null, "length": null, "ref": null, "surface": null, "width": null, "barrier": null, "icao": null, "landuse": null, "military": null, "name:de": null, "name:el": null, "name:en": null, "name:tr": null, "wikidata": null, "waterway": null, "layer": null, "tunnel": null, "oneway": null, "leisure": "park", "sport": null, "religion": null, "building": null, "source": null, "natural": null, "wetland": null, "label": "leisure:park" }, "geometry": { "type": "Polygon", "coordinates": [ [ [ 22.5090196, 40.6364215 ], [ 22.509046, 40.6364045 ], [ 22.5097717, 40.635732 ], [ 22.509794, 40.6356857 ], [ 22.5097859, 40.6356518 ], [ 22.5088549, 40.6356626 ], [ 22.5088549, 40.6359294 ], [ 22.5085846, 40.6359341 ], [ 22.5089789, 40.6364277 ], [ 22.5090196, 40.6364215 ] ] ] } },
{ "type": "Feature", "properties": { "element": "way", "id": 1387963111, "amenity": null, "fixme": null, "name": null, "operator": null, "phone": null, "brand": null, "brand:wikidata": null, "brand:wikipedia": null, "aeroway": null, "length": null, "ref": null, "surface": null, "width": null, "barrier": null, "icao": null, "landuse": "farmland", "military": null, "name:de": null, "name:el": null, "name:en": null, "name:tr": null, "wikidata": null, "waterway": null, "layer": null, "tunnel": null, "oneway": null, "leisure": null, "sport": null, "religion": null, "building": null, "source": null, "natural": null, "wetland": null, "label": "landuse:farmland" }, "geometry": { "type": "Polygon", "coordinates": [ [ [ 22.5017678, 40.6358358 ], [ 22.5014969, 40.6361016 ], [ 22.5013008, 40.6363745 ], [ 22.5012494, 40.6365907 ], [ 22.5012541, 40.6370372 ], [ 22.501151, 40.637035 ], [ 22.5012047, 40.6375223 ], [ 22.5012374, 40.6376286 ], [ 22.5012935, 40.6377208 ], [ 22.5013612, 40.6378094 ], [ 22.5014569, 40.6378926 ], [ 22.5026571, 40.6387555 ], [ 22.5032432, 40.6390107 ], [ 22.50343, 40.6390674 ], [ 22.5038199, 40.6390337 ], [ 22.5042145, 40.6389504 ], [ 22.5045695, 40.6389008 ], [ 22.5048216, 40.6388193 ], [ 22.5049594, 40.63869 ], [ 22.5051088, 40.6385146 ], [ 22.5051691, 40.6384046 ], [ 22.5043509, 40.6381597 ], [ 22.5046864, 40.6375747 ], [ 22.5039732, 40.6370791 ], [ 22.5041183, 40.6367917 ], [ 22.5021573, 40.6356475 ], [ 22.5017678, 40.6358358 ] ] ] } },
{ "type": "Feature", "properties": { "element": "way", "id": 1387993561, "amenity": null, "fixme": null, "name": null, "operator": null, "phone": null, "brand": null, "brand:wikidata": null, "brand:wikipedia": null, "aeroway": null, "length": null, "ref": null, "surface": null, "width": null, "barrier": null, "icao": null, "landuse": null, "military": null, "name:de": null, "name:el": null, "name:en": null, "name:tr": null, "wikidata": null, "waterway": null, "layer": null, "tunnel": null, "oneway": null, "leisure": "track", "sport": "running", "religion": null, "building": null, "source": null, "natural": null, "wetland": null, "label": "sport:running;leisure:track" }, "geometry": { "type": "MultiLineString", "coordinates": [ [ [ 22.4910255, 40.641267 ], [ 22.4906976, 40.6412006 ] ], [ [ 22.4906976, 40.6412006 ], [ 22.4898593, 40.6410308 ], [ 22.4897915, 40.6410145 ], [ 22.4897499, 40.6410004 ], [ 22.4897021, 40.6409759 ], [ 22.4896559, 40.6409467 ], [ 22.4896236, 40.6409128 ], [ 22.4895928, 40.6408765 ], [ 22.4895712, 40.6408438 ], [ 22.4895543, 40.6408052 ], [ 22.489545, 40.6407678 ], [ 22.4895389, 40.6407281 ], [ 22.4895404, 40.6406825 ], [ 22.489545, 40.6406451 ], [ 22.4895573, 40.6406077 ], [ 22.4895743, 40.6405749 ], [ 22.4895989, 40.6405364 ], [ 22.4896297, 40.6405048 ], [ 22.4896652, 40.6404709 ], [ 22.4896991, 40.6404463 ], [ 22.4897437, 40.640423 ], [ 22.4898023, 40.6404019 ], [ 22.48985, 40.6403891 ], [ 22.4899101, 40.6403809 ], [ 22.4899887, 40.6403774 ], [ 22.4900534, 40.6403856 ], [ 22.4909869, 40.6405901 ], [ 22.491027, 40.6406053 ], [ 22.4910717, 40.6406299 ], [ 22.4911133, 40.6406638 ], [ 22.4911533, 40.6407094 ], [ 22.4911795, 40.6407573 ], [ 22.4911965, 40.6408005 ], [ 22.4912088, 40.6408613 ], [ 22.4912072, 40.6409128 ], [ 22.4911934, 40.6409619 ], [ 22.4911718, 40.6410051 ], [ 22.4911395, 40.6410507 ], [ 22.4910979, 40.6410916 ], [ 22.491047, 40.6411267 ], [ 22.4909839, 40.6411536 ], [ 22.4908976, 40.6411816 ], [ 22.4908067, 40.6411968 ], [ 22.4906976, 40.6412006 ] ] ] } },
{ "type": "Feature", "properties": { "element": "way", "id": 1387993562, "amenity": null, "fixme": null, "name": null, "operator": null, "phone": null, "brand": null, "brand:wikidata": null, "brand:wikipedia": null, "aeroway": null, "length": null, "ref": null, "surface": null, "width": null, "barrier": null, "icao": null, "landuse": "orchard", "military": null, "name:de": null, "name:el": null, "name:en": null, "name:tr": null, "wikidata": null, "waterway": null, "layer": null, "tunnel": null, "oneway": null, "leisure": null, "sport": null, "religion": null, "building": null, "source": null, "natural": null, "wetland": null, "label": "landuse:orchard" }, "geometry": { "type": "Polygon", "coordinates": [ [ [ 22.4975727, 40.6412452 ], [ 22.4990393, 40.6400481 ], [ 22.4979308, 40.6392151 ], [ 22.4964885, 40.6404717 ], [ 22.4975727, 40.6412452 ] ] ] } },
{ "type": "Feature", "properties": { "element": "way", "id": 1387993563, "amenity": null, "fixme": null, "name": null, "operator": null, "phone": null, "brand": null, "brand:wikidata": null, "brand:wikipedia": null, "aeroway": null, "length": null, "ref": null, "surface": null, "width": null, "barrier": null, "icao": null, "landuse": "farmland", "military": null, "name:de": null, "name:el": null, "name:en": null, "name:tr": null, "wikidata": null, "waterway": null, "layer": null, "tunnel": null, "oneway": null, "leisure": null, "sport": null, "religion": null, "building": null, "source": null, "natural": null, "wetland": null, "label": "landuse:farmland" }, "geometry": { "type": "Polygon", "coordinates": [ [ [ 22.4990986, 40.6423247 ], [ 22.5006029, 40.6411401 ], [ 22.4990393, 40.6400481 ], [ 22.4975727, 40.6412452 ], [ 22.4990986, 40.6423247 ] ] ] } },
{ "type": "Feature", "properties": { "element": "way", "id": 1387993564, "amenity": null, "fixme": null, "name": null, "operator": null, "phone": null, "brand": null, "brand:wikidata": null, "brand:wikipedia": null, "aeroway": null, "length": null, "ref": null, "surface": null, "width": null, "barrier": null, "icao": null, "landuse": "orchard", "military": null, "name:de": null, "name:el": null, "name:en": null, "name:tr": null, "wikidata": null, "waterway": null, "layer": null, "tunnel": null, "oneway": null, "leisure": null, "sport": null, "religion": null, "building": null, "source": null, "natural": null, "wetland": null, "label": "landuse:orchard" }, "geometry": { "type": "Polygon", "coordinates": [ [ [ 22.4990986, 40.6423247 ], [ 22.5009159, 40.6436851 ], [ 22.5023673, 40.6424018 ], [ 22.5006029, 40.6411401 ], [ 22.4990986, 40.6423247 ] ] ] } },
{ "type": "Feature", "properties": { "element": "way", "id": 1387993565, "amenity": null, "fixme": null, "name": null, "operator": null, "phone": null, "brand": null, "brand:wikidata": null, "brand:wikipedia": null, "aeroway": null, "length": null, "ref": null, "surface": null, "width": null, "barrier": null, "icao": null, "landuse": "orchard", "military": null, "name:de": null, "name:el": null, "name:en": null, "name:tr": null, "wikidata": null, "waterway": null, "layer": null, "tunnel": null, "oneway": null, "leisure": null, "sport": null, "religion": null, "building": null, "source": null, "natural": null, "wetland": null, "label": "landuse:orchard" }, "geometry": { "type": "Polygon", "coordinates": [ [ [ 22.4986352, 40.642263 ], [ 22.4974603, 40.6432964 ], [ 22.4985945, 40.643429 ], [ 22.4996963, 40.643574 ], [ 22.5005053, 40.6437591 ], [ 22.5006435, 40.6437992 ], [ 22.5007208, 40.643793 ], [ 22.4986352, 40.642263 ] ] ] } },
{ "type": "Feature", "properties": { "element": "way", "id": 1387993566, "amenity": null, "fixme": null, "name": null, "operator": null, "phone": null, "brand": null, "brand:wikidata": null, "brand:wikipedia": null, "aeroway": null, "length": null, "ref": null, "surface": null, "width": null, "barrier": null, "icao": null, "landuse": "farmland", "military": null, "name:de": null, "name:el": null, "name:en": null, "name:tr": null, "wikidata": null, "waterway": null, "layer": null, "tunnel": null, "oneway": null, "leisure": null, "sport": null, "religion": null, "building": null, "source": null, "natural": null, "wetland": null, "label": "landuse:farmland" }, "geometry": { "type": "Polygon", "coordinates": [ [ [ 22.4986352, 40.642263 ], [ 22.495952, 40.6402547 ], [ 22.4958625, 40.6401683 ], [ 22.4958916, 40.6399849 ], [ 22.4932797, 40.6381123 ], [ 22.4923963, 40.6407282 ], [ 22.4917279, 40.6425684 ], [ 22.4917564, 40.6426146 ], [ 22.4974603, 40.6432964 ], [ 22.4986352, 40.642263 ] ] ] } },
{ "type": "Feature", "properties": { "element": "way", "id": 1387993567, "amenity": null, "fixme": null, "name": null, "operator": null, "phone": null, "brand": null, "brand:wikidata": null, "brand:wikipedia": null, "aeroway": null, "length": null, "ref": null, "surface": null, "width": null, "barrier": null, "icao": null, "landuse": "farmland", "military": null, "name:de": null, "name:el": null, "name:en": null, "name:tr": null, "wikidata": null, "waterway": null, "layer": null, "tunnel": null, "oneway": null, "leisure": null, "sport": null, "religion": null, "building": null, "source": null, "natural": null, "wetland": null, "label": "landuse:farmland" }, "geometry": { "type": "Polygon", "coordinates": [ [ [ 22.5012916, 40.6439429 ], [ 22.5027037, 40.6426834 ], [ 22.5023673, 40.6424018 ], [ 22.5009159, 40.6436851 ], [ 22.5012916, 40.6439429 ] ] ] } },
{ "type": "Feature", "properties": { "element": "way", "id": 1387993568, "amenity": null, "fixme": null, "name": null, "operator": null, "phone": null, "brand": null, "brand:wikidata": null, "brand:wikipedia": null, "aeroway": null, "length": null, "ref": null, "surface": null, "width": null, "barrier": null, "icao": null, "landuse": "farmland", "military": null, "name:de": null, "name:el": null, "name:en": null, "name:tr": null, "wikidata": null, "waterway": null, "layer": null, "tunnel": null, "oneway": null, "leisure": null, "sport": null, "religion": null, "building": null, "source": null, "natural": null, "wetland": null, "label": "landuse:farmland" }, "geometry": { "type": "Polygon", "coordinates": [ [ [ 22.5037301, 40.6456078 ], [ 22.5039141, 40.6458576 ], [ 22.5054006, 40.6469102 ], [ 22.5055351, 40.6470955 ], [ 22.5071242, 40.6481589 ], [ 22.5084514, 40.6489054 ], [ 22.5085505, 40.6489457 ], [ 22.509322, 40.6482072 ], [ 22.5092371, 40.6480031 ], [ 22.5089009, 40.6467625 ], [ 22.5089186, 40.6466014 ], [ 22.5090637, 40.6463597 ], [ 22.5093787, 40.6461073 ], [ 22.5111058, 40.646161 ], [ 22.5112863, 40.6461341 ], [ 22.5126418, 40.6457152 ], [ 22.5131019, 40.6453608 ], [ 22.5131939, 40.6452131 ], [ 22.5132966, 40.6446062 ], [ 22.513201, 40.6441926 ], [ 22.5130524, 40.6439375 ], [ 22.5127586, 40.6436555 ], [ 22.5111447, 40.6434219 ], [ 22.5109642, 40.6434219 ], [ 22.5098317, 40.6438059 ], [ 22.5098423, 40.6438623 ], [ 22.508777, 40.6443027 ], [ 22.5080019, 40.6444209 ], [ 22.507836, 40.6443525 ], [ 22.5070109, 40.6440127 ], [ 22.5064305, 40.6438892 ], [ 22.5054183, 40.6438704 ], [ 22.5048025, 40.6438516 ], [ 22.5046645, 40.6438086 ], [ 22.5030117, 40.6426216 ], [ 22.5024879, 40.6431238 ], [ 22.5046538, 40.6446599 ], [ 22.5043176, 40.6449499 ], [ 22.5022118, 40.6434649 ], [ 22.5019145, 40.6436797 ], [ 22.5016172, 40.6439643 ], [ 22.5015712, 40.6440637 ], [ 22.5037301, 40.6456078 ] ] ] } },
{ "type": "Feature", "properties": { "element": "way", "id": 1387993569, "amenity": null, "fixme": null, "name": null, "operator": null, "phone": null, "brand": null, "brand:wikidata": null, "brand:wikipedia": null, "aeroway": null, "length": null, "ref": null, "surface": null, "width": null, "barrier": null, "icao": null, "landuse": "orchard", "military": null, "name:de": null, "name:el": null, "name:en": null, "name:tr": null, "wikidata": null, "waterway": null, "layer": null, "tunnel": null, "oneway": null, "leisure": null, "sport": null, "religion": null, "building": null, "source": null, "natural": null, "wetland": null, "label": "landuse:orchard" }, "geometry": { "type": "Polygon", "coordinates": [ [ [ 22.5043176, 40.6449499 ], [ 22.5046538, 40.6446599 ], [ 22.5024879, 40.6431238 ], [ 22.5022118, 40.6434649 ], [ 22.5043176, 40.6449499 ] ] ] } },
{ "type": "Feature", "properties": { "element": "way", "id": 1387993570, "amenity": null, "fixme": null, "name": null, "operator": null, "phone": null, "brand": null, "brand:wikidata": null, "brand:wikipedia": null, "aeroway": null, "length": null, "ref": null, "surface": null, "width": null, "barrier": null, "icao": null, "landuse": "orchard", "military": null, "name:de": null, "name:el": null, "name:en": null, "name:tr": null, "wikidata": null, "waterway": null, "layer": null, "tunnel": null, "oneway": null, "leisure": null, "sport": null, "religion": null, "building": null, "source": null, "natural": null, "wetland": null, "label": "landuse:orchard" }, "geometry": { "type": "Polygon", "coordinates": [ [ [ 22.5072905, 40.6450063 ], [ 22.5054891, 40.6440234 ], [ 22.5049228, 40.6446464 ], [ 22.506696, 40.6456159 ], [ 22.5072905, 40.6450063 ] ] ] } },
{ "type": "Feature", "properties": { "element": "way", "id": 1387993571, "amenity": null, "fixme": null, "name": null, "operator": null, "phone": null, "brand": null, "brand:wikidata": null, "brand:wikipedia": null, "aeroway": null, "length": null, "ref": null, "surface": null, "width": null, "barrier": null, "icao": null, "landuse": "farmland", "military": null, "name:de": null, "name:el": null, "name:en": null, "name:tr": null, "wikidata": null, "waterway": null, "layer": null, "tunnel": null, "oneway": null, "leisure": null, "sport": null, "religion": null, "building": null, "source": null, "natural": null, "wetland": null, "label": "landuse:farmland" }, "geometry": { "type": "Polygon", "coordinates": [ [ [ 22.5100971, 40.6475364 ], [ 22.5103166, 40.6474372 ], [ 22.5107042, 40.6473309 ], [ 22.5130672, 40.646686 ], [ 22.5160887, 40.6458639 ], [ 22.5135062, 40.6437591 ], [ 22.5133474, 40.643706 ], [ 22.513254, 40.6436954 ], [ 22.5133614, 40.6439186 ], [ 22.5135389, 40.6442552 ], [ 22.5136136, 40.644606 ], [ 22.5135342, 40.6450312 ], [ 22.5133988, 40.6454387 ], [ 22.513156, 40.6457364 ], [ 22.5129038, 40.6459171 ], [ 22.5123714, 40.6461474 ], [ 22.5118017, 40.6463742 ], [ 22.5112179, 40.6464734 ], [ 22.5108817, 40.646484 ], [ 22.5099523, 40.6463883 ], [ 22.5096675, 40.6463954 ], [ 22.5094667, 40.6464557 ], [ 22.5093266, 40.6466293 ], [ 22.5093219, 40.6468738 ], [ 22.5095134, 40.6474726 ], [ 22.5096675, 40.6478305 ], [ 22.5100971, 40.6475364 ] ] ] } },
{ "type": "Feature", "properties": { "element": "way", "id": 1387993572, "amenity": null, "fixme": null, "name": null, "operator": null, "phone": null, "brand": null, "brand:wikidata": null, "brand:wikipedia": null, "aeroway": null, "length": null, "ref": null, "surface": null, "width": null, "barrier": null, "icao": null, "landuse": "farmland", "military": null, "name:de": null, "name:el": null, "name:en": null, "name:tr": null, "wikidata": null, "waterway": null, "layer": null, "tunnel": null, "oneway": null, "leisure": null, "sport": null, "religion": null, "building": null, "source": null, "natural": null, "wetland": null, "label": "landuse:farmland" }, "geometry": { "type": "Polygon", "coordinates": [ [ [ 22.5086936, 40.6439543 ], [ 22.5091193, 40.6437866 ], [ 22.5091793, 40.643763 ], [ 22.5094035, 40.6436248 ], [ 22.5094408, 40.6434866 ], [ 22.5093848, 40.643398 ], [ 22.5092447, 40.6433307 ], [ 22.5088991, 40.6433165 ], [ 22.5085255, 40.6432811 ], [ 22.5082453, 40.643196 ], [ 22.5060831, 40.6416227 ], [ 22.5049878, 40.6425709 ], [ 22.5051402, 40.6426767 ], [ 22.5046755, 40.643062 ], [ 22.5045187, 40.6432279 ], [ 22.5047568, 40.6433945 ], [ 22.505037, 40.6434405 ], [ 22.5057469, 40.6434547 ], [ 22.5065034, 40.6434831 ], [ 22.5070451, 40.6435504 ], [ 22.5072646, 40.6436531 ], [ 22.5077877, 40.6439225 ], [ 22.5080165, 40.6439862 ], [ 22.50825, 40.644004 ], [ 22.5086936, 40.6439543 ] ] ] } },
{ "type": "Feature", "properties": { "element": "way", "id": 1387993573, "amenity": null, "fixme": null, "name": null, "operator": null, "phone": null, "brand": null, "brand:wikidata": null, "brand:wikipedia": null, "aeroway": null, "length": null, "ref": null, "surface": null, "width": null, "barrier": null, "icao": null, "landuse": "farmland", "military": null, "name:de": null, "name:el": null, "name:en": null, "name:tr": null, "wikidata": null, "waterway": null, "layer": null, "tunnel": null, "oneway": null, "leisure": null, "sport": null, "religion": null, "building": null, "source": null, "natural": null, "wetland": null, "label": "landuse:farmland" }, "geometry": { "type": "Polygon", "coordinates": [ [ [ 22.5047148, 40.6423813 ], [ 22.5048659, 40.6424863 ], [ 22.5057469, 40.6416865 ], [ 22.5057656, 40.6415979 ], [ 22.5057282, 40.6415199 ], [ 22.5049063, 40.6409317 ], [ 22.503071, 40.6425369 ], [ 22.5030383, 40.642583 ], [ 22.5044673, 40.6436106 ], [ 22.5046774, 40.6434264 ], [ 22.5042058, 40.643072 ], [ 22.5039069, 40.642785 ], [ 22.5038649, 40.6425795 ], [ 22.5039396, 40.6424165 ], [ 22.5040003, 40.6424235 ], [ 22.5040096, 40.6425157 ], [ 22.5041077, 40.6426503 ], [ 22.5042501, 40.6427666 ], [ 22.5047148, 40.6423813 ] ] ] } },
{ "type": "Feature", "properties": { "element": "way", "id": 1387993574, "amenity": null, "fixme": null, "name": null, "operator": null, "phone": null, "brand": null, "brand:wikidata": null, "brand:wikipedia": null, "aeroway": null, "length": null, "ref": null, "surface": null, "width": null, "barrier": null, "icao": null, "landuse": "farmland", "military": null, "name:de": null, "name:el": null, "name:en": null, "name:tr": null, "wikidata": null, "waterway": null, "layer": null, "tunnel": null, "oneway": null, "leisure": null, "sport": null, "religion": null, "building": null, "source": null, "natural": null, "wetland": null, "label": "landuse:farmland" }, "geometry": { "type": "Polygon", "coordinates": [ [ [ 22.4985499, 40.6394325 ], [ 22.5008021, 40.6410521 ], [ 22.5028389, 40.6425853 ], [ 22.5048513, 40.6408084 ], [ 22.5031276, 40.639559 ], [ 22.5024161, 40.639087 ], [ 22.50216, 40.6391734 ], [ 22.5018063, 40.6393585 ], [ 22.5017559, 40.6393577 ], [ 22.5016112, 40.6393554 ], [ 22.5015537, 40.6393251 ], [ 22.501303, 40.6395521 ], [ 22.5007468, 40.6392228 ], [ 22.5010976, 40.6388834 ], [ 22.5013642, 40.6390131 ], [ 22.5014364, 40.6389173 ], [ 22.5014242, 40.6388556 ], [ 22.5009526, 40.6384762 ], [ 22.5005745, 40.6381214 ], [ 22.5002289, 40.6377666 ], [ 22.5000826, 40.6376987 ], [ 22.4997695, 40.6376679 ], [ 22.4994443, 40.6376185 ], [ 22.4988849, 40.6374364 ], [ 22.497399, 40.6387201 ], [ 22.4980552, 40.6391068 ], [ 22.4985499, 40.6394325 ] ] ] } },
{ "type": "Feature", "properties": { "element": "way", "id": 1387993576, "amenity": null, "fixme": null, "name": null, "operator": null, "phone": null, "brand": null, "brand:wikidata": null, "brand:wikipedia": null, "aeroway": null, "length": null, "ref": null, "surface": null, "width": null, "barrier": null, "icao": null, "landuse": "farmland", "military": null, "name:de": null, "name:el": null, "name:en": null, "name:tr": null, "wikidata": null, "waterway": null, "layer": null, "tunnel": null, "oneway": null, "leisure": null, "sport": null, "religion": null, "building": null, "source": null, "natural": null, "wetland": null, "label": "landuse:farmland" }, "geometry": { "type": "Polygon", "coordinates": [ [ [ 22.5016291, 40.6387236 ], [ 22.5017683, 40.6386031 ], [ 22.5013414, 40.6382854 ], [ 22.5010934, 40.6381589 ], [ 22.5008292, 40.6378442 ], [ 22.5007469, 40.6375885 ], [ 22.5006259, 40.6366811 ], [ 22.5006584, 40.6363418 ], [ 22.5007419, 40.6361644 ], [ 22.500896, 40.6359493 ], [ 22.5013497, 40.6353937 ], [ 22.501079, 40.635358 ], [ 22.5004348, 40.6360748 ], [ 22.499063, 40.6362334 ], [ 22.4991197, 40.6368932 ], [ 22.498918, 40.6373598 ], [ 22.4995607, 40.637545 ], [ 22.4997437, 40.6375912 ], [ 22.4999917, 40.6375912 ], [ 22.5001868, 40.6376128 ], [ 22.5003128, 40.6377023 ], [ 22.5007966, 40.6382206 ], [ 22.5011381, 40.6385229 ], [ 22.5015081, 40.6388283 ], [ 22.5016291, 40.6387236 ] ] ] } },
{ "type": "Feature", "properties": { "element": "way", "id": 1387993577, "amenity": null, "fixme": null, "name": null, "operator": null, "phone": null, "brand": null, "brand:wikidata": null, "brand:wikipedia": null, "aeroway": null, "length": null, "ref": null, "surface": null, "width": null, "barrier": null, "icao": null, "landuse": "farmland", "military": null, "name:de": null, "name:el": null, "name:en": null, "name:tr": null, "wikidata": null, "waterway": null, "layer": null, "tunnel": null, "oneway": null, "leisure": null, "sport": null, "religion": null, "building": null, "source": null, "natural": null, "wetland": null, "label": "landuse:farmland" }, "geometry": { "type": "Polygon", "coordinates": [ [ [ 22.5062339, 40.6412397 ], [ 22.5073522, 40.6402702 ], [ 22.5076016, 40.6399445 ], [ 22.5070905, 40.6397646 ], [ 22.5072725, 40.6394664 ], [ 22.5068367, 40.6392907 ], [ 22.5064553, 40.6397575 ], [ 22.5063294, 40.6397761 ], [ 22.506064, 40.6397223 ], [ 22.505749, 40.6395961 ], [ 22.5056817, 40.6394887 ], [ 22.5053738, 40.639443 ], [ 22.5051402, 40.6394806 ], [ 22.5048146, 40.639443 ], [ 22.5042625, 40.6393329 ], [ 22.5038414, 40.6393222 ], [ 22.5037033, 40.6393222 ], [ 22.5036396, 40.6393302 ], [ 22.5036042, 40.6394028 ], [ 22.5062339, 40.6412397 ] ] ] } },
{ "type": "Feature", "properties": { "element": "way", "id": 1387993578, "amenity": null, "fixme": null, "name": null, "operator": null, "phone": null, "brand": null, "brand:wikidata": null, "brand:wikipedia": null, "aeroway": null, "length": null, "ref": null, "surface": null, "width": null, "barrier": null, "icao": null, "landuse": null, "military": null, "name:de": null, "name:el": null, "name:en": null, "name:tr": null, "wikidata": null, "waterway": null, "layer": null, "tunnel": null, "oneway": null, "leisure": null, "sport": null, "religion": null, "building": null, "source": null, "natural": "heath", "wetland": null, "label": "natural:heath" }, "geometry": { "type": "Polygon", "coordinates": [ [ [ 22.5036042, 40.6394028 ], [ 22.5036396, 40.6393302 ], [ 22.5037033, 40.6393222 ], [ 22.5038414, 40.6393222 ], [ 22.5042625, 40.6393329 ], [ 22.5048146, 40.639443 ], [ 22.5051402, 40.6394806 ], [ 22.5053738, 40.639443 ], [ 22.5056817, 40.6394887 ], [ 22.505749, 40.6395961 ], [ 22.506064, 40.6397223 ], [ 22.5063294, 40.6397761 ], [ 22.5064553, 40.6397575 ], [ 22.5055368, 40.6391054 ], [ 22.5058051, 40.6386371 ], [ 22.5052965, 40.6384427 ], [ 22.5051691, 40.6384046 ], [ 22.5051088, 40.6385146 ], [ 22.5049594, 40.63869 ], [ 22.5048216, 40.6388193 ], [ 22.5045695, 40.6389008 ], [ 22.5042145, 40.6389504 ], [ 22.5038199, 40.6390337 ], [ 22.50343, 40.6390674 ], [ 22.5032432, 40.6390107 ], [ 22.5026571, 40.6387555 ], [ 22.5036042, 40.6394028 ] ] ] } },
{ "type": "Feature", "properties": { "element": "way", "id": 1387993579, "amenity": null, "fixme": null, "name": null, "operator": null, "phone": null, "brand": null, "brand:wikidata": null, "brand:wikipedia": null, "aeroway": null, "length": null, "ref": null, "surface": null, "width": null, "barrier": null, "icao": null, "landuse": null, "military": null, "name:de": null, "name:el": null, "name:en": null, "name:tr": null, "wikidata": null, "waterway": null, "layer": null, "tunnel": null, "oneway": null, "leisure": null, "sport": null, "religion": null, "building": null, "source": null, "natural": "heath", "wetland": null, "label": "natural:heath" }, "geometry": { "type": "Polygon", "coordinates": [ [ [ 22.5017683, 40.6386031 ], [ 22.5016291, 40.6387236 ], [ 22.5017962, 40.6388708 ], [ 22.5018116, 40.6390205 ], [ 22.5018023, 40.6391701 ], [ 22.5017561, 40.6393033 ], [ 22.5017559, 40.6393577 ], [ 22.5018063, 40.6393585 ], [ 22.50216, 40.6391734 ], [ 22.5024161, 40.639087 ], [ 22.5017683, 40.6386031 ] ] ] } },
{ "type": "Feature", "properties": { "element": "way", "id": 1387993582, "amenity": null, "fixme": null, "name": null, "operator": null, "phone": null, "brand": null, "brand:wikidata": null, "brand:wikipedia": null, "aeroway": null, "length": null, "ref": null, "surface": null, "width": null, "barrier": null, "icao": null, "landuse": null, "military": null, "name:de": null, "name:el": null, "name:en": null, "name:tr": null, "wikidata": null, "waterway": null, "layer": null, "tunnel": null, "oneway": null, "leisure": null, "sport": null, "religion": null, "building": null, "source": null, "natural": "heath", "wetland": null, "label": "natural:heath" }, "geometry": { "type": "Polygon", "coordinates": [ [ [ 22.5098423, 40.6438623 ], [ 22.5098317, 40.6438059 ], [ 22.5109642, 40.6434219 ], [ 22.5111447, 40.6434219 ], [ 22.5127586, 40.6436555 ], [ 22.5129712, 40.6437393 ], [ 22.5132538, 40.6441415 ], [ 22.5133425, 40.6444657 ], [ 22.5133518, 40.6447297 ], [ 22.5132561, 40.6451885 ], [ 22.5131861, 40.645325 ], [ 22.5130156, 40.6455411 ], [ 22.5127774, 40.645736 ], [ 22.512579, 40.6458334 ], [ 22.5118294, 40.6460815 ], [ 22.5114465, 40.646186 ], [ 22.5112083, 40.646225 ], [ 22.5097466, 40.6461718 ], [ 22.5095131, 40.6461842 ], [ 22.5093567, 40.6462392 ], [ 22.5092166, 40.6463384 ], [ 22.5090788, 40.6464996 ], [ 22.5090017, 40.6467104 ], [ 22.5090064, 40.6468203 ], [ 22.509338, 40.647986 ], [ 22.5094174, 40.6481029 ], [ 22.5096675, 40.6478305 ], [ 22.5095134, 40.6474726 ], [ 22.5093219, 40.6468738 ], [ 22.5093266, 40.6466293 ], [ 22.5094667, 40.6464557 ], [ 22.5096675, 40.6463954 ], [ 22.5099523, 40.6463883 ], [ 22.5108817, 40.646484 ], [ 22.5112179, 40.6464734 ], [ 22.5118017, 40.6463742 ], [ 22.5123714, 40.6461474 ], [ 22.5129038, 40.6459171 ], [ 22.513156, 40.6457364 ], [ 22.5133988, 40.6454387 ], [ 22.5135342, 40.6450312 ], [ 22.5136136, 40.644606 ], [ 22.5135389, 40.6442552 ], [ 22.5133614, 40.6439186 ], [ 22.513254, 40.6436954 ], [ 22.5133474, 40.643706 ], [ 22.5135062, 40.6437591 ], [ 22.5134094, 40.6437008 ], [ 22.5133021, 40.6436622 ], [ 22.5130098, 40.643593 ], [ 22.5115453, 40.6433589 ], [ 22.5110571, 40.6433304 ], [ 22.5108747, 40.6432897 ], [ 22.5104483, 40.6432266 ], [ 22.5099708, 40.6432022 ], [ 22.509708, 40.6432022 ], [ 22.5088991, 40.6433165 ], [ 22.5092447, 40.6433307 ], [ 22.5093848, 40.643398 ], [ 22.5094408, 40.6434866 ], [ 22.5094035, 40.6436248 ], [ 22.5091793, 40.643763 ], [ 22.5091193, 40.6437866 ], [ 22.5092279, 40.6438229 ], [ 22.5092547, 40.6439206 ], [ 22.5091447, 40.644002 ], [ 22.5089194, 40.644057 ], [ 22.5086431, 40.6440733 ], [ 22.5082864, 40.6440285 ], [ 22.5079592, 40.6440611 ], [ 22.5078465, 40.6441893 ], [ 22.507836, 40.6443525 ], [ 22.5080019, 40.6444209 ], [ 22.508777, 40.6443027 ], [ 22.5098423, 40.6438623 ] ] ] } },
{ "type": "Feature", "properties": { "element": "way", "id": 1387993583, "amenity": null, "fixme": null, "name": null, "operator": null, "phone": null, "brand": null, "brand:wikidata": null, "brand:wikipedia": null, "aeroway": null, "length": null, "ref": null, "surface": null, "width": null, "barrier": null, "icao": null, "landuse": null, "military": null, "name:de": null, "name:el": null, "name:en": null, "name:tr": null, "wikidata": null, "waterway": null, "layer": null, "tunnel": null, "oneway": null, "leisure": null, "sport": null, "religion": null, "building": null, "source": null, "natural": "wetland", "wetland": "marsh", "label": "natural:wetland" }, "geometry": { "type": "Polygon", "coordinates": [ [ [ 22.5082864, 40.6440285 ], [ 22.5086431, 40.6440733 ], [ 22.5089194, 40.644057 ], [ 22.5091447, 40.644002 ], [ 22.5092547, 40.6439206 ], [ 22.5092279, 40.6438229 ], [ 22.5091193, 40.6437866 ], [ 22.5086936, 40.6439543 ], [ 22.50825, 40.644004 ], [ 22.5080165, 40.6439862 ], [ 22.5077877, 40.6439225 ], [ 22.5077756, 40.6439494 ], [ 22.5078507, 40.6440186 ], [ 22.5079592, 40.6440611 ], [ 22.5082864, 40.6440285 ] ] ] } },
{ "type": "Feature", "properties": { "element": "way", "id": 1387993584, "amenity": null, "fixme": null, "name": null, "operator": null, "phone": null, "brand": null, "brand:wikidata": null, "brand:wikipedia": null, "aeroway": null, "length": null, "ref": null, "surface": null, "width": null, "barrier": null, "icao": null, "landuse": "farmland", "military": null, "name:de": null, "name:el": null, "name:en": null, "name:tr": null, "wikidata": null, "waterway": null, "layer": null, "tunnel": null, "oneway": null, "leisure": null, "sport": null, "religion": null, "building": null, "source": null, "natural": null, "wetland": null, "label": "landuse:farmland" }, "geometry": { "type": "Polygon", "coordinates": [ [ [ 22.5157083, 40.6409671 ], [ 22.5126128, 40.6405176 ], [ 22.5125819, 40.6406748 ], [ 22.5104438, 40.6406219 ], [ 22.5099851, 40.6404647 ], [ 22.5090293, 40.6400095 ], [ 22.5088621, 40.6402207 ], [ 22.5083813, 40.6400046 ], [ 22.5082741, 40.6401464 ], [ 22.5079889, 40.6400092 ], [ 22.5080485, 40.6399015 ], [ 22.5078527, 40.6398167 ], [ 22.5077152, 40.6399845 ], [ 22.5075393, 40.6402029 ], [ 22.5074048, 40.6403318 ], [ 22.5068173, 40.6408555 ], [ 22.5063183, 40.6412933 ], [ 22.5079852, 40.6425125 ], [ 22.5084984, 40.6427972 ], [ 22.5087391, 40.6428455 ], [ 22.5089408, 40.6428348 ], [ 22.5090894, 40.6427837 ], [ 22.5092381, 40.642628 ], [ 22.5093478, 40.6424319 ], [ 22.5124304, 40.642918 ], [ 22.513793, 40.6431382 ], [ 22.5146743, 40.6439197 ], [ 22.5165784, 40.6455766 ], [ 22.516727, 40.6456625 ], [ 22.518826407243438, 40.645094466842565 ], [ 22.518826407243438, 40.641438196109981 ], [ 22.5157083, 40.6409671 ] ] ] } },
{ "type": "Feature", "properties": { "element": "way", "id": 1387993585, "amenity": null, "fixme": null, "name": null, "operator": null, "phone": null, "brand": null, "brand:wikidata": null, "brand:wikipedia": null, "aeroway": null, "length": null, "ref": null, "surface": null, "width": null, "barrier": null, "icao": null, "landuse": null, "military": null, "name:de": null, "name:el": null, "name:en": null, "name:tr": null, "wikidata": null, "waterway": null, "layer": null, "tunnel": null, "oneway": null, "leisure": null, "sport": null, "religion": null, "building": null, "source": null, "natural": "heath", "wetland": null, "label": "natural:heath" }, "geometry": { "type": "Polygon", "coordinates": [ [ [ 22.4921685, 40.6410038 ], [ 22.4919651, 40.6413451 ], [ 22.4918604, 40.6415251 ], [ 22.4918604, 40.6416561 ], [ 22.4917679, 40.6418104 ], [ 22.4916416, 40.6419039 ], [ 22.4915276, 40.6420816 ], [ 22.4916324, 40.6421307 ], [ 22.4917156, 40.6421868 ], [ 22.4917063, 40.64232 ], [ 22.4915861, 40.6425936 ], [ 22.4915707, 40.6426941 ], [ 22.4916139, 40.6427549 ], [ 22.4917248, 40.6427969 ], [ 22.4922455, 40.6428718 ], [ 22.4941373, 40.6431079 ], [ 22.495992, 40.6433347 ], [ 22.4978592, 40.6435591 ], [ 22.4989529, 40.6436877 ], [ 22.4999358, 40.6438326 ], [ 22.500096, 40.6438349 ], [ 22.5002069, 40.643877 ], [ 22.5006783, 40.644029 ], [ 22.5009957, 40.6441389 ], [ 22.5010789, 40.6441389 ], [ 22.5011405, 40.6441202 ], [ 22.5011744, 40.6440757 ], [ 22.5011775, 40.6440313 ], [ 22.5006999, 40.6438326 ], [ 22.5006435, 40.6437992 ], [ 22.5005053, 40.6437591 ], [ 22.4996963, 40.643574 ], [ 22.4985945, 40.643429 ], [ 22.4974603, 40.6432964 ], [ 22.4917564, 40.6426146 ], [ 22.4917279, 40.6425684 ], [ 22.4923963, 40.6407282 ], [ 22.4922998, 40.6407054 ], [ 22.4921685, 40.6410038 ] ] ] } },
{ "type": "Feature", "properties": { "element": "way", "id": 1387993586, "amenity": null, "fixme": null, "name": null, "operator": null, "phone": null, "brand": null, "brand:wikidata": null, "brand:wikipedia": null, "aeroway": null, "length": null, "ref": null, "surface": null, "width": null, "barrier": null, "icao": null, "landuse": "farmland", "military": null, "name:de": null, "name:el": null, "name:en": null, "name:tr": null, "wikidata": null, "waterway": null, "layer": null, "tunnel": null, "oneway": null, "leisure": null, "sport": null, "religion": null, "building": null, "source": null, "natural": null, "wetland": null, "label": "landuse:farmland" }, "geometry": { "type": "Polygon", "coordinates": [ [ [ 22.488043326534704, 40.642580908960412 ], [ 22.488043326534704, 40.644713717229706 ], [ 22.4901207, 40.6449497 ], [ 22.4901159, 40.6442918 ], [ 22.4905982, 40.6431814 ], [ 22.4901947, 40.643115 ], [ 22.4902134, 40.6428364 ], [ 22.488043326534704, 40.642580908960412 ] ] ] } },
{ "type": "Feature", "properties": { "element": "way", "id": 1387993623, "amenity": null, "fixme": null, "name": null, "operator": null, "phone": null, "brand": null, "brand:wikidata": null, "brand:wikipedia": null, "aeroway": null, "length": null, "ref": null, "surface": null, "width": null, "barrier": null, "icao": null, "landuse": "farmland", "military": null, "name:de": null, "name:el": null, "name:en": null, "name:tr": null, "wikidata": null, "waterway": null, "layer": null, "tunnel": null, "oneway": null, "leisure": null, "sport": null, "religion": null, "building": null, "source": null, "natural": null, "wetland": null, "label": "landuse:farmland" }, "geometry": { "type": "Polygon", "coordinates": [ [ [ 22.4900122, 40.6472759 ], [ 22.4900713, 40.6472759 ], [ 22.4900793, 40.645082 ], [ 22.489913, 40.64508 ], [ 22.488043326534704, 40.644865821659266 ], [ 22.488043326534704, 40.647017256681465 ], [ 22.4900122, 40.6472759 ] ] ] } },
{ "type": "Feature", "properties": { "element": "way", "id": 1387993635, "amenity": null, "fixme": null, "name": null, "operator": null, "phone": null, "brand": null, "brand:wikidata": null, "brand:wikipedia": null, "aeroway": null, "length": null, "ref": null, "surface": null, "width": null, "barrier": null, "icao": null, "landuse": "farmland", "military": null, "name:de": null, "name:el": null, "name:en": null, "name:tr": null, "wikidata": null, "waterway": null, "layer": null, "tunnel": null, "oneway": null, "leisure": null, "sport": null, "religion": null, "building": null, "source": null, "natural": null, "wetland": null, "label": "landuse:farmland" }, "geometry": { "type": "Polygon", "coordinates": [ [ [ 22.4899147, 40.6491869 ], [ 22.4899784, 40.6490848 ], [ 22.4899678, 40.647479 ], [ 22.489936, 40.6473931 ], [ 22.4898616, 40.6473421 ], [ 22.4893945, 40.6472723 ], [ 22.488043326534704, 40.647111073936649 ], [ 22.488043326534704, 40.65030933894036 ], [ 22.4899147, 40.6491869 ] ] ] } },
{ "type": "Feature", "properties": { "element": "way", "id": 1388049682, "amenity": null, "fixme": null, "name": null, "operator": null, "phone": null, "brand": null, "brand:wikidata": null, "brand:wikipedia": null, "aeroway": null, "length": null, "ref": null, "surface": null, "width": null, "barrier": null, "icao": null, "landuse": "farmland", "military": null, "name:de": null, "name:el": null, "name:en": null, "name:tr": null, "wikidata": null, "waterway": null, "layer": null, "tunnel": null, "oneway": null, "leisure": null, "sport": null, "religion": null, "building": null, "source": null, "natural": null, "wetland": null, "label": "landuse:farmland" }, "geometry": { "type": "Polygon", "coordinates": [ [ [ 22.4906933, 40.6424598 ], [ 22.4910348, 40.6415806 ], [ 22.4891728, 40.6412012 ], [ 22.4890508, 40.6411225 ], [ 22.4889288, 40.6410037 ], [ 22.4888475, 40.6409436 ], [ 22.488043326534704, 40.640831466082531 ], [ 22.488043326534704, 40.642159652965525 ], [ 22.4906933, 40.6424598 ] ] ] } },
{ "type": "Feature", "properties": { "element": "way", "id": 1388049683, "amenity": null, "fixme": null, "name": null, "operator": null, "phone": null, "brand": null, "brand:wikidata": null, "brand:wikipedia": null, "aeroway": null, "length": null, "ref": null, "surface": null, "width": null, "barrier": null, "icao": null, "landuse": "farmland", "military": null, "name:de": null, "name:el": null, "name:en": null, "name:tr": null, "wikidata": null, "waterway": null, "layer": null, "tunnel": null, "oneway": null, "leisure": null, "sport": null, "religion": null, "building": null, "source": null, "natural": null, "wetland": null, "label": "landuse:farmland" }, "geometry": { "type": "Polygon", "coordinates": [ [ [ 22.4889795, 40.6409237 ], [ 22.4890873, 40.6410406 ], [ 22.4897748, 40.6401088 ], [ 22.4907927, 40.6389867 ], [ 22.4904566, 40.6379665 ], [ 22.488043326534704, 40.637466994298713 ], [ 22.488043326534704, 40.640766098119954 ], [ 22.4889795, 40.6409237 ] ] ] } },
{ "type": "Feature", "properties": { "element": "way", "id": 1388229099, "amenity": null, "fixme": null, "name": null, "operator": null, "phone": null, "brand": null, "brand:wikidata": null, "brand:wikipedia": null, "aeroway": null, "length": null, "ref": null, "surface": null, "width": null, "barrier": null, "icao": null, "landuse": "farmland", "military": null, "name:de": null, "name:el": null, "name:en": null, "name:tr": null, "wikidata": null, "waterway": null, "layer": null, "tunnel": null, "oneway": null, "leisure": null, "sport": null, "religion": null, "building": null, "source": null, "natural": null, "wetland": null, "label": "landuse:farmland" }, "geometry": { "type": "Polygon", "coordinates": [ [ [ 22.4888242, 40.6324829 ], [ 22.4892666, 40.6315568 ], [ 22.4932163, 40.632184 ], [ 22.4931164, 40.6325298 ], [ 22.4947019, 40.6327839 ], [ 22.4949409, 40.6329735 ], [ 22.4965725, 40.6331054 ], [ 22.4974064, 40.6333319 ], [ 22.4987471, 40.6337548 ], [ 22.4993903, 40.6313124 ], [ 22.5012696, 40.6315822 ], [ 22.5019123, 40.6315767 ], [ 22.5019806, 40.6314358 ], [ 22.5029318, 40.6315366 ], [ 22.503033275360131, 40.630592928570593 ], [ 22.488043326534704, 40.630592928570593 ], [ 22.488043326534704, 40.632785561222903 ], [ 22.4888242, 40.6324829 ] ] ] } },
{ "type": "Feature", "properties": { "element": "way", "id": 1433979841, "amenity": null, "fixme": null, "name": "Apron Z", "operator": null, "phone": null, "brand": null, "brand:wikidata": null, "brand:wikipedia": null, "aeroway": "apron", "length": null, "ref": null, "surface": null, "width": null, "barrier": null, "icao": null, "landuse": null, "military": null, "name:de": null, "name:el": null, "name:en": null, "name:tr": null, "wikidata": null, "waterway": null, "layer": null, "tunnel": null, "oneway": null, "leisure": null, "sport": null, "religion": null, "building": null, "source": null, "natural": null, "wetland": null, "label": "aeroway:apron" }, "geometry": { "type": "Polygon", "coordinates": [ [ [ 22.4941839, 40.6444615 ], [ 22.4942603, 40.6436537 ], [ 22.4937252, 40.6436537 ], [ 22.4934577, 40.6444408 ], [ 22.4941839, 40.6444615 ] ] ] } },
{ "type": "Feature", "properties": { "element": "way", "id": 1433979842, "amenity": null, "fixme": null, "name": null, "operator": null, "phone": null, "brand": null, "brand:wikidata": null, "brand:wikipedia": null, "aeroway": "apron", "length": null, "ref": null, "surface": null, "width": null, "barrier": null, "icao": null, "landuse": null, "military": null, "name:de": null, "name:el": null, "name:en": null, "name:tr": null, "wikidata": null, "waterway": null, "layer": null, "tunnel": null, "oneway": null, "leisure": null, "sport": null, "religion": null, "building": null, "source": null, "natural": null, "wetland": null, "label": "aeroway:apron" }, "geometry": { "type": "Polygon", "coordinates": [ [ [ 22.4945989, 40.6464294 ], [ 22.4943204, 40.6461519 ], [ 22.4923438, 40.6473284 ], [ 22.4926441, 40.6475811 ], [ 22.4945989, 40.6464294 ] ] ] } },
{ "type": "Feature", "properties": { "element": "way", "id": 1433979843, "amenity": null, "fixme": null, "name": "Apron Y", "operator": null, "phone": null, "brand": null, "brand:wikidata": null, "brand:wikipedia": null, "aeroway": "apron", "length": null, "ref": null, "surface": null, "width": null, "barrier": null, "icao": null, "landuse": null, "military": null, "name:de": null, "name:el": null, "name:en": null, "name:tr": null, "wikidata": null, "waterway": null, "layer": null, "tunnel": null, "oneway": null, "leisure": null, "sport": null, "religion": null, "building": null, "source": null, "natural": null, "wetland": null, "label": "aeroway:apron" }, "geometry": { "type": "Polygon", "coordinates": [ [ [ 22.4940747, 40.6459323 ], [ 22.4938344, 40.6456671 ], [ 22.491836, 40.6468271 ], [ 22.4921363, 40.6470757 ], [ 22.4940747, 40.6459323 ] ] ] } },
{ "type": "Feature", "properties": { "element": "way", "id": 1433979844, "amenity": null, "fixme": null, "name": null, "operator": null, "phone": null, "brand": null, "brand:wikidata": null, "brand:wikipedia": null, "aeroway": "hangar", "length": null, "ref": null, "surface": null, "width": null, "barrier": null, "icao": null, "landuse": null, "military": null, "name:de": null, "name:el": null, "name:en": null, "name:tr": null, "wikidata": null, "waterway": null, "layer": null, "tunnel": null, "oneway": null, "leisure": null, "sport": null, "religion": null, "building": "hangar", "source": null, "natural": null, "wetland": null, "label": "aeroway:hangar;building:hangar" }, "geometry": { "type": "Polygon", "coordinates": [ [ [ 22.4921165, 40.6460859 ], [ 22.491597, 40.6456003 ], [ 22.4911453, 40.6458574 ], [ 22.4916685, 40.6463601 ], [ 22.4921165, 40.6460859 ] ] ] } },
{ "type": "Feature", "properties": { "element": "way", "id": 1433979845, "amenity": null, "fixme": null, "name": null, "operator": null, "phone": null, "brand": null, "brand:wikidata": null, "brand:wikipedia": null, "aeroway": "hangar", "length": null, "ref": null, "surface": null, "width": null, "barrier": null, "icao": null, "landuse": null, "military": null, "name:de": null, "name:el": null, "name:en": null, "name:tr": null, "wikidata": null, "waterway": null, "layer": null, "tunnel": null, "oneway": null, "leisure": null, "sport": null, "religion": null, "building": "hangar", "source": null, "natural": null, "wetland": null, "label": "aeroway:hangar;building:hangar" }, "geometry": { "type": "Polygon", "coordinates": [ [ [ 22.4928205, 40.645686 ], [ 22.4925382, 40.6454289 ], [ 22.4920939, 40.6456717 ], [ 22.4923838, 40.6459345 ], [ 22.4928205, 40.645686 ] ] ] } },
{ "type": "Feature", "properties": { "element": "way", "id": 1433979846, "amenity": null, "fixme": null, "name": null, "operator": null, "phone": null, "brand": null, "brand:wikidata": null, "brand:wikipedia": null, "aeroway": "hangar", "length": null, "ref": null, "surface": null, "width": null, "barrier": null, "icao": null, "landuse": null, "military": null, "name:de": null, "name:el": null, "name:en": null, "name:tr": null, "wikidata": null, "waterway": null, "layer": null, "tunnel": null, "oneway": null, "leisure": null, "sport": null, "religion": null, "building": "hangar", "source": null, "natural": null, "wetland": null, "label": "aeroway:hangar;building:hangar" }, "geometry": { "type": "Polygon", "coordinates": [ [ [ 22.4934274, 40.6444096 ], [ 22.493472, 40.6442742 ], [ 22.4931291, 40.6442086 ], [ 22.4930957, 40.6443525 ], [ 22.4934274, 40.6444096 ] ] ] } },
{ "type": "Feature", "properties": { "element": "way", "id": 1433979847, "amenity": null, "fixme": null, "name": null, "operator": null, "phone": null, "brand": null, "brand:wikidata": null, "brand:wikipedia": null, "aeroway": "hangar", "length": null, "ref": null, "surface": null, "width": null, "barrier": null, "icao": null, "landuse": null, "military": null, "name:de": null, "name:el": null, "name:en": null, "name:tr": null, "wikidata": null, "waterway": null, "layer": null, "tunnel": null, "oneway": null, "leisure": null, "sport": null, "religion": null, "building": "hangar", "source": null, "natural": null, "wetland": null, "label": "aeroway:hangar;building:hangar" }, "geometry": { "type": "Polygon", "coordinates": [ [ [ 22.4935055, 40.6442023 ], [ 22.4935473, 40.6440542 ], [ 22.4932044, 40.6439971 ], [ 22.4931542, 40.6441452 ], [ 22.4935055, 40.6442023 ] ] ] } },
{ "type": "Feature", "properties": { "element": "way", "id": 1433979848, "amenity": null, "fixme": null, "name": null, "operator": null, "phone": null, "brand": null, "brand:wikidata": null, "brand:wikipedia": null, "aeroway": "hangar", "length": null, "ref": null, "surface": null, "width": null, "barrier": null, "icao": null, "landuse": null, "military": null, "name:de": null, "name:el": null, "name:en": null, "name:tr": null, "wikidata": null, "waterway": null, "layer": null, "tunnel": null, "oneway": null, "leisure": null, "sport": null, "religion": null, "building": "hangar", "source": null, "natural": null, "wetland": null, "label": "aeroway:hangar;building:hangar" }, "geometry": { "type": "Polygon", "coordinates": [ [ [ 22.4935529, 40.6439823 ], [ 22.4936003, 40.6438469 ], [ 22.4932574, 40.6437813 ], [ 22.4932239, 40.6439294 ], [ 22.4935529, 40.6439823 ] ] ] } },
{ "type": "Feature", "properties": { "element": "way", "id": 1433979849, "amenity": null, "fixme": null, "name": null, "operator": null, "phone": null, "brand": null, "brand:wikidata": null, "brand:wikipedia": null, "aeroway": "hangar", "length": null, "ref": null, "surface": null, "width": null, "barrier": null, "icao": null, "landuse": null, "military": null, "name:de": null, "name:el": null, "name:en": null, "name:tr": null, "wikidata": null, "waterway": null, "layer": null, "tunnel": null, "oneway": null, "leisure": null, "sport": null, "religion": null, "building": "hangar", "source": null, "natural": null, "wetland": null, "label": "aeroway:hangar;building:hangar" }, "geometry": { "type": "Polygon", "coordinates": [ [ [ 22.4936198, 40.6437728 ], [ 22.4936561, 40.6436417 ], [ 22.493302, 40.643593 ], [ 22.4932657, 40.6437199 ], [ 22.4936198, 40.6437728 ] ] ] } },
{ "type": "Feature", "properties": { "element": "way", "id": 1433979850, "amenity": null, "fixme": null, "name": null, "operator": null, "phone": null, "brand": null, "brand:wikidata": null, "brand:wikipedia": null, "aeroway": "taxiway", "length": null, "ref": "B", "surface": "asphalt", "width": null, "barrier": null, "icao": null, "landuse": null, "military": null, "name:de": null, "name:el": null, "name:en": null, "name:tr": null, "wikidata": null, "waterway": null, "layer": null, "tunnel": null, "oneway": "no", "leisure": null, "sport": null, "religion": null, "building": null, "source": null, "natural": null, "wetland": null, "label": "aeroway:taxiway" }, "geometry": { "type": "LineString", "coordinates": [ [ 22.4916791, 40.6467681 ], [ 22.4916952, 40.646821 ], [ 22.4917301, 40.6468699 ], [ 22.491997, 40.6471271 ], [ 22.4920975, 40.647224 ], [ 22.4922429, 40.6473624 ], [ 22.4923497, 40.6474641 ], [ 22.4925285, 40.6476437 ], [ 22.4927734, 40.6478895 ], [ 22.4929719, 40.6480889 ], [ 22.4931141, 40.6482334 ], [ 22.4931597, 40.6482863 ], [ 22.4931811, 40.6483331 ], [ 22.4931838, 40.648386 ], [ 22.4931758, 40.6484328 ], [ 22.493157, 40.6484755 ], [ 22.4931036, 40.6485343 ] ] } },
{ "type": "Feature", "properties": { "element": "way", "id": 1433979851, "amenity": null, "fixme": null, "name": null, "operator": null, "phone": null, "brand": null, "brand:wikidata": null, "brand:wikipedia": null, "aeroway": "taxiway", "length": null, "ref": "A", "surface": "asphalt", "width": null, "barrier": null, "icao": null, "landuse": null, "military": null, "name:de": null, "name:el": null, "name:en": null, "name:tr": null, "wikidata": null, "waterway": null, "layer": null, "tunnel": null, "oneway": "no", "leisure": null, "sport": null, "religion": null, "building": null, "source": null, "natural": null, "wetland": null, "label": "aeroway:taxiway" }, "geometry": { "type": "LineString", "coordinates": [ [ 22.4950319, 40.646587 ], [ 22.4947696, 40.6463282 ], [ 22.4944816, 40.6460439 ], [ 22.4942393, 40.6458047 ], [ 22.4939885, 40.6455572 ], [ 22.4939402, 40.6455165 ], [ 22.4938946, 40.6454921 ] ] } },
{ "type": "Feature", "properties": { "element": "way", "id": 1433979852, "amenity": null, "fixme": null, "name": null, "operator": null, "phone": null, "brand": null, "brand:wikidata": null, "brand:wikipedia": null, "aeroway": "taxiway", "length": null, "ref": null, "surface": "asphalt", "width": null, "barrier": null, "icao": null, "landuse": null, "military": null, "name:de": null, "name:el": null, "name:en": null, "name:tr": null, "wikidata": null, "waterway": null, "layer": null, "tunnel": null, "oneway": "no", "leisure": null, "sport": null, "religion": null, "building": null, "source": null, "natural": null, "wetland": null, "label": "aeroway:taxiway" }, "geometry": { "type": "LineString", "coordinates": [ [ 22.4947234, 40.6465402 ], [ 22.4947717, 40.6465239 ], [ 22.4948227, 40.6465137 ], [ 22.4948843, 40.6465158 ], [ 22.4949434, 40.64653 ], [ 22.4949863, 40.6465504 ], [ 22.4950319, 40.646587 ], [ 22.4954154, 40.6469655 ], [ 22.4954422, 40.6470144 ], [ 22.4954476, 40.6470632 ], [ 22.4954342, 40.647112 ], [ 22.4954127, 40.6471528 ], [ 22.4953797, 40.6471955 ] ] } },
{ "type": "Feature", "properties": { "element": "way", "id": 1433979853, "amenity": null, "fixme": null, "name": null, "operator": null, "phone": null, "brand": null, "brand:wikidata": null, "brand:wikipedia": null, "aeroway": "taxiway", "length": null, "ref": null, "surface": "asphalt", "width": null, "barrier": null, "icao": null, "landuse": null, "military": null, "name:de": null, "name:el": null, "name:en": null, "name:tr": null, "wikidata": null, "waterway": null, "layer": null, "tunnel": null, "oneway": "no", "leisure": null, "sport": null, "religion": null, "building": null, "source": null, "natural": null, "wetland": null, "label": "aeroway:taxiway" }, "geometry": { "type": "LineString", "coordinates": [ [ 22.4941923, 40.6460172 ], [ 22.4942299, 40.6459805 ], [ 22.494254, 40.6459358 ], [ 22.4942621, 40.645893 ], [ 22.4942567, 40.6458544 ], [ 22.4942393, 40.6458047 ] ] } }
]
}
