{
"type": "FeatureCollection",
"name": "patch_87243_features",
"crs": { "type": "name", "properties": { "name": "urn:ogc:def:crs:OGC:1.3:CRS84" } },
"features": [
{ "type": "Feature", "properties": { "osm_id": 288182026, "name": null, "label": "landuse:residential", "landuse": "residential", "building": null, "leisure": null, "natural": null, "amenity": null, "shop": null, "tourism": null, "historic": null }, "geometry": { "type": "Polygon", "coordinates": [ [ [ 20.5543754, 38.458694100047474 ], [ 20.5544164, 38.458706500047469 ], [ 20.5544593, 38.458716800047462 ], [ 20.5547214, 38.458794200047464 ], [ 20.554755, 38.458799900047474 ], [ 20.5547946, 38.45869800004747 ], [ 20.5548533, 38.458703000047464 ], [ 20.5549082, 38.458731800047474 ], [ 20.5550695, 38.458614900047458 ], [ 20.5553472, 38.458502900047442 ], [ 20.5550346, 38.45788130004734 ], [ 20.5547313, 38.457956700047347 ], [ 20.5547159, 38.458104700047386 ], [ 20.55445, 38.458452300047419 ], [ 20.5543423, 38.458697900047468 ], [ 20.5543754, 38.458694100047474 ] ] ] } },
{ "type": "Feature", "properties": { "osm_id": 1161635796, "name": null, "label": "building:yes", "landuse": null, "building": "yes", "leisure": null, "natural": null, "amenity": null, "shop": null, "tourism": null, "historic": null }, "geometry": { "type": "Polygon", "coordinates": [ [ [ 20.5530927, 38.458285000047404 ], [ 20.5531663, 38.458224000047394 ], [ 20.5530304, 38.458123400047377 ], [ 20.5529567, 38.458184400047379 ], [ 20.5530927, 38.458285000047404 ] ] ] } },
{ "type": "Feature", "properties": { "osm_id": 1312030677, "name": null, "label": "leisure:swimming_pool", "landuse": null, "building": null, "leisure": "swimming_pool", "natural": null, "amenity": null, "shop": null, "tourism": null, "historic": null }, "geometry": { "type": "Polygon", "coordinates": [ [ [ 20.5529948, 38.458286700047402 ], [ 20.5530226, 38.458262300047409 ], [ 20.5529683, 38.458222500047384 ], [ 20.5529371, 38.458242400047403 ], [ 20.5529948, 38.458286700047402 ] ] ] } },
{ "type": "Feature", "properties": { "osm_id": 288987948, "name": null, "label": "natural:scrub", "landuse": null, "building": null, "leisure": null, "natural": "scrub", "amenity": null, "shop": null, "tourism": null, "historic": null }, "geometry": { "type": "Polygon", "coordinates": [ [ [ 20.5490861, 38.458961500047501 ], [ 20.5492024, 38.459019500047503 ], [ 20.5492982, 38.458888500047493 ], [ 20.5494862, 38.458838500047477 ], [ 20.5498095, 38.458789900047471 ], [ 20.5501422, 38.458860600047487 ], [ 20.5501046, 38.458934200047494 ], [ 20.5502756, 38.458968000047506 ], [ 20.5505481, 38.459069600047521 ], [ 20.5504109, 38.459272700047542 ], [ 20.5506083, 38.459473000047581 ], [ 20.5506947, 38.459491200047587 ], [ 20.5507496, 38.459457400047569 ], [ 20.5509041, 38.459147700047531 ], [ 20.5509822, 38.459149000047525 ], [ 20.5511235, 38.459211400047543 ], [ 20.5512656, 38.459376100047557 ], [ 20.5514343, 38.459562100047577 ], [ 20.5516171, 38.459727400047598 ], [ 20.5516852, 38.459774300047613 ], [ 20.5517759, 38.459474700047565 ], [ 20.5513239, 38.459383300047563 ], [ 20.5514085, 38.459188200047542 ], [ 20.5514332, 38.459087900047521 ], [ 20.5515258, 38.458805100047478 ], [ 20.551681, 38.458537900047446 ], [ 20.55172, 38.458473000047434 ], [ 20.551777, 38.458405000047421 ], [ 20.5517393, 38.458347300047421 ], [ 20.5516736, 38.458238700047396 ], [ 20.5515788, 38.457891200047349 ], [ 20.551514, 38.457808000047336 ], [ 20.5508277, 38.457753300047322 ], [ 20.5506765, 38.457753300047322 ], [ 20.5505684, 38.457926400047349 ], [ 20.5501578, 38.457866500047352 ], [ 20.550099, 38.4582640000474 ], [ 20.5498899, 38.458299000047404 ], [ 20.5498664, 38.458116800047371 ], [ 20.5493227, 38.458259300047409 ], [ 20.5493846, 38.458554800047452 ], [ 20.5490767, 38.458621000047451 ], [ 20.5490861, 38.458961500047501 ] ] ] } },
{ "type": "Feature", "properties": { "osm_id": 288168546, "name": null, "label": "building:yes", "landuse": null, "building": "yes", "leisure": null, "natural": null, "amenity": null, "shop": null, "tourism": null, "historic": null }, "geometry": { "type": "Polygon", "coordinates": [ [ [ 20.5517153, 38.458239300047396 ], [ 20.5517701, 38.458228400047389 ], [ 20.5517517, 38.458172000047391 ], [ 20.5516969, 38.458182900047383 ], [ 20.5517153, 38.458239300047396 ] ] ] } },
{ "type": "Feature", "properties": { "osm_id": 288168534, "name": null, "label": "building:yes", "landuse": null, "building": "yes", "leisure": null, "natural": null, "amenity": null, "shop": null, "tourism": null, "historic": null }, "geometry": { "type": "Polygon", "coordinates": [ [ [ 20.5517188, 38.458112500047378 ], [ 20.5518007, 38.458096200047372 ], [ 20.5517599, 38.457970200047356 ], [ 20.551678, 38.457986500047362 ], [ 20.5517188, 38.458112500047378 ] ] ] } },
{ "type": "Feature", "properties": { "osm_id": 288154229, "name": null, "label": "landuse:residential", "landuse": "residential", "building": null, "leisure": null, "natural": null, "amenity": null, "shop": null, "tourism": null, "historic": null }, "geometry": { "type": "Polygon", "coordinates": [ [ [ 20.55196, 38.45792410004735 ], [ 20.5521672, 38.45782470004734 ], [ 20.552276, 38.457840200047329 ], [ 20.5523133, 38.457734300047328 ], [ 20.5522012, 38.457424500047296 ], [ 20.5518243, 38.457596600047303 ], [ 20.55196, 38.45792410004735 ] ] ] } },
{ "type": "Feature", "properties": { "osm_id": 288154194, "name": null, "label": "building:yes", "landuse": null, "building": "yes", "leisure": null, "natural": null, "amenity": null, "shop": null, "tourism": null, "historic": null }, "geometry": { "type": "Polygon", "coordinates": [ [ [ 20.5520794, 38.457693700047315 ], [ 20.552174, 38.457640500047304 ], [ 20.5521096, 38.457570300047301 ], [ 20.5520149, 38.457623500047305 ], [ 20.5520794, 38.457693700047315 ] ] ] } },
{ "type": "Feature", "properties": { "osm_id": 288987909, "name": null, "label": "building:yes", "landuse": null, "building": "yes", "leisure": null, "natural": null, "amenity": null, "shop": null, "tourism": null, "historic": null }, "geometry": { "type": "Polygon", "coordinates": [ [ [ 20.5518506, 38.457171500047245 ], [ 20.551938, 38.457121000047231 ], [ 20.5518378, 38.457014600047216 ], [ 20.5517504, 38.457065100047224 ], [ 20.5518506, 38.457171500047245 ] ] ] } },
{ "type": "Feature", "properties": { "osm_id": 686496714, "name": null, "label": "leisure:swimming_pool", "landuse": null, "building": null, "leisure": "swimming_pool", "natural": null, "amenity": null, "shop": null, "tourism": null, "historic": null }, "geometry": { "type": "Polygon", "coordinates": [ [ [ 20.5517694, 38.457224500047261 ], [ 20.5518036, 38.457206300047254 ], [ 20.5517537, 38.457154400047244 ], [ 20.5517215, 38.457173700047242 ], [ 20.5517694, 38.457224500047261 ] ] ] } },
{ "type": "Feature", "properties": { "osm_id": 686496716, "name": null, "label": "leisure:swimming_pool", "landuse": null, "building": null, "leisure": "swimming_pool", "natural": null, "amenity": null, "shop": null, "tourism": null, "historic": null }, "geometry": { "type": "Polygon", "coordinates": [ [ [ 20.5515686, 38.45710330004723 ], [ 20.5516049, 38.457087800047226 ], [ 20.5515584, 38.457026300047225 ], [ 20.5515249, 38.457041200047222 ], [ 20.5515686, 38.45710330004723 ] ] ] } },
{ "type": "Feature", "properties": { "osm_id": 288987915, "name": null, "label": "building:yes", "landuse": null, "building": "yes", "leisure": null, "natural": null, "amenity": null, "shop": null, "tourism": null, "historic": null }, "geometry": { "type": "Polygon", "coordinates": [ [ [ 20.5516323, 38.457070500047216 ], [ 20.5517257, 38.457031900047213 ], [ 20.5516664, 38.456943700047198 ], [ 20.551573, 38.456982300047216 ], [ 20.5516323, 38.457070500047216 ] ] ] } },
{ "type": "Feature", "properties": { "osm_id": 288987921, "name": null, "label": "landuse:residential", "landuse": "residential", "building": null, "leisure": null, "natural": null, "amenity": null, "shop": null, "tourism": null, "historic": null }, "geometry": { "type": "Polygon", "coordinates": [ [ [ 20.551363, 38.457017400047221 ], [ 20.5513846, 38.457154700047234 ], [ 20.5515252, 38.457356700047271 ], [ 20.5520101, 38.457146000047238 ], [ 20.5518573, 38.456927900047205 ], [ 20.5517435, 38.456620700047168 ], [ 20.5515647, 38.456436200047136 ], [ 20.5514495, 38.456400500047138 ], [ 20.5513366, 38.456639400047166 ], [ 20.5513054, 38.456667600047169 ], [ 20.551363, 38.457017400047221 ] ] ] } },
{ "type": "Feature", "properties": { "osm_id": 288987916, "name": null, "label": "building:yes", "landuse": null, "building": "yes", "leisure": null, "natural": null, "amenity": null, "shop": null, "tourism": null, "historic": null }, "geometry": { "type": "Polygon", "coordinates": [ [ [ 20.551617, 38.456691400047177 ], [ 20.5516782, 38.456682100047182 ], [ 20.55166, 38.456608900047165 ], [ 20.5515988, 38.456618200047167 ], [ 20.551617, 38.456691400047177 ] ] ] } },
{ "type": "Feature", "properties": { "osm_id": 288987914, "name": null, "label": "building:yes", "landuse": null, "building": "yes", "leisure": null, "natural": null, "amenity": null, "shop": null, "tourism": null, "historic": null }, "geometry": { "type": "Polygon", "coordinates": [ [ [ 20.5515117, 38.456807100047186 ], [ 20.5516221, 38.456803100047203 ], [ 20.551617, 38.456715500047174 ], [ 20.5515066, 38.456719500047171 ], [ 20.5515117, 38.456807100047186 ] ] ] } },
{ "type": "Feature", "properties": { "osm_id": 288987913, "name": null, "label": "building:yes", "landuse": null, "building": "yes", "leisure": null, "natural": null, "amenity": null, "shop": null, "tourism": null, "historic": null }, "geometry": { "type": "Polygon", "coordinates": [ [ [ 20.5509024, 38.457610700047297 ], [ 20.5510637, 38.457593400047308 ], [ 20.551049, 38.457509000047295 ], [ 20.5508877, 38.457526300047284 ], [ 20.5509024, 38.457610700047297 ] ] ] } },
{ "type": "Feature", "properties": { "osm_id": 1312030676, "name": null, "label": "leisure:swimming_pool", "landuse": null, "building": null, "leisure": "swimming_pool", "natural": null, "amenity": null, "shop": null, "tourism": null, "historic": null }, "geometry": { "type": "Polygon", "coordinates": [ [ [ 20.5507605, 38.457658600047317 ], [ 20.5508444, 38.457657900047316 ], [ 20.5508436, 38.457626400047317 ], [ 20.5507605, 38.457627700047311 ], [ 20.5507605, 38.457658600047317 ] ] ] } },
{ "type": "Feature", "properties": { "osm_id": 288987911, "name": null, "label": "building:yes", "landuse": null, "building": "yes", "leisure": null, "natural": null, "amenity": null, "shop": null, "tourism": null, "historic": null }, "geometry": { "type": "Polygon", "coordinates": [ [ [ 20.5506239, 38.457659900047318 ], [ 20.5507377, 38.457658500047316 ], [ 20.5507354, 38.45753750004728 ], [ 20.5506216, 38.457538800047303 ], [ 20.5506239, 38.457659900047318 ] ] ] } },
{ "type": "Feature", "properties": { "osm_id": 288987912, "name": null, "label": "building:yes", "landuse": null, "building": "yes", "leisure": null, "natural": null, "amenity": null, "shop": null, "tourism": null, "historic": null }, "geometry": { "type": "Polygon", "coordinates": [ [ [ 20.5504795, 38.457858000047352 ], [ 20.5505339, 38.457754300047327 ], [ 20.5504388, 38.457723700047332 ], [ 20.5503844, 38.457827400047336 ], [ 20.5504795, 38.457858000047352 ] ] ] } },
{ "type": "Feature", "properties": { "osm_id": 1161635801, "name": null, "label": "building:yes", "landuse": null, "building": "yes", "leisure": null, "natural": null, "amenity": null, "shop": null, "tourism": null, "historic": null }, "geometry": { "type": "Polygon", "coordinates": [ [ [ 20.5501304, 38.457682300047324 ], [ 20.5501947, 38.457545300047286 ], [ 20.5500932, 38.457516100047286 ], [ 20.5500288, 38.457653000047316 ], [ 20.5501304, 38.457682300047324 ] ] ] } },
{ "type": "Feature", "properties": { "osm_id": 288987919, "name": null, "label": "building:yes", "landuse": null, "building": "yes", "leisure": null, "natural": null, "amenity": null, "shop": null, "tourism": null, "historic": null }, "geometry": { "type": "Polygon", "coordinates": [ [ [ 20.5505298, 38.457271600047264 ], [ 20.5505433, 38.457211800047254 ], [ 20.5504473, 38.457198400047247 ], [ 20.5504337, 38.457258200047264 ], [ 20.5505298, 38.457271600047264 ] ] ] } },
{ "type": "Feature", "properties": { "osm_id": 288987917, "name": null, "label": "building:yes", "landuse": null, "building": "yes", "leisure": null, "natural": null, "amenity": null, "shop": null, "tourism": null, "historic": null }, "geometry": { "type": "Polygon", "coordinates": [ [ [ 20.550542, 38.457191500047244 ], [ 20.5505692, 38.457098400047229 ], [ 20.5504812, 38.457082700047231 ], [ 20.5504541, 38.457175800047231 ], [ 20.550542, 38.457191500047244 ] ] ] } },
{ "type": "Feature", "properties": { "osm_id": 288987920, "name": null, "label": "building:yes", "landuse": null, "building": "yes", "leisure": null, "natural": null, "amenity": null, "shop": null, "tourism": null, "historic": null }, "geometry": { "type": "Polygon", "coordinates": [ [ [ 20.5503996, 38.456899200047197 ], [ 20.5504188, 38.456802500047196 ], [ 20.5504722, 38.456808500047195 ], [ 20.5504812, 38.456759500047184 ], [ 20.5503522, 38.45674490004717 ], [ 20.5503233, 38.456889900047209 ], [ 20.5503996, 38.456899200047197 ] ] ] } },
{ "type": "Feature", "properties": { "osm_id": 288987924, "name": null, "label": "landuse:residential", "landuse": "residential", "building": null, "leisure": null, "natural": null, "amenity": null, "shop": null, "tourism": null, "historic": null }, "geometry": { "type": "Polygon", "coordinates": [ [ [ 20.5498664, 38.458116800047371 ], [ 20.5498899, 38.458299000047404 ], [ 20.550099, 38.4582640000474 ], [ 20.5501578, 38.457866500047352 ], [ 20.5505684, 38.457926400047349 ], [ 20.5506765, 38.457753300047322 ], [ 20.5508277, 38.457753300047322 ], [ 20.551514, 38.457808000047336 ], [ 20.5515788, 38.457891200047349 ], [ 20.5516736, 38.458238700047396 ], [ 20.5517393, 38.458347300047421 ], [ 20.5518616, 38.458201000047396 ], [ 20.5517953, 38.457847300047334 ], [ 20.5517121, 38.457695700047331 ], [ 20.5515219, 38.457518800047296 ], [ 20.5506694, 38.457388500047273 ], [ 20.5508537, 38.4568174000472 ], [ 20.5508801, 38.456612400047163 ], [ 20.550808, 38.456313300047114 ], [ 20.5504658, 38.456068500047081 ], [ 20.5502476, 38.456658300047181 ], [ 20.5501087, 38.457189100047252 ], [ 20.550269, 38.457389400047276 ], [ 20.5500655, 38.457822900047333 ], [ 20.5498622, 38.45790180004736 ], [ 20.5498664, 38.458116800047371 ] ] ] } },
{ "type": "Feature", "properties": { "osm_id": 686496996, "name": null, "label": "leisure:swimming_pool", "landuse": null, "building": null, "leisure": "swimming_pool", "natural": null, "amenity": null, "shop": null, "tourism": null, "historic": null }, "geometry": { "type": "Polygon", "coordinates": [ [ [ 20.5505899, 38.45636820004713 ], [ 20.5506227, 38.456343300047138 ], [ 20.5505522, 38.456291200047119 ], [ 20.5505234, 38.456317600047122 ], [ 20.5505899, 38.45636820004713 ] ] ] } },
{ "type": "Feature", "properties": { "osm_id": 1161635804, "name": null, "label": "building:yes", "landuse": null, "building": "yes", "leisure": null, "natural": null, "amenity": null, "shop": null, "tourism": null, "historic": null }, "geometry": { "type": "Polygon", "coordinates": [ [ [ 20.5503284, 38.455725400047029 ], [ 20.5504444, 38.455702500047032 ], [ 20.5504024, 38.455572200047023 ], [ 20.5503711, 38.455578400047024 ], [ 20.5503838, 38.455617900047017 ], [ 20.5502991, 38.455634600047013 ], [ 20.5503284, 38.455725400047029 ] ] ] } },
{ "type": "Feature", "properties": { "osm_id": 1161635805, "name": null, "label": "building:yes", "landuse": null, "building": "yes", "leisure": null, "natural": null, "amenity": null, "shop": null, "tourism": null, "historic": null }, "geometry": { "type": "Polygon", "coordinates": [ [ [ 20.5506271, 38.45536180004698 ], [ 20.5506601, 38.455306800046976 ], [ 20.550559, 38.455269600046975 ], [ 20.5505818, 38.455231700046966 ], [ 20.5505246, 38.455210700046962 ], [ 20.5504689, 38.455303600046982 ], [ 20.5506271, 38.45536180004698 ] ] ] } },
{ "type": "Feature", "properties": { "osm_id": 1161635806, "name": null, "label": "building:yes", "landuse": null, "building": "yes", "leisure": null, "natural": null, "amenity": null, "shop": null, "tourism": null, "historic": null }, "geometry": { "type": "Polygon", "coordinates": [ [ [ 20.5502027, 38.455168200046977 ], [ 20.550229, 38.454998500046933 ], [ 20.5501101, 38.454987200046922 ], [ 20.5500837, 38.455156900046966 ], [ 20.5502027, 38.455168200046977 ] ] ] } },
{ "type": "Feature", "properties": { "osm_id": 1161635807, "name": null, "label": "building:yes", "landuse": null, "building": "yes", "leisure": null, "natural": null, "amenity": null, "shop": null, "tourism": null, "historic": null }, "geometry": { "type": "Polygon", "coordinates": [ [ [ 20.5512586, 38.455969100047071 ], [ 20.5513973, 38.455929600047057 ], [ 20.5513554, 38.455839600047064 ], [ 20.5512536, 38.455868600047054 ], [ 20.5512743, 38.455913100047056 ], [ 20.5512374, 38.455923600047051 ], [ 20.5512586, 38.455969100047071 ] ] ] } },
{ "type": "Feature", "properties": { "osm_id": 1161635808, "name": null, "label": "building:yes", "landuse": null, "building": "yes", "leisure": null, "natural": null, "amenity": null, "shop": null, "tourism": null, "historic": null }, "geometry": { "type": "Polygon", "coordinates": [ [ [ 20.5533142, 38.455297600046968 ], [ 20.55344, 38.455293000046971 ], [ 20.5534335, 38.455184000046955 ], [ 20.5533505, 38.455187100046963 ], [ 20.5533539, 38.455243700046957 ], [ 20.5533111, 38.45524520004696 ], [ 20.5533142, 38.455297600046968 ] ] ] } },
{ "type": "Feature", "properties": { "osm_id": 686496713, "name": null, "label": "leisure:swimming_pool", "landuse": null, "building": null, "leisure": "swimming_pool", "natural": null, "amenity": null, "shop": null, "tourism": null, "historic": null }, "geometry": { "type": "Polygon", "coordinates": [ [ [ 20.5532809, 38.457928900047357 ], [ 20.5532914, 38.457900100047347 ], [ 20.5531976, 38.457876800047345 ], [ 20.5531871, 38.457906300047348 ], [ 20.5532809, 38.457928900047357 ] ] ] } },
{ "type": "Feature", "properties": { "osm_id": 288154230, "name": null, "label": "landuse:residential", "landuse": "residential", "building": null, "leisure": null, "natural": null, "amenity": null, "shop": null, "tourism": null, "historic": null }, "geometry": { "type": "Polygon", "coordinates": [ [ [ 20.5532073, 38.457937900047348 ], [ 20.5532093, 38.45800340004736 ], [ 20.5533288, 38.457987800047356 ], [ 20.5534384, 38.457882600047348 ], [ 20.5534922, 38.457739900047322 ], [ 20.5531964, 38.457669700047312 ], [ 20.5531237, 38.457873200047345 ], [ 20.5532073, 38.457937900047348 ] ] ] } },
{ "type": "Feature", "properties": { "osm_id": 288154207, "name": null, "label": "building:yes", "landuse": null, "building": "yes", "leisure": null, "natural": null, "amenity": null, "shop": null, "tourism": null, "historic": null }, "geometry": { "type": "Polygon", "coordinates": [ [ [ 20.5533826, 38.457831900047346 ], [ 20.5534089, 38.457772300047331 ], [ 20.5532446, 38.45772780004733 ], [ 20.5532183, 38.45778740004733 ], [ 20.5533826, 38.457831900047346 ] ] ] } },
{ "type": "Feature", "properties": { "osm_id": 1161635794, "name": null, "label": "building:yes", "landuse": null, "building": "yes", "leisure": null, "natural": null, "amenity": null, "shop": null, "tourism": null, "historic": null }, "geometry": { "type": "Polygon", "coordinates": [ [ [ 20.5531924, 38.45706160004724 ], [ 20.5531946, 38.45699360004722 ], [ 20.5532443, 38.456994600047217 ], [ 20.5532505, 38.456803600047188 ], [ 20.5531258, 38.456801100047173 ], [ 20.5531228, 38.456893400047193 ], [ 20.5530813, 38.456892600047198 ], [ 20.5530759, 38.457059300047227 ], [ 20.5531924, 38.45706160004724 ] ] ] } },
{ "type": "Feature", "properties": { "osm_id": 1161635795, "name": null, "label": "building:yes", "landuse": null, "building": "yes", "leisure": null, "natural": null, "amenity": null, "shop": null, "tourism": null, "historic": null }, "geometry": { "type": "Polygon", "coordinates": [ [ [ 20.552961, 38.456571000047148 ], [ 20.5529975, 38.456561900047149 ], [ 20.5530371, 38.456659100047176 ], [ 20.5530188, 38.45666370004718 ], [ 20.5530358, 38.456705700047173 ], [ 20.5531394, 38.456679800047176 ], [ 20.5530776, 38.456528100047137 ], [ 20.5530568, 38.456533300047155 ], [ 20.5530425, 38.456498200047143 ], [ 20.5529416, 38.456523400047153 ], [ 20.552961, 38.456571000047148 ] ] ] } },
{ "type": "Feature", "properties": { "osm_id": 1312030674, "name": null, "label": "leisure:swimming_pool", "landuse": null, "building": null, "leisure": "swimming_pool", "natural": null, "amenity": null, "shop": null, "tourism": null, "historic": null }, "geometry": { "type": "Polygon", "coordinates": [ [ [ 20.5527306, 38.450714400046309 ], [ 20.5527605, 38.450668100046308 ], [ 20.5527383, 38.450659400046298 ], [ 20.5527066, 38.450702300046316 ], [ 20.5527306, 38.450714400046309 ] ] ] } },
{ "type": "Feature", "properties": { "osm_id": 136860606, "name": null, "label": "natural:wood", "landuse": null, "building": null, "leisure": null, "natural": "wood", "amenity": null, "shop": null, "tourism": null, "historic": null }, "geometry": { "type": "Polygon", "coordinates": [ [ [ 20.546944, 38.44979500004618 ], [ 20.546858, 38.450522000046291 ], [ 20.546741, 38.450802000046309 ], [ 20.54632, 38.450992000046348 ], [ 20.545916, 38.450818000046318 ], [ 20.545674, 38.450487000046273 ], [ 20.545531116636017, 38.449415375323966 ], [ 20.542067084362113, 38.449415375323966 ], [ 20.5419728, 38.449671900046155 ], [ 20.5421647, 38.449980500046202 ], [ 20.5424717, 38.450394400046257 ], [ 20.5429018, 38.450849400046323 ], [ 20.543063, 38.451972200046491 ], [ 20.5430683, 38.452446300046567 ], [ 20.5431874, 38.452906400046636 ], [ 20.5432605, 38.453244600046673 ], [ 20.5425842, 38.454051800046791 ], [ 20.5425672, 38.454416800046843 ], [ 20.5426078, 38.45501240004694 ], [ 20.5425695, 38.45639820004714 ], [ 20.5425046, 38.457007000047206 ], [ 20.5426157, 38.457549000047301 ], [ 20.5423365, 38.457961300047359 ], [ 20.541987, 38.458521600047433 ], [ 20.5417385, 38.459111400047519 ], [ 20.5414604, 38.459212900047532 ], [ 20.5411765, 38.459543600047596 ], [ 20.5408675, 38.459405300047571 ], [ 20.5407475, 38.459546400047572 ], [ 20.5407868, 38.459810300047629 ], [ 20.5407139, 38.460030400047664 ], [ 20.5408146, 38.460374600047707 ], [ 20.5407759, 38.46094900004779 ], [ 20.541072, 38.460998000047788 ], [ 20.541333, 38.461110000047803 ], [ 20.541865, 38.461126000047813 ], [ 20.541954, 38.461129000047812 ], [ 20.542271, 38.460998000047788 ], [ 20.542325, 38.46079000004778 ], [ 20.542388, 38.460408000047721 ], [ 20.542419, 38.459746000047616 ], [ 20.542612, 38.45943800004757 ], [ 20.5426643, 38.459411700047553 ], [ 20.543203, 38.459141000047545 ], [ 20.544038, 38.458398000047417 ], [ 20.544445, 38.458033000047372 ], [ 20.54462, 38.457781000047326 ], [ 20.544815, 38.456989000047223 ], [ 20.5447652, 38.456495400047132 ], [ 20.544755, 38.456394000047126 ], [ 20.544586, 38.456215000047102 ], [ 20.544376, 38.455964000047068 ], [ 20.5443, 38.455683000047053 ], [ 20.544361, 38.455335000046979 ], [ 20.544549, 38.455132000046945 ], [ 20.544831, 38.454791000046903 ], [ 20.544979, 38.454481000046862 ], [ 20.545096, 38.453891000046767 ], [ 20.545687, 38.453594000046728 ], [ 20.54582, 38.453598000046725 ], [ 20.546646, 38.453972000046782 ], [ 20.54669, 38.45397300004678 ], [ 20.547176, 38.454022000046798 ], [ 20.547832, 38.454051000046803 ], [ 20.54813, 38.454139000046801 ], [ 20.548456, 38.454703000046891 ], [ 20.548701, 38.455899000047062 ], [ 20.54885, 38.457604000047311 ], [ 20.5489595, 38.458078600047386 ], [ 20.5489966, 38.458307500047397 ], [ 20.5493227, 38.458259300047409 ], [ 20.5498664, 38.458116800047371 ], [ 20.5498622, 38.45790180004736 ], [ 20.5500655, 38.457822900047333 ], [ 20.550269, 38.457389400047276 ], [ 20.5501087, 38.457189100047252 ], [ 20.5502476, 38.456658300047181 ], [ 20.5504658, 38.456068500047081 ], [ 20.550297, 38.455818800047055 ], [ 20.550032, 38.455427000046996 ], [ 20.550139, 38.455151000046953 ], [ 20.550454, 38.45498000004693 ], [ 20.551035, 38.455134000046954 ], [ 20.551883, 38.45503800004694 ], [ 20.552538, 38.454680000046885 ], [ 20.553009, 38.454452000046842 ], [ 20.554515, 38.453412000046704 ], [ 20.554597, 38.453294000046682 ], [ 20.554932, 38.452701000046581 ], [ 20.555014, 38.45258300004658 ], [ 20.55504, 38.452041000046506 ], [ 20.555448, 38.451510000046419 ], [ 20.554846, 38.450946000046343 ], [ 20.554382, 38.45050400004628 ], [ 20.554151, 38.449890000046189 ], [ 20.55369, 38.4498770000462 ], [ 20.553406, 38.449778000046173 ], [ 20.552937, 38.449945000046206 ], [ 20.55281, 38.45016900004623 ], [ 20.552618, 38.450572000046286 ], [ 20.551262, 38.451440000046404 ], [ 20.550509, 38.451439000046413 ], [ 20.550358, 38.451404000046402 ], [ 20.550058, 38.451306000046401 ], [ 20.549875, 38.451151000046373 ], [ 20.5498319, 38.451019000046365 ], [ 20.549776, 38.450848000046328 ], [ 20.549872, 38.45043200004627 ], [ 20.550001, 38.450107000046224 ], [ 20.55029, 38.449636000046155 ], [ 20.550422803406917, 38.449415375323966 ], [ 20.546999678348666, 38.449415375323966 ], [ 20.546944, 38.44979500004618 ] ] ] } },
{ "type": "Feature", "properties": { "osm_id": 288168536, "name": null, "label": "building:yes", "landuse": null, "building": "yes", "leisure": null, "natural": null, "amenity": null, "shop": null, "tourism": null, "historic": null }, "geometry": { "type": "Polygon", "coordinates": [ [ [ 20.5470107, 38.454193700046808 ], [ 20.5470189, 38.454143900046795 ], [ 20.5468796, 38.454129900046802 ], [ 20.5468714, 38.454179600046821 ], [ 20.5470107, 38.454193700046808 ] ] ] } },
{ "type": "Feature", "properties": { "osm_id": 288168561, "name": null, "label": "landuse:residential", "landuse": "residential", "building": null, "leisure": null, "natural": null, "amenity": null, "shop": null, "tourism": null, "historic": null }, "geometry": { "type": "Polygon", "coordinates": [ [ [ 20.5466486, 38.454111900046804 ], [ 20.5467638, 38.45421760004681 ], [ 20.5471079, 38.454325600046836 ], [ 20.5471685, 38.454126200046801 ], [ 20.5466047, 38.45400040004678 ], [ 20.5466486, 38.454111900046804 ] ] ] } },
{ "type": "Feature", "properties": { "osm_id": 288181995, "name": null, "label": "building:yes", "landuse": null, "building": "yes", "leisure": null, "natural": null, "amenity": null, "shop": null, "tourism": null, "historic": null }, "geometry": { "type": "Polygon", "coordinates": [ [ [ 20.5462978, 38.458019700047366 ], [ 20.5464363, 38.457990300047371 ], [ 20.5464173, 38.45793530004736 ], [ 20.5462787, 38.457964700047349 ], [ 20.5462978, 38.458019700047366 ] ] ] } },
{ "type": "Feature", "properties": { "osm_id": 288181999, "name": null, "label": "building:yes", "landuse": null, "building": "yes", "leisure": null, "natural": null, "amenity": null, "shop": null, "tourism": null, "historic": null }, "geometry": { "type": "Polygon", "coordinates": [ [ [ 20.5466306, 38.457879800047344 ], [ 20.5467237, 38.457879200047344 ], [ 20.5467224, 38.457757500047329 ], [ 20.5466293, 38.457758100047336 ], [ 20.5466306, 38.457879800047344 ] ] ] } },
{ "type": "Feature", "properties": { "osm_id": 288181987, "name": null, "label": "building:yes", "landuse": null, "building": "yes", "leisure": null, "natural": null, "amenity": null, "shop": null, "tourism": null, "historic": null }, "geometry": { "type": "Polygon", "coordinates": [ [ [ 20.5467328, 38.457962900047342 ], [ 20.5468222, 38.457960900047361 ], [ 20.5468193, 38.457883500047345 ], [ 20.54673, 38.457885500047347 ], [ 20.5467328, 38.457962900047342 ] ] ] } },
{ "type": "Feature", "properties": { "osm_id": 288181997, "name": null, "label": "building:yes", "landuse": null, "building": "yes", "leisure": null, "natural": null, "amenity": null, "shop": null, "tourism": null, "historic": null }, "geometry": { "type": "Polygon", "coordinates": [ [ [ 20.5468619, 38.458089300047384 ], [ 20.546918, 38.458070400047369 ], [ 20.5468817, 38.458004500047359 ], [ 20.5468257, 38.45802340004736 ], [ 20.5468619, 38.458089300047384 ] ] ] } },
{ "type": "Feature", "properties": { "osm_id": 288182003, "name": null, "label": "building:yes", "landuse": null, "building": "yes", "leisure": null, "natural": null, "amenity": null, "shop": null, "tourism": null, "historic": null }, "geometry": { "type": "Polygon", "coordinates": [ [ [ 20.5469607, 38.458124100047378 ], [ 20.5470226, 38.458105200047378 ], [ 20.546985, 38.458030100047367 ], [ 20.5469232, 38.458049100047369 ], [ 20.5469607, 38.458124100047378 ] ] ] } },
{ "type": "Feature", "properties": { "osm_id": 288181993, "name": null, "label": "building:yes", "landuse": null, "building": "yes", "leisure": null, "natural": null, "amenity": null, "shop": null, "tourism": null, "historic": null }, "geometry": { "type": "Polygon", "coordinates": [ [ [ 20.5470332, 38.458070400047369 ], [ 20.547107, 38.458046100047369 ], [ 20.5470742, 38.457984900047357 ], [ 20.5470004, 38.458009300047365 ], [ 20.5470332, 38.458070400047369 ] ] ] } },
{ "type": "Feature", "properties": { "osm_id": 1161635803, "name": null, "label": "building:yes", "landuse": null, "building": "yes", "leisure": null, "natural": null, "amenity": null, "shop": null, "tourism": null, "historic": null }, "geometry": { "type": "Polygon", "coordinates": [ [ [ 20.5494433, 38.456833200047186 ], [ 20.5495291, 38.456831700047196 ], [ 20.549528, 38.456794900047186 ], [ 20.5496165, 38.456793300047195 ], [ 20.5496137, 38.456699900047177 ], [ 20.5495508, 38.456701000047175 ], [ 20.5495486, 38.456626500047165 ], [ 20.5494373, 38.456628500047167 ], [ 20.5494433, 38.456833200047186 ] ] ] } },
{ "type": "Feature", "properties": { "osm_id": 1312030675, "name": null, "label": "leisure:swimming_pool", "landuse": null, "building": null, "leisure": "swimming_pool", "natural": null, "amenity": null, "shop": null, "tourism": null, "historic": null }, "geometry": { "type": "Polygon", "coordinates": [ [ [ 20.5499965, 38.457595600047306 ], [ 20.5500327, 38.457516800047287 ], [ 20.5499911, 38.457504200047296 ], [ 20.5499509, 38.457584100047313 ], [ 20.5499965, 38.457595600047306 ] ] ] } },
{ "type": "Feature", "properties": { "osm_id": 288987908, "name": null, "label": "building:yes", "landuse": null, "building": "yes", "leisure": null, "natural": null, "amenity": null, "shop": null, "tourism": null, "historic": null }, "geometry": { "type": "Polygon", "coordinates": [ [ [ 20.5499174, 38.458185200047382 ], [ 20.5500328, 38.45818230004739 ], [ 20.550026, 38.458016000047358 ], [ 20.5499106, 38.458018900047357 ], [ 20.5499174, 38.458185200047382 ] ] ] } },
{ "type": "Feature", "properties": { "osm_id": 1161635802, "name": null, "label": "building:yes", "landuse": null, "building": "yes", "leisure": null, "natural": null, "amenity": null, "shop": null, "tourism": null, "historic": null }, "geometry": { "type": "Polygon", "coordinates": [ [ [ 20.5483543, 38.4576000000473 ], [ 20.5483538, 38.457616800047305 ], [ 20.5484128, 38.45761790004731 ], [ 20.5484187, 38.457418400047274 ], [ 20.5483222, 38.457416700047283 ], [ 20.5483183, 38.457546800047297 ], [ 20.5482701, 38.457545900047307 ], [ 20.5482685, 38.457598400047296 ], [ 20.5483543, 38.4576000000473 ] ] ] } },
{ "type": "Feature", "properties": { "osm_id": 288182023, "name": null, "label": "landuse:residential", "landuse": "residential", "building": null, "leisure": null, "natural": null, "amenity": null, "shop": null, "tourism": null, "historic": null }, "geometry": { "type": "Polygon", "coordinates": [ [ [ 20.545785, 38.458522900047434 ], [ 20.5459642, 38.458770700047488 ], [ 20.5460503, 38.458886900047496 ], [ 20.5462023, 38.458883800047488 ], [ 20.5464065, 38.45887970004749 ], [ 20.546883, 38.458719600047466 ], [ 20.5468597, 38.458668100047447 ], [ 20.5467121, 38.458342400047407 ], [ 20.5473285, 38.45817410004738 ], [ 20.5469426, 38.457579900047293 ], [ 20.5463703, 38.457679300047317 ], [ 20.5464791, 38.457788800047339 ], [ 20.5461398, 38.457983400047354 ], [ 20.5459035, 38.458088700047369 ], [ 20.5456711, 38.458192300047401 ], [ 20.545785, 38.458522900047434 ] ] ] } },
{ "type": "Feature", "properties": { "osm_id": 288987936, "name": null, "label": "natural:scrub", "landuse": null, "building": null, "leisure": null, "natural": "scrub", "amenity": null, "shop": null, "tourism": null, "historic": null }, "geometry": { "type": "Polygon", "coordinates": [ [ [ 20.5439096, 38.460342400047708 ], [ 20.5451135, 38.460578100047741 ], [ 20.545871, 38.460393500047715 ], [ 20.5461595, 38.460275700047688 ], [ 20.5465035, 38.459836200047633 ], [ 20.5464114, 38.459622100047582 ], [ 20.5462796, 38.459636300047599 ], [ 20.5462477, 38.459123800047522 ], [ 20.546253, 38.459003000047502 ], [ 20.5463133, 38.458954400047503 ], [ 20.5462023, 38.458883800047488 ], [ 20.5460503, 38.458886900047496 ], [ 20.545785, 38.458522900047434 ], [ 20.5456711, 38.458192300047401 ], [ 20.5459035, 38.458088700047369 ], [ 20.5454396, 38.457059300047227 ], [ 20.5452799, 38.456548200047152 ], [ 20.5447652, 38.456495400047132 ], [ 20.544815, 38.456989000047223 ], [ 20.54462, 38.457781000047326 ], [ 20.544445, 38.458033000047372 ], [ 20.544038, 38.458398000047417 ], [ 20.543203, 38.459141000047545 ], [ 20.5426643, 38.459411700047553 ], [ 20.542419, 38.459746000047616 ], [ 20.542388, 38.460408000047721 ], [ 20.5439096, 38.460342400047708 ] ] ] } },
{ "type": "Feature", "properties": { "osm_id": 288154211, "name": null, "label": "building:yes", "landuse": null, "building": "yes", "leisure": null, "natural": null, "amenity": null, "shop": null, "tourism": null, "historic": null }, "geometry": { "type": "Polygon", "coordinates": [ [ [ 20.5548254, 38.45856840004744 ], [ 20.5548859, 38.45856840004744 ], [ 20.5548859, 38.458432000047438 ], [ 20.5548254, 38.458432000047438 ], [ 20.5548254, 38.45856840004744 ] ] ] } },
{ "type": "Feature", "properties": { "osm_id": 288183785, "name": null, "label": "landuse:residential", "landuse": "residential", "building": null, "leisure": null, "natural": null, "amenity": null, "shop": null, "tourism": null, "historic": null }, "geometry": { "type": "Polygon", "coordinates": [ [ [ 20.5533941, 38.458594600047448 ], [ 20.5536588, 38.458565200047438 ], [ 20.5537219, 38.458441600047429 ], [ 20.5534137, 38.458355600047412 ], [ 20.5533114, 38.458495700047429 ], [ 20.5532783, 38.458560500047433 ], [ 20.5533941, 38.458594600047448 ] ] ] } },
{ "type": "Feature", "properties": { "osm_id": 1161635797, "name": null, "label": "building:yes", "landuse": null, "building": "yes", "leisure": null, "natural": null, "amenity": null, "shop": null, "tourism": null, "historic": null }, "geometry": { "type": "Polygon", "coordinates": [ [ [ 20.5535821, 38.459343600047553 ], [ 20.5537027, 38.459341100047546 ], [ 20.5536999, 38.45925510004755 ], [ 20.5535793, 38.459257500047542 ], [ 20.5535821, 38.459343600047553 ] ] ] } },
{ "type": "Feature", "properties": { "osm_id": 1161635800, "name": null, "label": "building:yes", "landuse": null, "building": "yes", "leisure": null, "natural": null, "amenity": null, "shop": null, "tourism": null, "historic": null }, "geometry": { "type": "Polygon", "coordinates": [ [ [ 20.5529255, 38.459602100047604 ], [ 20.5529416, 38.459601800047594 ], [ 20.5529432, 38.459650000047617 ], [ 20.5530814, 38.459647200047591 ], [ 20.5530767, 38.459509500047581 ], [ 20.5530243, 38.459510600047587 ], [ 20.5530257, 38.459550500047591 ], [ 20.5529238, 38.459552600047587 ], [ 20.5529255, 38.459602100047604 ] ] ] } },
{ "type": "Feature", "properties": { "osm_id": 288154190, "name": null, "label": "building:yes", "landuse": null, "building": "yes", "leisure": null, "natural": null, "amenity": null, "shop": null, "tourism": null, "historic": null }, "geometry": { "type": "Polygon", "coordinates": [ [ [ 20.5526649, 38.458983500047502 ], [ 20.5527525, 38.45897210004749 ], [ 20.5527343, 38.458886500047484 ], [ 20.5526466, 38.458897900047496 ], [ 20.5526649, 38.458983500047502 ] ] ] } },
{ "type": "Feature", "properties": { "osm_id": 288987926, "name": null, "label": "landuse:residential", "landuse": "residential", "building": null, "leisure": null, "natural": null, "amenity": null, "shop": null, "tourism": null, "historic": null }, "geometry": { "type": "Polygon", "coordinates": [ [ [ 20.5527546, 38.45877850004748 ], [ 20.5530602, 38.458768500047476 ], [ 20.5529567, 38.45846700004742 ], [ 20.5526623, 38.458500600047444 ], [ 20.5527546, 38.45877850004748 ] ] ] } },
{ "type": "Feature", "properties": { "osm_id": 686496711, "name": null, "label": "leisure:swimming_pool", "landuse": null, "building": null, "leisure": "swimming_pool", "natural": null, "amenity": null, "shop": null, "tourism": null, "historic": null }, "geometry": { "type": "Polygon", "coordinates": [ [ [ 20.5527925, 38.459198600047536 ], [ 20.5527925, 38.459170700047537 ], [ 20.5527143, 38.459168900047544 ], [ 20.5527112, 38.459199200047543 ], [ 20.5527925, 38.459198600047536 ] ] ] } },
{ "type": "Feature", "properties": { "osm_id": 686496493, "name": null, "label": "leisure:swimming_pool", "landuse": null, "building": null, "leisure": "swimming_pool", "natural": null, "amenity": null, "shop": null, "tourism": null, "historic": null }, "geometry": { "type": "Polygon", "coordinates": [ [ [ 20.5523726, 38.45975400004761 ], [ 20.5524447, 38.459741600047622 ], [ 20.5524288, 38.459699800047623 ], [ 20.5523597, 38.459710000047608 ], [ 20.5523726, 38.45975400004761 ] ] ] } },
{ "type": "Feature", "properties": { "osm_id": 288597472, "name": null, "label": "building:yes", "landuse": null, "building": "yes", "leisure": null, "natural": null, "amenity": null, "shop": null, "tourism": null, "historic": null }, "geometry": { "type": "Polygon", "coordinates": [ [ [ 20.5524678, 38.460833100047786 ], [ 20.5525623, 38.460753500047765 ], [ 20.5524843, 38.460696700047755 ], [ 20.5523898, 38.460776300047769 ], [ 20.5524678, 38.460833100047786 ] ] ] } },
{ "type": "Feature", "properties": { "osm_id": 1161635799, "name": null, "label": "building:yes", "landuse": null, "building": "yes", "leisure": null, "natural": null, "amenity": null, "shop": null, "tourism": null, "historic": null }, "geometry": { "type": "Polygon", "coordinates": [ [ [ 20.5530226, 38.460474300047728 ], [ 20.5530261, 38.460336600047697 ], [ 20.5529376, 38.460335200047702 ], [ 20.5529341, 38.460472900047719 ], [ 20.5530226, 38.460474300047728 ] ] ] } },
{ "type": "Feature", "properties": { "osm_id": 288597510, "name": null, "label": "building:yes", "landuse": null, "building": "yes", "leisure": null, "natural": null, "amenity": null, "shop": null, "tourism": null, "historic": null }, "geometry": { "type": "Polygon", "coordinates": [ [ [ 20.5521587, 38.460171800047675 ], [ 20.5522807, 38.460153100047677 ], [ 20.5522593, 38.460067400047663 ], [ 20.5521373, 38.460086100047654 ], [ 20.5521587, 38.460171800047675 ] ] ] } },
{ "type": "Feature", "properties": { "osm_id": 288597493, "name": null, "label": "building:yes", "landuse": null, "building": "yes", "leisure": null, "natural": null, "amenity": null, "shop": null, "tourism": null, "historic": null }, "geometry": { "type": "Polygon", "coordinates": [ [ [ 20.5517743, 38.460337300047705 ], [ 20.5518447, 38.460318900047696 ], [ 20.5518267, 38.460276800047701 ], [ 20.5517564, 38.460295100047702 ], [ 20.5517743, 38.460337300047705 ] ] ] } },
{ "type": "Feature", "properties": { "osm_id": 288597507, "name": null, "label": "building:yes", "landuse": null, "building": "yes", "leisure": null, "natural": null, "amenity": null, "shop": null, "tourism": null, "historic": null }, "geometry": { "type": "Polygon", "coordinates": [ [ [ 20.5517289, 38.460462000047706 ], [ 20.5518184, 38.460439700047715 ], [ 20.5517837, 38.460354500047707 ], [ 20.5516942, 38.460376800047705 ], [ 20.5517289, 38.460462000047706 ] ] ] } },
{ "type": "Feature", "properties": { "osm_id": 288597490, "name": null, "label": "building:yes", "landuse": null, "building": "yes", "leisure": null, "natural": null, "amenity": null, "shop": null, "tourism": null, "historic": null }, "geometry": { "type": "Polygon", "coordinates": [ [ [ 20.5517047, 38.460290800047694 ], [ 20.5517538, 38.46020260004768 ], [ 20.5516797, 38.460177300047661 ], [ 20.5516306, 38.460265500047697 ], [ 20.5517047, 38.460290800047694 ] ] ] } },
{ "type": "Feature", "properties": { "osm_id": 686496349, "name": null, "label": "leisure:swimming_pool", "landuse": null, "building": null, "leisure": "swimming_pool", "natural": null, "amenity": null, "shop": null, "tourism": null, "historic": null }, "geometry": { "type": "Polygon", "coordinates": [ [ [ 20.5513763, 38.460956300047791 ], [ 20.5513763, 38.460883200047782 ], [ 20.5513316, 38.460883200047782 ], [ 20.5513297, 38.460955500047788 ], [ 20.5513763, 38.460956300047791 ] ] ] } },
{ "type": "Feature", "properties": { "osm_id": 288597513, "name": null, "label": "building:yes", "landuse": null, "building": "yes", "leisure": null, "natural": null, "amenity": null, "shop": null, "tourism": null, "historic": null }, "geometry": { "type": "Polygon", "coordinates": [ [ [ 20.5510623, 38.460955700047791 ], [ 20.5511954, 38.460941300047779 ], [ 20.5511875, 38.460896700047776 ], [ 20.5511211, 38.460903900047782 ], [ 20.5511066, 38.460821600047773 ], [ 20.5510399, 38.460828800047778 ], [ 20.5510623, 38.460955700047791 ] ] ] } },
{ "type": "Feature", "properties": { "osm_id": 1161635811, "name": null, "label": "building:yes", "landuse": null, "building": "yes", "leisure": null, "natural": null, "amenity": null, "shop": null, "tourism": null, "historic": null }, "geometry": { "type": "Polygon", "coordinates": [ [ [ 20.5501409, 38.460286300047684 ], [ 20.5503552, 38.460159600047675 ], [ 20.5503088, 38.460111400047666 ], [ 20.5501919, 38.460180500047677 ], [ 20.5501906, 38.460179200047669 ], [ 20.5500932, 38.460236800047689 ], [ 20.5501409, 38.460286300047684 ] ] ] } },
{ "type": "Feature", "properties": { "osm_id": 288597488, "name": null, "label": "building:yes", "landuse": null, "building": "yes", "leisure": null, "natural": null, "amenity": null, "shop": null, "tourism": null, "historic": null }, "geometry": { "type": "Polygon", "coordinates": [ [ [ 20.5506095, 38.460552700047735 ], [ 20.5507242, 38.460542300047734 ], [ 20.5507084, 38.460434400047696 ], [ 20.5505937, 38.460444800047725 ], [ 20.5506095, 38.460552700047735 ] ] ] } },
{ "type": "Feature", "properties": { "osm_id": 686496497, "name": null, "label": "leisure:swimming_pool", "landuse": null, "building": null, "leisure": "swimming_pool", "natural": null, "amenity": null, "shop": null, "tourism": null, "historic": null }, "geometry": { "type": "Polygon", "coordinates": [ [ [ 20.550931, 38.460589200047743 ], [ 20.5509396, 38.460593400047742 ], [ 20.5509512, 38.460596500047743 ], [ 20.5509628, 38.460593400047742 ], [ 20.5509698, 38.460588000047736 ], [ 20.5509574, 38.460519500047724 ], [ 20.5509241, 38.460521300047731 ], [ 20.550931, 38.460589200047743 ] ] ] } },
{ "type": "Feature", "properties": { "osm_id": 288597504, "name": null, "label": "building:yes", "landuse": null, "building": "yes", "leisure": null, "natural": null, "amenity": null, "shop": null, "tourism": null, "historic": null }, "geometry": { "type": "Polygon", "coordinates": [ [ [ 20.5510009, 38.460588100047744 ], [ 20.5510958, 38.460583500047726 ], [ 20.5510868, 38.460470700047729 ], [ 20.5509919, 38.460475300047719 ], [ 20.5510009, 38.460588100047744 ] ] ] } },
{ "type": "Feature", "properties": { "osm_id": 288597511, "name": null, "label": "building:yes", "landuse": null, "building": "yes", "leisure": null, "natural": null, "amenity": null, "shop": null, "tourism": null, "historic": null }, "geometry": { "type": "Polygon", "coordinates": [ [ [ 20.5509523, 38.460195100047684 ], [ 20.5509618, 38.460119400047674 ], [ 20.5508779, 38.460113000047663 ], [ 20.5508684, 38.46018860004768 ], [ 20.5509523, 38.460195100047684 ] ] ] } },
{ "type": "Feature", "properties": { "osm_id": 288168532, "name": null, "label": "building:yes", "landuse": null, "building": "yes", "leisure": null, "natural": null, "amenity": null, "shop": null, "tourism": null, "historic": null }, "geometry": { "type": "Polygon", "coordinates": [ [ [ 20.5505537, 38.459774300047613 ], [ 20.550611, 38.459740300047613 ], [ 20.5505429, 38.459669800047593 ], [ 20.5504855, 38.459703800047599 ], [ 20.5505537, 38.459774300047613 ] ] ] } },
{ "type": "Feature", "properties": { "osm_id": 288168539, "name": null, "label": "building:yes", "landuse": null, "building": "yes", "leisure": null, "natural": null, "amenity": null, "shop": null, "tourism": null, "historic": null }, "geometry": { "type": "Polygon", "coordinates": [ [ [ 20.5505049, 38.459555500047578 ], [ 20.5505671, 38.459520700047577 ], [ 20.5505125, 38.459460900047574 ], [ 20.5504503, 38.459495700047576 ], [ 20.5505049, 38.459555500047578 ] ] ] } },
{ "type": "Feature", "properties": { "osm_id": 288168538, "name": null, "label": "building:yes", "landuse": null, "building": "yes", "leisure": null, "natural": null, "amenity": null, "shop": null, "tourism": null, "historic": null }, "geometry": { "type": "Polygon", "coordinates": [ [ [ 20.550268, 38.459048500047516 ], [ 20.5502954, 38.459002300047501 ], [ 20.5502209, 38.458975300047506 ], [ 20.5501936, 38.459021400047519 ], [ 20.550268, 38.459048500047516 ] ] ] } },
{ "type": "Feature", "properties": { "osm_id": 686496709, "name": null, "label": "leisure:swimming_pool", "landuse": null, "building": null, "leisure": "swimming_pool", "natural": null, "amenity": null, "shop": null, "tourism": null, "historic": null }, "geometry": { "type": "Polygon", "coordinates": [ [ [ 20.5515859, 38.458913300047492 ], [ 20.5515859, 38.458842500047496 ], [ 20.5515472, 38.458841800047487 ], [ 20.5515432, 38.458913300047492 ], [ 20.5515859, 38.458913300047492 ] ] ] } },
{ "type": "Feature", "properties": { "osm_id": 288597492, "name": null, "label": "building:yes", "landuse": null, "building": "yes", "leisure": null, "natural": null, "amenity": null, "shop": null, "tourism": null, "historic": null }, "geometry": { "type": "Polygon", "coordinates": [ [ [ 20.5513944, 38.460010500047645 ], [ 20.5514187, 38.459893100047637 ], [ 20.5513128, 38.459879600047636 ], [ 20.5512884, 38.459997000047643 ], [ 20.5513944, 38.460010500047645 ] ] ] } },
{ "type": "Feature", "properties": { "osm_id": 686496707, "name": null, "label": "leisure:swimming_pool", "landuse": null, "building": null, "leisure": "swimming_pool", "natural": null, "amenity": null, "shop": null, "tourism": null, "historic": null }, "geometry": { "type": "Polygon", "coordinates": [ [ [ 20.5515035, 38.459116100047524 ], [ 20.5515026, 38.459050100047513 ], [ 20.5514678, 38.459048500047516 ], [ 20.5514658, 38.459114600047528 ], [ 20.5515035, 38.459116100047524 ] ] ] } },
{ "type": "Feature", "properties": { "osm_id": 288168564, "name": null, "label": "landuse:residential", "landuse": "residential", "building": null, "leisure": null, "natural": null, "amenity": null, "shop": null, "tourism": null, "historic": null }, "geometry": { "type": "Polygon", "coordinates": [ [ [ 20.5517759, 38.459474700047565 ], [ 20.551833, 38.459316800047553 ], [ 20.5518731, 38.458823200047483 ], [ 20.5515258, 38.458805100047478 ], [ 20.5514332, 38.459087900047521 ], [ 20.5514085, 38.459188200047542 ], [ 20.5513239, 38.459383300047563 ], [ 20.5517759, 38.459474700047565 ] ] ] } },
{ "type": "Feature", "properties": { "osm_id": 288597470, "name": null, "label": "building:yes", "landuse": null, "building": "yes", "leisure": null, "natural": null, "amenity": null, "shop": null, "tourism": null, "historic": null }, "geometry": { "type": "Polygon", "coordinates": [ [ [ 20.5519482, 38.459701700047603 ], [ 20.5519661, 38.459620100047594 ], [ 20.5518824, 38.45960880004759 ], [ 20.5518645, 38.4596905000476 ], [ 20.5519482, 38.459701700047603 ] ] ] } },
{ "type": "Feature", "properties": { "osm_id": 288181986, "name": null, "label": "building:yes", "landuse": null, "building": "yes", "leisure": null, "natural": null, "amenity": null, "shop": null, "tourism": null, "historic": null }, "geometry": { "type": "Polygon", "coordinates": [ [ [ 20.5520863, 38.458953100047502 ], [ 20.552172, 38.458952200047499 ], [ 20.5521704, 38.458862400047487 ], [ 20.5520847, 38.458863400047484 ], [ 20.5520863, 38.458953100047502 ] ] ] } },
{ "type": "Feature", "properties": { "osm_id": 1161635809, "name": null, "label": "building:yes", "landuse": null, "building": "yes", "leisure": null, "natural": null, "amenity": null, "shop": null, "tourism": null, "historic": null }, "geometry": { "type": "Polygon", "coordinates": [ [ [ 20.5481893, 38.458825900047479 ], [ 20.5482961, 38.458820000047481 ], [ 20.5482861, 38.458708300047462 ], [ 20.5481793, 38.458714200047481 ], [ 20.5481893, 38.458825900047479 ] ] ] } },
{ "type": "Feature", "properties": { "osm_id": 288168540, "name": null, "label": "building:yes", "landuse": null, "building": "yes", "leisure": null, "natural": null, "amenity": null, "shop": null, "tourism": null, "historic": null }, "geometry": { "type": "Polygon", "coordinates": [ [ [ 20.5477203, 38.458954200047508 ], [ 20.5478532, 38.458950000047501 ], [ 20.5478501, 38.458890100047491 ], [ 20.5477172, 38.45889430004749 ], [ 20.5477203, 38.458954200047508 ] ] ] } },
{ "type": "Feature", "properties": { "osm_id": 288168541, "name": null, "label": "building:yes", "landuse": null, "building": "yes", "leisure": null, "natural": null, "amenity": null, "shop": null, "tourism": null, "historic": null }, "geometry": { "type": "Polygon", "coordinates": [ [ [ 20.5476722, 38.459542400047575 ], [ 20.5477541, 38.459536400047583 ], [ 20.5477474, 38.45948020004758 ], [ 20.5476656, 38.459486100047563 ], [ 20.5476722, 38.459542400047575 ] ] ] } },
{ "type": "Feature", "properties": { "osm_id": 1161635810, "name": null, "label": "building:yes", "landuse": null, "building": "yes", "leisure": null, "natural": null, "amenity": null, "shop": null, "tourism": null, "historic": null }, "geometry": { "type": "Polygon", "coordinates": [ [ [ 20.5484273, 38.459943500047643 ], [ 20.5484581, 38.459874200047636 ], [ 20.5483682, 38.459849700047634 ], [ 20.5483374, 38.459919000047648 ], [ 20.5484273, 38.459943500047643 ] ] ] } },
{ "type": "Feature", "properties": { "osm_id": 288168567, "name": null, "label": "amenity:grave_yard", "landuse": null, "building": null, "leisure": null, "natural": null, "amenity": "grave_yard", "shop": null, "tourism": null, "historic": null }, "geometry": { "type": "Polygon", "coordinates": [ [ [ 20.5487679, 38.459361600047558 ], [ 20.5488888, 38.459298200047556 ], [ 20.5489217, 38.459234700047539 ], [ 20.5490111, 38.458958200047505 ], [ 20.5489544, 38.458967200047496 ], [ 20.5487954, 38.458991100047506 ], [ 20.5486855, 38.4590046000475 ], [ 20.5487679, 38.459361600047558 ] ] ] } },
{ "type": "Feature", "properties": { "osm_id": 288168543, "name": null, "label": "amenity:place_of_worship;building:yes", "landuse": null, "building": "yes", "leisure": null, "natural": null, "amenity": "place_of_worship", "shop": null, "tourism": null, "historic": null }, "geometry": { "type": "Polygon", "coordinates": [ [ [ 20.5487954, 38.458991100047506 ], [ 20.5489544, 38.458967200047496 ], [ 20.548938, 38.458900300047496 ], [ 20.548779, 38.458924200047491 ], [ 20.5487954, 38.458991100047506 ] ] ] } },
{ "type": "Feature", "properties": { "osm_id": 288987925, "name": null, "label": "landuse:residential", "landuse": "residential", "building": null, "leisure": null, "natural": null, "amenity": null, "shop": null, "tourism": null, "historic": null }, "geometry": { "type": "Polygon", "coordinates": [ [ [ 20.5490767, 38.458621000047451 ], [ 20.5493846, 38.458554800047452 ], [ 20.5493227, 38.458259300047409 ], [ 20.5489966, 38.458307500047397 ], [ 20.5490767, 38.458621000047451 ] ] ] } },
{ "type": "Feature", "properties": { "osm_id": 288168559, "name": null, "label": "landuse:residential", "landuse": "residential", "building": null, "leisure": null, "natural": null, "amenity": null, "shop": null, "tourism": null, "historic": null }, "geometry": { "type": "Polygon", "coordinates": [ [ [ 20.5495576, 38.459180000047532 ], [ 20.5498696, 38.459280000047542 ], [ 20.5499805, 38.459287400047536 ], [ 20.550129, 38.459221200047544 ], [ 20.5502512, 38.459216700047534 ], [ 20.5504109, 38.459272700047542 ], [ 20.5505481, 38.459069600047521 ], [ 20.5502756, 38.458968000047506 ], [ 20.5501046, 38.458934200047494 ], [ 20.5501422, 38.458860600047487 ], [ 20.5498095, 38.458789900047471 ], [ 20.5494862, 38.458838500047477 ], [ 20.5492982, 38.458888500047493 ], [ 20.5492024, 38.459019500047503 ], [ 20.5495576, 38.459180000047532 ] ] ] } },
{ "type": "Feature", "properties": { "osm_id": 288168535, "name": null, "label": "building:yes", "landuse": null, "building": "yes", "leisure": null, "natural": null, "amenity": null, "shop": null, "tourism": null, "historic": null }, "geometry": { "type": "Polygon", "coordinates": [ [ [ 20.5494944, 38.459118200047527 ], [ 20.5496166, 38.459113000047516 ], [ 20.549613, 38.459061000047498 ], [ 20.5494908, 38.459066200047516 ], [ 20.5494944, 38.459118200047527 ] ] ] } },
{ "type": "Feature", "properties": { "osm_id": 288182002, "name": null, "label": "building:yes", "landuse": null, "building": "yes", "leisure": null, "natural": null, "amenity": null, "shop": null, "tourism": null, "historic": null }, "geometry": { "type": "Polygon", "coordinates": [ [ [ 20.5489338, 38.459697100047606 ], [ 20.5489389, 38.459646300047609 ], [ 20.5487887, 38.459637100047601 ], [ 20.5487836, 38.459687900047598 ], [ 20.5489338, 38.459697100047606 ] ] ] } },
{ "type": "Feature", "properties": { "osm_id": 288168537, "name": null, "label": "building:yes", "landuse": null, "building": "yes", "leisure": null, "natural": null, "amenity": null, "shop": null, "tourism": null, "historic": null }, "geometry": { "type": "Polygon", "coordinates": [ [ [ 20.5475352, 38.459272500047554 ], [ 20.5475478, 38.459209000047544 ], [ 20.5473917, 38.459190000047542 ], [ 20.5473791, 38.459253500047552 ], [ 20.5475352, 38.459272500047554 ] ] ] } },
{ "type": "Feature", "properties": { "osm_id": 288168562, "name": null, "label": "landuse:residential", "landuse": "residential", "building": null, "leisure": null, "natural": null, "amenity": null, "shop": null, "tourism": null, "historic": null }, "geometry": { "type": "Polygon", "coordinates": [ [ [ 20.547661, 38.459634500047599 ], [ 20.5480157, 38.459549000047595 ], [ 20.5477974, 38.45905170004751 ], [ 20.5475337, 38.459088500047528 ], [ 20.5472639, 38.459093300047527 ], [ 20.5471745, 38.45952890004758 ], [ 20.547661, 38.459634500047599 ] ] ] } },
{ "type": "Feature", "properties": { "osm_id": 288183784, "name": null, "label": "landuse:residential", "landuse": "residential", "building": null, "leisure": null, "natural": null, "amenity": null, "shop": null, "tourism": null, "historic": null }, "geometry": { "type": "Polygon", "coordinates": [ [ [ 20.5465035, 38.459836200047633 ], [ 20.5467509, 38.459771000047617 ], [ 20.5466744, 38.45959300004759 ], [ 20.5466588, 38.459556800047579 ], [ 20.5464114, 38.459622100047582 ], [ 20.5465035, 38.459836200047633 ] ] ] } },
{ "type": "Feature", "properties": { "osm_id": 288181992, "name": null, "label": "building:yes", "landuse": null, "building": "yes", "leisure": null, "natural": null, "amenity": null, "shop": null, "tourism": null, "historic": null }, "geometry": { "type": "Polygon", "coordinates": [ [ [ 20.5463289, 38.458667800047444 ], [ 20.5464221, 38.458662800047456 ], [ 20.5464167, 38.458602600047449 ], [ 20.5463235, 38.458607600047451 ], [ 20.5463289, 38.458667800047444 ] ] ] } },
{ "type": "Feature", "properties": { "osm_id": 288181982, "name": null, "label": "building:yes", "landuse": null, "building": "yes", "leisure": null, "natural": null, "amenity": null, "shop": null, "tourism": null, "historic": null }, "geometry": { "type": "Polygon", "coordinates": [ [ [ 20.5462369, 38.458500500047428 ], [ 20.546347, 38.458497500047443 ], [ 20.5463447, 38.458446200047419 ], [ 20.5462346, 38.458449200047433 ], [ 20.5462369, 38.458500500047428 ] ] ] } },
{ "type": "Feature", "properties": { "osm_id": 288181996, "name": null, "label": "building:yes", "landuse": null, "building": "yes", "leisure": null, "natural": null, "amenity": null, "shop": null, "tourism": null, "historic": null }, "geometry": { "type": "Polygon", "coordinates": [ [ [ 20.5462084, 38.458423500047417 ], [ 20.5463081, 38.458422500047426 ], [ 20.5463067, 38.4583382000474 ], [ 20.546207, 38.458339200047405 ], [ 20.5462084, 38.458423500047417 ] ] ] } },
{ "type": "Feature", "properties": { "osm_id": 288181998, "name": null, "label": "building:yes", "landuse": null, "building": "yes", "leisure": null, "natural": null, "amenity": null, "shop": null, "tourism": null, "historic": null }, "geometry": { "type": "Polygon", "coordinates": [ [ [ 20.5460513, 38.458800000047482 ], [ 20.5462037, 38.458796900047489 ], [ 20.546201, 38.458715100047463 ], [ 20.5460487, 38.458718200047471 ], [ 20.5460513, 38.458800000047482 ] ] ] } },
{ "type": "Feature", "properties": { "osm_id": 288427914, "name": null, "label": "natural:wood", "landuse": null, "building": null, "leisure": null, "natural": "wood", "amenity": null, "shop": null, "tourism": null, "historic": null }, "geometry": { "type": "Polygon", "coordinates": [ [ [ 20.5591925, 38.454107200046806 ], [ 20.5576546, 38.454418000046836 ], [ 20.5570008, 38.456109200047088 ], [ 20.5568946, 38.456366200047135 ], [ 20.5562516, 38.456700700047179 ], [ 20.5559697, 38.456924900047198 ], [ 20.5561503, 38.457331900047265 ], [ 20.5569827, 38.457856100047344 ], [ 20.5573835, 38.45793200004735 ], [ 20.5581895, 38.457921600047349 ], [ 20.5582711, 38.458293500047404 ], [ 20.558302, 38.458326400047397 ], [ 20.5583208, 38.458440000047425 ], [ 20.5583332, 38.458607000047451 ], [ 20.5586073, 38.45858630004745 ], [ 20.5586462, 38.458819200047479 ], [ 20.5586458, 38.458853900047494 ], [ 20.5589262, 38.458722100047474 ], [ 20.5593846, 38.458440900047428 ], [ 20.5593419, 38.458319200047413 ], [ 20.5588909, 38.458350300047414 ], [ 20.558833, 38.458035300047371 ], [ 20.5593175, 38.457204800047258 ], [ 20.559503397380897, 38.45716159191219 ], [ 20.559503397380897, 38.454043773266662 ], [ 20.5591925, 38.454107200046806 ] ] ] } },
{ "type": "Feature", "properties": { "osm_id": 288987922, "name": null, "label": "landuse:residential", "landuse": "residential", "building": null, "leisure": null, "natural": null, "amenity": null, "shop": null, "tourism": null, "historic": null }, "geometry": { "type": "Polygon", "coordinates": [ [ [ 20.5593175, 38.457204800047258 ], [ 20.558964, 38.457791800047339 ], [ 20.558833, 38.458035300047371 ], [ 20.5588909, 38.458350300047414 ], [ 20.5593419, 38.458319200047413 ], [ 20.5593846, 38.458440900047428 ], [ 20.5594339, 38.458612000047452 ], [ 20.5594547, 38.458684300047473 ], [ 20.559503397380897, 38.458687507057739 ], [ 20.559503397380897, 38.45716159191219 ], [ 20.5593175, 38.457204800047258 ] ] ] } },
{ "type": "Feature", "properties": { "osm_id": -3836280, "name": null, "label": "natural:grassland", "landuse": null, "building": null, "leisure": null, "natural": "grassland", "amenity": null, "shop": null, "tourism": null, "historic": null }, "geometry": { "type": "Polygon", "coordinates": [ [ [ 20.5576536, 38.449563100046142 ], [ 20.5576688, 38.44976130004617 ], [ 20.5567958, 38.451319600046403 ], [ 20.555448, 38.451510000046419 ], [ 20.55504, 38.452041000046506 ], [ 20.555014, 38.45258300004658 ], [ 20.554932, 38.452701000046581 ], [ 20.5551351, 38.453484500046713 ], [ 20.5567351, 38.45365100004674 ], [ 20.5569578, 38.45433300004683 ], [ 20.5576546, 38.454418000046836 ], [ 20.559503397380897, 38.454042878125058 ], [ 20.559503397380897, 38.453705826574094 ], [ 20.5592733, 38.453820600046754 ], [ 20.5582506, 38.453610400046735 ], [ 20.5584227, 38.453233800046675 ], [ 20.5585594, 38.452163200046527 ], [ 20.559503397380897, 38.452171766135507 ], [ 20.559503397380897, 38.449415375323966 ], [ 20.557799941222132, 38.449415375323966 ], [ 20.5576536, 38.449563100046142 ] ] ] } },
{ "type": "Feature", "properties": { "osm_id": 288154212, "name": null, "label": "building:yes", "landuse": null, "building": "yes", "leisure": null, "natural": null, "amenity": null, "shop": null, "tourism": null, "historic": null }, "geometry": { "type": "Polygon", "coordinates": [ [ [ 20.5582622, 38.458349200047422 ], [ 20.558302, 38.458326400047397 ], [ 20.5582711, 38.458293500047404 ], [ 20.5582314, 38.458316400047401 ], [ 20.5582622, 38.458349200047422 ] ] ] } },
{ "type": "Feature", "properties": { "osm_id": 288154208, "name": null, "label": "building:yes", "landuse": null, "building": "yes", "leisure": null, "natural": null, "amenity": null, "shop": null, "tourism": null, "historic": null }, "geometry": { "type": "Polygon", "coordinates": [ [ [ 20.5589007, 38.458245000047398 ], [ 20.5589914, 38.458237200047407 ], [ 20.5589747, 38.458117400047378 ], [ 20.558884, 38.458125200047391 ], [ 20.5589007, 38.458245000047398 ] ] ] } },
{ "type": "Feature", "properties": { "osm_id": 288154192, "name": null, "label": "building:yes", "landuse": null, "building": "yes", "leisure": null, "natural": null, "amenity": null, "shop": null, "tourism": null, "historic": null }, "geometry": { "type": "Polygon", "coordinates": [ [ [ 20.5591586, 38.457890400047347 ], [ 20.5592001, 38.457855400047336 ], [ 20.5590898, 38.457775000047334 ], [ 20.5590482, 38.457810000047346 ], [ 20.5591586, 38.457890400047347 ] ] ] } },
{ "type": "Feature", "properties": { "osm_id": 288154213, "name": null, "label": "building:yes", "landuse": null, "building": "yes", "leisure": null, "natural": null, "amenity": null, "shop": null, "tourism": null, "historic": null }, "geometry": { "type": "Polygon", "coordinates": [ [ [ 20.5594666, 38.457818900047343 ], [ 20.5594971, 38.457783000047336 ], [ 20.5594236, 38.457744600047327 ], [ 20.5593931, 38.457780500047328 ], [ 20.5594666, 38.457818900047343 ] ] ] } },
{ "type": "Feature", "properties": { "osm_id": 288154189, "name": null, "label": "building:yes", "landuse": null, "building": "yes", "leisure": null, "natural": null, "amenity": null, "shop": null, "tourism": null, "historic": null }, "geometry": { "type": "Polygon", "coordinates": [ [ [ 20.5594449, 38.457675500047323 ], [ 20.5594252, 38.457724300047325 ], [ 20.559503397380897, 38.457743636129841 ], [ 20.559503397380897, 38.457689964856876 ], [ 20.5594449, 38.457675500047323 ] ] ] } },
{ "type": "Feature", "properties": { "osm_id": 288154214, "name": null, "label": "building:yes", "landuse": null, "building": "yes", "leisure": null, "natural": null, "amenity": null, "shop": null, "tourism": null, "historic": null }, "geometry": { "type": "Polygon", "coordinates": [ [ [ 20.5594677, 38.458083400047386 ], [ 20.5594813, 38.458137300047376 ], [ 20.559503397380897, 38.458133869708334 ], [ 20.559503397380897, 38.458077881222096 ], [ 20.5594677, 38.458083400047386 ] ] ] } },
{ "type": "Feature", "properties": { "osm_id": 288987907, "name": null, "label": "building:yes", "landuse": null, "building": "yes", "leisure": null, "natural": null, "amenity": null, "shop": null, "tourism": null, "historic": null }, "geometry": { "type": "Polygon", "coordinates": [ [ [ 20.5595006, 38.458617200047456 ], [ 20.559503397380897, 38.458627019428143 ], [ 20.559503397380897, 38.458616712188139 ], [ 20.5595006, 38.458617200047456 ] ] ] } },
{ "type": "Feature", "properties": { "osm_id": 288154201, "name": null, "label": "building:yes", "landuse": null, "building": "yes", "leisure": null, "natural": null, "amenity": null, "shop": null, "tourism": null, "historic": null }, "geometry": { "type": "Polygon", "coordinates": [ [ [ 20.5594907, 38.457491000047291 ], [ 20.559503397380897, 38.457496093051176 ], [ 20.559503397380897, 38.45747157495255 ], [ 20.5594907, 38.457491000047291 ] ] ] } },
{ "type": "Feature", "properties": { "osm_id": 288967990, "name": null, "label": "natural:scrub", "landuse": null, "building": null, "leisure": null, "natural": "scrub", "amenity": null, "shop": null, "tourism": null, "historic": null }, "geometry": { "type": "Polygon", "coordinates": [ [ [ 20.5585594, 38.452163200046527 ], [ 20.5584227, 38.453233800046675 ], [ 20.5582506, 38.453610400046735 ], [ 20.5592733, 38.453820600046754 ], [ 20.559503397380897, 38.453705826574094 ], [ 20.559503397380897, 38.452171766135507 ], [ 20.5585594, 38.452163200046527 ] ] ] } },
{ "type": "Feature", "properties": { "osm_id": 289065517, "name": null, "label": "natural:wood", "landuse": null, "building": null, "leisure": null, "natural": "wood", "amenity": null, "shop": null, "tourism": null, "historic": null }, "geometry": { "type": "Polygon", "coordinates": [ [ [ 20.5594547, 38.458684300047473 ], [ 20.5594339, 38.458612000047452 ], [ 20.5593959, 38.458623200047455 ], [ 20.5584076, 38.459072300047524 ], [ 20.5580674, 38.459678700047611 ], [ 20.5577919, 38.459759900047615 ], [ 20.5571828, 38.459846200047636 ], [ 20.5564828, 38.459960400047635 ], [ 20.5560292, 38.460221700047683 ], [ 20.555683, 38.46046690004772 ], [ 20.5554103, 38.46070380004776 ], [ 20.5552059, 38.4609735000478 ], [ 20.5554592, 38.461278900047844 ], [ 20.5553225, 38.461387800047859 ], [ 20.5549637, 38.461250900047844 ], [ 20.5548359, 38.461342100047851 ], [ 20.5540355, 38.461735400047893 ], [ 20.5535646, 38.462184900047951 ], [ 20.5540153, 38.462672900048048 ], [ 20.554298, 38.462715500048041 ], [ 20.5545569, 38.462747800048056 ], [ 20.554754, 38.462579100048025 ], [ 20.5549465, 38.462527100048014 ], [ 20.5553703, 38.46256650004802 ], [ 20.5558021, 38.46271930004805 ], [ 20.5561222, 38.462400100048001 ], [ 20.5561906, 38.462222100047981 ], [ 20.5563441, 38.462304600048 ], [ 20.5566122, 38.462342300047993 ], [ 20.5567635, 38.462426600048005 ], [ 20.5567176, 38.462719000048061 ], [ 20.5571255, 38.462749500048048 ], [ 20.5579664, 38.462839300048067 ], [ 20.5583055, 38.462824900048062 ], [ 20.558498, 38.462702900048029 ], [ 20.5586881, 38.462672400048042 ], [ 20.5584957, 38.46214670004796 ], [ 20.558475, 38.461951200047935 ], [ 20.558817, 38.462031000047944 ], [ 20.5592367, 38.461974400047957 ], [ 20.5590516, 38.461734400047909 ], [ 20.5589767, 38.461457500047864 ], [ 20.5591387, 38.461406700047853 ], [ 20.5590124, 38.461003300047786 ], [ 20.5593753, 38.461016000047799 ], [ 20.559503397380897, 38.461285622488553 ], [ 20.559503397380897, 38.458687507057739 ], [ 20.5594547, 38.458684300047473 ] ] ] } },
{ "type": "Feature", "properties": { "osm_id": 288597533, "name": null, "label": "landuse:residential", "landuse": "residential", "building": null, "leisure": null, "natural": null, "amenity": null, "shop": null, "tourism": null, "historic": null }, "geometry": { "type": "Polygon", "coordinates": [ [ [ 20.5518404, 38.459867500047643 ], [ 20.5519009, 38.460114300047664 ], [ 20.5520904, 38.460506300047726 ], [ 20.552266, 38.460815100047768 ], [ 20.5525335, 38.46118440004782 ], [ 20.5527399, 38.461706200047907 ], [ 20.5528786, 38.461934000047933 ], [ 20.5531627, 38.462024100047934 ], [ 20.5529462, 38.461592300047869 ], [ 20.5531526, 38.461515500047874 ], [ 20.5530477, 38.461287700047833 ], [ 20.5527466, 38.461266500047834 ], [ 20.5528278, 38.461030800047808 ], [ 20.5534604, 38.460604300047734 ], [ 20.5534739, 38.460286500047701 ], [ 20.5527263, 38.460273200047702 ], [ 20.5526857, 38.460032200047664 ], [ 20.5527094, 38.459783200047617 ], [ 20.5531356, 38.45971690004761 ], [ 20.553139, 38.45947330004757 ], [ 20.5527591, 38.459490100047567 ], [ 20.5523549, 38.459463800047587 ], [ 20.5521468, 38.459533100047587 ], [ 20.5520001, 38.459530400047569 ], [ 20.5518574, 38.459491000047585 ], [ 20.5518265, 38.459732800047604 ], [ 20.5518404, 38.459867500047643 ] ] ] } },
{ "type": "Feature", "properties": { "osm_id": 288182027, "name": null, "label": "landuse:residential", "landuse": "residential", "building": null, "leisure": null, "natural": null, "amenity": null, "shop": null, "tourism": null, "historic": null }, "geometry": { "type": "Polygon", "coordinates": [ [ [ 20.5499395, 38.460409700047705 ], [ 20.5499345, 38.460598100047733 ], [ 20.5499922, 38.460657000047739 ], [ 20.5500924, 38.460882600047775 ], [ 20.550571, 38.460788400047768 ], [ 20.5507389, 38.461014100047805 ], [ 20.55119, 38.460963100047792 ], [ 20.551165, 38.461237800047833 ], [ 20.5508317, 38.461512500047867 ], [ 20.5508141, 38.462179700047969 ], [ 20.55117, 38.462246400047981 ], [ 20.5513203, 38.462156100047956 ], [ 20.5513654, 38.462008400047942 ], [ 20.5515359, 38.461449700047858 ], [ 20.5521623, 38.46149880004787 ], [ 20.5521498, 38.46131040004785 ], [ 20.5524205, 38.461265300047835 ], [ 20.5523156, 38.461038600047807 ], [ 20.5521592, 38.460776600047751 ], [ 20.5520314, 38.460630200047753 ], [ 20.5519906, 38.460551600047729 ], [ 20.5518961, 38.460369500047712 ], [ 20.5517975, 38.460113100047671 ], [ 20.551788, 38.460088300047659 ], [ 20.5514455, 38.460089200047662 ], [ 20.5513518, 38.460145800047677 ], [ 20.5511452, 38.460061900047656 ], [ 20.5507375, 38.459883800047635 ], [ 20.5506923, 38.459859000047629 ], [ 20.5505113, 38.459885700047629 ], [ 20.5501375, 38.460019200047654 ], [ 20.5499596, 38.459842600047644 ], [ 20.5496689, 38.460162500047673 ], [ 20.5499395, 38.460409700047705 ] ] ] } },
{ "type": "Feature", "properties": { "osm_id": 227295480, "name": "Dafnoudi beach", "label": "natural:beach", "landuse": null, "building": null, "leisure": null, "natural": "beach", "amenity": null, "shop": null, "tourism": null, "historic": null }, "geometry": { "type": "Polygon", "coordinates": [ [ [ 20.5484846, 38.471773800049355 ], [ 20.5486252, 38.471465800049295 ], [ 20.5484234, 38.471454000049306 ], [ 20.5482272, 38.471594300049318 ], [ 20.5484846, 38.471773800049355 ] ] ] } },
{ "type": "Feature", "properties": { "osm_id": 288987952, "name": null, "label": "natural:wood", "landuse": null, "building": null, "leisure": null, "natural": "wood", "amenity": null, "shop": null, "tourism": null, "historic": null }, "geometry": { "type": "Polygon", "coordinates": [ [ [ 20.5488074, 38.472103100049395 ], [ 20.5481839, 38.471617100049336 ], [ 20.5480582, 38.471512500049315 ], [ 20.5480844, 38.471420200049295 ], [ 20.5450511, 38.468910700048944 ], [ 20.5448448, 38.468829500048926 ], [ 20.5449823, 38.468195500048836 ], [ 20.5450651, 38.468057400048814 ], [ 20.5451305, 38.467785600048778 ], [ 20.5458327, 38.467405100048715 ], [ 20.5458955, 38.467031900048667 ], [ 20.5445806, 38.467044200048662 ], [ 20.545555, 38.465624900048461 ], [ 20.5462465, 38.465674100048467 ], [ 20.5472065, 38.464116100048237 ], [ 20.5482334, 38.462967500048073 ], [ 20.5483224, 38.461306100047828 ], [ 20.5486656, 38.460360600047714 ], [ 20.5476911, 38.460116500047668 ], [ 20.5475313, 38.460018000047661 ], [ 20.5471646, 38.459983200047652 ], [ 20.5469629, 38.459931900047636 ], [ 20.5467509, 38.459771000047617 ], [ 20.5465035, 38.459836200047633 ], [ 20.5461595, 38.460275700047688 ], [ 20.545871, 38.460393500047715 ], [ 20.5451135, 38.460578100047741 ], [ 20.5439096, 38.460342400047708 ], [ 20.542388, 38.460408000047721 ], [ 20.542325, 38.46079000004778 ], [ 20.542271, 38.460998000047788 ], [ 20.541954, 38.461129000047812 ], [ 20.541865, 38.461126000047813 ], [ 20.541333, 38.461110000047803 ], [ 20.541072, 38.460998000047788 ], [ 20.5407759, 38.46094900004779 ], [ 20.5405299, 38.4617008000479 ], [ 20.5409857, 38.463239100048128 ], [ 20.540598, 38.463481100048163 ], [ 20.5403413, 38.463481100048163 ], [ 20.5401003, 38.463739500048192 ], [ 20.5396655, 38.4638667000482 ], [ 20.5393302, 38.465056300048388 ], [ 20.5384082, 38.465528000048444 ], [ 20.5381096, 38.466163800048534 ], [ 20.5380205, 38.466455100048577 ], [ 20.5381462, 38.466959600048661 ], [ 20.5383348, 38.46753790004874 ], [ 20.538251, 38.467985000048813 ], [ 20.5379524, 38.46805890004881 ], [ 20.5378529, 38.468407500048862 ], [ 20.537879, 38.469564200049042 ], [ 20.5387068, 38.469978500049088 ], [ 20.5394664, 38.470204100049116 ], [ 20.5396341, 38.471081800049255 ], [ 20.5398698, 38.472000600049391 ], [ 20.540494174803317, 38.472599831443326 ], [ 20.549088878288821, 38.472599831443326 ], [ 20.5488074, 38.472103100049395 ] ] ] } },
{ "type": "Feature", "properties": { "osm_id": 288987931, "name": null, "label": "natural:grassland", "landuse": null, "building": null, "leisure": null, "natural": "grassland", "amenity": null, "shop": null, "tourism": null, "historic": null }, "geometry": { "type": "Polygon", "coordinates": [ [ [ 20.5450511, 38.468910700048944 ], [ 20.5453909, 38.468550300048875 ], [ 20.5456057, 38.468267300048844 ], [ 20.5460143, 38.467984200048797 ], [ 20.5459934, 38.467754500048756 ], [ 20.5459331, 38.467569900048751 ], [ 20.5462134, 38.46735870004872 ], [ 20.5464885, 38.467350500048703 ], [ 20.5469102, 38.466967000048655 ], [ 20.5468358, 38.466800400048648 ], [ 20.5468225, 38.46679260004862 ], [ 20.5467523, 38.466751400048629 ], [ 20.5465226, 38.466978700048649 ], [ 20.5462265, 38.467264400048698 ], [ 20.5456738, 38.467590500048736 ], [ 20.5453752, 38.467781200048776 ], [ 20.5450651, 38.468057400048814 ], [ 20.5449823, 38.468195500048836 ], [ 20.5448448, 38.468829500048926 ], [ 20.5450511, 38.468910700048944 ] ] ] } },
{ "type": "Feature", "properties": { "osm_id": 1161635817, "name": null, "label": "building:yes", "landuse": null, "building": "yes", "leisure": null, "natural": null, "amenity": null, "shop": null, "tourism": null, "historic": null }, "geometry": { "type": "Polygon", "coordinates": [ [ [ 20.5477133, 38.465828400048487 ], [ 20.547779, 38.465827600048492 ], [ 20.5477769, 38.465728000048486 ], [ 20.5477112, 38.465728800048488 ], [ 20.5477133, 38.465828400048487 ] ] ] } },
{ "type": "Feature", "properties": { "osm_id": 1161635815, "name": null, "label": "building:yes", "landuse": null, "building": "yes", "leisure": null, "natural": null, "amenity": null, "shop": null, "tourism": null, "historic": null }, "geometry": { "type": "Polygon", "coordinates": [ [ [ 20.5489467, 38.465540400048454 ], [ 20.5489697, 38.465480700048431 ], [ 20.5488528, 38.465453100048435 ], [ 20.5488298, 38.465512800048437 ], [ 20.5489467, 38.465540400048454 ] ] ] } },
{ "type": "Feature", "properties": { "osm_id": 288182024, "name": null, "label": "landuse:residential", "landuse": "residential", "building": null, "leisure": null, "natural": null, "amenity": null, "shop": null, "tourism": null, "historic": null }, "geometry": { "type": "Polygon", "coordinates": [ [ [ 20.549578, 38.464939500048366 ], [ 20.5498315, 38.464889000048359 ], [ 20.5499767, 38.464928700048368 ], [ 20.5498688, 38.465060600048375 ], [ 20.5504561, 38.465423100048433 ], [ 20.5506451, 38.465293200048414 ], [ 20.5504883, 38.465103700048388 ], [ 20.5503339, 38.464849300048336 ], [ 20.5502994, 38.464766300048339 ], [ 20.5501219, 38.464777100048337 ], [ 20.5500343, 38.464549800048296 ], [ 20.5497412, 38.464582700048311 ], [ 20.5494974, 38.464686900048314 ], [ 20.5493453, 38.464769900048339 ], [ 20.549578, 38.464939500048366 ] ] ] } },
{ "type": "Feature", "properties": { "osm_id": 289065495, "name": null, "label": "building:yes", "landuse": null, "building": "yes", "leisure": null, "natural": null, "amenity": null, "shop": null, "tourism": null, "historic": null }, "geometry": { "type": "Polygon", "coordinates": [ [ [ 20.5495476, 38.464851000048348 ], [ 20.5496009, 38.464799500048343 ], [ 20.5495067, 38.464739800048321 ], [ 20.5494534, 38.464791400048334 ], [ 20.5495476, 38.464851000048348 ] ] ] } },
{ "type": "Feature", "properties": { "osm_id": 1161635814, "name": null, "label": "building:yes", "landuse": null, "building": "yes", "leisure": null, "natural": null, "amenity": null, "shop": null, "tourism": null, "historic": null }, "geometry": { "type": "Polygon", "coordinates": [ [ [ 20.548981, 38.465282800048421 ], [ 20.5490475, 38.465171700048394 ], [ 20.5489639, 38.465141100048385 ], [ 20.5488975, 38.465252100048403 ], [ 20.548981, 38.465282800048421 ] ] ] } },
{ "type": "Feature", "properties": { "osm_id": 1161635816, "name": null, "label": "building:yes", "landuse": null, "building": "yes", "leisure": null, "natural": null, "amenity": null, "shop": null, "tourism": null, "historic": null }, "geometry": { "type": "Polygon", "coordinates": [ [ [ 20.5483546, 38.464706900048341 ], [ 20.5483956, 38.464632500048317 ], [ 20.5483177, 38.464606200048308 ], [ 20.5482768, 38.464680600048325 ], [ 20.5483546, 38.464706900048341 ] ] ] } },
{ "type": "Feature", "properties": { "osm_id": 288597457, "name": null, "label": "building:residential", "landuse": null, "building": "residential", "leisure": null, "natural": null, "amenity": null, "shop": null, "tourism": null, "historic": null }, "geometry": { "type": "Polygon", "coordinates": [ [ [ 20.5510439, 38.462043400047932 ], [ 20.5512011, 38.462043400047932 ], [ 20.5512011, 38.461862200047918 ], [ 20.5510439, 38.461862200047918 ], [ 20.5510439, 38.462043400047932 ] ] ] } },
{ "type": "Feature", "properties": { "osm_id": 289065494, "name": null, "label": "building:yes", "landuse": null, "building": "yes", "leisure": null, "natural": null, "amenity": null, "shop": null, "tourism": null, "historic": null }, "geometry": { "type": "Polygon", "coordinates": [ [ [ 20.5509168, 38.462674300048036 ], [ 20.5509507, 38.462570800048027 ], [ 20.5508633, 38.462553200048021 ], [ 20.5508294, 38.46265680004803 ], [ 20.5509168, 38.462674300048036 ] ] ] } },
{ "type": "Feature", "properties": { "osm_id": 686496351, "name": null, "label": "leisure:swimming_pool", "landuse": null, "building": null, "leisure": "swimming_pool", "natural": null, "amenity": null, "shop": null, "tourism": null, "historic": null }, "geometry": { "type": "Polygon", "coordinates": [ [ [ 20.5507447, 38.463007300048091 ], [ 20.550757, 38.462939300048085 ], [ 20.5507246, 38.462934500048078 ], [ 20.5507071, 38.463002500048084 ], [ 20.5507447, 38.463007300048091 ] ] ] } },
{ "type": "Feature", "properties": { "osm_id": 289065490, "name": null, "label": "building:yes", "landuse": null, "building": "yes", "leisure": null, "natural": null, "amenity": null, "shop": null, "tourism": null, "historic": null }, "geometry": { "type": "Polygon", "coordinates": [ [ [ 20.5510049, 38.462869700048067 ], [ 20.5510116, 38.462741500048054 ], [ 20.5509415, 38.462739300048042 ], [ 20.5509348, 38.462867400048054 ], [ 20.5510049, 38.462869700048067 ] ] ] } },
{ "type": "Feature", "properties": { "osm_id": 289065493, "name": null, "label": "building:yes", "landuse": null, "building": "yes", "leisure": null, "natural": null, "amenity": null, "shop": null, "tourism": null, "historic": null }, "geometry": { "type": "Polygon", "coordinates": [ [ [ 20.5509606, 38.463061000048107 ], [ 20.5509942, 38.462922300048078 ], [ 20.5508967, 38.462907800048072 ], [ 20.550863, 38.463046500048101 ], [ 20.5509606, 38.463061000048107 ] ] ] } },
{ "type": "Feature", "properties": { "osm_id": 289065489, "name": null, "label": "building:yes", "landuse": null, "building": "yes", "leisure": null, "natural": null, "amenity": null, "shop": null, "tourism": null, "historic": null }, "geometry": { "type": "Polygon", "coordinates": [ [ [ 20.5506724, 38.463273900048115 ], [ 20.5506776, 38.463205300048102 ], [ 20.5505251, 38.463198300048113 ], [ 20.55052, 38.463266800048132 ], [ 20.5506724, 38.463273900048115 ] ] ] } },
{ "type": "Feature", "properties": { "osm_id": 289065491, "name": null, "label": "building:yes", "landuse": null, "building": "yes", "leisure": null, "natural": null, "amenity": null, "shop": null, "tourism": null, "historic": null }, "geometry": { "type": "Polygon", "coordinates": [ [ [ 20.5503361, 38.4638041000482 ], [ 20.5503563, 38.463725100048187 ], [ 20.5501769, 38.463697000048185 ], [ 20.5501568, 38.463776000048213 ], [ 20.5503361, 38.4638041000482 ] ] ] } },
{ "type": "Feature", "properties": { "osm_id": 289065502, "name": null, "label": "building:yes", "landuse": null, "building": "yes", "leisure": null, "natural": null, "amenity": null, "shop": null, "tourism": null, "historic": null }, "geometry": { "type": "Polygon", "coordinates": [ [ [ 20.5504325, 38.463962100048235 ], [ 20.5504592, 38.463878600048197 ], [ 20.5503874, 38.463864600048218 ], [ 20.5503608, 38.463948000048227 ], [ 20.5504325, 38.463962100048235 ] ] ] } },
{ "type": "Feature", "properties": { "osm_id": 289065496, "name": null, "label": "building:yes", "landuse": null, "building": "yes", "leisure": null, "natural": null, "amenity": null, "shop": null, "tourism": null, "historic": null }, "geometry": { "type": "Polygon", "coordinates": [ [ [ 20.5501746, 38.464236400048264 ], [ 20.550212, 38.464180500048258 ], [ 20.5500788, 38.464125900048245 ], [ 20.5500414, 38.464181800048259 ], [ 20.5501746, 38.464236400048264 ] ] ] } },
{ "type": "Feature", "properties": { "osm_id": 289065499, "name": null, "label": "building:yes", "landuse": null, "building": "yes", "leisure": null, "natural": null, "amenity": null, "shop": null, "tourism": null, "historic": null }, "geometry": { "type": "Polygon", "coordinates": [ [ [ 20.5501159, 38.464437500048291 ], [ 20.5501536, 38.464372400048283 ], [ 20.5500378, 38.46433140004828 ], [ 20.5500002, 38.464396600048296 ], [ 20.5501159, 38.464437500048291 ] ] ] } },
{ "type": "Feature", "properties": { "osm_id": 289065501, "name": null, "label": "building:yes", "landuse": null, "building": "yes", "leisure": null, "natural": null, "amenity": null, "shop": null, "tourism": null, "historic": null }, "geometry": { "type": "Polygon", "coordinates": [ [ [ 20.5501126, 38.464993200048376 ], [ 20.5501719, 38.46494280004837 ], [ 20.5500598, 38.464862000048349 ], [ 20.5500005, 38.464912500048364 ], [ 20.5501126, 38.464993200048376 ] ] ] } },
{ "type": "Feature", "properties": { "osm_id": 289065488, "name": null, "label": "building:yes", "landuse": null, "building": "yes", "leisure": null, "natural": null, "amenity": null, "shop": null, "tourism": null, "historic": null }, "geometry": { "type": "Polygon", "coordinates": [ [ [ 20.550348, 38.465307500048418 ], [ 20.5504467, 38.465214400048403 ], [ 20.5503614, 38.465159000048409 ], [ 20.5502628, 38.465252100048403 ], [ 20.550348, 38.465307500048418 ] ] ] } },
{ "type": "Feature", "properties": { "osm_id": 686496353, "name": null, "label": "leisure:swimming_pool", "landuse": null, "building": null, "leisure": "swimming_pool", "natural": null, "amenity": null, "shop": null, "tourism": null, "historic": null }, "geometry": { "type": "Polygon", "coordinates": [ [ [ 20.5504704, 38.465377700048428 ], [ 20.5504835, 38.465382600048429 ], [ 20.5505021, 38.465380100048435 ], [ 20.5505246, 38.465369200048428 ], [ 20.5505369, 38.465359500048415 ], [ 20.5505431, 38.465337100048423 ], [ 20.5505385, 38.465325600048423 ], [ 20.5505307, 38.465318300048416 ], [ 20.5505215, 38.46531530004841 ], [ 20.5505083, 38.465317700048416 ], [ 20.5504998, 38.465322000048424 ], [ 20.5504951, 38.465332300048424 ], [ 20.5504866, 38.465342000048423 ], [ 20.5504642, 38.465351700048423 ], [ 20.5504611, 38.465363800048422 ], [ 20.5504704, 38.465377700048428 ] ] ] } },
{ "type": "Feature", "properties": { "osm_id": 289065497, "name": null, "label": "building:yes", "landuse": null, "building": "yes", "leisure": null, "natural": null, "amenity": null, "shop": null, "tourism": null, "historic": null }, "geometry": { "type": "Polygon", "coordinates": [ [ [ 20.5508294, 38.464107800048239 ], [ 20.5508572, 38.464017100048224 ], [ 20.5507451, 38.46399600004824 ], [ 20.5507173, 38.464086700048242 ], [ 20.5508294, 38.464107800048239 ] ] ] } },
{ "type": "Feature", "properties": { "osm_id": 289065492, "name": null, "label": "building:yes", "landuse": null, "building": "yes", "leisure": null, "natural": null, "amenity": null, "shop": null, "tourism": null, "historic": null }, "geometry": { "type": "Polygon", "coordinates": [ [ [ 20.5515285, 38.463766800048198 ], [ 20.5515564, 38.463702100048188 ], [ 20.5514343, 38.463669900048181 ], [ 20.5514064, 38.46373450004819 ], [ 20.5515285, 38.463766800048198 ] ] ] } },
{ "type": "Feature", "properties": { "osm_id": 288183783, "name": null, "label": "landuse:residential", "landuse": "residential", "building": null, "leisure": null, "natural": null, "amenity": null, "shop": null, "tourism": null, "historic": null }, "geometry": { "type": "Polygon", "coordinates": [ [ [ 20.5511973, 38.464966500048369 ], [ 20.5516645, 38.464874300048351 ], [ 20.5515851, 38.464627500048323 ], [ 20.5511179, 38.464719600048333 ], [ 20.5511973, 38.464966500048369 ] ] ] } },
{ "type": "Feature", "properties": { "osm_id": 289065506, "name": null, "label": "building:yes", "landuse": null, "building": "yes", "leisure": null, "natural": null, "amenity": null, "shop": null, "tourism": null, "historic": null }, "geometry": { "type": "Polygon", "coordinates": [ [ [ 20.5512651, 38.46483350004835 ], [ 20.5513637, 38.464803600048349 ], [ 20.5513236, 38.464722300048329 ], [ 20.5512249, 38.464752100048329 ], [ 20.5512651, 38.46483350004835 ] ] ] } },
{ "type": "Feature", "properties": { "osm_id": 686496352, "name": null, "label": "leisure:swimming_pool", "landuse": null, "building": null, "leisure": "swimming_pool", "natural": null, "amenity": null, "shop": null, "tourism": null, "historic": null }, "geometry": { "type": "Polygon", "coordinates": [ [ [ 20.5514104, 38.464825300048346 ], [ 20.5514173, 38.464825300048346 ], [ 20.5514274, 38.464824100048354 ], [ 20.5514328, 38.464833200048346 ], [ 20.5514994, 38.464813800048347 ], [ 20.5514824, 38.464779800048333 ], [ 20.5514142, 38.464799800048354 ], [ 20.5514212, 38.464808900048354 ], [ 20.5514104, 38.464811300048332 ], [ 20.551405, 38.464818000048339 ], [ 20.5514104, 38.464825300048346 ] ] ] } },
{ "type": "Feature", "properties": { "osm_id": 289065500, "name": null, "label": "building:yes", "landuse": null, "building": "yes", "leisure": null, "natural": null, "amenity": null, "shop": null, "tourism": null, "historic": null }, "geometry": { "type": "Polygon", "coordinates": [ [ [ 20.5517946, 38.463995100048223 ], [ 20.5519157, 38.463949400048214 ], [ 20.5518766, 38.463885700048209 ], [ 20.5517555, 38.463931400048224 ], [ 20.5517946, 38.463995100048223 ] ] ] } },
{ "type": "Feature", "properties": { "osm_id": 289065505, "name": null, "label": "building:yes", "landuse": null, "building": "yes", "leisure": null, "natural": null, "amenity": null, "shop": null, "tourism": null, "historic": null }, "geometry": { "type": "Polygon", "coordinates": [ [ [ 20.5520637, 38.463975700048223 ], [ 20.5521691, 38.463974000048225 ], [ 20.5521662, 38.463870200048206 ], [ 20.5520609, 38.463872000048212 ], [ 20.5520637, 38.463975700048223 ] ] ] } },
{ "type": "Feature", "properties": { "osm_id": 289065509, "name": null, "label": "landuse:residential", "landuse": "residential", "building": null, "leisure": null, "natural": null, "amenity": null, "shop": null, "tourism": null, "historic": null }, "geometry": { "type": "Polygon", "coordinates": [ [ [ 20.5499601, 38.463661000048191 ], [ 20.5499823, 38.463939000048221 ], [ 20.5500203, 38.463998600048214 ], [ 20.5498111, 38.464318900048276 ], [ 20.5499614, 38.464485700048293 ], [ 20.5501603, 38.464461100048297 ], [ 20.550365, 38.464364500048276 ], [ 20.5504637, 38.464313600048271 ], [ 20.5507596, 38.464276800048275 ], [ 20.5510982, 38.463985300048222 ], [ 20.551596, 38.463883500048212 ], [ 20.5515489, 38.464280300048266 ], [ 20.5519341, 38.464329600048281 ], [ 20.5523215, 38.464128400048253 ], [ 20.5524204, 38.463784700048187 ], [ 20.5526576, 38.463818800048202 ], [ 20.5529569, 38.463765900048195 ], [ 20.5529278, 38.463472700048143 ], [ 20.5524771, 38.46344290004815 ], [ 20.5517888, 38.463458700048136 ], [ 20.5515421, 38.463476200048163 ], [ 20.5514406, 38.463449500048156 ], [ 20.551365, 38.463374400048146 ], [ 20.5513336, 38.463095200048095 ], [ 20.5512193, 38.462791500048056 ], [ 20.551217, 38.462563300048025 ], [ 20.5507058, 38.462514100048018 ], [ 20.5505489, 38.463051400048087 ], [ 20.5504471, 38.463047400048097 ], [ 20.5502731, 38.463190000048108 ], [ 20.5497955, 38.463078700048094 ], [ 20.5497193, 38.463619400048167 ], [ 20.5499601, 38.463661000048191 ] ] ] } },
{ "type": "Feature", "properties": { "osm_id": 288597473, "name": null, "label": "building:yes", "landuse": null, "building": "yes", "leisure": null, "natural": null, "amenity": null, "shop": null, "tourism": null, "historic": null }, "geometry": { "type": "Polygon", "coordinates": [ [ [ 20.5516313, 38.462224600047968 ], [ 20.5516337, 38.462162800047963 ], [ 20.5514928, 38.462159300047979 ], [ 20.5514903, 38.462221100047977 ], [ 20.5516313, 38.462224600047968 ] ] ] } },
{ "type": "Feature", "properties": { "osm_id": 288597519, "name": null, "label": "building:yes", "landuse": null, "building": "yes", "leisure": null, "natural": null, "amenity": null, "shop": null, "tourism": null, "historic": null }, "geometry": { "type": "Polygon", "coordinates": [ [ [ 20.5520206, 38.462425200048003 ], [ 20.5520148, 38.462485100048021 ], [ 20.5520658, 38.462488200048014 ], [ 20.5520717, 38.46242830004801 ], [ 20.5521412, 38.462432400047994 ], [ 20.552146, 38.462382700047989 ], [ 20.5520065, 38.462374400047999 ], [ 20.5520017, 38.462424100048011 ], [ 20.5520206, 38.462425200048003 ] ] ] } },
{ "type": "Feature", "properties": { "osm_id": 288597518, "name": null, "label": "building:yes", "landuse": null, "building": "yes", "leisure": null, "natural": null, "amenity": null, "shop": null, "tourism": null, "historic": null }, "geometry": { "type": "Polygon", "coordinates": [ [ [ 20.5521117, 38.462002800047934 ], [ 20.552112, 38.461954900047935 ], [ 20.5521691, 38.461955100047923 ], [ 20.5521694, 38.461899200047924 ], [ 20.5520454, 38.461898100047911 ], [ 20.5520448, 38.462002600047931 ], [ 20.5521117, 38.462002800047934 ] ] ] } },
{ "type": "Feature", "properties": { "osm_id": 289065508, "name": null, "label": "landuse:residential", "landuse": "residential", "building": null, "leisure": null, "natural": null, "amenity": null, "shop": null, "tourism": null, "historic": null }, "geometry": { "type": "Polygon", "coordinates": [ [ [ 20.5514432, 38.462287400047977 ], [ 20.5520261, 38.462615700048026 ], [ 20.552145, 38.462847400048055 ], [ 20.5525889, 38.462928200048076 ], [ 20.5530351, 38.462954500048077 ], [ 20.5532705, 38.4630616000481 ], [ 20.553349, 38.463221400048127 ], [ 20.553934, 38.463138100048113 ], [ 20.5544034, 38.463024600048087 ], [ 20.5543184, 38.462787800048041 ], [ 20.5539838, 38.462782400048042 ], [ 20.5537952, 38.462650800048031 ], [ 20.55376, 38.462571600048022 ], [ 20.5534409, 38.462153200047972 ], [ 20.5537956, 38.46186180004792 ], [ 20.5541113, 38.46159870004788 ], [ 20.554017, 38.461401800047845 ], [ 20.5533702, 38.461856200047933 ], [ 20.5531627, 38.462024100047934 ], [ 20.5528786, 38.461934000047933 ], [ 20.5525867, 38.461886700047927 ], [ 20.551849, 38.46185510004792 ], [ 20.551784, 38.46200820004794 ], [ 20.5517593, 38.462127600047964 ], [ 20.5513654, 38.462008400047942 ], [ 20.5513203, 38.462156100047956 ], [ 20.5514432, 38.462287400047977 ] ] ] } },
{ "type": "Feature", "properties": { "osm_id": 288597464, "name": "The Old Stone House", "label": "amenity:restaurant;building:yes", "landuse": null, "building": "yes", "leisure": null, "natural": null, "amenity": "restaurant", "shop": null, "tourism": null, "historic": null }, "geometry": { "type": "Polygon", "coordinates": [ [ [ 20.5527463, 38.462399400048 ], [ 20.5528756, 38.462391600047994 ], [ 20.5528614, 38.462247000047974 ], [ 20.5527321, 38.46225480004798 ], [ 20.5527463, 38.462399400048 ] ] ] } },
{ "type": "Feature", "properties": { "osm_id": 288597508, "name": null, "label": "shop:convenience;building:yes", "landuse": null, "building": "yes", "leisure": null, "natural": null, "amenity": null, "shop": "convenience", "tourism": null, "historic": null }, "geometry": { "type": "Polygon", "coordinates": [ [ [ 20.5528269, 38.462568000048023 ], [ 20.552833, 38.462490200048002 ], [ 20.5527396, 38.462485700047999 ], [ 20.5527335, 38.462563600048036 ], [ 20.5528269, 38.462568000048023 ] ] ] } },
{ "type": "Feature", "properties": { "osm_id": 1161635812, "name": null, "label": "building:yes", "landuse": null, "building": "yes", "leisure": null, "natural": null, "amenity": null, "shop": null, "tourism": null, "historic": null }, "geometry": { "type": "Polygon", "coordinates": [ [ [ 20.552392, 38.462899600048075 ], [ 20.5523961, 38.46288130004806 ], [ 20.552495, 38.462895000048064 ], [ 20.5525336, 38.462723900048047 ], [ 20.5524816, 38.462716700048041 ], [ 20.5524954, 38.462655600048031 ], [ 20.5524372, 38.462647500048028 ], [ 20.5524188, 38.46272900004805 ], [ 20.5524328, 38.462730900048044 ], [ 20.5524075, 38.462842900048052 ], [ 20.552306, 38.462828900048066 ], [ 20.5522931, 38.462885900048072 ], [ 20.552392, 38.462899600048075 ] ] ] } },
{ "type": "Feature", "properties": { "osm_id": 288597478, "name": null, "label": "building:yes", "landuse": null, "building": "yes", "leisure": null, "natural": null, "amenity": null, "shop": null, "tourism": null, "historic": null }, "geometry": { "type": "Polygon", "coordinates": [ [ [ 20.5528618, 38.462792200048064 ], [ 20.553003, 38.46277130004804 ], [ 20.5529843, 38.462693800048044 ], [ 20.5528432, 38.462714600048031 ], [ 20.5528618, 38.462792200048064 ] ] ] } },
{ "type": "Feature", "properties": { "osm_id": 288597477, "name": null, "label": "building:yes", "landuse": null, "building": "yes", "leisure": null, "natural": null, "amenity": null, "shop": null, "tourism": null, "historic": null }, "geometry": { "type": "Polygon", "coordinates": [ [ [ 20.5533736, 38.462354000047995 ], [ 20.5534588, 38.462350800047993 ], [ 20.5534554, 38.46229340004799 ], [ 20.5533701, 38.462296600047992 ], [ 20.5533736, 38.462354000047995 ] ] ] } },
{ "type": "Feature", "properties": { "osm_id": 288597502, "name": null, "label": "building:yes", "landuse": null, "building": "yes", "leisure": null, "natural": null, "amenity": null, "shop": null, "tourism": null, "historic": null }, "geometry": { "type": "Polygon", "coordinates": [ [ [ 20.5532498, 38.462374600048001 ], [ 20.5533371, 38.462368300047999 ], [ 20.553328, 38.462292100047975 ], [ 20.5532407, 38.462298400047985 ], [ 20.5532498, 38.462374600048001 ] ] ] } },
{ "type": "Feature", "properties": { "osm_id": 288597461, "name": "Astragalia Restaurant", "label": "amenity:restaurant;building:yes", "landuse": null, "building": "yes", "leisure": null, "natural": null, "amenity": "restaurant", "shop": null, "tourism": null, "historic": null }, "geometry": { "type": "Polygon", "coordinates": [ [ [ 20.5530157, 38.462277200047978 ], [ 20.5531232, 38.46226920004797 ], [ 20.553111, 38.462167300047966 ], [ 20.5530034, 38.46217530004796 ], [ 20.5530157, 38.462277200047978 ] ] ] } },
{ "type": "Feature", "properties": { "osm_id": 288597475, "name": null, "label": "building:yes", "landuse": null, "building": "yes", "leisure": null, "natural": null, "amenity": null, "shop": null, "tourism": null, "historic": null }, "geometry": { "type": "Polygon", "coordinates": [ [ [ 20.5530319, 38.462428200047995 ], [ 20.553122, 38.462422500048 ], [ 20.5531118, 38.462323900047998 ], [ 20.5530217, 38.46232960004798 ], [ 20.5530319, 38.462428200047995 ] ] ] } },
{ "type": "Feature", "properties": { "osm_id": 288597509, "name": null, "label": "amenity:place_of_worship;building:yes", "landuse": null, "building": "yes", "leisure": null, "natural": null, "amenity": "place_of_worship", "shop": null, "tourism": null, "historic": null }, "geometry": { "type": "Polygon", "coordinates": [ [ [ 20.5535015, 38.462530400048017 ], [ 20.5536788, 38.462494000048011 ], [ 20.5536463, 38.462397000048 ], [ 20.553469, 38.46243340004802 ], [ 20.5535015, 38.462530400048017 ] ] ] } },
{ "type": "Feature", "properties": { "osm_id": 288597486, "name": "The Old School House", "label": "building:yes", "landuse": null, "building": "yes", "leisure": null, "natural": null, "amenity": null, "shop": null, "tourism": null, "historic": null }, "geometry": { "type": "Polygon", "coordinates": [ [ [ 20.5533624, 38.463001600048081 ], [ 20.5536064, 38.462963400048075 ], [ 20.5535866, 38.462886000048073 ], [ 20.5533426, 38.462924200048079 ], [ 20.5533624, 38.463001600048081 ] ] ] } },
{ "type": "Feature", "properties": { "osm_id": 289065487, "name": null, "label": "building:yes", "landuse": null, "building": "yes", "leisure": null, "natural": null, "amenity": null, "shop": null, "tourism": null, "historic": null }, "geometry": { "type": "Polygon", "coordinates": [ [ [ 20.5528146, 38.463760300048193 ], [ 20.5529007, 38.463752400048193 ], [ 20.5528801, 38.463614600048189 ], [ 20.552794, 38.463622500048167 ], [ 20.5528146, 38.463760300048193 ] ] ] } },
{ "type": "Feature", "properties": { "osm_id": 1161635813, "name": null, "label": "building:yes", "landuse": null, "building": "yes", "leisure": null, "natural": null, "amenity": null, "shop": null, "tourism": null, "historic": null }, "geometry": { "type": "Polygon", "coordinates": [ [ [ 20.5524781, 38.463858600048212 ], [ 20.5524794, 38.4638241000482 ], [ 20.5525181, 38.463825000048196 ], [ 20.55252, 38.463772500048201 ], [ 20.5523914, 38.463769500048201 ], [ 20.5523881, 38.463856500048202 ], [ 20.5524781, 38.463858600048212 ] ] ] } },
{ "type": "Feature", "properties": { "osm_id": 289065504, "name": null, "label": "building:yes", "landuse": null, "building": "yes", "leisure": null, "natural": null, "amenity": null, "shop": null, "tourism": null, "historic": null }, "geometry": { "type": "Polygon", "coordinates": [ [ [ 20.5524632, 38.463614600048189 ], [ 20.5525599, 38.463607100048179 ], [ 20.5525517, 38.463541600048167 ], [ 20.5524549, 38.463549100048162 ], [ 20.5524632, 38.463614600048189 ] ] ] } },
{ "type": "Feature", "properties": { "osm_id": 288987929, "name": null, "label": "natural:wood", "landuse": null, "building": null, "leisure": null, "natural": "wood", "amenity": null, "shop": null, "tourism": null, "historic": null }, "geometry": { "type": "Polygon", "coordinates": [ [ [ 20.5589116, 38.465800600048482 ], [ 20.5581715, 38.465992900048519 ], [ 20.557892, 38.465922900048504 ], [ 20.557495, 38.466172400048549 ], [ 20.5575733, 38.466527000048586 ], [ 20.5567737, 38.46710050004868 ], [ 20.5560749, 38.466527000048586 ], [ 20.5547609, 38.466238100048557 ], [ 20.5538552, 38.466715200048625 ], [ 20.553117, 38.466381700048572 ], [ 20.5521049, 38.466004000048507 ], [ 20.5516432, 38.465646000048466 ], [ 20.5509051, 38.465751100048493 ], [ 20.5504208, 38.465461000048435 ], [ 20.5496261, 38.465587900048462 ], [ 20.5487721, 38.4659067000485 ], [ 20.5482345, 38.466101800048527 ], [ 20.5474754, 38.466008900048521 ], [ 20.5472975, 38.466290600048559 ], [ 20.5475465, 38.466578500048598 ], [ 20.5471174, 38.46659350004861 ], [ 20.5469665, 38.466606600048607 ], [ 20.5467523, 38.466751400048629 ], [ 20.5468225, 38.46679260004862 ], [ 20.5468358, 38.466800400048648 ], [ 20.5469102, 38.466967000048655 ], [ 20.5464885, 38.467350500048703 ], [ 20.5462134, 38.46735870004872 ], [ 20.5459331, 38.467569900048751 ], [ 20.5459934, 38.467754500048756 ], [ 20.5460143, 38.467984200048797 ], [ 20.5456057, 38.468267300048844 ], [ 20.5453909, 38.468550300048875 ], [ 20.5450511, 38.468910700048944 ], [ 20.5480844, 38.471420200049295 ], [ 20.5483235, 38.471356900049287 ], [ 20.5487662, 38.471422600049294 ], [ 20.5488157, 38.471434900049303 ], [ 20.5496568, 38.471644000049331 ], [ 20.5501152, 38.471670700049337 ], [ 20.5514538, 38.471492300049299 ], [ 20.5527006, 38.471430800049305 ], [ 20.553607, 38.471439000049301 ], [ 20.5549738, 38.471467700049317 ], [ 20.5553564, 38.471311400049295 ], [ 20.5554028, 38.471292500049273 ], [ 20.5554558, 38.47127080004929 ], [ 20.5561354, 38.471588200049325 ], [ 20.5567429, 38.472458300049446 ], [ 20.5575505, 38.472510500049452 ], [ 20.557672679867469, 38.472599831443326 ], [ 20.559503397380897, 38.472599831443326 ], [ 20.559503397380897, 38.465529587406103 ], [ 20.5589116, 38.465800600048482 ] ] ] } },
{ "type": "Feature", "properties": { "osm_id": 288987935, "name": null, "label": "natural:wood", "landuse": null, "building": null, "leisure": null, "natural": "wood", "amenity": null, "shop": null, "tourism": null, "historic": null }, "geometry": { "type": "Polygon", "coordinates": [ [ [ 20.5542495, 38.464136800048252 ], [ 20.5550993, 38.464546200048296 ], [ 20.5555215, 38.464852600048353 ], [ 20.5559492, 38.464863600048346 ], [ 20.5563713, 38.464765100048339 ], [ 20.5572212, 38.464664400048314 ], [ 20.5576126, 38.46453300004832 ], [ 20.5576165, 38.464008100048225 ], [ 20.5582875, 38.464086900048237 ], [ 20.5582483, 38.463592200048161 ], [ 20.5576557, 38.463587800048174 ], [ 20.557706, 38.463141300048093 ], [ 20.5578458, 38.462935500048083 ], [ 20.5565243, 38.462783700048057 ], [ 20.5565401, 38.462938500048075 ], [ 20.5560459, 38.462981800048077 ], [ 20.5557589, 38.462967200048077 ], [ 20.5555339, 38.463046600048095 ], [ 20.555362, 38.463362600048136 ], [ 20.5553778, 38.463536000048165 ], [ 20.5548559, 38.463777400048194 ], [ 20.5544398, 38.46324960004813 ], [ 20.554168, 38.463393600048143 ], [ 20.5539347, 38.46318920004812 ], [ 20.5533885, 38.463480200048139 ], [ 20.5542495, 38.464136800048252 ] ] ] } },
{ "type": "Feature", "properties": { "osm_id": 288987943, "name": null, "label": "natural:wood", "landuse": null, "building": null, "leisure": null, "natural": "wood", "amenity": null, "shop": null, "tourism": null, "historic": null }, "geometry": { "type": "Polygon", "coordinates": [ [ [ 20.5523176, 38.464567900048316 ], [ 20.5522029, 38.464871300048344 ], [ 20.5520804, 38.46532020004841 ], [ 20.5526457, 38.466019800048521 ], [ 20.5530846, 38.466137400048531 ], [ 20.5535115, 38.466103300048523 ], [ 20.553982, 38.465775200048483 ], [ 20.5541243, 38.4652056000484 ], [ 20.5544525, 38.465184000048396 ], [ 20.5548004, 38.465474900048441 ], [ 20.5557532, 38.465800000048496 ], [ 20.5567534, 38.4658526000485 ], [ 20.5573188, 38.466186900048534 ], [ 20.557647, 38.46593310004851 ], [ 20.5575363, 38.465731900048482 ], [ 20.5576707, 38.465583300048451 ], [ 20.5574374, 38.465397600048441 ], [ 20.5568602, 38.465221100048403 ], [ 20.5560932, 38.465100400048378 ], [ 20.555686, 38.465060100048383 ], [ 20.5550178, 38.464728900048328 ], [ 20.5539188, 38.464116000048236 ], [ 20.5533653, 38.463670200048185 ], [ 20.5532308, 38.463512300048151 ], [ 20.5530964, 38.463592800048168 ], [ 20.5533336, 38.463992200048231 ], [ 20.5528197, 38.464131500048239 ], [ 20.552622, 38.46403550004824 ], [ 20.5526576, 38.463818800048202 ], [ 20.5524204, 38.463784700048187 ], [ 20.5523215, 38.464128400048253 ], [ 20.5519341, 38.464329600048281 ], [ 20.5519262, 38.464499800048301 ], [ 20.5523176, 38.464567900048316 ] ] ] } },
{ "type": "Feature", "properties": { "osm_id": 289090424, "name": null, "label": "building:yes", "landuse": null, "building": "yes", "leisure": null, "natural": null, "amenity": null, "shop": null, "tourism": null, "historic": null }, "geometry": { "type": "Polygon", "coordinates": [ [ [ 20.5548791, 38.463623100048174 ], [ 20.5549761, 38.463593700048172 ], [ 20.5549388, 38.463518200048156 ], [ 20.5548417, 38.463547700048167 ], [ 20.5548791, 38.463623100048174 ] ] ] } },
{ "type": "Feature", "properties": { "osm_id": 289090419, "name": null, "label": "building:yes", "landuse": null, "building": "yes", "leisure": null, "natural": null, "amenity": null, "shop": null, "tourism": null, "historic": null }, "geometry": { "type": "Polygon", "coordinates": [ [ [ 20.5556748, 38.462878800048067 ], [ 20.5557817, 38.462864900048054 ], [ 20.5557685, 38.462802500048056 ], [ 20.5556616, 38.462816500048064 ], [ 20.5556748, 38.462878800048067 ] ] ] } },
{ "type": "Feature", "properties": { "osm_id": 288597539, "name": null, "label": "landuse:residential", "landuse": "residential", "building": null, "leisure": null, "natural": null, "amenity": null, "shop": null, "tourism": null, "historic": null }, "geometry": { "type": "Polygon", "coordinates": [ [ [ 20.5548559, 38.463777400048194 ], [ 20.5553778, 38.463536000048165 ], [ 20.555362, 38.463362600048136 ], [ 20.5555339, 38.463046600048095 ], [ 20.5557589, 38.462967200048077 ], [ 20.5558478, 38.462783300048059 ], [ 20.5555537, 38.462719500048053 ], [ 20.5553065, 38.462642000048042 ], [ 20.5550741, 38.462605300048018 ], [ 20.5549678, 38.462607200048026 ], [ 20.5548294, 38.462804600048052 ], [ 20.5553633, 38.462988000048085 ], [ 20.554999, 38.463040000048082 ], [ 20.5544398, 38.46324960004813 ], [ 20.5548559, 38.463777400048194 ] ] ] } },
{ "type": "Feature", "properties": { "osm_id": 289090412, "name": null, "label": "building:yes", "landuse": null, "building": "yes", "leisure": null, "natural": null, "amenity": null, "shop": null, "tourism": null, "historic": null }, "geometry": { "type": "Polygon", "coordinates": [ [ [ 20.5550688, 38.463259300048129 ], [ 20.5551563, 38.463237100048133 ], [ 20.5551068, 38.463117700048109 ], [ 20.5550193, 38.463140000048107 ], [ 20.5550688, 38.463259300048129 ] ] ] } },
{ "type": "Feature", "properties": { "osm_id": 289090418, "name": null, "label": "building:yes", "landuse": null, "building": "yes", "leisure": null, "natural": null, "amenity": null, "shop": null, "tourism": null, "historic": null }, "geometry": { "type": "Polygon", "coordinates": [ [ [ 20.5548656, 38.463259300048129 ], [ 20.5549702, 38.463223200048127 ], [ 20.5549108, 38.463117700048109 ], [ 20.5548062, 38.463153900048106 ], [ 20.5548656, 38.463259300048129 ] ] ] } },
{ "type": "Feature", "properties": { "osm_id": 289090453, "name": null, "label": "building:yes", "landuse": null, "building": "yes", "leisure": null, "natural": null, "amenity": null, "shop": null, "tourism": null, "historic": null }, "geometry": { "type": "Polygon", "coordinates": [ [ [ 20.555063, 38.462754800048046 ], [ 20.5550983, 38.462677200048041 ], [ 20.5550092, 38.462652400048036 ], [ 20.5549739, 38.462730000048047 ], [ 20.555063, 38.462754800048046 ] ] ] } },
{ "type": "Feature", "properties": { "osm_id": 289065503, "name": null, "label": "building:yes", "landuse": null, "building": "yes", "leisure": null, "natural": null, "amenity": null, "shop": null, "tourism": null, "historic": null }, "geometry": { "type": "Polygon", "coordinates": [ [ [ 20.5551921, 38.462532900048018 ], [ 20.5552095, 38.462460300048001 ], [ 20.5551377, 38.462449700048005 ], [ 20.5551203, 38.462522300048008 ], [ 20.5551921, 38.462532900048018 ] ] ] } },
{ "type": "Feature", "properties": { "osm_id": 289090459, "name": null, "label": "building:yes", "landuse": null, "building": "yes", "leisure": null, "natural": null, "amenity": null, "shop": null, "tourism": null, "historic": null }, "geometry": { "type": "Polygon", "coordinates": [ [ [ 20.5562074, 38.462616800048032 ], [ 20.5562573, 38.462530300048009 ], [ 20.5561346, 38.462486900048013 ], [ 20.5560847, 38.462573400048029 ], [ 20.5562074, 38.462616800048032 ] ] ] } },
{ "type": "Feature", "properties": { "osm_id": 288597534, "name": null, "label": "landuse:residential", "landuse": "residential", "building": null, "leisure": null, "natural": null, "amenity": null, "shop": null, "tourism": null, "historic": null }, "geometry": { "type": "Polygon", "coordinates": [ [ [ 20.5563052, 38.46271560004805 ], [ 20.556315, 38.462436900048004 ], [ 20.5561222, 38.462400100048001 ], [ 20.5558021, 38.46271930004805 ], [ 20.5563052, 38.46271560004805 ] ] ] } },
{ "type": "Feature", "properties": { "osm_id": 289065498, "name": null, "label": "building:yes", "landuse": null, "building": "yes", "leisure": null, "natural": null, "amenity": null, "shop": null, "tourism": null, "historic": null }, "geometry": { "type": "Polygon", "coordinates": [ [ [ 20.5567055, 38.462673300048039 ], [ 20.5567263, 38.462543500048021 ], [ 20.5566186, 38.462532900048018 ], [ 20.5565979, 38.46266280004803 ], [ 20.5567055, 38.462673300048039 ] ] ] } },
{ "type": "Feature", "properties": { "osm_id": 1161635818, "name": null, "label": "building:yes", "landuse": null, "building": "yes", "leisure": null, "natural": null, "amenity": null, "shop": null, "tourism": null, "historic": null }, "geometry": { "type": "Polygon", "coordinates": [ [ [ 20.5585127, 38.464574300048319 ], [ 20.5585584, 38.464472200048291 ], [ 20.5584963, 38.464455200048292 ], [ 20.558518, 38.464406500048291 ], [ 20.5585911, 38.464426600048284 ], [ 20.5586475, 38.464300400048266 ], [ 20.5585281, 38.464267700048254 ], [ 20.5584418, 38.464460300048302 ], [ 20.5584132, 38.464452500048296 ], [ 20.5583755, 38.464536600048298 ], [ 20.5585127, 38.464574300048319 ] ] ] } },
{ "type": "Feature", "properties": { "osm_id": 288597540, "name": null, "label": "landuse:residential", "landuse": "residential", "building": null, "leisure": null, "natural": null, "amenity": null, "shop": null, "tourism": null, "historic": null }, "geometry": { "type": "Polygon", "coordinates": [ [ [ 20.558034, 38.464561500048319 ], [ 20.5580547, 38.464565500048309 ], [ 20.5584749, 38.464647800048326 ], [ 20.5585421, 38.464616200048319 ], [ 20.5588754, 38.464614100048308 ], [ 20.5590582, 38.464281500048266 ], [ 20.558569, 38.464191000048253 ], [ 20.5582706, 38.464403600048286 ], [ 20.5578566, 38.464555200048302 ], [ 20.558034, 38.464561500048319 ] ] ] } },
{ "type": "Feature", "properties": { "osm_id": 289065516, "name": null, "label": "natural:wood", "landuse": null, "building": null, "leisure": null, "natural": "wood", "amenity": null, "shop": null, "tourism": null, "historic": null }, "geometry": { "type": "Polygon", "coordinates": [ [ [ 20.5594507, 38.463803700048203 ], [ 20.5594507, 38.463986800048232 ], [ 20.5590869, 38.463915000048218 ], [ 20.5590582, 38.464281500048266 ], [ 20.5588754, 38.464614100048308 ], [ 20.5588755, 38.464816100048353 ], [ 20.558788, 38.464937200048368 ], [ 20.5588216, 38.465205800048395 ], [ 20.5590122, 38.465312900048424 ], [ 20.5590391, 38.46547270004843 ], [ 20.5585997, 38.465546400048446 ], [ 20.5582499, 38.465530600048439 ], [ 20.5584651, 38.465319900048421 ], [ 20.5585503, 38.465181200048406 ], [ 20.5584749, 38.464647800048326 ], [ 20.5580547, 38.464565500048309 ], [ 20.5578566, 38.464555200048302 ], [ 20.5574741, 38.464705500048332 ], [ 20.5571625, 38.464754600048337 ], [ 20.5566939, 38.464795000048341 ], [ 20.5562948, 38.464858200048354 ], [ 20.555871, 38.464967100048369 ], [ 20.5564988, 38.464974100048359 ], [ 20.5569293, 38.465086400048378 ], [ 20.5573755, 38.465265500048403 ], [ 20.5577118, 38.465351500048413 ], [ 20.5579427, 38.465562200048453 ], [ 20.5580795, 38.465709700048471 ], [ 20.5583777, 38.465772900048485 ], [ 20.5588037, 38.465714900048489 ], [ 20.5592813, 38.465493700048448 ], [ 20.559503397380897, 38.465376865119779 ], [ 20.559503397380897, 38.463771488687733 ], [ 20.5594507, 38.463803700048203 ] ] ] } },
{ "type": "Feature", "properties": { "osm_id": 1161635819, "name": null, "label": "building:yes", "landuse": null, "building": "yes", "leisure": null, "natural": null, "amenity": null, "shop": null, "tourism": null, "historic": null }, "geometry": { "type": "Polygon", "coordinates": [ [ [ 20.5588957, 38.463833400048195 ], [ 20.5588946, 38.463863700048208 ], [ 20.5590179, 38.463866500048212 ], [ 20.5590214, 38.463771100048199 ], [ 20.5588445, 38.463767100048194 ], [ 20.5588421, 38.463832100048208 ], [ 20.5588957, 38.463833400048195 ] ] ] } },
{ "type": "Feature", "properties": { "osm_id": 288597541, "name": null, "label": "landuse:residential", "landuse": "residential", "building": null, "leisure": null, "natural": null, "amenity": null, "shop": null, "tourism": null, "historic": null }, "geometry": { "type": "Polygon", "coordinates": [ [ [ 20.5588243, 38.46365640004818 ], [ 20.5588432, 38.463866900048195 ], [ 20.5590869, 38.463915000048218 ], [ 20.5594507, 38.463986800048232 ], [ 20.5594507, 38.463803700048203 ], [ 20.5592813, 38.463692200048193 ], [ 20.5592652, 38.463608000048175 ], [ 20.559069, 38.463344900048135 ], [ 20.5589292, 38.463332200048129 ], [ 20.5587249, 38.463622700048163 ], [ 20.5588243, 38.46365640004818 ] ] ] } },
{ "type": "Feature", "properties": { "osm_id": 1161635820, "name": null, "label": "building:yes", "landuse": null, "building": "yes", "leisure": null, "natural": null, "amenity": null, "shop": null, "tourism": null, "historic": null }, "geometry": { "type": "Polygon", "coordinates": [ [ [ 20.5589878, 38.46355770004817 ], [ 20.5589919, 38.463431800048156 ], [ 20.5589142, 38.463430200048151 ], [ 20.55891, 38.463556100048159 ], [ 20.5589878, 38.46355770004817 ] ] ] } },
{ "type": "Feature", "properties": { "osm_id": 289090449, "name": null, "label": "building:yes", "landuse": null, "building": "yes", "leisure": null, "natural": null, "amenity": null, "shop": null, "tourism": null, "historic": null }, "geometry": { "type": "Polygon", "coordinates": [ [ [ 20.5590209, 38.462230100047968 ], [ 20.5591952, 38.462206900047967 ], [ 20.5591745, 38.462111900047958 ], [ 20.5590002, 38.462135100047952 ], [ 20.5590209, 38.462230100047968 ] ] ] } },
{ "type": "Feature", "properties": { "osm_id": 288597535, "name": null, "label": "landuse:residential", "landuse": "residential", "building": null, "leisure": null, "natural": null, "amenity": null, "shop": null, "tourism": null, "historic": null }, "geometry": { "type": "Polygon", "coordinates": [ [ [ 20.558898, 38.46239920004799 ], [ 20.5593177, 38.46234260004799 ], [ 20.5592367, 38.461974400047957 ], [ 20.558817, 38.462031000047944 ], [ 20.558898, 38.46239920004799 ] ] ] } },
{ "type": "Feature", "properties": { "osm_id": 288597496, "name": null, "label": "building:yes", "landuse": null, "building": "yes", "leisure": null, "natural": null, "amenity": null, "shop": null, "tourism": null, "historic": null }, "geometry": { "type": "Polygon", "coordinates": [ [ [ 20.5594798, 38.462491300048008 ], [ 20.559382, 38.462521500048005 ], [ 20.5594183, 38.462593800048026 ], [ 20.559503397380897, 38.462567636298338 ], [ 20.559503397380897, 38.46253823550623 ], [ 20.5594798, 38.462491300048008 ] ] ] } },
{ "type": "Feature", "properties": { "osm_id": 288597536, "name": null, "label": "landuse:residential", "landuse": "residential", "building": null, "leisure": null, "natural": null, "amenity": null, "shop": null, "tourism": null, "historic": null }, "geometry": { "type": "Polygon", "coordinates": [ [ [ 20.5594235, 38.462406300047995 ], [ 20.5592872, 38.462450100048002 ], [ 20.5593676, 38.462678700048031 ], [ 20.559503397380897, 38.462629802294124 ], [ 20.559503397380897, 38.46241656247912 ], [ 20.5594235, 38.462406300047995 ] ] ] } },
{ "type": "Feature", "properties": { "osm_id": 289065515, "name": null, "label": "natural:wood", "landuse": null, "building": null, "leisure": null, "natural": "wood", "amenity": null, "shop": null, "tourism": null, "historic": null }, "geometry": { "type": "Polygon", "coordinates": [ [ [ 20.5589527, 38.463030900048082 ], [ 20.5586262, 38.463567100048174 ], [ 20.5587249, 38.463622700048163 ], [ 20.5589292, 38.463332200048129 ], [ 20.559069, 38.463344900048135 ], [ 20.5592652, 38.463608000048175 ], [ 20.5592813, 38.463692200048193 ], [ 20.5594507, 38.463803700048203 ], [ 20.559503397380897, 38.463771488687733 ], [ 20.559503397380897, 38.463488412521087 ], [ 20.5594965, 38.463482000048153 ], [ 20.559503397380897, 38.46346983786929 ], [ 20.559503397380897, 38.46315738594032 ], [ 20.5589527, 38.463030900048082 ] ] ] } },
{ "type": "Feature", "properties": { "osm_id": 289065514, "name": null, "label": "natural:wood", "landuse": null, "building": null, "leisure": null, "natural": "wood", "amenity": null, "shop": null, "tourism": null, "historic": null }, "geometry": { "type": "Polygon", "coordinates": [ [ [ 20.5593242, 38.462800800048051 ], [ 20.55918, 38.462828100048057 ], [ 20.5589437, 38.462819400048062 ], [ 20.5588251, 38.462807900048062 ], [ 20.5590291, 38.462948300048076 ], [ 20.559503397380897, 38.463059066896271 ], [ 20.559503397380897, 38.462718437571532 ], [ 20.5593242, 38.462800800048051 ] ] ] } },
{ "type": "Feature", "properties": { "osm_id": 288181983, "name": null, "label": "building:yes", "landuse": null, "building": "yes", "leisure": null, "natural": null, "amenity": null, "shop": null, "tourism": null, "historic": null }, "geometry": { "type": "Polygon", "coordinates": [ [ [ 20.5491775, 38.459274300047539 ], [ 20.549242, 38.459225300047528 ], [ 20.5491636, 38.459162100047536 ], [ 20.5490992, 38.459211200047534 ], [ 20.5491775, 38.459274300047539 ] ] ] } },
{ "type": "Feature", "properties": { "osm_id": 288597500, "name": null, "label": "building:yes", "landuse": null, "building": "yes", "leisure": null, "natural": null, "amenity": null, "shop": null, "tourism": null, "historic": null }, "geometry": { "type": "Polygon", "coordinates": [ [ [ 20.5520439, 38.461419500047853 ], [ 20.5520603, 38.461365400047839 ], [ 20.5519893, 38.46135210004784 ], [ 20.5519728, 38.461406300047855 ], [ 20.5520439, 38.461419500047853 ] ] ] } },
{ "type": "Feature", "properties": { "osm_id": 288181988, "name": null, "label": "building:yes", "landuse": null, "building": "yes", "leisure": null, "natural": null, "amenity": null, "shop": null, "tourism": null, "historic": null }, "geometry": { "type": "Polygon", "coordinates": [ [ [ 20.5485036, 38.459546100047582 ], [ 20.5485504, 38.459474000047578 ], [ 20.5484788, 38.459445600047573 ], [ 20.548432, 38.459517600047576 ], [ 20.5485036, 38.459546100047582 ] ] ] } },
{ "type": "Feature", "properties": { "osm_id": 288987923, "name": null, "label": "landuse:residential", "landuse": "residential", "building": null, "leisure": null, "natural": null, "amenity": null, "shop": null, "tourism": null, "historic": null }, "geometry": { "type": "Polygon", "coordinates": [ [ [ 20.5482174, 38.459909600047638 ], [ 20.5482625, 38.45993680004765 ], [ 20.5485107, 38.459985700047646 ], [ 20.5487103, 38.459987100047648 ], [ 20.5489532, 38.459924600047636 ], [ 20.5489914, 38.459633800047598 ], [ 20.5493628, 38.459149900047521 ], [ 20.5490678, 38.459048000047524 ], [ 20.5490504, 38.459071100047517 ], [ 20.5489706, 38.459326600047554 ], [ 20.5487068, 38.459436700047554 ], [ 20.5483996, 38.459387800047566 ], [ 20.5482972, 38.45966230004759 ], [ 20.5481462, 38.459852600047633 ], [ 20.5482174, 38.459909600047638 ] ] ] } },
{ "type": "Feature", "properties": { "osm_id": 288168560, "name": null, "label": "landuse:residential", "landuse": "residential", "building": null, "leisure": null, "natural": null, "amenity": null, "shop": null, "tourism": null, "historic": null }, "geometry": { "type": "Polygon", "coordinates": [ [ [ 20.5481497, 38.458873900047486 ], [ 20.5484514, 38.458865400047479 ], [ 20.5484403, 38.458623900047449 ], [ 20.5481386, 38.458632400047463 ], [ 20.5481497, 38.458873900047486 ] ] ] } },
{ "type": "Feature", "properties": { "osm_id": 288597489, "name": null, "label": "building:yes", "landuse": null, "building": "yes", "leisure": null, "natural": null, "amenity": null, "shop": null, "tourism": null, "historic": null }, "geometry": { "type": "Polygon", "coordinates": [ [ [ 20.5527862, 38.461541100047867 ], [ 20.5529437, 38.461529400047866 ], [ 20.5529268, 38.461389100047853 ], [ 20.5527693, 38.461400700047854 ], [ 20.5527862, 38.461541100047867 ] ] ] } },
{ "type": "Feature", "properties": { "osm_id": 288168545, "name": null, "label": "building:yes", "landuse": null, "building": "yes", "leisure": null, "natural": null, "amenity": null, "shop": null, "tourism": null, "historic": null }, "geometry": { "type": "Polygon", "coordinates": [ [ [ 20.5478111, 38.459401900047574 ], [ 20.5478977, 38.459374900047564 ], [ 20.5478446, 38.459270500047545 ], [ 20.547758, 38.459297400047554 ], [ 20.5478111, 38.459401900047574 ] ] ] } },
{ "type": "Feature", "properties": { "osm_id": 288597459, "name": null, "label": "building:residential", "landuse": null, "building": "residential", "leisure": null, "natural": null, "amenity": null, "shop": null, "tourism": null, "historic": null }, "geometry": { "type": "Polygon", "coordinates": [ [ [ 20.5513791, 38.46156250004789 ], [ 20.5514055, 38.461506700047877 ], [ 20.5513731, 38.46149730004786 ], [ 20.5513954, 38.461449900047853 ], [ 20.5513243, 38.461429400047862 ], [ 20.551302, 38.461476800047869 ], [ 20.551269, 38.461467200047878 ], [ 20.5512426, 38.461523100047877 ], [ 20.5513791, 38.46156250004789 ] ] ] } },
{ "type": "Feature", "properties": { "osm_id": 288168563, "name": null, "label": "landuse:residential", "landuse": "residential", "building": null, "leisure": null, "natural": null, "amenity": null, "shop": null, "tourism": null, "historic": null }, "geometry": { "type": "Polygon", "coordinates": [ [ [ 20.5478631, 38.458973800047509 ], [ 20.5478717, 38.458959500047484 ], [ 20.5478513, 38.458730400047465 ], [ 20.5478192, 38.458702700047468 ], [ 20.5476766, 38.458684300047473 ], [ 20.5476627, 38.459006500047508 ], [ 20.5478631, 38.458973800047509 ] ] ] } },
{ "type": "Feature", "properties": { "osm_id": 686496350, "name": null, "label": "leisure:swimming_pool", "landuse": null, "building": null, "leisure": "swimming_pool", "natural": null, "amenity": null, "shop": null, "tourism": null, "historic": null }, "geometry": { "type": "Polygon", "coordinates": [ [ [ 20.5511009, 38.461569700047882 ], [ 20.5511202, 38.461573800047866 ], [ 20.5511351, 38.461573100047886 ], [ 20.5511447, 38.461566900047885 ], [ 20.55115, 38.461551800047886 ], [ 20.5511404, 38.461536700047873 ], [ 20.5511316, 38.461529900047879 ], [ 20.5511237, 38.461519600047865 ], [ 20.5511237, 38.461512700047869 ], [ 20.5511342, 38.461488000047872 ], [ 20.5510781, 38.461472900047859 ], [ 20.5510483, 38.461556600047871 ], [ 20.5511009, 38.461569700047882 ] ] ] } },
{ "type": "Feature", "properties": { "osm_id": 288168530, "name": null, "label": "building:yes", "landuse": null, "building": "yes", "leisure": null, "natural": null, "amenity": null, "shop": null, "tourism": null, "historic": null }, "geometry": { "type": "Polygon", "coordinates": [ [ [ 20.5474564, 38.459527700047587 ], [ 20.5475943, 38.459527700047587 ], [ 20.5475943, 38.459467100047569 ], [ 20.5474564, 38.459467100047569 ], [ 20.5474564, 38.459527700047587 ] ] ] } },
{ "type": "Feature", "properties": { "osm_id": 289090422, "name": null, "label": "building:yes", "landuse": null, "building": "yes", "leisure": null, "natural": null, "amenity": null, "shop": null, "tourism": null, "historic": null }, "geometry": { "type": "Polygon", "coordinates": [ [ [ 20.546552, 38.459814000047629 ], [ 20.5466407, 38.459788700047618 ], [ 20.546605, 38.45971200004761 ], [ 20.5465164, 38.459737200047613 ], [ 20.546552, 38.459814000047629 ] ] ] } },
{ "type": "Feature", "properties": { "osm_id": 288987956, "name": null, "label": "natural:scrub", "landuse": null, "building": null, "leisure": null, "natural": "scrub", "amenity": null, "shop": null, "tourism": null, "historic": null }, "geometry": { "type": "Polygon", "coordinates": [ [ [ 20.5467975, 38.458969400047494 ], [ 20.5472693, 38.459031900047513 ], [ 20.5476627, 38.459006500047508 ], [ 20.5476766, 38.458684300047473 ], [ 20.5474094, 38.458676400047466 ], [ 20.5472746, 38.45865280004746 ], [ 20.5468597, 38.458668100047447 ], [ 20.546883, 38.458719600047466 ], [ 20.5464065, 38.45887970004749 ], [ 20.5467975, 38.458969400047494 ] ] ] } },
{ "type": "Feature", "properties": { "osm_id": 288181989, "name": null, "label": "building:yes", "landuse": null, "building": "yes", "leisure": null, "natural": null, "amenity": null, "shop": null, "tourism": null, "historic": null }, "geometry": { "type": "Polygon", "coordinates": [ [ [ 20.5463729, 38.458512700047436 ], [ 20.5464622, 38.458510700047434 ], [ 20.5464606, 38.458465600047425 ], [ 20.5463712, 38.458467600047427 ], [ 20.5463729, 38.458512700047436 ] ] ] } },
{ "type": "Feature", "properties": { "osm_id": 288987934, "name": null, "label": "natural:scrub", "landuse": null, "building": null, "leisure": null, "natural": "scrub", "amenity": null, "shop": null, "tourism": null, "historic": null }, "geometry": { "type": "Polygon", "coordinates": [ [ [ 20.5462796, 38.459636300047599 ], [ 20.5464114, 38.459622100047582 ], [ 20.5466588, 38.459556800047579 ], [ 20.5466744, 38.45959300004759 ], [ 20.5468755, 38.459589100047587 ], [ 20.5468631, 38.459736300047602 ], [ 20.5469607, 38.459836300047627 ], [ 20.5472196, 38.459773800047621 ], [ 20.5476027, 38.459934900047635 ], [ 20.5481462, 38.459852600047633 ], [ 20.5482972, 38.45966230004759 ], [ 20.5483996, 38.459387800047566 ], [ 20.5482128, 38.459347400047562 ], [ 20.5479379, 38.459023800047504 ], [ 20.5477974, 38.45905170004751 ], [ 20.5480157, 38.459549000047595 ], [ 20.547661, 38.459634500047599 ], [ 20.5471745, 38.45952890004758 ], [ 20.5472639, 38.459093300047527 ], [ 20.546574, 38.458987700047508 ], [ 20.5464268, 38.45894470004751 ], [ 20.5463133, 38.458954400047503 ], [ 20.546253, 38.459003000047502 ], [ 20.5462477, 38.459123800047522 ], [ 20.5462796, 38.459636300047599 ] ] ] } },
{ "type": "Feature", "properties": { "osm_id": 288182001, "name": null, "label": "building:yes", "landuse": null, "building": "yes", "leisure": null, "natural": null, "amenity": null, "shop": null, "tourism": null, "historic": null }, "geometry": { "type": "Polygon", "coordinates": [ [ [ 20.5462654, 38.458592800047448 ], [ 20.546347, 38.458571500047455 ], [ 20.5463282, 38.458527400047437 ], [ 20.5462466, 38.458548700047444 ], [ 20.5462654, 38.458592800047448 ] ] ] } },
{ "type": "Feature", "properties": { "osm_id": 288181991, "name": null, "label": "building:yes", "landuse": null, "building": "yes", "leisure": null, "natural": null, "amenity": null, "shop": null, "tourism": null, "historic": null }, "geometry": { "type": "Polygon", "coordinates": [ [ [ 20.5462227, 38.458678000047456 ], [ 20.5463049, 38.458666900047461 ], [ 20.5462907, 38.458602000047435 ], [ 20.5462084, 38.458613100047451 ], [ 20.5462227, 38.458678000047456 ] ] ] } },
{ "type": "Feature", "properties": { "osm_id": 288597495, "name": null, "label": "building:yes", "landuse": null, "building": "yes", "leisure": null, "natural": null, "amenity": null, "shop": null, "tourism": null, "historic": null }, "geometry": { "type": "Polygon", "coordinates": [ [ [ 20.5538046, 38.461759900047902 ], [ 20.5538841, 38.461726800047899 ], [ 20.5538331, 38.461651800047889 ], [ 20.5537536, 38.461684900047906 ], [ 20.5538046, 38.461759900047902 ] ] ] } },
{ "type": "Feature", "properties": { "osm_id": 288597505, "name": null, "label": "building:yes", "landuse": null, "building": "yes", "leisure": null, "natural": null, "amenity": null, "shop": null, "tourism": null, "historic": null }, "geometry": { "type": "Polygon", "coordinates": [ [ [ 20.5528071, 38.461761300047911 ], [ 20.5528608, 38.461736100047901 ], [ 20.5528101, 38.461669800047893 ], [ 20.5527563, 38.461695100047898 ], [ 20.5528071, 38.461761300047911 ] ] ] } },
{ "type": "Feature", "properties": { "osm_id": 288597453, "name": null, "label": "building:residential", "landuse": null, "building": "residential", "leisure": null, "natural": null, "amenity": null, "shop": null, "tourism": null, "historic": null }, "geometry": { "type": "Polygon", "coordinates": [ [ [ 20.551371, 38.461776900047902 ], [ 20.5513748, 38.461706700047891 ], [ 20.5513382, 38.461705500047898 ], [ 20.5513422, 38.461630500047889 ], [ 20.5512679, 38.461628000047888 ], [ 20.5512639, 38.461703100047892 ], [ 20.5512236, 38.461701700047882 ], [ 20.5512198, 38.461771900047907 ], [ 20.551371, 38.461776900047902 ] ] ] } },
{ "type": "Feature", "properties": { "osm_id": 288597485, "name": null, "label": "building:residential", "landuse": null, "building": "residential", "leisure": null, "natural": null, "amenity": null, "shop": null, "tourism": null, "historic": null }, "geometry": { "type": "Polygon", "coordinates": [ [ [ 20.5511151, 38.461783200047918 ], [ 20.5511195, 38.461632200047887 ], [ 20.551038, 38.461630800047892 ], [ 20.5510336, 38.461781700047915 ], [ 20.5511151, 38.461783200047918 ] ] ] } },
{ "type": "Feature", "properties": { "osm_id": 288597479, "name": null, "label": "building:yes", "landuse": null, "building": "yes", "leisure": null, "natural": null, "amenity": null, "shop": null, "tourism": null, "historic": null }, "geometry": { "type": "Polygon", "coordinates": [ [ [ 20.5529283, 38.461883500047918 ], [ 20.5530046, 38.461856600047902 ], [ 20.5529657, 38.461789000047915 ], [ 20.5528894, 38.461816000047911 ], [ 20.5529283, 38.461883500047918 ] ] ] } },
{ "type": "Feature", "properties": { "osm_id": 288597494, "name": null, "label": "building:yes", "landuse": null, "building": "yes", "leisure": null, "natural": null, "amenity": null, "shop": null, "tourism": null, "historic": null }, "geometry": { "type": "Polygon", "coordinates": [ [ [ 20.5535188, 38.461910900047918 ], [ 20.5536067, 38.461875100047919 ], [ 20.5535705, 38.461820500047914 ], [ 20.5534825, 38.461856200047933 ], [ 20.5535188, 38.461910900047918 ] ] ] } },
{ "type": "Feature", "properties": { "osm_id": 288987941, "name": null, "label": "natural:wood", "landuse": null, "building": null, "leisure": null, "natural": "wood", "amenity": null, "shop": null, "tourism": null, "historic": null }, "geometry": { "type": "Polygon", "coordinates": [ [ [ 20.5535032, 38.460938500047789 ], [ 20.5538364, 38.460958000047789 ], [ 20.5539423, 38.461236000047833 ], [ 20.5541719, 38.461139900047819 ], [ 20.5541093, 38.4610295000478 ], [ 20.5550518, 38.460405300047711 ], [ 20.5554526, 38.459801800047622 ], [ 20.5556817, 38.45956720004758 ], [ 20.5561926, 38.45918440004754 ], [ 20.5567695, 38.459105100047516 ], [ 20.5574412, 38.458855100047479 ], [ 20.557417, 38.458710200047463 ], [ 20.5574463, 38.458364000047425 ], [ 20.5574415, 38.458287000047406 ], [ 20.5566641, 38.458424900047419 ], [ 20.5562545, 38.458376600047409 ], [ 20.5559308, 38.458368000047415 ], [ 20.5555327, 38.458503600047436 ], [ 20.5553605, 38.458560500047433 ], [ 20.5551336, 38.458681900047473 ], [ 20.5549949, 38.458775000047474 ], [ 20.5547878, 38.458849100047487 ], [ 20.5547218, 38.458856000047483 ], [ 20.5544333, 38.458802600047484 ], [ 20.5548268, 38.459638700047606 ], [ 20.5546618, 38.459806900047624 ], [ 20.5546618, 38.460202000047694 ], [ 20.5540638, 38.460138600047671 ], [ 20.5537742, 38.460458100047703 ], [ 20.5534604, 38.460604300047734 ], [ 20.5535032, 38.460938500047789 ] ] ] } },
{ "type": "Feature", "properties": { "osm_id": 288987940, "name": null, "label": "natural:grassland", "landuse": null, "building": null, "leisure": null, "natural": "grassland", "amenity": null, "shop": null, "tourism": null, "historic": null }, "geometry": { "type": "Polygon", "coordinates": [ [ [ 20.5541719, 38.461139900047819 ], [ 20.5543207, 38.461402000047862 ], [ 20.5547788, 38.461215800047825 ], [ 20.5551575, 38.460688100047747 ], [ 20.555849, 38.460063900047658 ], [ 20.556263, 38.459808700047624 ], [ 20.5567916, 38.459712100047611 ], [ 20.5575095, 38.459670700047603 ], [ 20.5578222, 38.459619000047596 ], [ 20.5581393, 38.459239600047532 ], [ 20.5582582, 38.459005100047513 ], [ 20.5583904, 38.458953900047497 ], [ 20.5586458, 38.458853900047494 ], [ 20.5586462, 38.458819200047479 ], [ 20.5586073, 38.45858630004745 ], [ 20.5583332, 38.458607000047451 ], [ 20.5583208, 38.458440000047425 ], [ 20.558302, 38.458326400047397 ], [ 20.5582711, 38.458293500047404 ], [ 20.5580882, 38.458232000047403 ], [ 20.5578074, 38.458270000047399 ], [ 20.5574463, 38.458364000047425 ], [ 20.557417, 38.458710200047463 ], [ 20.5574412, 38.458855100047479 ], [ 20.5567695, 38.459105100047516 ], [ 20.5561926, 38.45918440004754 ], [ 20.5556817, 38.45956720004758 ], [ 20.5554526, 38.459801800047622 ], [ 20.5550518, 38.460405300047711 ], [ 20.5541093, 38.4610295000478 ], [ 20.5541719, 38.461139900047819 ] ] ] } },
{ "type": "Feature", "properties": { "osm_id": 288154210, "name": null, "label": "building:yes", "landuse": null, "building": "yes", "leisure": null, "natural": null, "amenity": null, "shop": null, "tourism": null, "historic": null }, "geometry": { "type": "Polygon", "coordinates": [ [ [ 20.559439, 38.458411900047423 ], [ 20.5594677, 38.458474600047438 ], [ 20.559503397380897, 38.458464606296118 ], [ 20.559503397380897, 38.458393871513415 ], [ 20.559439, 38.458411900047423 ] ] ] } },
{ "type": "Feature", "properties": { "osm_id": 288154200, "name": null, "label": "building:yes", "landuse": null, "building": "yes", "leisure": null, "natural": null, "amenity": null, "shop": null, "tourism": null, "historic": null }, "geometry": { "type": "Polygon", "coordinates": [ [ [ 20.5548895, 38.458384700047425 ], [ 20.5548911, 38.458290000047413 ], [ 20.5548216, 38.45828920004741 ], [ 20.55482, 38.45838400004741 ], [ 20.5548895, 38.458384700047425 ] ] ] } },
{ "type": "Feature", "properties": { "osm_id": 288154197, "name": null, "label": "building:yes", "landuse": null, "building": "yes", "leisure": null, "natural": null, "amenity": null, "shop": null, "tourism": null, "historic": null }, "geometry": { "type": "Polygon", "coordinates": [ [ [ 20.5535702, 38.458520000047436 ], [ 20.5536096, 38.458457800047434 ], [ 20.5534714, 38.458404200047411 ], [ 20.553432, 38.458466300047427 ], [ 20.5535702, 38.458520000047436 ] ] ] } },
{ "type": "Feature", "properties": { "osm_id": 288987906, "name": null, "label": "building:yes", "landuse": null, "building": "yes", "leisure": null, "natural": null, "amenity": null, "shop": null, "tourism": null, "historic": null }, "geometry": { "type": "Polygon", "coordinates": [ [ [ 20.5492085, 38.458479900047429 ], [ 20.5492949, 38.45846110004743 ], [ 20.5492566, 38.458353000047417 ], [ 20.5491702, 38.45837190004741 ], [ 20.5492085, 38.458479900047429 ] ] ] } },
{ "type": "Feature", "properties": { "osm_id": 288987918, "name": null, "label": "building:yes", "landuse": null, "building": "yes", "leisure": null, "natural": null, "amenity": null, "shop": null, "tourism": null, "historic": null }, "geometry": { "type": "Polygon", "coordinates": [ [ [ 20.5537428, 38.459751000047611 ], [ 20.5538164, 38.4596619000476 ], [ 20.5537151, 38.45961060004759 ], [ 20.5536416, 38.459699800047623 ], [ 20.5537428, 38.459751000047611 ] ] ] } },
{ "type": "Feature", "properties": { "osm_id": 288154205, "name": null, "label": "building:yes", "landuse": null, "building": "yes", "leisure": null, "natural": null, "amenity": null, "shop": null, "tourism": null, "historic": null }, "geometry": { "type": "Polygon", "coordinates": [ [ [ 20.5546088, 38.458574000047456 ], [ 20.5547541, 38.45852250004743 ], [ 20.554727, 38.45847570004743 ], [ 20.5545817, 38.458527200047442 ], [ 20.5546088, 38.458574000047456 ] ] ] } },
{ "type": "Feature", "properties": { "osm_id": 288154204, "name": null, "label": "building:yes", "landuse": null, "building": "yes", "leisure": null, "natural": null, "amenity": null, "shop": null, "tourism": null, "historic": null }, "geometry": { "type": "Polygon", "coordinates": [ [ [ 20.5531588, 38.459095600047512 ], [ 20.5531632, 38.459036400047509 ], [ 20.5530302, 38.459030300047516 ], [ 20.5530258, 38.459089500047511 ], [ 20.5531588, 38.459095600047512 ] ] ] } },
{ "type": "Feature", "properties": { "osm_id": 288154195, "name": null, "label": "building:yes", "landuse": null, "building": "yes", "leisure": null, "natural": null, "amenity": null, "shop": null, "tourism": null, "historic": null }, "geometry": { "type": "Polygon", "coordinates": [ [ [ 20.552807, 38.458674500047458 ], [ 20.5528978, 38.458662700047455 ], [ 20.5528777, 38.458568600047428 ], [ 20.552787, 38.458580500047432 ], [ 20.552807, 38.458674500047458 ] ] ] } },
{ "type": "Feature", "properties": { "osm_id": 288182025, "name": null, "label": "landuse:residential", "landuse": "residential", "building": null, "leisure": null, "natural": null, "amenity": null, "shop": null, "tourism": null, "historic": null }, "geometry": { "type": "Polygon", "coordinates": [ [ [ 20.5524863, 38.459315800047555 ], [ 20.5525239, 38.45942530004757 ], [ 20.5527765, 38.459428800047569 ], [ 20.5529344, 38.459404100047578 ], [ 20.5530231, 38.459381700047565 ], [ 20.5531915, 38.459284000047553 ], [ 20.5532096, 38.458957800047507 ], [ 20.5530517, 38.459010800047508 ], [ 20.552975, 38.459049700047515 ], [ 20.5528953, 38.45904380004751 ], [ 20.5527329, 38.458844800047494 ], [ 20.552566, 38.458870700047484 ], [ 20.5524931, 38.458961900047498 ], [ 20.5525931, 38.459129700047527 ], [ 20.5524833, 38.459148600047534 ], [ 20.5524863, 38.459315800047555 ] ] ] } },
{ "type": "Feature", "properties": { "osm_id": 288597484, "name": null, "label": "building:yes", "landuse": null, "building": "yes", "leisure": null, "natural": null, "amenity": null, "shop": null, "tourism": null, "historic": null }, "geometry": { "type": "Polygon", "coordinates": [ [ [ 20.5525199, 38.4596212000476 ], [ 20.552532, 38.459524300047583 ], [ 20.5524339, 38.459516800047581 ], [ 20.5524219, 38.459613700047598 ], [ 20.5525199, 38.4596212000476 ] ] ] } },
{ "type": "Feature", "properties": { "osm_id": 686496490, "name": null, "label": "leisure:swimming_pool", "landuse": null, "building": null, "leisure": "swimming_pool", "natural": null, "amenity": null, "shop": null, "tourism": null, "historic": null }, "geometry": { "type": "Polygon", "coordinates": [ [ [ 20.5523712, 38.4603892000477 ], [ 20.5524793, 38.460357600047701 ], [ 20.5524634, 38.460317000047695 ], [ 20.5523539, 38.460344100047699 ], [ 20.5523712, 38.4603892000477 ] ] ] } },
{ "type": "Feature", "properties": { "osm_id": 288597498, "name": null, "label": "building:yes", "landuse": null, "building": "yes", "leisure": null, "natural": null, "amenity": null, "shop": null, "tourism": null, "historic": null }, "geometry": { "type": "Polygon", "coordinates": [ [ [ 20.5524726, 38.460588600047743 ], [ 20.5525597, 38.460565700047724 ], [ 20.5525059, 38.460440200047714 ], [ 20.5524187, 38.460463100047711 ], [ 20.5524726, 38.460588600047743 ] ] ] } },
{ "type": "Feature", "properties": { "osm_id": 1161635798, "name": null, "label": "building:yes", "landuse": null, "building": "yes", "leisure": null, "natural": null, "amenity": null, "shop": null, "tourism": null, "historic": null }, "geometry": { "type": "Polygon", "coordinates": [ [ [ 20.5533097, 38.460540300047732 ], [ 20.5533193, 38.460474000047718 ], [ 20.5532928, 38.460471600047718 ], [ 20.5533046, 38.460390700047704 ], [ 20.5532358, 38.460384600047696 ], [ 20.5532143, 38.460531800047725 ], [ 20.5533097, 38.460540300047732 ] ] ] } },
{ "type": "Feature", "properties": { "osm_id": 686496491, "name": null, "label": "leisure:swimming_pool", "landuse": null, "building": null, "leisure": "swimming_pool", "natural": null, "amenity": null, "shop": null, "tourism": null, "historic": null }, "geometry": { "type": "Polygon", "coordinates": [ [ [ 20.5520167, 38.460021400047658 ], [ 20.5520931, 38.460009000047656 ], [ 20.5520859, 38.45997510004765 ], [ 20.5520095, 38.459988700047639 ], [ 20.5520167, 38.460021400047658 ] ] ] } },
{ "type": "Feature", "properties": { "osm_id": 288597452, "name": "Dafnooudi Apartments Hotel", "label": "tourism:apartment", "landuse": null, "building": null, "leisure": null, "natural": null, "amenity": null, "shop": null, "tourism": "apartment", "historic": null }, "geometry": { "type": "Polygon", "coordinates": [ [ [ 20.5517227, 38.460640100047748 ], [ 20.5519762, 38.46055770004773 ], [ 20.5519906, 38.460551600047729 ], [ 20.5518961, 38.460369500047712 ], [ 20.5517975, 38.460113100047671 ], [ 20.5515804, 38.460153200047664 ], [ 20.5515624, 38.460247700047674 ], [ 20.5517227, 38.460640100047748 ] ] ] } },
{ "type": "Feature", "properties": { "osm_id": 288597515, "name": null, "label": "building:yes", "landuse": null, "building": "yes", "leisure": null, "natural": null, "amenity": null, "shop": null, "tourism": null, "historic": null }, "geometry": { "type": "Polygon", "coordinates": [ [ [ 20.5518853, 38.460870500047776 ], [ 20.5519095, 38.460813800047767 ], [ 20.5518341, 38.460794100047764 ], [ 20.55181, 38.460850800047773 ], [ 20.5518853, 38.460870500047776 ] ] ] } },
{ "type": "Feature", "properties": { "osm_id": 686496496, "name": null, "label": "leisure:swimming_pool", "landuse": null, "building": null, "leisure": "swimming_pool", "natural": null, "amenity": null, "shop": null, "tourism": null, "historic": null }, "geometry": { "type": "Polygon", "coordinates": [ [ [ 20.5513553, 38.460356500047702 ], [ 20.5513726, 38.460361000047705 ], [ 20.5514029, 38.460275300047684 ], [ 20.5513597, 38.460239100047694 ], [ 20.5513251, 38.460283200047691 ], [ 20.5513553, 38.460356500047702 ] ] ] } },
{ "type": "Feature", "properties": { "osm_id": 288597481, "name": null, "label": "building:yes", "landuse": null, "building": "yes", "leisure": null, "natural": null, "amenity": null, "shop": null, "tourism": null, "historic": null }, "geometry": { "type": "Polygon", "coordinates": [ [ [ 20.5515571, 38.461021300047804 ], [ 20.5515601, 38.46087850004777 ], [ 20.5514443, 38.46087700004778 ], [ 20.5514414, 38.461019900047802 ], [ 20.5515571, 38.461021300047804 ] ] ] } },
{ "type": "Feature", "properties": { "osm_id": 288597506, "name": null, "label": "building:yes", "landuse": null, "building": "yes", "leisure": null, "natural": null, "amenity": null, "shop": null, "tourism": null, "historic": null }, "geometry": { "type": "Polygon", "coordinates": [ [ [ 20.5502427, 38.460547300047722 ], [ 20.5504169, 38.460522500047723 ], [ 20.550402, 38.460458200047718 ], [ 20.5502278, 38.460483000047724 ], [ 20.5502427, 38.460547300047722 ] ] ] } },
{ "type": "Feature", "properties": { "osm_id": 288597503, "name": null, "label": "building:yes", "landuse": null, "building": "yes", "leisure": null, "natural": null, "amenity": null, "shop": null, "tourism": null, "historic": null }, "geometry": { "type": "Polygon", "coordinates": [ [ [ 20.5505429, 38.460401100047712 ], [ 20.5506339, 38.460393500047715 ], [ 20.5506181, 38.460276900047695 ], [ 20.5505271, 38.460284500047685 ], [ 20.5505429, 38.460401100047712 ] ] ] } },
{ "type": "Feature", "properties": { "osm_id": 288597466, "name": null, "label": "building:yes", "landuse": null, "building": "yes", "leisure": null, "natural": null, "amenity": null, "shop": null, "tourism": null, "historic": null }, "geometry": { "type": "Polygon", "coordinates": [ [ [ 20.5506546, 38.46082260004777 ], [ 20.5508177, 38.460799100047772 ], [ 20.5508034, 38.460738300047765 ], [ 20.5506403, 38.460761900047764 ], [ 20.5506546, 38.46082260004777 ] ] ] } },
{ "type": "Feature", "properties": { "osm_id": 288597468, "name": null, "label": "building:yes", "landuse": null, "building": "yes", "leisure": null, "natural": null, "amenity": null, "shop": null, "tourism": null, "historic": null }, "geometry": { "type": "Polygon", "coordinates": [ [ [ 20.5509267, 38.460811100047763 ], [ 20.5510053, 38.460807600047772 ], [ 20.5509987, 38.460715900047745 ], [ 20.5509201, 38.460719400047758 ], [ 20.5509267, 38.460811100047763 ] ] ] } },
{ "type": "Feature", "properties": { "osm_id": 288597474, "name": null, "label": "building:yes", "landuse": null, "building": "yes", "leisure": null, "natural": null, "amenity": null, "shop": null, "tourism": null, "historic": null }, "geometry": { "type": "Polygon", "coordinates": [ [ [ 20.550927, 38.460420800047714 ], [ 20.5510853, 38.460413400047713 ], [ 20.5510774, 38.460309200047682 ], [ 20.550919, 38.460316600047697 ], [ 20.550927, 38.460420800047714 ] ] ] } },
{ "type": "Feature", "properties": { "osm_id": 288987955, "name": null, "label": "natural:wood", "landuse": null, "building": null, "leisure": null, "natural": "wood", "amenity": null, "shop": null, "tourism": null, "historic": null }, "geometry": { "type": "Polygon", "coordinates": [ [ [ 20.5507375, 38.459883800047635 ], [ 20.5511452, 38.460061900047656 ], [ 20.5512773, 38.459741900047611 ], [ 20.5512975, 38.459510700047588 ], [ 20.5511679, 38.459367500047549 ], [ 20.5510168, 38.459234500047536 ], [ 20.5509353, 38.459246500047541 ], [ 20.5508198, 38.459489800047571 ], [ 20.5507315, 38.459600200047596 ], [ 20.5507375, 38.459883800047635 ] ] ] } },
{ "type": "Feature", "properties": { "osm_id": 288168565, "name": null, "label": "landuse:residential", "landuse": "residential", "building": null, "leisure": null, "natural": null, "amenity": null, "shop": null, "tourism": null, "historic": null }, "geometry": { "type": "Polygon", "coordinates": [ [ [ 20.5503698, 38.459720600047596 ], [ 20.5505113, 38.459885700047629 ], [ 20.5506923, 38.459859000047629 ], [ 20.5506823, 38.459742700047613 ], [ 20.5506643, 38.45959970004759 ], [ 20.5504688, 38.459398300047567 ], [ 20.5503338, 38.459478900047571 ], [ 20.5503299, 38.459686300047608 ], [ 20.5503698, 38.459720600047596 ] ] ] } },
{ "type": "Feature", "properties": { "osm_id": 288168533, "name": null, "label": "building:yes", "landuse": null, "building": "yes", "leisure": null, "natural": null, "amenity": null, "shop": null, "tourism": null, "historic": null }, "geometry": { "type": "Polygon", "coordinates": [ [ [ 20.550474, 38.459128600047514 ], [ 20.5505078, 38.459079000047524 ], [ 20.5504281, 38.459045700047511 ], [ 20.5503943, 38.459095300047522 ], [ 20.550474, 38.459128600047514 ] ] ] } },
{ "type": "Feature", "properties": { "osm_id": 288168547, "name": null, "label": "building:yes", "landuse": null, "building": "yes", "leisure": null, "natural": null, "amenity": null, "shop": null, "tourism": null, "historic": null }, "geometry": { "type": "Polygon", "coordinates": [ [ [ 20.5515148, 38.458543300047445 ], [ 20.5515673, 38.458543300047445 ], [ 20.5515673, 38.458499500047438 ], [ 20.5515148, 38.458499500047438 ], [ 20.5515148, 38.458543300047445 ] ] ] } },
{ "type": "Feature", "properties": { "osm_id": 288182031, "name": null, "label": "landuse:residential", "landuse": "residential", "building": null, "leisure": null, "natural": null, "amenity": null, "shop": null, "tourism": null, "historic": null }, "geometry": { "type": "Polygon", "coordinates": [ [ [ 20.5513518, 38.460145800047677 ], [ 20.5514455, 38.460089200047662 ], [ 20.5515228, 38.45971630004761 ], [ 20.5513503, 38.459565400047595 ], [ 20.5512975, 38.459510700047588 ], [ 20.5512773, 38.459741900047611 ], [ 20.5511452, 38.460061900047656 ], [ 20.5513518, 38.460145800047677 ] ] ] } },
{ "type": "Feature", "properties": { "osm_id": 288597482, "name": null, "label": "building:yes", "landuse": null, "building": "yes", "leisure": null, "natural": null, "amenity": null, "shop": null, "tourism": null, "historic": null }, "geometry": { "type": "Polygon", "coordinates": [ [ [ 20.5514396, 38.459751500047631 ], [ 20.5514459, 38.459678700047611 ], [ 20.5513741, 38.459674900047602 ], [ 20.5513678, 38.459747700047608 ], [ 20.5514396, 38.459751500047631 ] ] ] } },
{ "type": "Feature", "properties": { "osm_id": 288168542, "name": null, "label": "building:yes", "landuse": null, "building": "yes", "leisure": null, "natural": null, "amenity": null, "shop": null, "tourism": null, "historic": null }, "geometry": { "type": "Polygon", "coordinates": [ [ [ 20.5516984, 38.459148500047526 ], [ 20.5517071, 38.459042100047498 ], [ 20.5516051, 38.459037000047516 ], [ 20.5515964, 38.45914340004753 ], [ 20.5516984, 38.459148500047526 ] ] ] } },
{ "type": "Feature", "properties": { "osm_id": 288168529, "name": null, "label": "building:yes", "landuse": null, "building": "yes", "leisure": null, "natural": null, "amenity": null, "shop": null, "tourism": null, "historic": null }, "geometry": { "type": "Polygon", "coordinates": [ [ [ 20.5516985, 38.459274600047543 ], [ 20.5517783, 38.459274600047543 ], [ 20.5517783, 38.459193400047532 ], [ 20.5516985, 38.459193400047532 ], [ 20.5516985, 38.459274600047543 ] ] ] } },
{ "type": "Feature", "properties": { "osm_id": 288597514, "name": null, "label": "building:yes", "landuse": null, "building": "yes", "leisure": null, "natural": null, "amenity": null, "shop": null, "tourism": null, "historic": null }, "geometry": { "type": "Polygon", "coordinates": [ [ [ 20.552151, 38.459984200047643 ], [ 20.5522401, 38.459969500047649 ], [ 20.5522114, 38.459862800047638 ], [ 20.5521223, 38.459877500047632 ], [ 20.552151, 38.459984200047643 ] ] ] } },
{ "type": "Feature", "properties": { "osm_id": 288168531, "name": null, "label": "building:yes", "landuse": null, "building": "yes", "leisure": null, "natural": null, "amenity": null, "shop": null, "tourism": null, "historic": null }, "geometry": { "type": "Polygon", "coordinates": [ [ [ 20.551799, 38.458978500047508 ], [ 20.5518087, 38.45884360004748 ], [ 20.5516955, 38.458838600047486 ], [ 20.5516858, 38.458973500047499 ], [ 20.551799, 38.458978500047508 ] ] ] } },
{ "type": "Feature", "properties": { "osm_id": 288168548, "name": null, "label": "building:yes", "landuse": null, "building": "yes", "leisure": null, "natural": null, "amenity": null, "shop": null, "tourism": null, "historic": null }, "geometry": { "type": "Polygon", "coordinates": [ [ [ 20.5494266, 38.459024600047499 ], [ 20.549476, 38.458936400047499 ], [ 20.5494002, 38.4589104000475 ], [ 20.5493508, 38.458998600047501 ], [ 20.5494266, 38.459024600047499 ] ] ] } },
{ "type": "Feature", "properties": { "osm_id": 288168528, "name": null, "label": "building:yes", "landuse": null, "building": "yes", "leisure": null, "natural": null, "amenity": null, "shop": null, "tourism": null, "historic": null }, "geometry": { "type": "Polygon", "coordinates": [ [ [ 20.5498195, 38.459019000047512 ], [ 20.5498739, 38.458922700047495 ], [ 20.5498015, 38.458897600047486 ], [ 20.5497472, 38.458994000047504 ], [ 20.5498195, 38.459019000047512 ] ] ] } },
{ "type": "Feature", "properties": { "osm_id": 289090427, "name": null, "label": "building:yes", "landuse": null, "building": "yes", "leisure": null, "natural": null, "amenity": null, "shop": null, "tourism": null, "historic": null }, "geometry": { "type": "Polygon", "coordinates": [ [ [ 20.5551496, 38.461255700047836 ], [ 20.5552266, 38.46114830004781 ], [ 20.5551531, 38.461116000047809 ], [ 20.5550761, 38.461223400047828 ], [ 20.5551496, 38.461255700047836 ] ] ] } },
{ "type": "Feature", "properties": { "osm_id": 288597545, "name": null, "label": "historic:ruins", "landuse": null, "building": null, "leisure": null, "natural": null, "amenity": null, "shop": null, "tourism": null, "historic": "ruins" }, "geometry": { "type": "Polygon", "coordinates": [ [ [ 20.5519667, 38.461261000047841 ], [ 20.5519854, 38.461259500047831 ], [ 20.5519983, 38.461248600047824 ], [ 20.5519989, 38.46123390004783 ], [ 20.5519871, 38.461222400047831 ], [ 20.5519685, 38.461219800047829 ], [ 20.5519523, 38.461227300047817 ], [ 20.5519477, 38.461247200047836 ], [ 20.5519667, 38.461261000047841 ] ] ] } },
{ "type": "Feature", "properties": { "osm_id": 288597487, "name": null, "label": "building:yes", "landuse": null, "building": "yes", "leisure": null, "natural": null, "amenity": null, "shop": null, "tourism": null, "historic": null }, "geometry": { "type": "Polygon", "coordinates": [ [ [ 20.5522164, 38.461195700047817 ], [ 20.5522634, 38.461141300047814 ], [ 20.5521586, 38.461085700047803 ], [ 20.5521115, 38.461140100047814 ], [ 20.5522164, 38.461195700047817 ] ] ] } },
{ "type": "Feature", "properties": { "osm_id": 288597497, "name": null, "label": "building:yes", "landuse": null, "building": "yes", "leisure": null, "natural": null, "amenity": null, "shop": null, "tourism": null, "historic": null }, "geometry": { "type": "Polygon", "coordinates": [ [ [ 20.551741, 38.461317500047841 ], [ 20.5518167, 38.46118280004783 ], [ 20.5516712, 38.461132700047827 ], [ 20.5515956, 38.461267400047824 ], [ 20.551741, 38.461317500047841 ] ] ] } },
{ "type": "Feature", "properties": { "osm_id": 10131626, "name": null, "label": "natural:coastline", "landuse": null, "building": null, "leisure": null, "natural": "coastline", "amenity": null, "shop": null, "tourism": null, "historic": null }, "geometry": { "type": "MultiLineString", "coordinates": [ [ [ 20.555824527678958, 38.472599831443326 ], [ 20.555732, 38.472537200049459 ], [ 20.5556976, 38.472372100049441 ], [ 20.5555321, 38.471437300049303 ], [ 20.5553773, 38.471653300049333 ], [ 20.5551643, 38.471724000049349 ], [ 20.5549991, 38.471646700049341 ], [ 20.5548951, 38.471696300049331 ], [ 20.5549772, 38.47177150004935 ], [ 20.5546534, 38.471809000049355 ], [ 20.5542868, 38.47175420004934 ], [ 20.5541066, 38.471633300049334 ], [ 20.5539206, 38.471782000049359 ], [ 20.5536569, 38.471958200049372 ], [ 20.5531754, 38.471887200049366 ], [ 20.5525801, 38.47165060004933 ], [ 20.5524688, 38.471809800049357 ], [ 20.5525595, 38.472099500049389 ], [ 20.5524795, 38.472166400049396 ], [ 20.5516045, 38.471941500049375 ], [ 20.5504042, 38.471843900049358 ], [ 20.5498674, 38.471790700049354 ], [ 20.5486252, 38.471465800049295 ], [ 20.5484846, 38.471773800049355 ], [ 20.5487973, 38.471936400049373 ], [ 20.549485779430018, 38.472599831443326 ] ], [ [ 20.539349509285572, 38.472599831443326 ], [ 20.539211, 38.47249330004945 ], [ 20.5388536, 38.471723900049334 ], [ 20.5388358, 38.471221600049276 ], [ 20.5390862, 38.470517700049172 ], [ 20.5388064, 38.470235900049126 ], [ 20.5381301, 38.470288300049148 ], [ 20.5372662, 38.470222000049134 ], [ 20.5368744, 38.470004600049108 ], [ 20.5365531, 38.46905860004896 ], [ 20.5366658, 38.468856400048935 ], [ 20.5370146, 38.468570100048879 ], [ 20.5364246, 38.468098400048824 ], [ 20.5367253, 38.467785000048778 ], [ 20.537086, 38.467537600048736 ], [ 20.5375238, 38.467707900048765 ], [ 20.5376139, 38.467633400048761 ], [ 20.5380367, 38.467449800048719 ], [ 20.5376566, 38.466690600048629 ], [ 20.5377015, 38.466273500048558 ], [ 20.5379503, 38.466041200048522 ], [ 20.5380893, 38.465744600048481 ], [ 20.5383198, 38.465260300048406 ], [ 20.5386818, 38.465018100048376 ], [ 20.539076, 38.464918800048359 ], [ 20.5390779, 38.464203600048243 ], [ 20.5394115, 38.463854500048207 ], [ 20.5397123, 38.463684100048177 ], [ 20.5400776, 38.46354730004817 ], [ 20.5400397, 38.463215600048116 ], [ 20.5402568, 38.463049700048096 ], [ 20.540592, 38.463135900048108 ], [ 20.5403247, 38.462305600047976 ], [ 20.5401434, 38.461618100047879 ], [ 20.5401919, 38.461033600047784 ], [ 20.5403049, 38.46051640004773 ], [ 20.5401533, 38.459838000047633 ], [ 20.5404732, 38.459335800047555 ], [ 20.5408341, 38.459147800047525 ], [ 20.5410115, 38.459261200047557 ], [ 20.5411249, 38.459409600047572 ], [ 20.5412555, 38.459146100047519 ], [ 20.5414108, 38.458921100047498 ], [ 20.541546, 38.4583132000474 ], [ 20.5418662, 38.457724600047328 ], [ 20.5424054, 38.457587300047301 ], [ 20.5423631, 38.457261000047247 ], [ 20.5424618, 38.457141100047231 ], [ 20.5422285, 38.456975600047201 ], [ 20.5420288, 38.456796700047178 ], [ 20.5420692, 38.456666200047174 ], [ 20.5423807, 38.456796300047195 ], [ 20.5421534, 38.456342400047113 ], [ 20.5421177, 38.456023200047071 ], [ 20.5420402, 38.455452300046986 ], [ 20.5420384, 38.454612000046872 ], [ 20.5422101, 38.454225600046833 ], [ 20.5423139, 38.453694400046743 ], [ 20.5425324, 38.453611000046735 ], [ 20.5427078, 38.453439800046702 ], [ 20.5428859, 38.45315470004666 ], [ 20.543092, 38.453094300046651 ], [ 20.5429568, 38.452530100046573 ], [ 20.5427841, 38.45223490004652 ], [ 20.5426345, 38.451948400046483 ], [ 20.5423969, 38.451993700046501 ], [ 20.5423135, 38.451922100046488 ], [ 20.5422647, 38.451620200046442 ], [ 20.542028, 38.451319600046403 ], [ 20.5419025, 38.451047300046355 ], [ 20.5419885, 38.450767100046328 ], [ 20.5418686, 38.450399600046268 ], [ 20.541678, 38.449599900046152 ], [ 20.541697513857265, 38.449415375323966 ] ] ] } },
{ "type": "Feature", "properties": { "osm_id": 4246735333, "name": "Dafnoudi Hotel Apartments", "label": "tourism:hotel", "landuse": null, "building": null, "leisure": null, "natural": null, "amenity": null, "shop": null, "tourism": "hotel", "historic": null }, "geometry": { "type": "Point", "coordinates": [ 20.5518873, 38.460204300047685 ] } },
{ "type": "Feature", "properties": { "osm_id": 2925344569, "name": null, "label": "tourism:information", "landuse": null, "building": null, "leisure": null, "natural": null, "amenity": null, "shop": null, "tourism": "information", "historic": null }, "geometry": { "type": "Point", "coordinates": [ 20.5518254, 38.458349500047404 ] } },
{ "type": "Feature", "properties": { "osm_id": 6759013715, "name": "Fiscardo Stone Villas Gaia & Nemus", "label": "tourism:chalet", "landuse": null, "building": null, "leisure": null, "natural": null, "amenity": null, "shop": null, "tourism": "chalet", "historic": null }, "geometry": { "type": "Point", "coordinates": [ 20.5503499, 38.450647300046313 ] } },
{ "type": "Feature", "properties": { "osm_id": 2925344723, "name": null, "label": "tourism:information", "landuse": null, "building": null, "leisure": null, "natural": null, "amenity": null, "shop": null, "tourism": "information", "historic": null }, "geometry": { "type": "Point", "coordinates": [ 20.5462474, 38.458900100047487 ] } },
{ "type": "Feature", "properties": { "osm_id": 2926477557, "name": null, "label": "tourism:information", "landuse": null, "building": null, "leisure": null, "natural": null, "amenity": null, "shop": null, "tourism": "information", "historic": null }, "geometry": { "type": "Point", "coordinates": [ 20.5425206, 38.471245900049269 ] } },
{ "type": "Feature", "properties": { "osm_id": 2917303856, "name": "WW2 gun emplacement", "label": "historic:archaeological_site", "landuse": null, "building": null, "leisure": null, "natural": null, "amenity": null, "shop": null, "tourism": null, "historic": "archaeological_site" }, "geometry": { "type": "Point", "coordinates": [ 20.541081, 38.471126400049251 ] } },
{ "type": "Feature", "properties": { "osm_id": 9064282177, "name": "WW2 Gun Emplacement", "label": "historic:archaeological_site", "landuse": null, "building": null, "leisure": null, "natural": null, "amenity": null, "shop": null, "tourism": null, "historic": "archaeological_site" }, "geometry": { "type": "Point", "coordinates": [ 20.5416143, 38.471023700049244 ] } },
{ "type": "Feature", "properties": { "osm_id": 2917303857, "name": "WW2 gun emplacement", "label": "historic:archaeological_site", "landuse": null, "building": null, "leisure": null, "natural": null, "amenity": null, "shop": null, "tourism": null, "historic": "archaeological_site" }, "geometry": { "type": "Point", "coordinates": [ 20.5418238, 38.471380300049283 ] } },
{ "type": "Feature", "properties": { "osm_id": 2917306116, "name": null, "label": "tourism:viewpoint", "landuse": null, "building": null, "leisure": null, "natural": null, "amenity": null, "shop": null, "tourism": "viewpoint", "historic": null }, "geometry": { "type": "Point", "coordinates": [ 20.5409255, 38.470572700049175 ] } },
{ "type": "Feature", "properties": { "osm_id": 2917306117, "name": null, "label": "amenity:parking", "landuse": null, "building": null, "leisure": null, "natural": null, "amenity": "parking", "shop": null, "tourism": null, "historic": null }, "geometry": { "type": "Point", "coordinates": [ 20.5439334, 38.470584900049168 ] } },
{ "type": "Feature", "properties": { "osm_id": 2926477554, "name": null, "label": "tourism:information", "landuse": null, "building": null, "leisure": null, "natural": null, "amenity": null, "shop": null, "tourism": "information", "historic": null }, "geometry": { "type": "Point", "coordinates": [ 20.5468506, 38.466718300048619 ] } },
{ "type": "Feature", "properties": { "osm_id": 2921512464, "name": null, "label": "amenity:telephone", "landuse": null, "building": null, "leisure": null, "natural": null, "amenity": "telephone", "shop": null, "tourism": null, "historic": null }, "geometry": { "type": "Point", "coordinates": [ 20.5530245, 38.462483600048003 ] } },
{ "type": "Feature", "properties": { "osm_id": 2921511453, "name": "Fiscardo Walking Routes", "label": "tourism:information", "landuse": null, "building": null, "leisure": null, "natural": null, "amenity": null, "shop": null, "tourism": "information", "historic": null }, "geometry": { "type": "Point", "coordinates": [ 20.5530116, 38.462452200048006 ] } }
]
}
