{
"type": "FeatureCollection",
"name": "patch_21010_features",
"crs": { "type": "name", "properties": { "name": "urn:ogc:def:crs:OGC:1.3:CRS84" } },
"features": [
{ "type": "Feature", "properties": { "osm_id": 544660935, "name": null, "label": "landuse:orchard", "landuse": "orchard", "natural": null, "building": null, "amenity": null, "tourism": null, "historic": null, "sport": null, "leisure": null, "shop": null, "waterway": null }, "geometry": { "type": "MultiPolygon", "coordinates": [ [ [ [ 23.3389708, 38.011688399983633 ], [ 23.3390272, 38.010809299983499 ], [ 23.3385578, 38.010802999983518 ], [ 23.3384263, 38.009845599983386 ], [ 23.3391103, 38.00987099998337 ], [ 23.3391559, 38.009351099983306 ], [ 23.3391854, 38.008983399983244 ], [ 23.3382091, 38.009006599983252 ], [ 23.3381903, 38.008755099983226 ], [ 23.3380374, 38.008763599983226 ], [ 23.338016, 38.008602999983204 ], [ 23.337910588687794, 38.008605499856245 ], [ 23.337910588687794, 38.011705432781802 ], [ 23.3389708, 38.011688399983633 ] ] ], [ [ [ 23.33826, 38.018708399984618 ], [ 23.3381715, 38.018372399984571 ], [ 23.3380482, 38.017383499984426 ], [ 23.3380777, 38.017024199984377 ], [ 23.3383486, 38.015741599984203 ], [ 23.3386248, 38.01511609998412 ], [ 23.3387153, 38.014770199984071 ], [ 23.339003, 38.013522699983888 ], [ 23.3390486, 38.013161399983844 ], [ 23.3390459, 38.01275769998378 ], [ 23.3379918, 38.012852799983797 ], [ 23.337910588687794, 38.012580221531685 ], [ 23.337910588687794, 38.019322676406276 ], [ 23.338434294338967, 38.019322676406276 ], [ 23.33826, 38.018708399984618 ] ] ] ] } },
{ "type": "Feature", "properties": { "osm_id": 455720122, "name": null, "label": "landuse:farmyard", "landuse": "farmyard", "natural": null, "building": null, "amenity": null, "tourism": null, "historic": null, "sport": null, "leisure": null, "shop": null, "waterway": null }, "geometry": { "type": "Polygon", "coordinates": [ [ [ 23.3387857, 38.015587499984193 ], [ 23.3392216, 38.015552799984192 ], [ 23.3392042, 38.015342399984142 ], [ 23.3387388, 38.015333099984154 ], [ 23.3387857, 38.015587499984193 ] ] ] } },
{ "type": "Feature", "properties": { "osm_id": 455719678, "name": null, "label": "landuse:farmyard", "landuse": "farmyard", "natural": null, "building": null, "amenity": null, "tourism": null, "historic": null, "sport": null, "leisure": null, "shop": null, "waterway": null }, "geometry": { "type": "Polygon", "coordinates": [ [ [ 23.3396347, 38.014394799984011 ], [ 23.3396387, 38.014644999984043 ], [ 23.3395435, 38.014644199984048 ], [ 23.3395327, 38.014855499984094 ], [ 23.3397674, 38.014856299984075 ], [ 23.3397942, 38.014180099983975 ], [ 23.3394254, 38.014174999983986 ], [ 23.3393664, 38.014390599984011 ], [ 23.3396347, 38.014394799984011 ] ] ] } },
{ "type": "Feature", "properties": { "osm_id": 455720125, "name": null, "label": "landuse:farmyard", "landuse": "farmyard", "natural": null, "building": null, "amenity": null, "tourism": null, "historic": null, "sport": null, "leisure": null, "shop": null, "waterway": null }, "geometry": { "type": "Polygon", "coordinates": [ [ [ 23.340674, 38.015498699984171 ], [ 23.3416235, 38.01548179998418 ], [ 23.3416358, 38.015396899984154 ], [ 23.3416413, 38.01535889998415 ], [ 23.3417214, 38.014804799984063 ], [ 23.3413995, 38.014813199984076 ], [ 23.3413942, 38.015345699984159 ], [ 23.3406686, 38.015363499984147 ], [ 23.340674, 38.015498699984171 ] ] ] } },
{ "type": "Feature", "properties": { "osm_id": 455720133, "name": null, "label": "landuse:orchard", "landuse": "orchard", "natural": null, "building": null, "amenity": null, "tourism": null, "historic": null, "sport": null, "leisure": null, "shop": null, "waterway": null }, "geometry": { "type": "Polygon", "coordinates": [ [ [ 23.3387388, 38.015333099984154 ], [ 23.3392042, 38.015342399984142 ], [ 23.3392216, 38.015552799984192 ], [ 23.3387857, 38.015587499984193 ], [ 23.3388447, 38.015790099984201 ], [ 23.3389628, 38.015769199984206 ], [ 23.3390647, 38.015769199984206 ], [ 23.3394898, 38.01577259998421 ], [ 23.3395971, 38.015759899984197 ], [ 23.3396666, 38.015734499984198 ], [ 23.3396655, 38.015498699984171 ], [ 23.340674, 38.015498699984171 ], [ 23.3406686, 38.015363499984147 ], [ 23.3413942, 38.015345699984159 ], [ 23.3413995, 38.014813199984076 ], [ 23.3417214, 38.014804799984063 ], [ 23.3416413, 38.01535889998415 ], [ 23.3418488, 38.015363499984147 ], [ 23.3420379, 38.01537529998415 ], [ 23.3422579, 38.015379499984157 ], [ 23.3425207, 38.01537529998415 ], [ 23.3426481, 38.015397299984151 ], [ 23.3427407, 38.01542599998416 ], [ 23.3428318, 38.01543029998416 ], [ 23.3429002, 38.014535099984037 ], [ 23.3422941, 38.014535099984037 ], [ 23.3422941, 38.014420999984019 ], [ 23.3429016, 38.014420199984031 ], [ 23.342923, 38.014094699983964 ], [ 23.34297, 38.01376589998393 ], [ 23.3422471, 38.013752399983929 ], [ 23.3420218, 38.013870699983933 ], [ 23.3418649, 38.01387579998395 ], [ 23.341598, 38.01392139998395 ], [ 23.341484, 38.013892699983941 ], [ 23.340847, 38.01387919998394 ], [ 23.3408564, 38.01444639998401 ], [ 23.340531, 38.014450099984025 ], [ 23.340434, 38.014448899984018 ], [ 23.3404397, 38.014176399983974 ], [ 23.3397942, 38.014180099983975 ], [ 23.3397674, 38.014856299984075 ], [ 23.3395327, 38.014855499984094 ], [ 23.3395435, 38.014644199984048 ], [ 23.3396387, 38.014644999984043 ], [ 23.3396347, 38.014394799984011 ], [ 23.3393664, 38.014390599984011 ], [ 23.3394254, 38.014174999983986 ], [ 23.3393812, 38.014142099983978 ], [ 23.3393021, 38.014120099983977 ], [ 23.3389467, 38.014120899983986 ], [ 23.3388179, 38.014716899984073 ], [ 23.3387375, 38.01502539998409 ], [ 23.3387281, 38.01517669998411 ], [ 23.3387388, 38.015333099984154 ] ] ] } },
{ "type": "Feature", "properties": { "osm_id": 455720795, "name": null, "label": "landuse:orchard", "landuse": "orchard", "natural": null, "building": null, "amenity": null, "tourism": null, "historic": null, "sport": null, "leisure": null, "shop": null, "waterway": null }, "geometry": { "type": "Polygon", "coordinates": [ [ [ 23.338948, 38.01609799998424 ], [ 23.3390714, 38.016359999984289 ], [ 23.339184, 38.016567099984329 ], [ 23.3392913, 38.016715099984339 ], [ 23.3394898, 38.016922099984384 ], [ 23.3396132, 38.017048899984388 ], [ 23.3399726, 38.016993999984372 ], [ 23.3399664, 38.016917099984369 ], [ 23.3399552, 38.01677909998434 ], [ 23.3403843, 38.016766399984341 ], [ 23.3403964, 38.016900399984372 ], [ 23.3404554, 38.017222199984403 ], [ 23.3398479, 38.017332699984422 ], [ 23.3403138, 38.017939999984506 ], [ 23.3407886, 38.017837099984497 ], [ 23.340729, 38.017640599984482 ], [ 23.3410978, 38.017577799984458 ], [ 23.3411367, 38.017729299984481 ], [ 23.3415232, 38.017694499984465 ], [ 23.341539, 38.0178518999845 ], [ 23.3411622, 38.017882099984512 ], [ 23.3408188, 38.017937099984508 ], [ 23.3408015, 38.017879999984508 ], [ 23.3403428, 38.017974499984518 ], [ 23.3403857, 38.01803359998452 ], [ 23.3406257, 38.018313199984568 ], [ 23.3412923, 38.019039499984672 ], [ 23.3419883, 38.018933199984652 ], [ 23.342654, 38.018857099984643 ], [ 23.3427192, 38.018062799984527 ], [ 23.3427675, 38.017361699984441 ], [ 23.3427769, 38.016800199984338 ], [ 23.3417214, 38.016812299984359 ], [ 23.3417107, 38.016672799984335 ], [ 23.3412051, 38.016686299984343 ], [ 23.3411796, 38.016414999984306 ], [ 23.3411152, 38.016414999984306 ], [ 23.3411139, 38.016098899984264 ], [ 23.3412493, 38.01609799998424 ], [ 23.3412695, 38.015798799984218 ], [ 23.3416249, 38.015802199984215 ], [ 23.3416249, 38.015878199984229 ], [ 23.3427983, 38.015870599984233 ], [ 23.3428158, 38.015489399984169 ], [ 23.3427299, 38.01547669998417 ], [ 23.3426441, 38.015442899984151 ], [ 23.3425837, 38.015426899984163 ], [ 23.3424885, 38.015413399984155 ], [ 23.3421452, 38.015417599984154 ], [ 23.3419199, 38.015396399984169 ], [ 23.3416358, 38.015396899984154 ], [ 23.3416235, 38.01548179998418 ], [ 23.340674, 38.015498699984171 ], [ 23.3406794, 38.015819899984209 ], [ 23.3404769, 38.015823299984213 ], [ 23.3404715, 38.015962799984237 ], [ 23.3400678, 38.015963599984232 ], [ 23.3400678, 38.015828399984208 ], [ 23.3399297, 38.015827499984219 ], [ 23.3399284, 38.015794599984225 ], [ 23.3396668, 38.015785299984202 ], [ 23.3395636, 38.015807199984216 ], [ 23.3394254, 38.015806399984214 ], [ 23.3390861, 38.015807199984216 ], [ 23.3389789, 38.01581149998421 ], [ 23.3388555, 38.015832599984215 ], [ 23.338948, 38.01609799998424 ] ] ] } },
{ "type": "Feature", "properties": { "osm_id": 455720790, "name": null, "label": "landuse:farmyard", "landuse": "farmyard", "natural": null, "building": null, "amenity": null, "tourism": null, "historic": null, "sport": null, "leisure": null, "shop": null, "waterway": null }, "geometry": { "type": "Polygon", "coordinates": [ [ [ 23.3399664, 38.016917099984369 ], [ 23.3403964, 38.016900399984372 ], [ 23.3403843, 38.016766399984341 ], [ 23.3399552, 38.01677909998434 ], [ 23.3399664, 38.016917099984369 ] ] ] } },
{ "type": "Feature", "properties": { "osm_id": 455720130, "name": null, "label": "landuse:farmyard", "landuse": "farmyard", "natural": null, "building": null, "amenity": null, "tourism": null, "historic": null, "sport": null, "leisure": null, "shop": null, "waterway": null }, "geometry": { "type": "Polygon", "coordinates": [ [ [ 23.3396666, 38.015734499984198 ], [ 23.3396668, 38.015785299984202 ], [ 23.3399284, 38.015794599984225 ], [ 23.3399297, 38.015827499984219 ], [ 23.3400678, 38.015828399984208 ], [ 23.3400678, 38.015963599984232 ], [ 23.3404715, 38.015962799984237 ], [ 23.3404769, 38.015823299984213 ], [ 23.3406794, 38.015819899984209 ], [ 23.340674, 38.015498699984171 ], [ 23.3396655, 38.015498699984171 ], [ 23.3396666, 38.015734499984198 ] ] ] } },
{ "type": "Feature", "properties": { "osm_id": 455720799, "name": null, "label": "landuse:orchard", "landuse": "orchard", "natural": null, "building": null, "amenity": null, "tourism": null, "historic": null, "sport": null, "leisure": null, "shop": null, "waterway": null }, "geometry": { "type": "Polygon", "coordinates": [ [ [ 23.3398479, 38.017332699984422 ], [ 23.3404554, 38.017222199984403 ], [ 23.3403964, 38.016900399984372 ], [ 23.3399664, 38.016917099984369 ], [ 23.3399726, 38.016993999984372 ], [ 23.3396132, 38.017048899984388 ], [ 23.3398479, 38.017332699984422 ] ] ] } },
{ "type": "Feature", "properties": { "osm_id": 544660934, "name": null, "label": "landuse:orchard", "landuse": "orchard", "natural": null, "building": null, "amenity": null, "tourism": null, "historic": null, "sport": null, "leisure": null, "shop": null, "waterway": null }, "geometry": { "type": "Polygon", "coordinates": [ [ [ 23.3413769, 38.019239399984691 ], [ 23.3405077, 38.018292099984549 ], [ 23.3399016, 38.017537699984445 ], [ 23.3391747, 38.017810299984504 ], [ 23.3390218, 38.017239799984402 ], [ 23.3395287, 38.017079199984394 ], [ 23.3393007, 38.016827699984354 ], [ 23.3390433, 38.016500199984321 ], [ 23.3389413, 38.016257199984274 ], [ 23.3388609, 38.016064899984251 ], [ 23.338716, 38.015608399984181 ], [ 23.3386463, 38.015251299984136 ], [ 23.33848, 38.015682399984208 ], [ 23.3383137, 38.016364899984282 ], [ 23.3381689, 38.017019999984392 ], [ 23.338134, 38.017250299984418 ], [ 23.3381635, 38.017605399984468 ], [ 23.3382735, 38.018313199984568 ], [ 23.3385095, 38.0192175999847 ], [ 23.338535833054742, 38.019322676406276 ], [ 23.341192779297995, 38.019322676406276 ], [ 23.3413769, 38.019239399984691 ] ] ] } },
{ "type": "Feature", "properties": { "osm_id": 455720787, "name": null, "label": "landuse:industrial", "landuse": "industrial", "natural": null, "building": null, "amenity": null, "tourism": null, "historic": null, "sport": null, "leisure": null, "shop": null, "waterway": null }, "geometry": { "type": "Polygon", "coordinates": [ [ [ 23.3407886, 38.017837099984497 ], [ 23.3408015, 38.017879999984508 ], [ 23.3408188, 38.017937099984508 ], [ 23.3411622, 38.017882099984512 ], [ 23.341539, 38.0178518999845 ], [ 23.3415232, 38.017694499984465 ], [ 23.3411367, 38.017729299984481 ], [ 23.3410978, 38.017577799984458 ], [ 23.340729, 38.017640599984482 ], [ 23.3407886, 38.017837099984497 ] ] ] } },
{ "type": "Feature", "properties": { "osm_id": 455720783, "name": null, "label": "landuse:farmyard", "landuse": "farmyard", "natural": null, "building": null, "amenity": null, "tourism": null, "historic": null, "sport": null, "leisure": null, "shop": null, "waterway": null }, "geometry": { "type": "Polygon", "coordinates": [ [ [ 23.342113, 38.019250799984704 ], [ 23.3420205, 38.019099299984688 ], [ 23.3419883, 38.018933199984652 ], [ 23.3412923, 38.019039499984672 ], [ 23.34155245889988, 38.019322676406276 ], [ 23.341768870445851, 38.019322676406276 ], [ 23.342113, 38.019250799984704 ] ] ] } },
{ "type": "Feature", "properties": { "osm_id": 455725677, "name": null, "label": "landuse:farmyard", "landuse": "farmyard", "natural": null, "building": null, "amenity": null, "tourism": null, "historic": null, "sport": null, "leisure": null, "shop": null, "waterway": null }, "geometry": { "type": "Polygon", "coordinates": [ [ [ 23.3413769, 38.019239399984691 ], [ 23.341192779297995, 38.019322676406276 ], [ 23.341456058866616, 38.019322676406276 ], [ 23.3413769, 38.019239399984691 ] ] ] } },
{ "type": "Feature", "properties": { "osm_id": 455720792, "name": null, "label": "landuse:orchard", "landuse": "orchard", "natural": null, "building": null, "amenity": null, "tourism": null, "historic": null, "sport": null, "leisure": null, "shop": null, "waterway": null }, "geometry": { "type": "Polygon", "coordinates": [ [ [ 23.3425958, 38.019233899984691 ], [ 23.3426334, 38.01904789998467 ], [ 23.3420205, 38.019099299984688 ], [ 23.342113, 38.019250799984704 ], [ 23.341768870445851, 38.019322676406276 ], [ 23.342583273277583, 38.019322676406276 ], [ 23.3425958, 38.019233899984691 ] ] ] } },
{ "type": "Feature", "properties": { "osm_id": 455720785, "name": null, "label": "landuse:industrial", "landuse": "industrial", "natural": null, "building": null, "amenity": null, "tourism": null, "historic": null, "sport": null, "leisure": null, "shop": null, "waterway": null }, "geometry": { "type": "Polygon", "coordinates": [ [ [ 23.3420205, 38.019099299984688 ], [ 23.3426334, 38.01904789998467 ], [ 23.342654, 38.018857099984643 ], [ 23.3419883, 38.018933199984652 ], [ 23.3420205, 38.019099299984688 ] ] ] } },
{ "type": "Feature", "properties": { "osm_id": 455720794, "name": null, "label": "landuse:industrial", "landuse": "industrial", "natural": null, "building": null, "amenity": null, "tourism": null, "historic": null, "sport": null, "leisure": null, "shop": null, "waterway": null }, "geometry": { "type": "Polygon", "coordinates": [ [ [ 23.3442378, 38.017596299984469 ], [ 23.3442659, 38.016975499984383 ], [ 23.344126, 38.016971599984366 ], [ 23.3441316, 38.01684909998437 ], [ 23.3438784, 38.016841999984351 ], [ 23.3438449, 38.017585299984482 ], [ 23.3442378, 38.017596299984469 ] ] ] } },
{ "type": "Feature", "properties": { "osm_id": 455720788, "name": null, "label": "landuse:industrial", "landuse": "industrial", "natural": null, "building": null, "amenity": null, "tourism": null, "historic": null, "sport": null, "leisure": null, "shop": null, "waterway": null }, "geometry": { "type": "Polygon", "coordinates": [ [ [ 23.343252, 38.01583159998421 ], [ 23.3432681, 38.015476599984162 ], [ 23.3429247, 38.015468099984169 ], [ 23.3429087, 38.015818899984218 ], [ 23.343252, 38.01583159998421 ] ] ] } },
{ "type": "Feature", "properties": { "osm_id": 455719684, "name": null, "label": "landuse:industrial", "landuse": "industrial", "natural": null, "building": null, "amenity": null, "tourism": null, "historic": null, "sport": null, "leisure": null, "shop": null, "waterway": null }, "geometry": { "type": "Polygon", "coordinates": [ [ [ 23.3411152, 38.016414999984306 ], [ 23.3411796, 38.016414999984306 ], [ 23.3412051, 38.016686299984343 ], [ 23.3417107, 38.016672799984335 ], [ 23.3417214, 38.016812299984359 ], [ 23.3427769, 38.016800199984338 ], [ 23.3427983, 38.015870599984233 ], [ 23.3416249, 38.015878199984229 ], [ 23.3416249, 38.015802199984215 ], [ 23.3412695, 38.015798799984218 ], [ 23.3412493, 38.01609799998424 ], [ 23.3411139, 38.016098899984264 ], [ 23.3411152, 38.016414999984306 ] ] ] } },
{ "type": "Feature", "properties": { "osm_id": 455720132, "name": null, "label": "landuse:farmyard", "landuse": "farmyard", "natural": null, "building": null, "amenity": null, "tourism": null, "historic": null, "sport": null, "leisure": null, "shop": null, "waterway": null }, "geometry": { "type": "Polygon", "coordinates": [ [ [ 23.3422941, 38.014535099984037 ], [ 23.3429002, 38.014535099984037 ], [ 23.3429016, 38.014420199984031 ], [ 23.3422941, 38.014420999984019 ], [ 23.3422941, 38.014535099984037 ] ] ] } },
{ "type": "Feature", "properties": { "osm_id": 455725117, "name": null, "label": "landuse:residential", "landuse": "residential", "natural": null, "building": null, "amenity": null, "tourism": null, "historic": null, "sport": null, "leisure": null, "shop": null, "waterway": null }, "geometry": { "type": "Polygon", "coordinates": [ [ [ 23.3435385, 38.009255999983296 ], [ 23.3435549, 38.009003099983268 ], [ 23.3430989, 38.009006699983267 ], [ 23.3430936, 38.009272899983301 ], [ 23.3435385, 38.009255999983296 ] ] ] } },
{ "type": "Feature", "properties": { "osm_id": 455725550, "name": null, "label": "landuse:farmland", "landuse": "farmland", "natural": null, "building": null, "amenity": null, "tourism": null, "historic": null, "sport": null, "leisure": null, "shop": null, "waterway": null }, "geometry": { "type": "Polygon", "coordinates": [ [ [ 23.341495, 38.008947499983236 ], [ 23.3420475, 38.008955899983242 ], [ 23.3420368, 38.008757299983223 ], [ 23.3422674, 38.008761499983216 ], [ 23.3422621, 38.008964399983256 ], [ 23.3424659, 38.008969199983255 ], [ 23.3424552, 38.008643199983204 ], [ 23.341495, 38.008635299983204 ], [ 23.341495, 38.008947499983236 ] ] ] } },
{ "type": "Feature", "properties": { "osm_id": 455725119, "name": null, "label": "landuse:residential", "landuse": "residential", "natural": null, "building": null, "amenity": null, "tourism": null, "historic": null, "sport": null, "leisure": null, "shop": null, "waterway": null }, "geometry": { "type": "Polygon", "coordinates": [ [ [ 23.3420475, 38.008955899983242 ], [ 23.3422621, 38.008964399983256 ], [ 23.3422674, 38.008761499983216 ], [ 23.3420368, 38.008757299983223 ], [ 23.3420475, 38.008955899983242 ] ] ] } },
{ "type": "Feature", "properties": { "osm_id": 455725118, "name": null, "label": "landuse:residential", "landuse": "residential", "natural": null, "building": null, "amenity": null, "tourism": null, "historic": null, "sport": null, "leisure": null, "shop": null, "waterway": null }, "geometry": { "type": "Polygon", "coordinates": [ [ [ 23.3425839, 38.008972799983241 ], [ 23.3430402, 38.008961399983249 ], [ 23.3430506, 38.008621999983212 ], [ 23.3430077, 38.0080006999831 ], [ 23.3426269, 38.008001299983107 ], [ 23.3426805, 38.008647999983204 ], [ 23.3425839, 38.008647999983204 ], [ 23.3425839, 38.008972799983241 ] ] ] } },
{ "type": "Feature", "properties": { "osm_id": 455724353, "name": null, "label": "landuse:farmyard", "landuse": "farmyard", "natural": null, "building": null, "amenity": null, "tourism": null, "historic": null, "sport": null, "leisure": null, "shop": null, "waterway": null }, "geometry": { "type": "Polygon", "coordinates": [ [ [ 23.342643, 38.009442599983316 ], [ 23.342643, 38.009510299983333 ], [ 23.3430131, 38.009501199983333 ], [ 23.3430292, 38.009006699983267 ], [ 23.3424552, 38.009019299983258 ], [ 23.3424659, 38.009353199983302 ], [ 23.3422728, 38.009357499983295 ], [ 23.3422674, 38.009438399983303 ], [ 23.342643, 38.009442599983316 ] ] ] } },
{ "type": "Feature", "properties": { "osm_id": 455724343, "name": null, "label": "landuse:farmyard", "landuse": "farmyard", "natural": null, "building": null, "amenity": null, "tourism": null, "historic": null, "sport": null, "leisure": null, "shop": null, "waterway": null }, "geometry": { "type": "Polygon", "coordinates": [ [ [ 23.342997, 38.010168999983421 ], [ 23.3430024, 38.010000599983393 ], [ 23.3426269, 38.010004099983405 ], [ 23.342622, 38.010166199983431 ], [ 23.342997, 38.010168999983421 ] ] ] } },
{ "type": "Feature", "properties": { "osm_id": 455724347, "name": null, "label": "landuse:industrial", "landuse": "industrial", "natural": null, "building": null, "amenity": null, "tourism": null, "historic": null, "sport": null, "leisure": null, "shop": null, "waterway": null }, "geometry": { "type": "Polygon", "coordinates": [ [ [ 23.3424016, 38.011298099983584 ], [ 23.3429796, 38.01129349998358 ], [ 23.3429863, 38.010959099983531 ], [ 23.3421494, 38.010951499983527 ], [ 23.342128, 38.011288799983596 ], [ 23.3424016, 38.011298099983584 ] ] ] } },
{ "type": "Feature", "properties": { "osm_id": 455724351, "name": null, "label": "landuse:residential", "landuse": "residential", "natural": null, "building": null, "amenity": null, "tourism": null, "historic": null, "sport": null, "leisure": null, "shop": null, "waterway": null }, "geometry": { "type": "Polygon", "coordinates": [ [ [ 23.3425464, 38.011512799983613 ], [ 23.3425464, 38.011597399983614 ], [ 23.342975, 38.011609999983612 ], [ 23.3429796, 38.01129349998358 ], [ 23.3424016, 38.011298099983584 ], [ 23.3423855, 38.011509399983609 ], [ 23.3425464, 38.011512799983613 ] ] ] } },
{ "type": "Feature", "properties": { "osm_id": 455724350, "name": null, "label": "landuse:farmyard", "landuse": "farmyard", "natural": null, "building": null, "amenity": null, "tourism": null, "historic": null, "sport": null, "leisure": null, "shop": null, "waterway": null }, "geometry": { "type": "Polygon", "coordinates": [ [ [ 23.3429755, 38.01062519998348 ], [ 23.3429863, 38.010300599983445 ], [ 23.342187, 38.010317499983437 ], [ 23.3421816, 38.010637899983479 ], [ 23.3429755, 38.01062519998348 ] ] ] } },
{ "type": "Feature", "properties": { "osm_id": 455719685, "name": null, "label": "landuse:farmyard", "landuse": "farmyard", "natural": null, "building": null, "amenity": null, "tourism": null, "historic": null, "sport": null, "leisure": null, "shop": null, "waterway": null }, "geometry": { "type": "Polygon", "coordinates": [ [ [ 23.3430129, 38.01336859998387 ], [ 23.3430129, 38.01327139998385 ], [ 23.3426481, 38.013267199983844 ], [ 23.3426441, 38.013355099983855 ], [ 23.3430129, 38.01336859998387 ] ] ] } },
{ "type": "Feature", "properties": { "osm_id": 455719682, "name": null, "label": "landuse:industrial", "landuse": "industrial", "natural": null, "building": null, "amenity": null, "tourism": null, "historic": null, "sport": null, "leisure": null, "shop": null, "waterway": null }, "geometry": { "type": "Polygon", "coordinates": [ [ [ 23.3428479, 38.012581699983748 ], [ 23.3429968, 38.012535999983754 ], [ 23.3429753, 38.01225279998372 ], [ 23.3428265, 38.012256199983725 ], [ 23.3428479, 38.012581699983748 ] ] ] } },
{ "type": "Feature", "properties": { "osm_id": 455719677, "name": null, "label": "landuse:farmyard", "landuse": "farmyard", "natural": null, "building": null, "amenity": null, "tourism": null, "historic": null, "sport": null, "leisure": null, "shop": null, "waterway": null }, "geometry": { "type": "Polygon", "coordinates": [ [ [ 23.3423142, 38.01290679998381 ], [ 23.3423237, 38.012716799983778 ], [ 23.3423264, 38.012663299983778 ], [ 23.3423464, 38.012262599983714 ], [ 23.3419628, 38.012245299983704 ], [ 23.341944, 38.012701599983778 ], [ 23.3419416, 38.01275949998378 ], [ 23.341936, 38.012896499983803 ], [ 23.3423142, 38.01290679998381 ] ] ] } },
{ "type": "Feature", "properties": { "osm_id": 455720128, "name": null, "label": "landuse:orchard", "landuse": "orchard", "natural": null, "building": null, "amenity": null, "tourism": null, "historic": null, "sport": null, "leisure": null, "shop": null, "waterway": null }, "geometry": { "type": "Polygon", "coordinates": [ [ [ 23.3401429, 38.012814999983803 ], [ 23.3401443, 38.013105699983832 ], [ 23.3396615, 38.013105699983832 ], [ 23.3396561, 38.013426999983878 ], [ 23.3398908, 38.013431999983887 ], [ 23.3398921, 38.013621399983904 ], [ 23.3394523, 38.013617099983911 ], [ 23.3394308, 38.013794699983926 ], [ 23.3395797, 38.013803999983928 ], [ 23.3395542, 38.014043999983961 ], [ 23.3397044, 38.014056699983968 ], [ 23.3397044, 38.014145399983967 ], [ 23.3397889, 38.014142099983978 ], [ 23.3397942, 38.014180099983975 ], [ 23.3404397, 38.014176399983974 ], [ 23.3405366, 38.014177699983982 ], [ 23.340531, 38.014450099984025 ], [ 23.3408564, 38.01444639998401 ], [ 23.340847, 38.01387919998394 ], [ 23.341484, 38.013892699983941 ], [ 23.341598, 38.01392139998395 ], [ 23.3418649, 38.01387579998395 ], [ 23.3420218, 38.013870699983933 ], [ 23.3422471, 38.013752399983929 ], [ 23.34297, 38.01376589998393 ], [ 23.3430129, 38.01336859998387 ], [ 23.3426441, 38.013355099983855 ], [ 23.3426481, 38.013267199983844 ], [ 23.3430129, 38.01327139998385 ], [ 23.3429914, 38.012599399983756 ], [ 23.3426267, 38.012679699983785 ], [ 23.3424604, 38.012705099983769 ], [ 23.3423237, 38.012716799983778 ], [ 23.3423142, 38.01290679998381 ], [ 23.341936, 38.012896499983803 ], [ 23.3419416, 38.01275949998378 ], [ 23.3418166, 38.012781099983798 ], [ 23.3416409, 38.012792999983802 ], [ 23.3413191, 38.012784499983795 ], [ 23.341303, 38.013177599983841 ], [ 23.3419038, 38.013226199983841 ], [ 23.3419038, 38.013511199983903 ], [ 23.3415498, 38.013517499983898 ], [ 23.3415471, 38.01338439998387 ], [ 23.3405627, 38.013327299983864 ], [ 23.3405683, 38.012767699983776 ], [ 23.3400356, 38.012772699983778 ], [ 23.339404, 38.012759199983776 ], [ 23.3393987, 38.012796399983785 ], [ 23.3401429, 38.012814999983803 ] ] ] } },
{ "type": "Feature", "properties": { "osm_id": 455719680, "name": null, "label": "landuse:farmyard", "landuse": "farmyard", "natural": null, "building": null, "amenity": null, "tourism": null, "historic": null, "sport": null, "leisure": null, "shop": null, "waterway": null }, "geometry": { "type": "Polygon", "coordinates": [ [ [ 23.3415471, 38.01338439998387 ], [ 23.3415498, 38.013517499983898 ], [ 23.3419038, 38.013511199983903 ], [ 23.3419038, 38.013226199983841 ], [ 23.341303, 38.013177599983841 ], [ 23.3413191, 38.012784499983795 ], [ 23.3408363, 38.012759199983776 ], [ 23.3408371, 38.01270969998378 ], [ 23.3408443, 38.012256199983725 ], [ 23.3406742, 38.012255999983708 ], [ 23.3405734, 38.012255899983721 ], [ 23.3405689, 38.012705599983775 ], [ 23.3405683, 38.012767699983776 ], [ 23.3405627, 38.013327299983864 ], [ 23.3415471, 38.01338439998387 ] ] ] } },
{ "type": "Feature", "properties": { "osm_id": 455724875, "name": null, "label": "landuse:orchard", "landuse": "orchard", "natural": null, "building": null, "amenity": null, "tourism": null, "historic": null, "sport": null, "leisure": null, "shop": null, "waterway": null }, "geometry": { "type": "Polygon", "coordinates": [ [ [ 23.3394726, 38.010896599983511 ], [ 23.339537, 38.010904999983524 ], [ 23.3394994, 38.011319299983569 ], [ 23.3400358, 38.011343799983592 ], [ 23.3400358, 38.011254999983578 ], [ 23.3400627, 38.010947299983528 ], [ 23.340132, 38.010949899983537 ], [ 23.3401592, 38.010768999983505 ], [ 23.3402182, 38.010773199983504 ], [ 23.3408351, 38.010795199983512 ], [ 23.340862, 38.010963399983531 ], [ 23.3410068, 38.010963399983531 ], [ 23.341039, 38.010642999983489 ], [ 23.3416023, 38.01066839998348 ], [ 23.3415862, 38.010981099983539 ], [ 23.3413609, 38.010976099983544 ], [ 23.3413609, 38.011141699983561 ], [ 23.3417364, 38.011154399983553 ], [ 23.3416988, 38.011677699983636 ], [ 23.3417632, 38.011678499983631 ], [ 23.3417632, 38.011889799983663 ], [ 23.3406903, 38.011915199983662 ], [ 23.3406742, 38.012255999983708 ], [ 23.3408443, 38.012256199983725 ], [ 23.3408371, 38.01270969998378 ], [ 23.3411036, 38.012722199983784 ], [ 23.341436, 38.012738499983783 ], [ 23.3416071, 38.012735099983786 ], [ 23.3418007, 38.012730099983784 ], [ 23.341944, 38.012701599983778 ], [ 23.3419628, 38.012245299983704 ], [ 23.3423464, 38.012262599983714 ], [ 23.3423264, 38.012663299983778 ], [ 23.3424552, 38.012658199983768 ], [ 23.3426215, 38.012632899983757 ], [ 23.3428479, 38.012581699983748 ], [ 23.3428265, 38.012256199983725 ], [ 23.3429753, 38.01225279998372 ], [ 23.342975, 38.011609999983612 ], [ 23.3425464, 38.011597399983614 ], [ 23.3425464, 38.011512799983613 ], [ 23.3423855, 38.011509399983609 ], [ 23.3424016, 38.011298099983584 ], [ 23.342128, 38.011288799983596 ], [ 23.3421494, 38.010951499983527 ], [ 23.3429863, 38.010959099983531 ], [ 23.3429755, 38.01062519998348 ], [ 23.3421816, 38.010637899983479 ], [ 23.342187, 38.010317499983437 ], [ 23.3429863, 38.010300599983445 ], [ 23.342997, 38.010168999983421 ], [ 23.342622, 38.010166199983431 ], [ 23.3426269, 38.010004099983405 ], [ 23.3430024, 38.010000599983393 ], [ 23.3430131, 38.009501199983333 ], [ 23.342643, 38.009510299983333 ], [ 23.342643, 38.009442599983316 ], [ 23.3422674, 38.009438399983303 ], [ 23.3422728, 38.009357499983295 ], [ 23.3424659, 38.009353199983302 ], [ 23.3424552, 38.009019299983258 ], [ 23.34179, 38.008998199983253 ], [ 23.3418061, 38.009349599983302 ], [ 23.3415057, 38.009332099983304 ], [ 23.3415272, 38.008998799983253 ], [ 23.3411203, 38.008986399983257 ], [ 23.3411141, 38.009323699983305 ], [ 23.3410283, 38.009319399983298 ], [ 23.3410283, 38.008981299983247 ], [ 23.3404972, 38.008968599983241 ], [ 23.3403523, 38.008977699983262 ], [ 23.3402451, 38.008985499983254 ], [ 23.3401485, 38.008952299983243 ], [ 23.3400949, 38.008897399983233 ], [ 23.3400358, 38.008800199983234 ], [ 23.3399661, 38.008745199983231 ], [ 23.3398803, 38.008719199983219 ], [ 23.3397515, 38.00871139998322 ], [ 23.3394511, 38.008740999983218 ], [ 23.3392902, 38.008752999983223 ], [ 23.3392647, 38.009151799983272 ], [ 23.3395638, 38.009171499983282 ], [ 23.3395584, 38.009323699983305 ], [ 23.3392478, 38.009307199983304 ], [ 23.339199, 38.010008999983405 ], [ 23.3394511, 38.010016799983404 ], [ 23.3394297, 38.010258399983428 ], [ 23.3391775, 38.010244899983427 ], [ 23.3390971, 38.010879699983512 ], [ 23.3394726, 38.010896599983511 ] ] ] } },
{ "type": "Feature", "properties": { "osm_id": 455724348, "name": null, "label": "landuse:farmyard", "landuse": "farmyard", "natural": null, "building": null, "amenity": null, "tourism": null, "historic": null, "sport": null, "leisure": null, "shop": null, "waterway": null }, "geometry": { "type": "Polygon", "coordinates": [ [ [ 23.3405991, 38.010875499983527 ], [ 23.3405401, 38.011377599983597 ], [ 23.3409371, 38.01140379998359 ], [ 23.340921, 38.011615099983622 ], [ 23.3412482, 38.011623599983608 ], [ 23.3412538, 38.011691799983637 ], [ 23.3416988, 38.011677699983636 ], [ 23.3417364, 38.011154399983553 ], [ 23.3413609, 38.011141699983561 ], [ 23.3413609, 38.010976099983544 ], [ 23.3415862, 38.010981099983539 ], [ 23.3416023, 38.01066839998348 ], [ 23.341039, 38.010642999983489 ], [ 23.3410068, 38.010963399983531 ], [ 23.340862, 38.010963399983531 ], [ 23.3408351, 38.010795199983512 ], [ 23.3402182, 38.010773199983504 ], [ 23.3402021, 38.010862799983514 ], [ 23.3405991, 38.010875499983527 ] ] ] } },
{ "type": "Feature", "properties": { "osm_id": 455724870, "name": null, "label": "landuse:orchard", "landuse": "orchard", "natural": null, "building": null, "amenity": null, "tourism": null, "historic": null, "sport": null, "leisure": null, "shop": null, "waterway": null }, "geometry": { "type": "Polygon", "coordinates": [ [ [ 23.340497, 38.011648399983621 ], [ 23.3404876, 38.011905399983668 ], [ 23.3402086, 38.011909599983667 ], [ 23.3401483, 38.012713499983768 ], [ 23.3405689, 38.012705599983775 ], [ 23.3405734, 38.012255899983721 ], [ 23.3406742, 38.012255999983708 ], [ 23.3406903, 38.011915199983662 ], [ 23.3417632, 38.011889799983663 ], [ 23.3417632, 38.011678499983631 ], [ 23.3416988, 38.011677699983636 ], [ 23.3412538, 38.011691799983637 ], [ 23.3412482, 38.011623599983608 ], [ 23.340921, 38.011615099983622 ], [ 23.3409371, 38.01140379998359 ], [ 23.3405401, 38.011377599983597 ], [ 23.3405991, 38.010875499983527 ], [ 23.3402021, 38.010862799983514 ], [ 23.3401753, 38.010951499983527 ], [ 23.3401496, 38.011263699983573 ], [ 23.3400358, 38.011254999983578 ], [ 23.3400358, 38.011343799983592 ], [ 23.3400305, 38.01164799998363 ], [ 23.340497, 38.011648399983621 ] ] ] } },
{ "type": "Feature", "properties": { "osm_id": 455724354, "name": null, "label": "landuse:farmyard", "landuse": "farmyard", "natural": null, "building": null, "amenity": null, "tourism": null, "historic": null, "sport": null, "leisure": null, "shop": null, "waterway": null }, "geometry": { "type": "Polygon", "coordinates": [ [ [ 23.3401496, 38.011263699983573 ], [ 23.3401753, 38.010951499983527 ], [ 23.340132, 38.010949899983537 ], [ 23.3400627, 38.010947299983528 ], [ 23.3400358, 38.011254999983578 ], [ 23.3401496, 38.011263699983573 ] ] ] } },
{ "type": "Feature", "properties": { "osm_id": 455724345, "name": null, "label": "landuse:farmyard", "landuse": "farmyard", "natural": null, "building": null, "amenity": null, "tourism": null, "historic": null, "sport": null, "leisure": null, "shop": null, "waterway": null }, "geometry": { "type": "Polygon", "coordinates": [ [ [ 23.3400305, 38.01164799998363 ], [ 23.3400358, 38.011343799983592 ], [ 23.3394994, 38.011319299983569 ], [ 23.3394737, 38.01164759998364 ], [ 23.3400305, 38.01164799998363 ] ] ] } },
{ "type": "Feature", "properties": { "osm_id": 455719679, "name": null, "label": "landuse:industrial", "landuse": "industrial", "natural": null, "building": null, "amenity": null, "tourism": null, "historic": null, "sport": null, "leisure": null, "shop": null, "waterway": null }, "geometry": { "type": "Polygon", "coordinates": [ [ [ 23.3390379, 38.011908999983667 ], [ 23.3390564, 38.012143199983704 ], [ 23.3391183, 38.012705099983769 ], [ 23.3401483, 38.012713499983768 ], [ 23.3402086, 38.011909599983667 ], [ 23.3404876, 38.011905399983668 ], [ 23.340497, 38.011648399983621 ], [ 23.3400305, 38.01164799998363 ], [ 23.3394737, 38.01164759998364 ], [ 23.3394617, 38.011720299983637 ], [ 23.339033, 38.01170779998364 ], [ 23.3390379, 38.011908999983667 ] ] ] } },
{ "type": "Feature", "properties": { "osm_id": 455719681, "name": null, "label": "landuse:farmyard", "landuse": "farmyard", "natural": null, "building": null, "amenity": null, "tourism": null, "historic": null, "sport": null, "leisure": null, "shop": null, "waterway": null }, "geometry": { "type": "Polygon", "coordinates": [ [ [ 23.3393865, 38.014095599983975 ], [ 23.3394456, 38.014142099983978 ], [ 23.3397044, 38.014145399983967 ], [ 23.3397044, 38.014056699983968 ], [ 23.3395542, 38.014043999983961 ], [ 23.3395797, 38.013803999983928 ], [ 23.3394308, 38.013794699983926 ], [ 23.3394523, 38.013617099983911 ], [ 23.3398921, 38.013621399983904 ], [ 23.3398908, 38.013431999983887 ], [ 23.3396561, 38.013426999983878 ], [ 23.3396615, 38.013105699983832 ], [ 23.3401443, 38.013105699983832 ], [ 23.3401429, 38.012814999983803 ], [ 23.3393987, 38.012796399983785 ], [ 23.3391237, 38.012789599983797 ], [ 23.3391411, 38.013426999983878 ], [ 23.3389593, 38.014078699983962 ], [ 23.3393865, 38.014095599983975 ] ] ] } },
{ "type": "Feature", "properties": { "osm_id": 455719683, "name": null, "label": "landuse:industrial", "landuse": "industrial", "natural": null, "building": null, "amenity": null, "tourism": null, "historic": null, "sport": null, "leisure": null, "shop": null, "waterway": null }, "geometry": { "type": "Polygon", "coordinates": [ [ [ 23.3381205, 38.01240079998373 ], [ 23.3381849, 38.012768499983785 ], [ 23.3390218, 38.012705099983769 ], [ 23.3389587, 38.012049099983685 ], [ 23.3385658, 38.01205839998368 ], [ 23.338551, 38.011706799983635 ], [ 23.3381112, 38.011715199983634 ], [ 23.337965, 38.01167379998364 ], [ 23.3380294, 38.011986599983672 ], [ 23.337910588687794, 38.011997586557122 ], [ 23.337910588687794, 38.012418554982524 ], [ 23.3381205, 38.01240079998373 ] ] ] } },
{ "type": "Feature", "properties": { "osm_id": 455724874, "name": null, "label": "landuse:orchard", "landuse": "orchard", "natural": null, "building": null, "amenity": null, "tourism": null, "historic": null, "sport": null, "leisure": null, "shop": null, "waterway": null }, "geometry": { "type": "Polygon", "coordinates": [ [ [ 23.3394189, 38.011648099983624 ], [ 23.3394297, 38.011496799983604 ], [ 23.3390542, 38.011487499983602 ], [ 23.3390434, 38.011644699983627 ], [ 23.3394189, 38.011648099983624 ] ] ] } },
{ "type": "Feature", "properties": { "osm_id": 455724346, "name": null, "label": "landuse:residential", "landuse": "residential", "natural": null, "building": null, "amenity": null, "tourism": null, "historic": null, "sport": null, "leisure": null, "shop": null, "waterway": null }, "geometry": { "type": "Polygon", "coordinates": [ [ [ 23.3394297, 38.011496799983604 ], [ 23.3394511, 38.011149299983551 ], [ 23.3390802, 38.01113369998356 ], [ 23.3390542, 38.011487499983602 ], [ 23.3394297, 38.011496799983604 ] ] ] } },
{ "type": "Feature", "properties": { "osm_id": 455724352, "name": null, "label": "landuse:farmyard", "landuse": "farmyard", "natural": null, "building": null, "amenity": null, "tourism": null, "historic": null, "sport": null, "leisure": null, "shop": null, "waterway": null }, "geometry": { "type": "Polygon", "coordinates": [ [ [ 23.3394511, 38.011149299983551 ], [ 23.3394726, 38.010896599983511 ], [ 23.3390971, 38.010879699983512 ], [ 23.3390802, 38.01113369998356 ], [ 23.3394511, 38.011149299983551 ] ] ] } },
{ "type": "Feature", "properties": { "osm_id": 455724866, "name": null, "label": "landuse:residential", "landuse": "residential", "natural": null, "building": null, "amenity": null, "tourism": null, "historic": null, "sport": null, "leisure": null, "shop": null, "waterway": null }, "geometry": { "type": "Polygon", "coordinates": [ [ [ 23.3394297, 38.010258399983428 ], [ 23.3394511, 38.010016799983404 ], [ 23.339199, 38.010008999983405 ], [ 23.3391775, 38.010244899983427 ], [ 23.3394297, 38.010258399983428 ] ] ] } },
{ "type": "Feature", "properties": { "osm_id": 455724868, "name": null, "label": "landuse:residential", "landuse": "residential", "natural": null, "building": null, "amenity": null, "tourism": null, "historic": null, "sport": null, "leisure": null, "shop": null, "waterway": null }, "geometry": { "type": "Polygon", "coordinates": [ [ [ 23.3395584, 38.009323699983305 ], [ 23.3395638, 38.009171499983282 ], [ 23.3392647, 38.009151799983272 ], [ 23.3392478, 38.009307199983304 ], [ 23.3395584, 38.009323699983305 ] ] ] } },
{ "type": "Feature", "properties": { "osm_id": 455725546, "name": null, "label": "landuse:orchard", "landuse": "orchard", "natural": null, "building": null, "amenity": null, "tourism": null, "historic": null, "sport": null, "leisure": null, "shop": null, "waterway": null }, "geometry": { "type": "Polygon", "coordinates": [ [ [ 23.3409907, 38.008300799983147 ], [ 23.341039, 38.008301399983154 ], [ 23.3410444, 38.007996499983108 ], [ 23.3403523, 38.007954799983111 ], [ 23.3402772, 38.008241599983158 ], [ 23.3409907, 38.008300799983147 ] ] ] } },
{ "type": "Feature", "properties": { "osm_id": 455725547, "name": null, "label": "landuse:residential", "landuse": "residential", "natural": null, "building": null, "amenity": null, "tourism": null, "historic": null, "sport": null, "leisure": null, "shop": null, "waterway": null }, "geometry": { "type": "Polygon", "coordinates": [ [ [ 23.340921, 38.008631099983198 ], [ 23.3409907, 38.008300799983147 ], [ 23.3402772, 38.008241599983158 ], [ 23.340186, 38.008583999983195 ], [ 23.340921, 38.008631099983198 ] ] ] } },
{ "type": "Feature", "properties": { "osm_id": 455725120, "name": null, "label": "landuse:residential", "landuse": "residential", "natural": null, "building": null, "amenity": null, "tourism": null, "historic": null, "sport": null, "leisure": null, "shop": null, "waterway": null }, "geometry": { "type": "Polygon", "coordinates": [ [ [ 23.3412643, 38.00894319998325 ], [ 23.3412697, 38.008821299983225 ], [ 23.3409049, 38.008799499983226 ], [ 23.3408995, 38.008930599983245 ], [ 23.3412643, 38.00894319998325 ] ] ] } },
{ "type": "Feature", "properties": { "osm_id": 455724349, "name": null, "label": "landuse:residential", "landuse": "residential", "natural": null, "building": null, "amenity": null, "tourism": null, "historic": null, "sport": null, "leisure": null, "shop": null, "waterway": null }, "geometry": { "type": "Polygon", "coordinates": [ [ [ 23.3410283, 38.009319399983298 ], [ 23.3411141, 38.009323699983305 ], [ 23.3411203, 38.008986399983257 ], [ 23.3410283, 38.008981299983247 ], [ 23.3410283, 38.009319399983298 ] ] ] } },
{ "type": "Feature", "properties": { "osm_id": 455724344, "name": null, "label": "landuse:residential", "landuse": "residential", "natural": null, "building": null, "amenity": null, "tourism": null, "historic": null, "sport": null, "leisure": null, "shop": null, "waterway": null }, "geometry": { "type": "Polygon", "coordinates": [ [ [ 23.3418061, 38.009349599983302 ], [ 23.34179, 38.008998199983253 ], [ 23.3415272, 38.008998799983253 ], [ 23.3415057, 38.009332099983304 ], [ 23.3418061, 38.009349599983302 ] ] ] } },
{ "type": "Feature", "properties": { "osm_id": 455725544, "name": null, "label": "landuse:orchard", "landuse": "orchard", "natural": null, "building": null, "amenity": null, "tourism": null, "historic": null, "sport": null, "leisure": null, "shop": null, "waterway": null }, "geometry": { "type": "Polygon", "coordinates": [ [ [ 23.340127, 38.008803799983234 ], [ 23.3401592, 38.008884099983234 ], [ 23.3402129, 38.008926999983238 ], [ 23.3402933, 38.008938999983243 ], [ 23.3404382, 38.008922099983245 ], [ 23.3405669, 38.008917899983238 ], [ 23.3408995, 38.008930599983245 ], [ 23.3409049, 38.008799499983226 ], [ 23.3412697, 38.008821299983225 ], [ 23.3412643, 38.00894319998325 ], [ 23.341495, 38.008947499983236 ], [ 23.341495, 38.008635299983204 ], [ 23.3424552, 38.008643199983204 ], [ 23.3424659, 38.008969199983255 ], [ 23.3425839, 38.008972799983241 ], [ 23.3425839, 38.008647999983204 ], [ 23.3426805, 38.008647999983204 ], [ 23.3426269, 38.008001299983107 ], [ 23.3430077, 38.0080006999831 ], [ 23.3430185, 38.007785099983089 ], [ 23.3422728, 38.007814699983079 ], [ 23.3422782, 38.00743009998304 ], [ 23.3426591, 38.007423599983042 ], [ 23.3426537, 38.007294799983015 ], [ 23.3426424, 38.007007799982972 ], [ 23.3417608, 38.007110099983002 ], [ 23.3414068, 38.007173299982988 ], [ 23.3405576, 38.00737889998301 ], [ 23.3405442, 38.007415399983039 ], [ 23.3410747, 38.007426399983032 ], [ 23.3410283, 38.00766249998307 ], [ 23.3411248, 38.007671599983063 ], [ 23.3411195, 38.0079921999831 ], [ 23.3412697, 38.007996499983108 ], [ 23.3412643, 38.008313499983153 ], [ 23.341039, 38.008301399983154 ], [ 23.3409907, 38.008300799983147 ], [ 23.340921, 38.008631099983198 ], [ 23.340186, 38.008583999983195 ], [ 23.340127, 38.008736799983211 ], [ 23.340127, 38.008803799983234 ] ] ] } },
{ "type": "Feature", "properties": { "osm_id": 455725552, "name": null, "label": "landuse:residential", "landuse": "residential", "natural": null, "building": null, "amenity": null, "tourism": null, "historic": null, "sport": null, "leisure": null, "shop": null, "waterway": null }, "geometry": { "type": "Polygon", "coordinates": [ [ [ 23.3410444, 38.007996499983108 ], [ 23.341039, 38.008301399983154 ], [ 23.3412643, 38.008313499983153 ], [ 23.3412697, 38.007996499983108 ], [ 23.3411195, 38.0079921999831 ], [ 23.3411248, 38.007671599983063 ], [ 23.3410283, 38.00766249998307 ], [ 23.3410747, 38.007426399983032 ], [ 23.3405442, 38.007415399983039 ], [ 23.3403523, 38.007954799983111 ], [ 23.3410444, 38.007996499983108 ] ] ] } },
{ "type": "Feature", "properties": { "osm_id": 544762663, "name": null, "label": "landuse:orchard", "landuse": "orchard", "natural": null, "building": null, "amenity": null, "tourism": null, "historic": null, "sport": null, "leisure": null, "shop": null, "waterway": null }, "geometry": { "type": "Polygon", "coordinates": [ [ [ 23.3550721, 38.0192577999847 ], [ 23.3548736, 38.018598499984606 ], [ 23.3541226, 38.017410999984442 ], [ 23.353259, 38.016050099984241 ], [ 23.3522719, 38.015251299984136 ], [ 23.3517301, 38.015132999984125 ], [ 23.3518213, 38.01412289998396 ], [ 23.351832, 38.013467799983879 ], [ 23.3507506, 38.012094899983687 ], [ 23.3493215, 38.009947099983371 ], [ 23.3488172, 38.009262399983292 ], [ 23.3482938, 38.008257599983153 ], [ 23.3470362, 38.006485399982893 ], [ 23.3452713, 38.007060199982966 ], [ 23.3447778, 38.005885199982821 ], [ 23.3456415, 38.005627299982777 ], [ 23.3454752, 38.005238399982737 ], [ 23.3441336, 38.005577099982773 ], [ 23.3430022, 38.00564419998279 ], [ 23.3431739, 38.006371199982887 ], [ 23.3431417, 38.007922499983096 ], [ 23.3431202, 38.010124599983406 ], [ 23.3430987, 38.012005399983671 ], [ 23.3431095, 38.013459299983879 ], [ 23.3429968, 38.014494799984043 ], [ 23.342911, 38.015893699984225 ], [ 23.3428574, 38.017643399984479 ], [ 23.3427608, 38.018822499984637 ], [ 23.342685348928093, 38.019322676406276 ], [ 23.355115086432949, 38.019322676406276 ], [ 23.3550721, 38.0192577999847 ] ] ] } },
{ "type": "Feature", "properties": { "osm_id": 455725545, "name": null, "label": "landuse:residential", "landuse": "residential", "natural": null, "building": null, "amenity": null, "tourism": null, "historic": null, "sport": null, "leisure": null, "shop": null, "waterway": null }, "geometry": { "type": "Polygon", "coordinates": [ [ [ 23.3437424, 38.007683699983069 ], [ 23.3436568, 38.006927699982967 ], [ 23.3431365, 38.006965799982986 ], [ 23.3431097, 38.007346199983019 ], [ 23.3431043, 38.007721699983072 ], [ 23.3437424, 38.007683699983069 ] ] ] } },
{ "type": "Feature", "properties": { "osm_id": 455725542, "name": null, "label": "landuse:farmyard", "landuse": "farmyard", "natural": null, "building": null, "amenity": null, "tourism": null, "historic": null, "sport": null, "leisure": null, "shop": null, "waterway": null }, "geometry": { "type": "Polygon", "coordinates": [ [ [ 23.3430185, 38.007785099983089 ], [ 23.3430292, 38.007417399983026 ], [ 23.3426591, 38.007423599983042 ], [ 23.3422782, 38.00743009998304 ], [ 23.3422728, 38.007814699983079 ], [ 23.3430185, 38.007785099983089 ] ] ] } },
{ "type": "Feature", "properties": { "osm_id": 455725553, "name": null, "label": "landuse:residential", "landuse": "residential", "natural": null, "building": null, "amenity": null, "tourism": null, "historic": null, "sport": null, "leisure": null, "shop": null, "waterway": null }, "geometry": { "type": "Polygon", "coordinates": [ [ [ 23.3426591, 38.007423599983042 ], [ 23.3430292, 38.007417399983026 ], [ 23.3430399, 38.007282099983016 ], [ 23.3426537, 38.007294799983015 ], [ 23.3426591, 38.007423599983042 ] ] ] } },
{ "type": "Feature", "properties": { "osm_id": 455725554, "name": null, "label": "landuse:farmland", "landuse": "farmland", "natural": null, "building": null, "amenity": null, "tourism": null, "historic": null, "sport": null, "leisure": null, "shop": null, "waterway": null }, "geometry": { "type": "Polygon", "coordinates": [ [ [ 23.3426537, 38.007294799983015 ], [ 23.3430399, 38.007282099983016 ], [ 23.3430614, 38.006977799982977 ], [ 23.3426424, 38.007007799982972 ], [ 23.3426537, 38.007294799983015 ] ] ] } },
{ "type": "Feature", "properties": { "osm_id": 455725543, "name": null, "label": "landuse:orchard", "landuse": "orchard", "natural": null, "building": null, "amenity": null, "tourism": null, "historic": null, "sport": null, "leisure": null, "shop": null, "waterway": null }, "geometry": { "type": "Polygon", "coordinates": [ [ [ 23.3417608, 38.007110099983002 ], [ 23.3426424, 38.007007799982972 ], [ 23.3425678, 38.00606539998283 ], [ 23.3429916, 38.006035899982834 ], [ 23.3429019, 38.005619299982776 ], [ 23.3416855, 38.005720899982791 ], [ 23.3417608, 38.007110099983002 ] ] ] } },
{ "type": "Feature", "properties": { "osm_id": 862192427, "name": null, "label": "landuse:industrial", "landuse": "industrial", "natural": null, "building": null, "amenity": null, "tourism": null, "historic": null, "sport": null, "leisure": null, "shop": null, "waterway": null }, "geometry": { "type": "Polygon", "coordinates": [ [ [ 23.3452231, 38.006992599982965 ], [ 23.3456013, 38.006946099982962 ], [ 23.3455959, 38.006924999982964 ], [ 23.3470148, 38.006462099982905 ], [ 23.3465749, 38.005743499982792 ], [ 23.3453357, 38.006284599982877 ], [ 23.3454671, 38.006610099982922 ], [ 23.3451319, 38.006673499982924 ], [ 23.3452231, 38.006992599982965 ] ] ] } },
{ "type": "Feature", "properties": { "osm_id": 862192425, "name": null, "label": "landuse:industrial", "landuse": "industrial", "natural": null, "building": null, "amenity": null, "tourism": null, "historic": null, "sport": null, "leisure": null, "shop": null, "waterway": null }, "geometry": { "type": "Polygon", "coordinates": [ [ [ 23.3472025, 38.006567799982903 ], [ 23.3473581, 38.006626999982934 ], [ 23.3478413, 38.006415399982892 ], [ 23.3477792, 38.006347999982879 ], [ 23.348093, 38.006219099982857 ], [ 23.3479133, 38.005971799982817 ], [ 23.3470282, 38.006286699982873 ], [ 23.3472025, 38.006567799982903 ] ] ] } },
{ "type": "Feature", "properties": { "osm_id": -5685658, "name": "Αττική", "label": "natural:peninsula", "landuse": null, "natural": "peninsula", "building": null, "amenity": null, "tourism": null, "historic": null, "sport": null, "leisure": null, "shop": null, "waterway": null }, "geometry": { "type": "Polygon", "coordinates": [ [ [ 23.337910588687794, 38.019322676406276 ], [ 23.367784392289959, 38.019322676406276 ], [ 23.367784392289959, 37.996852462517424 ], [ 23.337910588687794, 37.996852462517424 ], [ 23.337910588687794, 38.019322676406276 ] ] ] } },
{ "type": "Feature", "properties": { "osm_id": 544762659, "name": null, "label": "landuse:orchard", "landuse": "orchard", "natural": null, "building": null, "amenity": null, "tourism": null, "historic": null, "sport": null, "leisure": null, "shop": null, "waterway": null }, "geometry": { "type": "Polygon", "coordinates": [ [ [ 23.3665788, 38.009101699983276 ], [ 23.3651733, 38.009211599983281 ], [ 23.3638536, 38.009228499983287 ], [ 23.3625448, 38.009101699983276 ], [ 23.361091, 38.008721399983209 ], [ 23.3618992, 38.009453999983315 ], [ 23.362518, 38.009989399983397 ], [ 23.3631383, 38.010727799983485 ], [ 23.3638343, 38.0113608999836 ], [ 23.3644994, 38.011808899983656 ], [ 23.3647603, 38.012030699983661 ], [ 23.3654362, 38.012795699983791 ], [ 23.3668041, 38.013810099983928 ], [ 23.367784392289959, 38.014436428319307 ], [ 23.367784392289959, 38.009212810699019 ], [ 23.3665788, 38.009101699983276 ] ] ] } },
{ "type": "Feature", "properties": { "osm_id": 131412081, "name": null, "label": "building:yes", "landuse": null, "natural": null, "building": "yes", "amenity": null, "tourism": null, "historic": null, "sport": null, "leisure": null, "shop": null, "waterway": null }, "geometry": { "type": "Polygon", "coordinates": [ [ [ 23.3668128, 38.000381199982037 ], [ 23.3670463, 38.000390199982043 ], [ 23.367043, 38.000339099982043 ], [ 23.3668115, 38.000332499982036 ], [ 23.3668128, 38.000381199982037 ] ] ] } },
{ "type": "Feature", "properties": { "osm_id": 131412082, "name": null, "label": "building:yes", "landuse": null, "natural": null, "building": "yes", "amenity": null, "tourism": null, "historic": null, "sport": null, "leisure": null, "shop": null, "waterway": null }, "geometry": { "type": "Polygon", "coordinates": [ [ [ 23.3673249, 38.000409799982052 ], [ 23.3673216, 38.000344499982035 ], [ 23.3672748, 38.000341199982046 ], [ 23.3672715, 38.000362999982045 ], [ 23.3671779, 38.000359699982027 ], [ 23.3671758, 38.000404399982045 ], [ 23.3673249, 38.000409799982052 ] ] ] } },
{ "type": "Feature", "properties": { "osm_id": 545346701, "name": null, "label": "landuse:orchard", "landuse": "orchard", "natural": null, "building": null, "amenity": null, "tourism": null, "historic": null, "sport": null, "leisure": null, "shop": null, "waterway": null }, "geometry": { "type": "Polygon", "coordinates": [ [ [ 23.3669275, 38.001125499982138 ], [ 23.366037, 38.001125499982138 ], [ 23.3658332, 38.001311499982165 ], [ 23.365463, 38.001434099982184 ], [ 23.3649427, 38.00179759998224 ], [ 23.3639288, 38.001987899982268 ], [ 23.3627111, 38.002013199982258 ], [ 23.3618259, 38.002008999982273 ], [ 23.3624107, 38.00250359998234 ], [ 23.3626395, 38.002733999982375 ], [ 23.3627486, 38.002888199982401 ], [ 23.3630597, 38.003226399982445 ], [ 23.3644277, 38.003792799982513 ], [ 23.3645779, 38.003991499982533 ], [ 23.3656025, 38.004650899982643 ], [ 23.366606, 38.004859199982668 ], [ 23.3669436, 38.005174999982714 ], [ 23.3676678, 38.005885199982821 ], [ 23.367784392289959, 38.005998419067552 ], [ 23.367784392289959, 38.001166902047117 ], [ 23.3669275, 38.001125499982138 ] ] ] } },
{ "type": "Feature", "properties": { "osm_id": 699510067, "name": null, "label": "amenity:parking", "landuse": null, "natural": null, "building": null, "amenity": "parking", "tourism": null, "historic": null, "sport": null, "leisure": null, "shop": null, "waterway": null }, "geometry": { "type": "Polygon", "coordinates": [ [ [ 23.3668392, 37.99685799998155 ], [ 23.366916416875835, 37.996852462517424 ], [ 23.366825400284803, 37.996852462517424 ], [ 23.3668392, 37.99685799998155 ] ] ] } },
{ "type": "Feature", "properties": { "osm_id": 1078576555, "name": null, "label": "building:roof", "landuse": null, "natural": null, "building": "roof", "amenity": null, "tourism": null, "historic": null, "sport": null, "leisure": null, "shop": null, "waterway": null }, "geometry": { "type": "Polygon", "coordinates": [ [ [ 23.3603833, 37.999311499981879 ], [ 23.3604219, 37.999223599981882 ], [ 23.3602783, 37.999184499981865 ], [ 23.3602398, 37.999272399981905 ], [ 23.3603833, 37.999311499981879 ] ] ] } },
{ "type": "Feature", "properties": { "osm_id": 545121680, "name": null, "label": "landuse:orchard", "landuse": "orchard", "natural": null, "building": null, "amenity": null, "tourism": null, "historic": null, "sport": null, "leisure": null, "shop": null, "waterway": null }, "geometry": { "type": "Polygon", "coordinates": [ [ [ 23.3577034, 37.99692359998155 ], [ 23.3577222, 37.997027199981574 ], [ 23.3576497, 37.9972300999816 ], [ 23.3576283, 37.997308299981611 ], [ 23.3577034, 37.997354799981615 ], [ 23.3578804, 37.997344199981612 ], [ 23.357918, 37.99728929998161 ], [ 23.3579716, 37.996965899981554 ], [ 23.357958801504459, 37.996852462517424 ], [ 23.357659882064418, 37.996852462517424 ], [ 23.3577034, 37.99692359998155 ] ] ] } },
{ "type": "Feature", "properties": { "osm_id": 523496927, "name": null, "label": "natural:wood", "landuse": null, "natural": "wood", "building": null, "amenity": null, "tourism": null, "historic": null, "sport": null, "leisure": null, "shop": null, "waterway": null }, "geometry": { "type": "Polygon", "coordinates": [ [ [ 23.3529865, 37.998363899981754 ], [ 23.3532033, 37.998477599981776 ], [ 23.3534397, 37.998548799981783 ], [ 23.353829, 37.998632199981799 ], [ 23.3543406, 37.998704499981805 ], [ 23.3548188, 37.998671099981799 ], [ 23.3554249, 37.998559899981771 ], [ 23.356576, 37.998365299981749 ], [ 23.357171, 37.998176199981728 ], [ 23.3575436, 37.997831399981685 ], [ 23.3566094, 37.99752559998165 ], [ 23.3564259, 37.997453299981636 ], [ 23.3559365, 37.997347599981609 ], [ 23.3555584, 37.99731429998161 ], [ 23.3550802, 37.997342099981616 ], [ 23.3548244, 37.997375399981628 ], [ 23.3534397, 37.997620099981638 ], [ 23.353234, 37.997686899981652 ], [ 23.3530914, 37.997853799981691 ], [ 23.3531731, 37.998042199981711 ], [ 23.3527626, 37.998196799981741 ], [ 23.3529865, 37.998363899981754 ] ] ] } },
{ "type": "Feature", "properties": { "osm_id": 545121682, "name": null, "label": "landuse:orchard", "landuse": "orchard", "natural": null, "building": null, "amenity": null, "tourism": null, "historic": null, "sport": null, "leisure": null, "shop": null, "waterway": null }, "geometry": { "type": "Polygon", "coordinates": [ [ [ 23.3553672, 37.999760099981955 ], [ 23.355386, 37.999834099981967 ], [ 23.3554745, 37.99984889998197 ], [ 23.3556434, 37.999838299981967 ], [ 23.3560109, 37.99978759998195 ], [ 23.3561665, 37.999724199981948 ], [ 23.3563971, 37.999715799981942 ], [ 23.3566037, 37.999757999981952 ], [ 23.3568102, 37.999747499981936 ], [ 23.3571804, 37.999821399981968 ], [ 23.3575934, 38.000113099982009 ], [ 23.3579475, 38.000318099982032 ], [ 23.3582398, 38.000442799982068 ], [ 23.3585295, 38.000537999982058 ], [ 23.3588554, 38.000635199982071 ], [ 23.3591504, 38.000727099982086 ], [ 23.3593436, 38.000827499982108 ], [ 23.359471, 38.000913099982107 ], [ 23.3596212, 38.001039899982132 ], [ 23.3598156, 38.001131899982155 ], [ 23.3600879, 38.001238599982166 ], [ 23.3603641, 38.001332699982171 ], [ 23.3607168, 38.001443599982188 ], [ 23.3610441, 38.001577799982215 ], [ 23.3612466, 38.001688799982226 ], [ 23.3613901, 38.00179759998224 ], [ 23.361488, 38.001876899982257 ], [ 23.361614, 38.001938199982256 ], [ 23.3617495, 38.001953999982256 ], [ 23.3627245, 38.001933999982263 ], [ 23.3627392, 38.001673999982231 ], [ 23.3631523, 38.001685599982224 ], [ 23.3631577, 38.001929699982256 ], [ 23.3635238, 38.001924499982252 ], [ 23.3635439, 38.001630699982215 ], [ 23.3639087, 38.001632799982218 ], [ 23.3639485, 38.00106609998214 ], [ 23.3643751, 38.001088299982143 ], [ 23.36437, 38.001610599982222 ], [ 23.3639583, 38.001611599982205 ], [ 23.363957, 38.001910699982268 ], [ 23.364142, 38.001891699982245 ], [ 23.3642654, 38.001864199982265 ], [ 23.3647817, 38.00177329998224 ], [ 23.3647844, 38.001463699982196 ], [ 23.3651224, 38.001465799982185 ], [ 23.3652833, 38.001449999982192 ], [ 23.3653799, 38.00139079998219 ], [ 23.3655556, 38.001331599982159 ], [ 23.3656776, 38.001308399982186 ], [ 23.3657621, 38.001262899982159 ], [ 23.3658171, 38.001180499982148 ], [ 23.3658519, 38.000835999982101 ], [ 23.3656186, 38.000825399982098 ], [ 23.3657178, 37.999766499981952 ], [ 23.365227, 37.999730599981959 ], [ 23.3648381, 37.999717899981945 ], [ 23.3648273, 37.999967299981982 ], [ 23.3641836, 37.999933499981964 ], [ 23.364197, 37.999800299981963 ], [ 23.3638269, 37.999793999981961 ], [ 23.3638215, 38.000212499982027 ], [ 23.3620191, 38.000195599982014 ], [ 23.3614933, 38.000187099982007 ], [ 23.3615068, 37.999901799981977 ], [ 23.3606404, 37.999861599981969 ], [ 23.3602327, 37.999844699981971 ], [ 23.3602166, 37.999375499981895 ], [ 23.3592886, 37.999282499981902 ], [ 23.3592564, 37.999189499981874 ], [ 23.3584839, 37.999227499981878 ], [ 23.3577517, 37.999223299981871 ], [ 23.3577168, 37.998914699981846 ], [ 23.3578482, 37.998891399981829 ], [ 23.3578026, 37.99850679998179 ], [ 23.3573896, 37.998548999981779 ], [ 23.3574271, 37.998940099981837 ], [ 23.3565634, 37.999016099981844 ], [ 23.3563194, 37.999085899981871 ], [ 23.3560646, 37.999282499981902 ], [ 23.3558768, 37.999419899981902 ], [ 23.355673, 37.999548799981923 ], [ 23.3554208, 37.999669299981939 ], [ 23.3553645, 37.999717899981945 ], [ 23.3553672, 37.999760099981955 ] ] ] } },
{ "type": "Feature", "properties": { "osm_id": 544910562, "name": null, "label": "landuse:orchard", "landuse": "orchard", "natural": null, "building": null, "amenity": null, "tourism": null, "historic": null, "sport": null, "leisure": null, "shop": null, "waterway": null }, "geometry": { "type": "Polygon", "coordinates": [ [ [ 23.3671259, 38.005568199982775 ], [ 23.3667743, 38.005191299982719 ], [ 23.366412, 38.004902299982675 ], [ 23.3655623, 38.004738399982656 ], [ 23.3650229, 38.004392799982604 ], [ 23.3648783, 38.004300099982594 ], [ 23.3645296, 38.004101399982574 ], [ 23.3643687, 38.003868899982528 ], [ 23.3628398, 38.003222199982446 ], [ 23.3624482, 38.002693799982367 ], [ 23.3617294, 38.002123099982292 ], [ 23.3611929, 38.001763799982236 ], [ 23.3608496, 38.001565199982217 ], [ 23.3597553, 38.001205799982159 ], [ 23.3591223, 38.000833899982105 ], [ 23.3578402, 38.000354099982033 ], [ 23.3571938, 37.999918699981983 ], [ 23.3569336, 37.99984889998197 ], [ 23.3562657, 37.99978759998195 ], [ 23.3559036, 37.999865799981968 ], [ 23.3553484, 37.999922899981982 ], [ 23.3550212, 38.000087799981991 ], [ 23.3538115, 38.000296999982027 ], [ 23.3532509, 38.000358299982032 ], [ 23.3532885, 38.00070069998209 ], [ 23.3538534, 38.000647099982082 ], [ 23.3539215, 38.001216399982155 ], [ 23.3530042, 38.001269299982162 ], [ 23.3533716, 38.001586299982215 ], [ 23.3544767, 38.002638799982364 ], [ 23.3548897, 38.00315029998243 ], [ 23.3562738, 38.005158099982715 ], [ 23.3565366, 38.005758299982794 ], [ 23.3565795, 38.006180999982853 ], [ 23.3567512, 38.006481099982906 ], [ 23.357175, 38.006700899982931 ], [ 23.3581942, 38.007170099983007 ], [ 23.360061, 38.008074599983125 ], [ 23.3612895, 38.0086494999832 ], [ 23.3625394, 38.009000299983256 ], [ 23.3636176, 38.009114399983275 ], [ 23.3650124, 38.009127099983274 ], [ 23.3663213, 38.008991799983256 ], [ 23.367784392289959, 38.009107600018197 ], [ 23.367784392289959, 38.006208276236393 ], [ 23.3671259, 38.005568199982775 ] ] ] } },
{ "type": "Feature", "properties": { "osm_id": 544762660, "name": null, "label": "landuse:orchard", "landuse": "orchard", "natural": null, "building": null, "amenity": null, "tourism": null, "historic": null, "sport": null, "leisure": null, "shop": null, "waterway": null }, "geometry": { "type": "Polygon", "coordinates": [ [ [ 23.3670777, 38.01412289998396 ], [ 23.3652197, 38.012772199983779 ], [ 23.3645706, 38.012006699983672 ], [ 23.3637361, 38.011426399983584 ], [ 23.363092, 38.010898099983528 ], [ 23.3624321, 38.010086499983402 ], [ 23.3607691, 38.008581799983205 ], [ 23.3593314, 38.007850699983095 ], [ 23.3556515, 38.006214799982864 ], [ 23.3538759, 38.005707699982793 ], [ 23.3527118, 38.005268099982743 ], [ 23.3491283, 38.005158099982715 ], [ 23.3490372, 38.004883399982667 ], [ 23.3479804, 38.004993299982701 ], [ 23.347857, 38.004414199982612 ], [ 23.3477296, 38.004099299982563 ], [ 23.3474936, 38.004696299982648 ], [ 23.3472642, 38.004769199982654 ], [ 23.3473259, 38.005060899982688 ], [ 23.3468378, 38.005181399982717 ], [ 23.3468834, 38.005282799982723 ], [ 23.3464716, 38.005453999982755 ], [ 23.3467506, 38.005872499982814 ], [ 23.3471328, 38.005721399982782 ], [ 23.3472307, 38.005855599982802 ], [ 23.3468445, 38.006016199982838 ], [ 23.3470282, 38.006286699982873 ], [ 23.3479133, 38.005971799982817 ], [ 23.348093, 38.006219099982857 ], [ 23.3477792, 38.006347999982879 ], [ 23.3478413, 38.006415399982892 ], [ 23.3479214, 38.006502299982898 ], [ 23.3475051, 38.006702299982933 ], [ 23.3499437, 38.008083099983125 ], [ 23.3515638, 38.00875089998322 ], [ 23.3537632, 38.009803399983362 ], [ 23.3558768, 38.010728999983499 ], [ 23.3570945, 38.011062899983536 ], [ 23.3583283, 38.011772999983641 ], [ 23.3590042, 38.012174499983708 ], [ 23.3604259, 38.013569199983898 ], [ 23.3609891, 38.014211599984002 ], [ 23.3612144, 38.01490479998408 ], [ 23.3616113, 38.01527249998415 ], [ 23.3631563, 38.016844599984367 ], [ 23.365876, 38.019270399984705 ], [ 23.365921697350082, 38.019322676406276 ], [ 23.367784392289959, 38.019322676406276 ], [ 23.367784392289959, 38.014580096256864 ], [ 23.3670777, 38.01412289998396 ] ] ] } },
{ "type": "Feature", "properties": { "osm_id": 544762662, "name": null, "label": "landuse:orchard", "landuse": "orchard", "natural": null, "building": null, "amenity": null, "tourism": null, "historic": null, "sport": null, "leisure": null, "shop": null, "waterway": null }, "geometry": { "type": "Polygon", "coordinates": [ [ [ 23.3653385, 38.018933099984658 ], [ 23.3643955, 38.018112499984539 ], [ 23.3634889, 38.017322199984427 ], [ 23.3618367, 38.015640099984182 ], [ 23.3610534, 38.014934299984098 ], [ 23.3609086, 38.014342599984012 ], [ 23.3604687, 38.013784699983923 ], [ 23.3596534, 38.013002799983816 ], [ 23.3587146, 38.012098399983678 ], [ 23.3574747, 38.011380799983584 ], [ 23.3566493, 38.010986799983527 ], [ 23.3558339, 38.010817699983505 ], [ 23.3549112, 38.010411999983461 ], [ 23.3532056, 38.009647799983355 ], [ 23.3517519, 38.008936399983249 ], [ 23.3505499, 38.008471999983179 ], [ 23.3496379, 38.008028199983116 ], [ 23.3486869, 38.007467999983035 ], [ 23.347497, 38.006784599982943 ], [ 23.3473367, 38.006764399982941 ], [ 23.3484471, 38.008281699983144 ], [ 23.3488813, 38.009118699983262 ], [ 23.3491434, 38.00949299998333 ], [ 23.3499116, 38.010602199983488 ], [ 23.3504352, 38.011387799983595 ], [ 23.3512956, 38.012597099983758 ], [ 23.3518679, 38.013330699983854 ], [ 23.3519769, 38.013674899983918 ], [ 23.3521432, 38.01471029998406 ], [ 23.352347, 38.015183699984121 ], [ 23.3525234, 38.015322899984142 ], [ 23.3529728, 38.015641399984176 ], [ 23.3533501, 38.016028899984235 ], [ 23.3549931, 38.01855569998461 ], [ 23.3552384, 38.019240799984694 ], [ 23.3552820238009, 38.019322676406276 ], [ 23.365731432074117, 38.019322676406276 ], [ 23.3653385, 38.018933099984658 ] ] ] } },
{ "type": "Feature", "properties": { "osm_id": 22957862, "name": null, "label": "landuse:residential", "landuse": "residential", "natural": null, "building": null, "amenity": null, "tourism": null, "historic": null, "sport": null, "leisure": null, "shop": null, "waterway": null }, "geometry": { "type": "Polygon", "coordinates": [ [ [ 23.3383501, 38.007769099983065 ], [ 23.3402172, 38.007363699983024 ], [ 23.3407437, 38.007168599982997 ], [ 23.3416209, 38.007037099982981 ], [ 23.3415068, 38.005575799982772 ], [ 23.3479505, 38.00449449998262 ], [ 23.3510226, 38.002972699982408 ], [ 23.353095, 38.001383599982191 ], [ 23.3522429, 37.999774899981958 ], [ 23.3528302, 37.997503099981621 ], [ 23.351959, 37.997407199981623 ], [ 23.3516154, 37.996871699981554 ], [ 23.3526224, 37.996903699981537 ], [ 23.352637888366502, 37.996852462517424 ], [ 23.337910588687794, 37.996852462517424 ], [ 23.337910588687794, 38.007827253620484 ], [ 23.3383501, 38.007769099983065 ] ] ] } },
{ "type": "Feature", "properties": { "osm_id": 316937719, "name": "Αρχαιολογικό Μουσείο Μεγάρων", "label": "tourism:museum;building:yes", "landuse": null, "natural": null, "building": "yes", "amenity": null, "tourism": "museum", "historic": null, "sport": null, "leisure": null, "shop": null, "waterway": null }, "geometry": { "type": "Polygon", "coordinates": [ [ [ 23.3456132, 37.997303499981605 ], [ 23.3459061, 37.997267299981601 ], [ 23.3458902, 37.997194799981592 ], [ 23.345607, 37.997233799981593 ], [ 23.3455973, 37.9972707999816 ], [ 23.3456132, 37.997303499981605 ] ] ] } },
{ "type": "Feature", "properties": { "osm_id": 675327141, "name": "Προφήτης Ηλίας", "label": "amenity:place_of_worship;building:yes", "landuse": null, "natural": null, "building": "yes", "amenity": "place_of_worship", "tourism": null, "historic": null, "sport": null, "leisure": null, "shop": null, "waterway": null }, "geometry": { "type": "Polygon", "coordinates": [ [ [ 23.3461115, 37.998554799981775 ], [ 23.3461122, 37.998530799981772 ], [ 23.3461257, 37.998521599981778 ], [ 23.3461257, 37.998503899981785 ], [ 23.3461119, 37.998493999981775 ], [ 23.3461119, 37.998470699981766 ], [ 23.3459509, 37.998464699981774 ], [ 23.3459505, 37.99855299998179 ], [ 23.3461115, 37.998554799981775 ] ] ] } },
{ "type": "Feature", "properties": { "osm_id": 131491559, "name": "Κρήνη Θεαγένους", "label": "tourism:attraction;building:yes;historic:ruins", "landuse": null, "natural": null, "building": "yes", "amenity": null, "tourism": "attraction", "historic": "ruins", "sport": null, "leisure": null, "shop": null, "waterway": null }, "geometry": { "type": "Polygon", "coordinates": [ [ [ 23.3439231, 37.998719599981811 ], [ 23.3440736, 37.998714699981811 ], [ 23.3440654, 37.99854549998178 ], [ 23.3439187, 37.998549299981789 ], [ 23.3439231, 37.998719599981811 ] ] ] } },
{ "type": "Feature", "properties": { "osm_id": 131330538, "name": null, "label": "tourism:attraction;historic:archaeological_site", "landuse": null, "natural": null, "building": null, "amenity": null, "tourism": "attraction", "historic": "archaeological_site", "sport": null, "leisure": null, "shop": null, "waterway": null }, "geometry": { "type": "Polygon", "coordinates": [ [ [ 23.3438065, 37.998585899981784 ], [ 23.3438278, 37.998588199981782 ], [ 23.3438989, 37.998595999981795 ], [ 23.343894, 37.998723499981807 ], [ 23.3440788, 37.998719299981786 ], [ 23.3440758, 37.998677099981819 ], [ 23.3441488, 37.998549999981783 ], [ 23.3441709, 37.998553299981772 ], [ 23.3442206, 37.998449199981764 ], [ 23.3440439, 37.998427999981764 ], [ 23.3440183, 37.99853719998179 ], [ 23.3437076, 37.998497499981781 ], [ 23.3436737, 37.998571299981784 ], [ 23.3438065, 37.998585899981784 ] ] ] } },
{ "type": "Feature", "properties": { "osm_id": 131330539, "name": null, "label": "building:yes", "landuse": null, "natural": null, "building": "yes", "amenity": null, "tourism": null, "historic": null, "sport": null, "leisure": null, "shop": null, "waterway": null }, "geometry": { "type": "Polygon", "coordinates": [ [ [ 23.3438278, 37.998588199981782 ], [ 23.3438332, 37.998565299981784 ], [ 23.343811, 37.998562799981791 ], [ 23.3438065, 37.998585899981784 ], [ 23.3438278, 37.998588199981782 ] ] ] } },
{ "type": "Feature", "properties": { "osm_id": 163997309, "name": "Πλατεία Ηρώων", "label": "landuse:recreation_ground", "landuse": "recreation_ground", "natural": null, "building": null, "amenity": null, "tourism": null, "historic": null, "sport": null, "leisure": null, "shop": null, "waterway": null }, "geometry": { "type": "Polygon", "coordinates": [ [ [ 23.343466, 37.996889999981562 ], [ 23.3436902, 37.996920099981551 ], [ 23.3436842, 37.997042799981571 ], [ 23.3440705, 37.997055299981561 ], [ 23.3441133, 37.996858799981553 ], [ 23.3441166046399, 37.996852462517424 ], [ 23.343470055736496, 37.996852462517424 ], [ 23.343466, 37.996889999981562 ] ] ] } },
{ "type": "Feature", "properties": { "osm_id": 222115182, "name": "Άγιοι 6 Μάρτυρες", "label": "amenity:place_of_worship;building:yes", "landuse": null, "natural": null, "building": "yes", "amenity": "place_of_worship", "tourism": null, "historic": null, "sport": null, "leisure": null, "shop": null, "waterway": null }, "geometry": { "type": "Polygon", "coordinates": [ [ [ 23.342722, 37.997889299981679 ], [ 23.3428583, 37.997892399981687 ], [ 23.3428655, 37.997872999981695 ], [ 23.3428756, 37.997866099981685 ], [ 23.3428754, 37.997848999981692 ], [ 23.342865, 37.997842699981675 ], [ 23.3428646, 37.997822399981672 ], [ 23.342722, 37.997822999981672 ], [ 23.342722, 37.997889299981679 ] ] ] } },
{ "type": "Feature", "properties": { "osm_id": 222115280, "name": null, "label": "landuse:recreation_ground", "landuse": "recreation_ground", "natural": null, "building": null, "amenity": null, "tourism": null, "historic": null, "sport": null, "leisure": null, "shop": null, "waterway": null }, "geometry": { "type": "Polygon", "coordinates": [ [ [ 23.3427149, 37.997892799981692 ], [ 23.3427171, 37.99781879998168 ], [ 23.3428605, 37.997819299981678 ], [ 23.3428604, 37.997745299981666 ], [ 23.3426401, 37.997732599981674 ], [ 23.3426331, 37.997887899981691 ], [ 23.3427149, 37.997892799981692 ] ] ] } },
{ "type": "Feature", "properties": { "osm_id": 222115007, "name": "Κοίμηση Θεοτόκου (Μητρόπολη)", "label": "amenity:place_of_worship;building:yes", "landuse": null, "natural": null, "building": "yes", "amenity": "place_of_worship", "tourism": null, "historic": null, "sport": null, "leisure": null, "shop": null, "waterway": null }, "geometry": { "type": "Polygon", "coordinates": [ [ [ 23.3425266, 37.998442999981776 ], [ 23.3428255, 37.99843309998176 ], [ 23.3428413, 37.998385599981766 ], [ 23.3428255, 37.998302499981754 ], [ 23.3425266, 37.998302499981754 ], [ 23.3425266, 37.998442999981776 ] ] ] } },
{ "type": "Feature", "properties": { "osm_id": 222115009, "name": null, "label": "landuse:recreation_ground", "landuse": "recreation_ground", "natural": null, "building": null, "amenity": null, "tourism": null, "historic": null, "sport": null, "leisure": null, "shop": null, "waterway": null }, "geometry": { "type": "Polygon", "coordinates": [ [ [ 23.3425221, 37.998451899981767 ], [ 23.3425237, 37.998295499981744 ], [ 23.3428281, 37.998296299981746 ], [ 23.3428242, 37.998254499981734 ], [ 23.3424222, 37.998277699981742 ], [ 23.3423089, 37.998288999981739 ], [ 23.3423158, 37.998386199981759 ], [ 23.3423007, 37.998435599981775 ], [ 23.3425221, 37.998451899981767 ] ] ] } },
{ "type": "Feature", "properties": { "osm_id": 222118752, "name": "Άγιος Δημήτριος", "label": "amenity:place_of_worship;building:yes", "landuse": null, "natural": null, "building": "yes", "amenity": "place_of_worship", "tourism": null, "historic": null, "sport": null, "leisure": null, "shop": null, "waterway": null }, "geometry": { "type": "Polygon", "coordinates": [ [ [ 23.3403368, 37.998960799981838 ], [ 23.34034, 37.999003299981851 ], [ 23.3405228, 37.999015899981849 ], [ 23.3405433, 37.998900899981827 ], [ 23.3404471, 37.998892999981834 ], [ 23.3403573, 37.998881999981833 ], [ 23.3403494, 37.998927699981849 ], [ 23.3403258, 37.998927699981849 ], [ 23.3403226, 37.998957599981843 ], [ 23.3403368, 37.998960799981838 ] ] ] } },
{ "type": "Feature", "properties": { "osm_id": 208917854, "name": "Αγία Παρασκευή", "label": "amenity:place_of_worship;building:yes", "landuse": null, "natural": null, "building": "yes", "amenity": "place_of_worship", "tourism": null, "historic": null, "sport": null, "leisure": null, "shop": null, "waterway": null }, "geometry": { "type": "Polygon", "coordinates": [ [ [ 23.3413389, 37.997093599981568 ], [ 23.3413524, 37.997073999981566 ], [ 23.341349, 37.997055699981566 ], [ 23.3413616, 37.997043399981578 ], [ 23.3413665, 37.99702019998157 ], [ 23.3413567, 37.997007899981568 ], [ 23.3413665, 37.996999299981567 ], [ 23.3413752, 37.996979299981568 ], [ 23.3413671, 37.996966299981565 ], [ 23.3410682, 37.996924399981552 ], [ 23.3410433, 37.997050099981578 ], [ 23.3413389, 37.997093599981568 ] ] ] } },
{ "type": "Feature", "properties": { "osm_id": 222115427, "name": null, "label": "landuse:recreation_ground", "landuse": "recreation_ground", "natural": null, "building": null, "amenity": null, "tourism": null, "historic": null, "sport": null, "leisure": null, "shop": null, "waterway": null }, "geometry": { "type": "Polygon", "coordinates": [ [ [ 23.3409502, 37.996863599981545 ], [ 23.340956, 37.996945899981561 ], [ 23.3409615, 37.99702509998157 ], [ 23.3410369, 37.997032499981579 ], [ 23.3410573, 37.996915899981559 ], [ 23.3413683, 37.996959199981546 ], [ 23.3413812, 37.996974199981558 ], [ 23.3413616, 37.997081399981575 ], [ 23.3414142, 37.997086899981568 ], [ 23.3414197, 37.997025699981556 ], [ 23.3413983, 37.99702139998157 ], [ 23.3414001, 37.996957699981557 ], [ 23.3413889, 37.996915299981552 ], [ 23.3411916, 37.996886499981557 ], [ 23.341197746000407, 37.996852462517424 ], [ 23.340947796568823, 37.996852462517424 ], [ 23.3409502, 37.996863599981545 ] ] ] } },
{ "type": "Feature", "properties": { "osm_id": 675327333, "name": null, "label": "amenity:place_of_worship", "landuse": null, "natural": null, "building": null, "amenity": "place_of_worship", "tourism": null, "historic": null, "sport": null, "leisure": null, "shop": null, "waterway": null }, "geometry": { "type": "Polygon", "coordinates": [ [ [ 23.3392375, 37.998564399981781 ], [ 23.3392519, 37.998551299981777 ], [ 23.3392524, 37.998538299981782 ], [ 23.339244, 37.99853149998178 ], [ 23.3392454, 37.99852479998178 ], [ 23.3391291, 37.998502699981778 ], [ 23.3391129, 37.998541899981788 ], [ 23.3392375, 37.998564399981781 ] ] ] } },
{ "type": "Feature", "properties": { "osm_id": 675327332, "name": null, "label": "amenity:place_of_worship", "landuse": null, "natural": null, "building": null, "amenity": "place_of_worship", "tourism": null, "historic": null, "sport": null, "leisure": null, "shop": null, "waterway": null }, "geometry": { "type": "Polygon", "coordinates": [ [ [ 23.3392154, 37.998601499981781 ], [ 23.3392335, 37.998564699981785 ], [ 23.3390827, 37.998536899981794 ], [ 23.3390745, 37.998576799981777 ], [ 23.3392154, 37.998601499981781 ] ] ] } },
{ "type": "Feature", "properties": { "osm_id": 777532200, "name": "Ανοιχτό Γήπεδο Μπάσκετ", "label": "sport:basketball;leisure:pitch", "landuse": null, "natural": null, "building": null, "amenity": null, "tourism": null, "historic": null, "sport": "basketball", "leisure": "pitch", "shop": null, "waterway": null }, "geometry": { "type": "Polygon", "coordinates": [ [ [ 23.3404296, 38.004033099982557 ], [ 23.340442, 38.003699899982507 ], [ 23.340212, 38.003691499982509 ], [ 23.3401819, 38.00405259998255 ], [ 23.3404296, 38.004033099982557 ] ] ] } },
{ "type": "Feature", "properties": { "osm_id": 777532199, "name": null, "label": "landuse:recreation_ground", "landuse": "recreation_ground", "natural": null, "building": null, "amenity": null, "tourism": null, "historic": null, "sport": null, "leisure": null, "shop": null, "waterway": null }, "geometry": { "type": "Polygon", "coordinates": [ [ [ 23.3393481, 38.003848899982536 ], [ 23.3393984, 38.003932199982543 ], [ 23.3394833, 38.00400269998255 ], [ 23.3395743, 38.004059599982554 ], [ 23.3396916, 38.004100399982569 ], [ 23.3398197, 38.004117999982562 ], [ 23.3400149, 38.004109999982575 ], [ 23.3409849, 38.004017799982549 ], [ 23.3409673, 38.00383799998253 ], [ 23.3412375, 38.003824299982519 ], [ 23.3412365, 38.003735599982512 ], [ 23.3409499, 38.003739899982513 ], [ 23.3401221, 38.003684799982516 ], [ 23.339954, 38.0036736999825 ], [ 23.3399551, 38.003603699982492 ], [ 23.3397072, 38.00358169998249 ], [ 23.3396799, 38.003503899982483 ], [ 23.3395349, 38.003482399982488 ], [ 23.339448, 38.003514999982492 ], [ 23.3393971, 38.003563299982488 ], [ 23.3393434, 38.0036828999825 ], [ 23.3393341, 38.003760199982516 ], [ 23.3393481, 38.003848899982536 ] ] ] } },
{ "type": "Feature", "properties": { "osm_id": 529267930, "name": "9ο Δημοτικό Σχολείο Μεγάρων", "label": "building:yes", "landuse": null, "natural": null, "building": "yes", "amenity": null, "tourism": null, "historic": null, "sport": null, "leisure": null, "shop": null, "waterway": null }, "geometry": { "type": "Polygon", "coordinates": [ [ [ 23.3402187, 38.005163199982711 ], [ 23.3408464, 38.005107999982698 ], [ 23.340836, 38.00488729998267 ], [ 23.3403291, 38.004928699982685 ], [ 23.3403118, 38.004759699982664 ], [ 23.340167, 38.004766599982666 ], [ 23.3402187, 38.005163199982711 ] ] ] } },
{ "type": "Feature", "properties": { "osm_id": 531016113, "name": null, "label": "amenity:school", "landuse": null, "natural": null, "building": null, "amenity": "school", "tourism": null, "historic": null, "sport": null, "leisure": null, "shop": null, "waterway": null }, "geometry": { "type": "Polygon", "coordinates": [ [ [ 23.3401717, 38.00517549998272 ], [ 23.3408784, 38.005118799982711 ], [ 23.3408832, 38.004624799982643 ], [ 23.3401126, 38.004667299982657 ], [ 23.3401717, 38.00517549998272 ] ] ] } },
{ "type": "Feature", "properties": { "osm_id": 1127887368, "name": null, "label": "amenity:parking", "landuse": null, "natural": null, "building": null, "amenity": "parking", "tourism": null, "historic": null, "sport": null, "leisure": null, "shop": null, "waterway": null }, "geometry": { "type": "Polygon", "coordinates": [ [ [ 23.3390855, 38.005234199982731 ], [ 23.3391824, 38.00522869998273 ], [ 23.3391859, 38.005115499982708 ], [ 23.339249, 38.005098899982706 ], [ 23.3392245, 38.004848699982666 ], [ 23.3390056, 38.00485959998268 ], [ 23.3390855, 38.005234199982731 ] ] ] } },
{ "type": "Feature", "properties": { "osm_id": 1127893086, "name": "Base cafe", "label": "amenity:fast_food;building:yes", "landuse": null, "natural": null, "building": "yes", "amenity": "fast_food", "tourism": null, "historic": null, "sport": null, "leisure": null, "shop": null, "waterway": null }, "geometry": { "type": "Polygon", "coordinates": [ [ [ 23.3392055, 38.00408549998258 ], [ 23.3392162, 38.003887899982537 ], [ 23.3390687, 38.00389419998254 ], [ 23.3390566, 38.004086599982557 ], [ 23.3392055, 38.00408549998258 ] ] ] } },
{ "type": "Feature", "properties": { "osm_id": 1078576562, "name": null, "label": "building:roof", "landuse": null, "natural": null, "building": "roof", "amenity": null, "tourism": null, "historic": null, "sport": null, "leisure": null, "shop": null, "waterway": null }, "geometry": { "type": "Polygon", "coordinates": [ [ [ 23.3394181, 38.003370899982471 ], [ 23.3394824, 38.003331999982457 ], [ 23.3394327, 38.003280899982443 ], [ 23.3393684, 38.003319799982464 ], [ 23.3394181, 38.003370899982471 ] ] ] } },
{ "type": "Feature", "properties": { "osm_id": 130908622, "name": "Πλατεία Σωτήρος", "label": "landuse:recreation_ground", "landuse": "recreation_ground", "natural": null, "building": null, "amenity": null, "tourism": null, "historic": null, "sport": null, "leisure": null, "shop": null, "waterway": null }, "geometry": { "type": "Polygon", "coordinates": [ [ [ 23.3435181, 38.00216979998229 ], [ 23.3435392, 38.001878799982258 ], [ 23.3435235, 38.001770799982239 ], [ 23.3434781, 38.001657199982212 ], [ 23.3434019, 38.001590499982221 ], [ 23.343304, 38.001578599982217 ], [ 23.3432508, 38.001591399982217 ], [ 23.3431721, 38.001675299982224 ], [ 23.3431586, 38.001781999982235 ], [ 23.3431479, 38.00218249998229 ], [ 23.3435181, 38.00216979998229 ] ] ] } },
{ "type": "Feature", "properties": { "osm_id": 529266195, "name": null, "label": "building:yes", "landuse": null, "natural": null, "building": "yes", "amenity": null, "tourism": null, "historic": null, "sport": null, "leisure": null, "shop": null, "waterway": null }, "geometry": { "type": "Polygon", "coordinates": [ [ [ 23.3457788, 38.002645299982355 ], [ 23.3458693, 38.002632599982348 ], [ 23.3458661, 38.002612999982347 ], [ 23.3459471, 38.002603499982349 ], [ 23.3459269, 38.002520099982341 ], [ 23.3458367, 38.002529499982352 ], [ 23.3458407, 38.002549699982346 ], [ 23.3457586, 38.002560499982351 ], [ 23.3457788, 38.002645299982355 ] ] ] } },
{ "type": "Feature", "properties": { "osm_id": 529265625, "name": null, "label": "amenity:school", "landuse": null, "natural": null, "building": null, "amenity": "school", "tourism": null, "historic": null, "sport": null, "leisure": null, "shop": null, "waterway": null }, "geometry": { "type": "Polygon", "coordinates": [ [ [ 23.3456225, 38.002768999982365 ], [ 23.3461448, 38.002589399982341 ], [ 23.3466459, 38.002341199982318 ], [ 23.3465987, 38.002026899982262 ], [ 23.3460267, 38.002154499982282 ], [ 23.3459439, 38.002048099982275 ], [ 23.3454854, 38.002118999982287 ], [ 23.3456225, 38.002768999982365 ] ] ] } },
{ "type": "Feature", "properties": { "osm_id": 529265935, "name": null, "label": "sport:basketball;leisure:pitch", "landuse": null, "natural": null, "building": null, "amenity": null, "tourism": null, "historic": null, "sport": "basketball", "leisure": "pitch", "shop": null, "waterway": null }, "geometry": { "type": "Polygon", "coordinates": [ [ [ 23.3461652, 38.002423299982325 ], [ 23.3463339, 38.002402599982332 ], [ 23.3462822, 38.002151999982296 ], [ 23.3461103, 38.002175799982282 ], [ 23.3461652, 38.002423299982325 ] ] ] } },
{ "type": "Feature", "properties": { "osm_id": 529265936, "name": null, "label": "sport:tennis;leisure:pitch", "landuse": null, "natural": null, "building": null, "amenity": null, "tourism": null, "historic": null, "sport": "tennis", "leisure": "pitch", "shop": null, "waterway": null }, "geometry": { "type": "Polygon", "coordinates": [ [ [ 23.3463801, 38.002349099982332 ], [ 23.3464867, 38.002336699982301 ], [ 23.3464527, 38.002177999982294 ], [ 23.3463452, 38.002188999982295 ], [ 23.3463801, 38.002349099982332 ] ] ] } },
{ "type": "Feature", "properties": { "osm_id": 531016653, "name": null, "label": "building:yes", "landuse": null, "natural": null, "building": "yes", "amenity": null, "tourism": null, "historic": null, "sport": null, "leisure": null, "shop": null, "waterway": null }, "geometry": { "type": "Polygon", "coordinates": [ [ [ 23.3457749, 38.001997499982259 ], [ 23.3459072, 38.001985699982264 ], [ 23.3458434, 38.001888799982261 ], [ 23.3457663, 38.00189209998225 ], [ 23.3457749, 38.001997499982259 ] ] ] } },
{ "type": "Feature", "properties": { "osm_id": 531016655, "name": null, "label": "building:yes", "landuse": null, "natural": null, "building": "yes", "amenity": null, "tourism": null, "historic": null, "sport": null, "leisure": null, "shop": null, "waterway": null }, "geometry": { "type": "Polygon", "coordinates": [ [ [ 23.3457601, 38.001846699982252 ], [ 23.3458394, 38.00183979998225 ], [ 23.345827, 38.001747599982238 ], [ 23.3457459, 38.001758299982242 ], [ 23.3457601, 38.001846699982252 ] ] ] } },
{ "type": "Feature", "properties": { "osm_id": 529265624, "name": "3ο Δημοτικό Σχολείο Μεγάρων", "label": "building:yes", "landuse": null, "natural": null, "building": "yes", "amenity": null, "tourism": null, "historic": null, "sport": null, "leisure": null, "shop": null, "waterway": null }, "geometry": { "type": "Polygon", "coordinates": [ [ [ 23.3456013, 38.002474299982346 ], [ 23.346052, 38.002414399982328 ], [ 23.3460016, 38.002181199982303 ], [ 23.3455509, 38.0022441999823 ], [ 23.3456013, 38.002474299982346 ] ] ] } },
{ "type": "Feature", "properties": { "osm_id": 529266196, "name": null, "label": "building:yes", "landuse": null, "natural": null, "building": "yes", "amenity": null, "tourism": null, "historic": null, "sport": null, "leisure": null, "shop": null, "waterway": null }, "geometry": { "type": "Polygon", "coordinates": [ [ [ 23.3456076, 38.002668699982372 ], [ 23.3456214, 38.002666099982363 ], [ 23.345634, 38.002730899982382 ], [ 23.3456813, 38.002724599982372 ], [ 23.34567, 38.002660499982362 ], [ 23.3457176, 38.002653399982364 ], [ 23.3457003, 38.002583099982353 ], [ 23.3455941, 38.002600199982368 ], [ 23.3456076, 38.002668699982372 ] ] ] } },
{ "type": "Feature", "properties": { "osm_id": 438489873, "name": "Lidl", "label": "amenity:parking", "landuse": null, "natural": null, "building": null, "amenity": "parking", "tourism": null, "historic": null, "sport": null, "leisure": null, "shop": null, "waterway": null }, "geometry": { "type": "Polygon", "coordinates": [ [ [ 23.354336, 37.999337099981894 ], [ 23.3543428, 37.999441399981905 ], [ 23.3547253, 37.999320599981878 ], [ 23.3547048, 37.999270399981889 ], [ 23.3550008, 37.999176799981875 ], [ 23.3550974, 37.999513099981925 ], [ 23.3551544, 37.999564399981928 ], [ 23.3554598, 37.999430499981912 ], [ 23.3553813, 37.999149999981874 ], [ 23.3553322, 37.999112599981856 ], [ 23.3552455, 37.99880179998182 ], [ 23.3545836, 37.99891359998184 ], [ 23.3546154, 37.999249399981871 ], [ 23.3545491, 37.999263699981881 ], [ 23.3545226, 37.999232099981874 ], [ 23.3543187, 37.999291199981883 ], [ 23.354336, 37.999337099981894 ] ] ] } },
{ "type": "Feature", "properties": { "osm_id": 523291565, "name": null, "label": "amenity:parking", "landuse": null, "natural": null, "building": null, "amenity": "parking", "tourism": null, "historic": null, "sport": null, "leisure": null, "shop": null, "waterway": null }, "geometry": { "type": "Polygon", "coordinates": [ [ [ 23.3540727, 37.999156099981874 ], [ 23.3540299, 37.999453699981899 ], [ 23.3542063, 37.999492599981913 ], [ 23.3542063, 37.999309199981887 ], [ 23.3541032, 37.99929479998189 ], [ 23.3541828, 37.998873599981842 ], [ 23.3535219, 37.998772699981821 ], [ 23.353447, 37.999062499981846 ], [ 23.3540727, 37.999156099981874 ] ] ] } },
{ "type": "Feature", "properties": { "osm_id": -7578746, "name": "Σκλαβενίτης", "label": "shop:supermarket", "landuse": null, "natural": null, "building": null, "amenity": null, "tourism": null, "historic": null, "sport": null, "leisure": null, "shop": "supermarket", "waterway": null }, "geometry": { "type": "MultiPolygon", "coordinates": [ [ [ [ 23.3540727, 37.999156099981874 ], [ 23.3540299, 37.999453699981899 ], [ 23.3542063, 37.999492599981913 ], [ 23.3542063, 37.999309199981887 ], [ 23.3541032, 37.99929479998189 ], [ 23.3541828, 37.998873599981842 ], [ 23.3535219, 37.998772699981821 ], [ 23.353447, 37.999062499981846 ], [ 23.3540727, 37.999156099981874 ] ] ], [ [ [ 23.3539935, 37.9993716999819 ], [ 23.3540272, 37.999190999981877 ], [ 23.3535061, 37.99911959998186 ], [ 23.3534599, 37.999296099981891 ], [ 23.3539935, 37.9993716999819 ] ] ] ] } },
{ "type": "Feature", "properties": { "osm_id": 523290396, "name": null, "label": "building:yes", "landuse": null, "natural": null, "building": "yes", "amenity": null, "tourism": null, "historic": null, "sport": null, "leisure": null, "shop": null, "waterway": null }, "geometry": { "type": "Polygon", "coordinates": [ [ [ 23.3539935, 37.9993716999819 ], [ 23.3540272, 37.999190999981877 ], [ 23.3535061, 37.99911959998186 ], [ 23.3534599, 37.999296099981891 ], [ 23.3539935, 37.9993716999819 ] ] ] } },
{ "type": "Feature", "properties": { "osm_id": 224929716, "name": null, "label": "amenity:place_of_worship;building:yes", "landuse": null, "natural": null, "building": "yes", "amenity": "place_of_worship", "tourism": null, "historic": null, "sport": null, "leisure": null, "shop": null, "waterway": null }, "geometry": { "type": "Polygon", "coordinates": [ [ [ 23.3533691, 37.997058999981583 ], [ 23.3533754, 37.997070599981569 ], [ 23.3534532, 37.997071599981574 ], [ 23.3534605, 37.997058799981573 ], [ 23.3534875, 37.997050299981581 ], [ 23.3534885, 37.997027399981569 ], [ 23.3534639, 37.997014099981563 ], [ 23.3534541, 37.996998699981567 ], [ 23.353373, 37.996996299981568 ], [ 23.3533638, 37.997007499981571 ], [ 23.3533373, 37.997008099981571 ], [ 23.3533372, 37.997058999981583 ], [ 23.3533691, 37.997058999981583 ] ] ] } },
{ "type": "Feature", "properties": { "osm_id": 69221620, "name": "Κοιμητήριο Μεγάρων", "label": "landuse:cemetery", "landuse": "cemetery", "natural": null, "building": null, "amenity": null, "tourism": null, "historic": null, "sport": null, "leisure": null, "shop": null, "waterway": null }, "geometry": { "type": "Polygon", "coordinates": [ [ [ 23.3528197, 37.997439199981628 ], [ 23.3530448, 37.997531399981646 ], [ 23.3548491, 37.997241299981596 ], [ 23.3554236, 37.997158399981586 ], [ 23.3560304, 37.997183899981607 ], [ 23.3564309, 37.997263599981594 ], [ 23.3572365, 37.997193899981589 ], [ 23.356998534028541, 37.996852462517424 ], [ 23.352880016096059, 37.996852462517424 ], [ 23.3528197, 37.997439199981628 ] ] ] } },
{ "type": "Feature", "properties": { "osm_id": 130502334, "name": null, "label": "amenity:parking", "landuse": null, "natural": null, "building": null, "amenity": "parking", "tourism": null, "historic": null, "sport": null, "leisure": null, "shop": null, "waterway": null }, "geometry": { "type": "Polygon", "coordinates": [ [ [ 23.3518939, 37.997294499981606 ], [ 23.352437, 37.997293099981611 ], [ 23.3524322, 37.997107499981574 ], [ 23.3517448, 37.99706089998157 ], [ 23.3518939, 37.997294499981606 ] ] ] } },
{ "type": "Feature", "properties": { "osm_id": 520853081, "name": null, "label": "amenity:place_of_worship;building:yes", "landuse": null, "natural": null, "building": "yes", "amenity": "place_of_worship", "tourism": null, "historic": null, "sport": null, "leisure": null, "shop": null, "waterway": null }, "geometry": { "type": "Polygon", "coordinates": [ [ [ 23.352696, 37.996868499981538 ], [ 23.3528502, 37.996877099981532 ], [ 23.352851889934396, 37.996852462517424 ], [ 23.352697200873465, 37.996852462517424 ], [ 23.352696, 37.996868499981538 ] ] ] } },
{ "type": "Feature", "properties": { "osm_id": 506540388, "name": "Σταθμός Κτέλ Αττικής", "label": "amenity:bus_station;building:yes", "landuse": null, "natural": null, "building": "yes", "amenity": "bus_station", "tourism": null, "historic": null, "sport": null, "leisure": null, "shop": null, "waterway": null }, "geometry": { "type": "Polygon", "coordinates": [ [ [ 23.3526972, 37.999566799981928 ], [ 23.3532135, 37.999549099981934 ], [ 23.353408, 37.998697099981804 ], [ 23.352802, 37.998602799981789 ], [ 23.3526336, 37.998950599981839 ], [ 23.3524765, 37.999233699981879 ], [ 23.3522184, 37.999472399981919 ], [ 23.3526972, 37.999566799981928 ] ] ] } },
{ "type": "Feature", "properties": { "osm_id": 525070201, "name": null, "label": "building:yes", "landuse": null, "natural": null, "building": "yes", "amenity": null, "tourism": null, "historic": null, "sport": null, "leisure": null, "shop": null, "waterway": null }, "geometry": { "type": "Polygon", "coordinates": [ [ [ 23.3519822, 37.998472599981774 ], [ 23.3519639, 37.99850289998178 ], [ 23.3520157, 37.998529099981774 ], [ 23.3520493, 37.998486399981772 ], [ 23.3521118, 37.998515399981791 ], [ 23.3521836, 37.998422299981769 ], [ 23.3521336, 37.998397599981772 ], [ 23.3521219, 37.998416599981759 ], [ 23.3520883, 37.998399599981759 ], [ 23.3520795, 37.998413099981775 ], [ 23.3519522, 37.99835079998175 ], [ 23.3518961, 37.998430799981762 ], [ 23.3519822, 37.998472599981774 ] ] ] } },
{ "type": "Feature", "properties": { "osm_id": 852433836, "name": null, "label": "building:yes", "landuse": null, "natural": null, "building": "yes", "amenity": null, "tourism": null, "historic": null, "sport": null, "leisure": null, "shop": null, "waterway": null }, "geometry": { "type": "Polygon", "coordinates": [ [ [ 23.351477, 37.997746099981661 ], [ 23.3514851, 37.99772009998167 ], [ 23.3514459, 37.997712599981661 ], [ 23.3514378, 37.997738599981666 ], [ 23.351477, 37.997746099981661 ] ] ] } },
{ "type": "Feature", "properties": { "osm_id": 852433819, "name": null, "label": "building:yes", "landuse": null, "natural": null, "building": "yes", "amenity": null, "tourism": null, "historic": null, "sport": null, "leisure": null, "shop": null, "waterway": null }, "geometry": { "type": "Polygon", "coordinates": [ [ [ 23.3515319, 37.997848099981681 ], [ 23.3515553, 37.997841599981676 ], [ 23.3515599, 37.997822399981672 ], [ 23.3515411, 37.997809599981679 ], [ 23.3515177, 37.997816099981677 ], [ 23.351513, 37.997835299981688 ], [ 23.3515319, 37.997848099981681 ] ] ] } },
{ "type": "Feature", "properties": { "osm_id": 852433833, "name": null, "label": "building:yes", "landuse": null, "natural": null, "building": "yes", "amenity": null, "tourism": null, "historic": null, "sport": null, "leisure": null, "shop": null, "waterway": null }, "geometry": { "type": "Polygon", "coordinates": [ [ [ 23.3512194, 37.997673999981679 ], [ 23.3512572, 37.997663399981661 ], [ 23.351246, 37.997638499981662 ], [ 23.3512082, 37.997648999981664 ], [ 23.3512194, 37.997673999981679 ] ] ] } },
{ "type": "Feature", "properties": { "osm_id": 852433835, "name": null, "label": "amenity:theatre;building:yes", "landuse": null, "natural": null, "building": "yes", "amenity": "theatre", "tourism": null, "historic": null, "sport": null, "leisure": null, "shop": null, "waterway": null }, "geometry": { "type": "Polygon", "coordinates": [ [ [ 23.3509679, 37.997692499981646 ], [ 23.3509715, 37.997695299981665 ], [ 23.350983, 37.997702699981666 ], [ 23.3509953, 37.997709299981665 ], [ 23.3510083, 37.997714899981666 ], [ 23.3510219, 37.997719599981671 ], [ 23.351036, 37.997723299981658 ], [ 23.3510505, 37.997725999981668 ], [ 23.3510653, 37.99772769998166 ], [ 23.3510804, 37.997728199981665 ], [ 23.3510956, 37.997727599981673 ], [ 23.3511105, 37.997725999981668 ], [ 23.3511251, 37.997723299981658 ], [ 23.3511392, 37.99771949998167 ], [ 23.3511528, 37.997714799981658 ], [ 23.3511658, 37.997709099981662 ], [ 23.3511781, 37.997702499981663 ], [ 23.3511897, 37.997694999981668 ], [ 23.3511929, 37.997692499981646 ], [ 23.3512137, 37.997686699981656 ], [ 23.3511882, 37.997629999981648 ], [ 23.3511674, 37.997635799981644 ], [ 23.3511644, 37.997640099981659 ], [ 23.3511601, 37.997645199981648 ], [ 23.3511553, 37.997649999981661 ], [ 23.35115, 37.997654499981664 ], [ 23.3511443, 37.997658599981655 ], [ 23.3511382, 37.997662399981657 ], [ 23.3511318, 37.997665799981668 ], [ 23.351125, 37.99766879998166 ], [ 23.3511181, 37.997671299981661 ], [ 23.3511109, 37.99767339998165 ], [ 23.3511035, 37.997674999981662 ], [ 23.3510959, 37.997676199981655 ], [ 23.3510882, 37.99767689998167 ], [ 23.3510804, 37.997677199981652 ], [ 23.3510726, 37.99767689998167 ], [ 23.3510649, 37.997676199981655 ], [ 23.3510574, 37.997674999981662 ], [ 23.35105, 37.99767339998165 ], [ 23.3510427, 37.997671299981661 ], [ 23.3510358, 37.99766879998166 ], [ 23.3510291, 37.997665799981668 ], [ 23.3510226, 37.997662399981657 ], [ 23.3510165, 37.997658599981655 ], [ 23.3510108, 37.997654499981664 ], [ 23.3510055, 37.997649999981661 ], [ 23.3510007, 37.997645199981648 ], [ 23.3509965, 37.997640099981659 ], [ 23.3509934, 37.997635799981644 ], [ 23.3509726, 37.997629999981648 ], [ 23.3509471, 37.997686699981656 ], [ 23.3509679, 37.997692499981646 ] ] ] } },
{ "type": "Feature", "properties": { "osm_id": 131425185, "name": null, "label": "amenity:parking", "landuse": null, "natural": null, "building": null, "amenity": "parking", "tourism": null, "historic": null, "sport": null, "leisure": null, "shop": null, "waterway": null }, "geometry": { "type": "Polygon", "coordinates": [ [ [ 23.3515256, 37.998737799981811 ], [ 23.351527, 37.998715699981794 ], [ 23.3515037, 37.998683599981803 ], [ 23.3514721, 37.998671399981795 ], [ 23.3510053, 37.998669699981797 ], [ 23.3509893, 37.998684399981798 ], [ 23.3509852, 37.998699899981808 ], [ 23.3509758, 37.998725299981807 ], [ 23.3515256, 37.998737799981811 ] ] ] } },
{ "type": "Feature", "properties": { "osm_id": 131424950, "name": "Κέντρο Υγείας Μεγάρων", "label": "amenity:hospital", "landuse": null, "natural": null, "building": null, "amenity": "hospital", "tourism": null, "historic": null, "sport": null, "leisure": null, "shop": null, "waterway": null }, "geometry": { "type": "Polygon", "coordinates": [ [ [ 23.3509758, 37.998725299981807 ], [ 23.3515256, 37.998737799981811 ], [ 23.3517023, 37.998741399981803 ], [ 23.3517214, 37.998173299981737 ], [ 23.3508934, 37.998195799981737 ], [ 23.3508657, 37.998724099981807 ], [ 23.3509758, 37.998725299981807 ] ] ] } },
{ "type": "Feature", "properties": { "osm_id": 131424949, "name": "Κέντρο Υγείας Μεγάρων", "label": "building:hospital", "landuse": null, "natural": null, "building": "hospital", "amenity": null, "tourism": null, "historic": null, "sport": null, "leisure": null, "shop": null, "waterway": null }, "geometry": { "type": "Polygon", "coordinates": [ [ [ 23.3509776, 37.99861139998179 ], [ 23.3511599, 37.998609899981794 ], [ 23.3511609, 37.998600099981793 ], [ 23.3513302, 37.998601199981792 ], [ 23.3513313, 37.998578699981799 ], [ 23.3514105, 37.998578399981788 ], [ 23.3514285, 37.99857789998179 ], [ 23.3514295, 37.998589799981794 ], [ 23.3515017, 37.998591399981798 ], [ 23.3515028, 37.998581699981791 ], [ 23.3516211, 37.998581099981791 ], [ 23.3516227, 37.998591399981798 ], [ 23.3516672, 37.998590899981799 ], [ 23.3516683, 37.998454699981778 ], [ 23.3514936, 37.998454699981778 ], [ 23.3514924, 37.998464599981766 ], [ 23.3514495, 37.998464599981766 ], [ 23.3514523, 37.998322299981751 ], [ 23.3511295, 37.998326099981746 ], [ 23.3511278, 37.998458999981764 ], [ 23.3511571, 37.998460599981776 ], [ 23.3511577, 37.998485099981771 ], [ 23.3510958, 37.998486699981775 ], [ 23.3510958, 37.998464399981778 ], [ 23.3509775, 37.998464999981778 ], [ 23.3509776, 37.99861139998179 ] ] ] } },
{ "type": "Feature", "properties": { "osm_id": 777532201, "name": "Στρατουδάκειο Πολιτιστικό Κέντρο", "label": "amenity:arts_centre;building:yes", "landuse": null, "natural": null, "building": "yes", "amenity": "arts_centre", "tourism": null, "historic": null, "sport": null, "leisure": null, "shop": null, "waterway": null }, "geometry": { "type": "Polygon", "coordinates": [ [ [ 23.3512285, 37.999179299981868 ], [ 23.3514833, 37.999183599981876 ], [ 23.3514806, 37.998912999981847 ], [ 23.3512258, 37.998912999981847 ], [ 23.3512285, 37.999179299981868 ] ] ] } },
{ "type": "Feature", "properties": { "osm_id": 528876136, "name": "Ιερά Μητρόπολη Μεγάρων & Σαλαμίνος", "label": "amenity:place_of_worship;building:yes", "landuse": null, "natural": null, "building": "yes", "amenity": "place_of_worship", "tourism": null, "historic": null, "sport": null, "leisure": null, "shop": null, "waterway": null }, "geometry": { "type": "Polygon", "coordinates": [ [ [ 23.3501603, 37.998379299981764 ], [ 23.3505035, 37.998367199981757 ], [ 23.3505007, 37.998303599981746 ], [ 23.3505196, 37.998301299981755 ], [ 23.3505149, 37.998223299981746 ], [ 23.3504098, 37.998226299981731 ], [ 23.3504109, 37.998239799981747 ], [ 23.3501517, 37.998247899981749 ], [ 23.3501603, 37.998379299981764 ] ] ] } },
{ "type": "Feature", "properties": { "osm_id": -7529026, "name": null, "label": "natural:wood", "landuse": null, "natural": "wood", "building": null, "amenity": null, "tourism": null, "historic": null, "sport": null, "leisure": null, "shop": null, "waterway": null }, "geometry": { "type": "MultiPolygon", "coordinates": [ [ [ [ 23.3488238, 37.998057399981711 ], [ 23.3490571, 37.998175599981735 ], [ 23.3498429, 37.99815079998173 ], [ 23.3499016, 37.998102199981716 ], [ 23.3499353, 37.998045599981708 ], [ 23.3499703, 37.9979457999817 ], [ 23.3499811, 37.997810899981666 ], [ 23.3500001, 37.997701299981664 ], [ 23.3500257, 37.99767869998167 ], [ 23.3498814, 37.997517899981645 ], [ 23.3496438, 37.997328699981615 ], [ 23.3493781, 37.99717429998158 ], [ 23.3491486, 37.997078999981568 ], [ 23.3489231, 37.99703209998156 ], [ 23.3487245, 37.997168999981589 ], [ 23.3486949, 37.997390399981626 ], [ 23.3486775, 37.997548799981637 ], [ 23.3486493, 37.997929899981678 ], [ 23.3488238, 37.998057399981711 ] ] ], [ [ [ 23.3500532, 37.998131799981728 ], [ 23.3505126, 37.998118399981735 ], [ 23.3506178, 37.99811169998172 ], [ 23.3507702, 37.998104899981719 ], [ 23.3512275, 37.99809279998172 ], [ 23.3517265, 37.99807519998172 ], [ 23.3512801, 37.997992999981719 ], [ 23.3509118, 37.997938999981692 ], [ 23.3505409, 37.997903899981686 ], [ 23.3503372, 37.997866199981679 ], [ 23.3501835, 37.997806799981674 ], [ 23.3500526, 37.997711099981672 ], [ 23.3500378, 37.997723199981678 ], [ 23.3500283, 37.997806799981674 ], [ 23.3500216, 37.997897199981686 ], [ 23.3500532, 37.998131799981728 ] ] ] ] } },
{ "type": "Feature", "properties": { "osm_id": -11683149, "name": null, "label": "natural:wood", "landuse": null, "natural": "wood", "building": null, "amenity": null, "tourism": null, "historic": null, "sport": null, "leisure": null, "shop": null, "waterway": null }, "geometry": { "type": "Polygon", "coordinates": [ [ [ 23.349185, 37.996927099981555 ], [ 23.3491834, 37.996961199981556 ], [ 23.3491825, 37.996979899981568 ], [ 23.3493088, 37.997041899981575 ], [ 23.3495748, 37.997172699981597 ], [ 23.349675, 37.997241199981595 ], [ 23.3497543, 37.997288399981599 ], [ 23.34984, 37.997345199981609 ], [ 23.3499157, 37.997415199981617 ], [ 23.350026, 37.99754059998164 ], [ 23.3500791, 37.997599899981651 ], [ 23.3500875, 37.997609199981653 ], [ 23.3501464, 37.997674599981664 ], [ 23.3502021, 37.997721199981669 ], [ 23.350236, 37.997738499981665 ], [ 23.350269, 37.997715699981669 ], [ 23.3503276, 37.997738299981677 ], [ 23.3503043, 37.997763999981665 ], [ 23.3503446, 37.997781499981677 ], [ 23.3504009, 37.997793699981685 ], [ 23.3504829, 37.997803999981677 ], [ 23.3506253, 37.997816899981679 ], [ 23.3509113, 37.997844499981689 ], [ 23.3510738, 37.997867499981687 ], [ 23.3513543, 37.997915299981699 ], [ 23.3516683, 37.997980199981704 ], [ 23.3518334, 37.998018799981701 ], [ 23.3519484, 37.998049599981712 ], [ 23.3520981, 37.998105099981714 ], [ 23.3522554, 37.998173099981742 ], [ 23.3523955, 37.998242799981739 ], [ 23.3525011, 37.998292899981749 ], [ 23.3525414, 37.998253399981742 ], [ 23.3523926, 37.998122799981722 ], [ 23.3522432, 37.997992099981701 ], [ 23.3520832, 37.997844999981687 ], [ 23.3518644, 37.997608999981651 ], [ 23.3518608, 37.997592599981658 ], [ 23.3518574, 37.997576599981656 ], [ 23.3518644, 37.997574999981644 ], [ 23.3518682, 37.997571999981659 ], [ 23.3518699, 37.997567399981641 ], [ 23.3518699, 37.997561399981656 ], [ 23.3518676, 37.997554499981646 ], [ 23.3518221, 37.997497499981634 ], [ 23.3518035, 37.997474599981629 ], [ 23.3517555, 37.997457399981627 ], [ 23.3516514, 37.997413399981632 ], [ 23.3515525, 37.997363699981619 ], [ 23.3513665, 37.9972744999816 ], [ 23.350627689344353, 37.996852462517424 ], [ 23.349798521544354, 37.996852462517424 ], [ 23.349185, 37.996927099981555 ] ] ] } },
{ "type": "Feature", "properties": { "osm_id": -11683150, "name": "Πευκάκια", "label": "leisure:park", "landuse": null, "natural": null, "building": null, "amenity": null, "tourism": null, "historic": null, "sport": null, "leisure": "park", "shop": null, "waterway": null }, "geometry": { "type": "Polygon", "coordinates": [ [ [ 23.349185, 37.996927099981555 ], [ 23.3491834, 37.996961199981556 ], [ 23.3491825, 37.996979899981568 ], [ 23.3493088, 37.997041899981575 ], [ 23.3495748, 37.997172699981597 ], [ 23.349675, 37.997241199981595 ], [ 23.3497543, 37.997288399981599 ], [ 23.34984, 37.997345199981609 ], [ 23.3499157, 37.997415199981617 ], [ 23.350026, 37.99754059998164 ], [ 23.3500791, 37.997599899981651 ], [ 23.3500875, 37.997609199981653 ], [ 23.3501464, 37.997674599981664 ], [ 23.3502021, 37.997721199981669 ], [ 23.350236, 37.997738499981665 ], [ 23.350269, 37.997715699981669 ], [ 23.3503276, 37.997738299981677 ], [ 23.3503043, 37.997763999981665 ], [ 23.3503446, 37.997781499981677 ], [ 23.3504009, 37.997793699981685 ], [ 23.3504829, 37.997803999981677 ], [ 23.3506253, 37.997816899981679 ], [ 23.3509113, 37.997844499981689 ], [ 23.3510738, 37.997867499981687 ], [ 23.3513543, 37.997915299981699 ], [ 23.3516683, 37.997980199981704 ], [ 23.3518334, 37.998018799981701 ], [ 23.3519484, 37.998049599981712 ], [ 23.3520981, 37.998105099981714 ], [ 23.3522554, 37.998173099981742 ], [ 23.3523955, 37.998242799981739 ], [ 23.3525011, 37.998292899981749 ], [ 23.3525414, 37.998253399981742 ], [ 23.3523926, 37.998122799981722 ], [ 23.3522432, 37.997992099981701 ], [ 23.3520832, 37.997844999981687 ], [ 23.3518644, 37.997608999981651 ], [ 23.3518608, 37.997592599981658 ], [ 23.3518574, 37.997576599981656 ], [ 23.3518644, 37.997574999981644 ], [ 23.3518682, 37.997571999981659 ], [ 23.3518699, 37.997567399981641 ], [ 23.3518699, 37.997561399981656 ], [ 23.3518676, 37.997554499981646 ], [ 23.3518221, 37.997497499981634 ], [ 23.3518035, 37.997474599981629 ], [ 23.3517555, 37.997457399981627 ], [ 23.3516514, 37.997413399981632 ], [ 23.3515525, 37.997363699981619 ], [ 23.3513665, 37.9972744999816 ], [ 23.350627689344353, 37.996852462517424 ], [ 23.349798521544354, 37.996852462517424 ], [ 23.349185, 37.996927099981555 ] ] ] } },
{ "type": "Feature", "properties": { "osm_id": 852433832, "name": null, "label": "building:yes", "landuse": null, "natural": null, "building": "yes", "amenity": null, "tourism": null, "historic": null, "sport": null, "leisure": null, "shop": null, "waterway": null }, "geometry": { "type": "Polygon", "coordinates": [ [ [ 23.3508996, 37.997650599981668 ], [ 23.3509135, 37.997619499981646 ], [ 23.3508804, 37.997610299981638 ], [ 23.3508665, 37.997641299981659 ], [ 23.3508996, 37.997650599981668 ] ] ] } },
{ "type": "Feature", "properties": { "osm_id": 852433843, "name": null, "label": "sport:basketball;leisure:pitch", "landuse": null, "natural": null, "building": null, "amenity": null, "tourism": null, "historic": null, "sport": "basketball", "leisure": "pitch", "shop": null, "waterway": null }, "geometry": { "type": "Polygon", "coordinates": [ [ [ 23.3510702, 37.997332999981609 ], [ 23.3511757, 37.997210899981596 ], [ 23.3509309, 37.997079599981575 ], [ 23.3508254, 37.997201699981595 ], [ 23.3510702, 37.997332999981609 ] ] ] } },
{ "type": "Feature", "properties": { "osm_id": 852433817, "name": "Οδοστρωτήρας", "label": "historic:locomotive", "landuse": null, "natural": null, "building": null, "amenity": null, "tourism": null, "historic": "locomotive", "sport": null, "leisure": null, "shop": null, "waterway": null }, "geometry": { "type": "Polygon", "coordinates": [ [ [ 23.3506575, 37.99746739998163 ], [ 23.3506554, 37.997472499981626 ], [ 23.3507041, 37.997484699981626 ], [ 23.3507112, 37.997467199981649 ], [ 23.3506624, 37.997455099981629 ], [ 23.3506604, 37.997460199981631 ], [ 23.3506497, 37.997457499981635 ], [ 23.3506468, 37.997464799981636 ], [ 23.3506575, 37.99746739998163 ] ] ] } },
{ "type": "Feature", "properties": { "osm_id": 852433850, "name": "Πρόσκοποι Μεγάρων", "label": "amenity:community_centre;building:yes", "landuse": null, "natural": null, "building": "yes", "amenity": "community_centre", "tourism": null, "historic": null, "sport": null, "leisure": null, "shop": null, "waterway": null }, "geometry": { "type": "Polygon", "coordinates": [ [ [ 23.3496979, 37.997234199981598 ], [ 23.3497532, 37.997165599981599 ], [ 23.3496412, 37.997109499981576 ], [ 23.3495858, 37.997178099981589 ], [ 23.3496979, 37.997234199981598 ] ] ] } },
{ "type": "Feature", "properties": { "osm_id": 852433849, "name": "Οδηγοί Μεγάρων", "label": "amenity:community_centre;building:yes", "landuse": null, "natural": null, "building": "yes", "amenity": "community_centre", "tourism": null, "historic": null, "sport": null, "leisure": null, "shop": null, "waterway": null }, "geometry": { "type": "Polygon", "coordinates": [ [ [ 23.34945, 37.99705849998157 ], [ 23.3494601, 37.997030999981561 ], [ 23.3494944, 37.997038799981574 ], [ 23.3495062, 37.997006299981578 ], [ 23.3494719, 37.996998499981572 ], [ 23.3494928, 37.996941199981556 ], [ 23.349427, 37.996926299981553 ], [ 23.3493842, 37.997043599981573 ], [ 23.34945, 37.99705849998157 ] ] ] } },
{ "type": "Feature", "properties": { "osm_id": 525213335, "name": "Άγιος Λαυρέντιος", "label": "amenity:place_of_worship;building:yes", "landuse": null, "natural": null, "building": "yes", "amenity": "place_of_worship", "tourism": null, "historic": null, "sport": null, "leisure": null, "shop": null, "waterway": null }, "geometry": { "type": "Polygon", "coordinates": [ [ [ 23.3497064, 37.99853269998178 ], [ 23.3498629, 37.99852719998178 ], [ 23.3498762, 37.998513399981782 ], [ 23.3498616, 37.998495999981778 ], [ 23.3498784, 37.998484599981765 ], [ 23.349876, 37.99846679998177 ], [ 23.34986, 37.998456499981785 ], [ 23.3498647, 37.998440599981777 ], [ 23.3498587, 37.998426899981766 ], [ 23.3496989, 37.998430199981769 ], [ 23.3497064, 37.99853269998178 ] ] ] } },
{ "type": "Feature", "properties": { "osm_id": 528874171, "name": null, "label": "building:yes", "landuse": null, "natural": null, "building": "yes", "amenity": null, "tourism": null, "historic": null, "sport": null, "leisure": null, "shop": null, "waterway": null }, "geometry": { "type": "Polygon", "coordinates": [ [ [ 23.348362, 37.997890299981684 ], [ 23.3485417, 37.997890299981684 ], [ 23.3485417, 37.997736599981671 ], [ 23.3483573, 37.997736599981671 ], [ 23.348362, 37.997890299981684 ] ] ] } },
{ "type": "Feature", "properties": { "osm_id": 525216967, "name": null, "label": "sport:basketball;leisure:pitch", "landuse": null, "natural": null, "building": null, "amenity": null, "tourism": null, "historic": null, "sport": "basketball", "leisure": "pitch", "shop": null, "waterway": null }, "geometry": { "type": "Polygon", "coordinates": [ [ [ 23.3481985, 37.997885899981689 ], [ 23.3483232, 37.997884199981691 ], [ 23.3483189, 37.997717699981663 ], [ 23.3481968, 37.997718599981667 ], [ 23.3481985, 37.997885899981689 ] ] ] } },
{ "type": "Feature", "properties": { "osm_id": 528874174, "name": null, "label": "building:yes", "landuse": null, "natural": null, "building": "yes", "amenity": null, "tourism": null, "historic": null, "sport": null, "leisure": null, "shop": null, "waterway": null }, "geometry": { "type": "Polygon", "coordinates": [ [ [ 23.3481304, 37.998081699981711 ], [ 23.3485464, 37.99807699998172 ], [ 23.3485464, 37.9979256999817 ], [ 23.3481209, 37.997930499981699 ], [ 23.3481304, 37.998081699981711 ] ] ] } },
{ "type": "Feature", "properties": { "osm_id": 525214890, "name": "ΕΠΑΛ", "label": "amenity:school", "landuse": null, "natural": null, "building": null, "amenity": "school", "tourism": null, "historic": null, "sport": null, "leisure": null, "shop": null, "waterway": null }, "geometry": { "type": "Polygon", "coordinates": [ [ [ 23.3475272, 37.998203399981733 ], [ 23.347805, 37.998195699981729 ], [ 23.3485719, 37.998167699981735 ], [ 23.3485694, 37.99758679998164 ], [ 23.3481872, 37.997614799981655 ], [ 23.3478202, 37.997635199981644 ], [ 23.347489, 37.99767339998165 ], [ 23.3475272, 37.998203399981733 ] ] ] } },
{ "type": "Feature", "properties": { "osm_id": 528875049, "name": null, "label": "landuse:recreation_ground", "landuse": "recreation_ground", "natural": null, "building": null, "amenity": null, "tourism": null, "historic": null, "sport": null, "leisure": null, "shop": null, "waterway": null }, "geometry": { "type": "Polygon", "coordinates": [ [ [ 23.3468699, 37.998521099981772 ], [ 23.3469459, 37.998725499981802 ], [ 23.3471108, 37.99869999998181 ], [ 23.3472859, 37.998684299981804 ], [ 23.3476262, 37.998671999981809 ], [ 23.348342, 37.998652199981798 ], [ 23.348329, 37.998262699981751 ], [ 23.347586, 37.998270299981748 ], [ 23.3468572, 37.998299899981753 ], [ 23.3468459, 37.998337699981761 ], [ 23.3468699, 37.998521099981772 ] ] ] } },
{ "type": "Feature", "properties": { "osm_id": 777532202, "name": null, "label": "sport:basketball;leisure:pitch", "landuse": null, "natural": null, "building": null, "amenity": null, "tourism": null, "historic": null, "sport": "basketball", "leisure": "pitch", "shop": null, "waterway": null }, "geometry": { "type": "Polygon", "coordinates": [ [ [ 23.3474528, 37.998654199981793 ], [ 23.3476489, 37.9986504999818 ], [ 23.3476489, 37.998356099981756 ], [ 23.3474364, 37.998361599981763 ], [ 23.3474528, 37.998654199981793 ] ] ] } },
{ "type": "Feature", "properties": { "osm_id": 525208336, "name": null, "label": "amenity:school", "landuse": null, "natural": null, "building": null, "amenity": "school", "tourism": null, "historic": null, "sport": null, "leisure": null, "shop": null, "waterway": null }, "geometry": { "type": "Polygon", "coordinates": [ [ [ 23.3474397, 37.996867899981531 ], [ 23.347441100900319, 37.996852462517424 ], [ 23.34710846155247, 37.996852462517424 ], [ 23.3474397, 37.996867899981531 ] ] ] } },
{ "type": "Feature", "properties": { "osm_id": 525212770, "name": "Μουσικός Όμιλος", "label": "building:yes", "landuse": null, "natural": null, "building": "yes", "amenity": null, "tourism": null, "historic": null, "sport": null, "leisure": null, "shop": null, "waterway": null }, "geometry": { "type": "Polygon", "coordinates": [ [ [ 23.3482621, 37.99731489998161 ], [ 23.3482667, 37.997326399981596 ], [ 23.3482772, 37.997342499981613 ], [ 23.3482888, 37.997354699981621 ], [ 23.348302, 37.997364299981619 ], [ 23.3483193, 37.997371899981609 ], [ 23.3483371, 37.99737619998163 ], [ 23.3483533, 37.997377599981625 ], [ 23.348371, 37.997375799981619 ], [ 23.3483895, 37.997370899981618 ], [ 23.3484044, 37.997364299981619 ], [ 23.3484151, 37.997354799981615 ], [ 23.3484259, 37.997341399981607 ], [ 23.348438, 37.997323899981609 ], [ 23.3484474, 37.997311699981609 ], [ 23.3484515, 37.997306399981611 ], [ 23.3485432, 37.997309099981607 ], [ 23.348543, 37.99729419998161 ], [ 23.348539, 37.997280799981603 ], [ 23.3485326, 37.997265799981605 ], [ 23.3485223, 37.997255499981598 ], [ 23.3485082, 37.997245099981598 ], [ 23.3484925, 37.997236899981594 ], [ 23.3484742, 37.997229799981589 ], [ 23.3484555, 37.997226899981591 ], [ 23.348434, 37.997229599981594 ], [ 23.3484178, 37.997233699981606 ], [ 23.3484003, 37.997240399981607 ], [ 23.3483815, 37.997248499981595 ], [ 23.3483653, 37.997264599981598 ], [ 23.348337, 37.997236399981588 ], [ 23.3483263, 37.997243099981596 ], [ 23.3483088, 37.997251199981605 ], [ 23.3483088, 37.997261899981595 ], [ 23.3483088, 37.997275399981596 ], [ 23.3483079, 37.997296099981597 ], [ 23.348259, 37.99729419998161 ], [ 23.3482585, 37.997304699981612 ], [ 23.3482621, 37.99731489998161 ] ] ] } },
{ "type": "Feature", "properties": { "osm_id": 525070810, "name": null, "label": "amenity:school", "landuse": null, "natural": null, "building": null, "amenity": "school", "tourism": null, "historic": null, "sport": null, "leisure": null, "shop": null, "waterway": null }, "geometry": { "type": "Polygon", "coordinates": [ [ [ 23.3474522, 37.996872099981545 ], [ 23.3484081, 37.996954799981552 ], [ 23.3485747, 37.996929599981556 ], [ 23.349064422975211, 37.996852462517424 ], [ 23.347454017451117, 37.996852462517424 ], [ 23.3474522, 37.996872099981545 ] ] ] } },
{ "type": "Feature", "properties": { "osm_id": 525070271, "name": "Πυροσβεστική Υπηρεσία Μεγάρων", "label": "amenity:fire_station;building:yes", "landuse": null, "natural": null, "building": "yes", "amenity": "fire_station", "tourism": null, "historic": null, "sport": null, "leisure": null, "shop": null, "waterway": null }, "geometry": { "type": "Polygon", "coordinates": [ [ [ 23.3504208, 37.999833299981965 ], [ 23.3505261, 37.999825099981969 ], [ 23.3505199, 37.999668099981939 ], [ 23.3507285, 37.999659899981928 ], [ 23.350712, 37.999374899981895 ], [ 23.3504662, 37.999381099981903 ], [ 23.3504704, 37.999529799981914 ], [ 23.3504022, 37.999529799981914 ], [ 23.3504208, 37.999833299981965 ] ] ] } },
{ "type": "Feature", "properties": { "osm_id": 544762661, "name": null, "label": "landuse:orchard", "landuse": "orchard", "natural": null, "building": null, "amenity": null, "tourism": null, "historic": null, "sport": null, "leisure": null, "shop": null, "waterway": null }, "geometry": { "type": "Polygon", "coordinates": [ [ [ 23.3535594, 38.004815699982672 ], [ 23.3535218, 38.005458199982755 ], [ 23.3544552, 38.005720299982798 ], [ 23.3552921, 38.005965499982821 ], [ 23.3554369, 38.005745699982789 ], [ 23.3561879, 38.005804799982805 ], [ 23.356086, 38.005149699982702 ], [ 23.3558714, 38.00479039998266 ], [ 23.3546752, 38.004857999982669 ], [ 23.3545893, 38.004202799982579 ], [ 23.3551043, 38.004156299982569 ], [ 23.3550507, 38.003665999982502 ], [ 23.3546644, 38.003103799982412 ], [ 23.354305, 38.002685299982367 ], [ 23.3537203, 38.00214849998229 ], [ 23.3527708, 38.001226999982151 ], [ 23.3528352, 38.001882199982262 ], [ 23.3528566, 38.002558499982349 ], [ 23.3528995, 38.003230599982437 ], [ 23.352862, 38.003991499982533 ], [ 23.3528298, 38.00440569998262 ], [ 23.3527547, 38.004752299982655 ], [ 23.3535594, 38.004815699982672 ] ] ] } },
{ "type": "Feature", "properties": { "osm_id": 544910563, "name": null, "label": "landuse:orchard", "landuse": "orchard", "natural": null, "building": null, "amenity": null, "tourism": null, "historic": null, "sport": null, "leisure": null, "shop": null, "waterway": null }, "geometry": { "type": "Polygon", "coordinates": [ [ [ 23.3508342, 38.003585699982487 ], [ 23.3512419, 38.003615299982492 ], [ 23.3511776, 38.004067599982555 ], [ 23.3516282, 38.004037999982557 ], [ 23.3516014, 38.004359199982623 ], [ 23.3518428, 38.004384599982608 ], [ 23.3517998, 38.004718499982651 ], [ 23.3523148, 38.004955199982668 ], [ 23.3524328, 38.004067599982555 ], [ 23.3524543, 38.003737899982511 ], [ 23.352229, 38.003737899982511 ], [ 23.352229, 38.003048899982417 ], [ 23.3524221, 38.003044599982424 ], [ 23.3524167, 38.00349689998248 ], [ 23.3527654, 38.003501199982487 ], [ 23.3527493, 38.003048899982417 ], [ 23.3523685, 38.002981199982415 ], [ 23.3523846, 38.002668399982355 ], [ 23.352626, 38.00264729998235 ], [ 23.3526206, 38.002368299982315 ], [ 23.3523738, 38.002376799982329 ], [ 23.3523524, 38.002085099982274 ], [ 23.352052, 38.002025899982279 ], [ 23.3520091, 38.002562699982349 ], [ 23.3508664, 38.002528899982337 ], [ 23.3508342, 38.003365899982462 ], [ 23.3508342, 38.003585699982487 ] ] ] } },
{ "type": "Feature", "properties": { "osm_id": 438489593, "name": null, "label": "building:yes", "landuse": null, "natural": null, "building": "yes", "amenity": null, "tourism": null, "historic": null, "sport": null, "leisure": null, "shop": null, "waterway": null }, "geometry": { "type": "Polygon", "coordinates": [ [ [ 23.3545405, 37.999657299981941 ], [ 23.3550428, 37.999499799981919 ], [ 23.354924, 37.999237599981882 ], [ 23.3547298, 37.99929479998189 ], [ 23.3547409, 37.999320099981894 ], [ 23.3544275, 37.999423299981892 ], [ 23.3545405, 37.999657299981941 ] ] ] } },
{ "type": "Feature", "properties": { "osm_id": 545121667, "name": null, "label": "waterway:stream", "landuse": null, "natural": null, "building": null, "amenity": null, "tourism": null, "historic": null, "sport": null, "leisure": null, "shop": null, "waterway": "stream" }, "geometry": { "type": "LineString", "coordinates": [ [ 23.3578944, 37.998325699981756 ], [ 23.3579689, 37.998117799981713 ], [ 23.3580118, 37.997999499981702 ], [ 23.3579957, 37.997925499981697 ], [ 23.3580141, 37.997809499981692 ], [ 23.3580199, 37.997730999981677 ], [ 23.3580118, 37.997657099981652 ], [ 23.357918, 37.997583099981647 ], [ 23.3578509, 37.997492199981643 ], [ 23.3578201, 37.997410799981616 ], [ 23.3578616, 37.997390699981601 ], [ 23.3579501, 37.997312499981597 ], [ 23.3579831, 37.997170999981599 ], [ 23.35802, 37.996923299981553 ], [ 23.358018279551107, 37.996852462517424 ] ] } },
{ "type": "Feature", "properties": { "osm_id": 545121670, "name": null, "label": "waterway:stream", "landuse": null, "natural": null, "building": null, "amenity": null, "tourism": null, "historic": null, "sport": null, "leisure": null, "shop": null, "waterway": "stream" }, "geometry": { "type": "LineString", "coordinates": [ [ 23.3578429, 37.998441299981771 ], [ 23.3578944, 37.998325699981756 ] ] } },
{ "type": "Feature", "properties": { "osm_id": 585730261, "name": null, "label": "waterway:stream", "landuse": null, "natural": null, "building": null, "amenity": null, "tourism": null, "historic": null, "sport": null, "leisure": null, "shop": null, "waterway": "stream" }, "geometry": { "type": "LineString", "coordinates": [ [ 23.3518884, 38.000056099981997 ], [ 23.3522585, 38.000036999981987 ], [ 23.3525696, 38.000007399981989 ], [ 23.3530337, 38.000026499981992 ], [ 23.3534789, 38.000087799981991 ], [ 23.353959, 38.000083499982004 ], [ 23.3542433, 38.000015899981975 ], [ 23.3545035, 37.999924999981978 ], [ 23.3549675, 37.999762299981953 ], [ 23.3552572, 37.999626999981942 ], [ 23.3553135, 37.999605899981937 ], [ 23.3555576, 37.999517099981922 ], [ 23.3558956, 37.999314199981889 ], [ 23.3561423, 37.999121799981857 ], [ 23.3563918, 37.998956999981843 ], [ 23.3567673, 37.998783599981813 ], [ 23.3568692, 37.9987307999818 ], [ 23.3570623, 37.998618799981791 ], [ 23.3573225, 37.998555399981782 ], [ 23.3575612, 37.998504599981771 ], [ 23.3577839, 37.998475099981782 ], [ 23.3578429, 37.998441299981771 ] ] } },
{ "type": "Feature", "properties": { "osm_id": 852433816, "name": null, "label": "waterway:stream", "landuse": null, "natural": null, "building": null, "amenity": null, "tourism": null, "historic": null, "sport": null, "leisure": null, "shop": null, "waterway": "stream" }, "geometry": { "type": "LineString", "coordinates": [ [ 23.3503078, 37.997711099981672 ], [ 23.350466, 37.997516599981637 ], [ 23.3504986, 37.997472399981632 ], [ 23.3506025, 37.997291699981609 ], [ 23.3506241, 37.997249299981604 ], [ 23.3506516, 37.997212999981599 ], [ 23.3506895, 37.997176699981587 ], [ 23.3507566, 37.997117299981575 ] ] } },
{ "type": "Feature", "properties": { "osm_id": 404299566, "name": null, "label": "waterway:stream", "landuse": null, "natural": null, "building": null, "amenity": null, "tourism": null, "historic": null, "sport": null, "leisure": null, "shop": null, "waterway": "stream" }, "geometry": { "type": "LineString", "coordinates": [ [ 23.3392118, 38.003671699982498 ], [ 23.3394901, 38.003667999982497 ], [ 23.3400893, 38.003699799982506 ], [ 23.3406472, 38.003720899982504 ], [ 23.3412728, 38.003779299982511 ] ] } },
{ "type": "Feature", "properties": { "osm_id": 585729657, "name": null, "label": "waterway:stream", "landuse": null, "natural": null, "building": null, "amenity": null, "tourism": null, "historic": null, "sport": null, "leisure": null, "shop": null, "waterway": "stream" }, "geometry": { "type": "LineString", "coordinates": [ [ 23.337910588687794, 38.004120599351268 ], [ 23.3379441, 38.004095099982571 ], [ 23.3382316, 38.003935699982542 ], [ 23.3384432, 38.003865699982526 ], [ 23.3386186, 38.003813299982532 ], [ 23.3388111, 38.003756599982516 ], [ 23.3390018, 38.003705899982506 ], [ 23.3391373, 38.0036828999825 ], [ 23.3392118, 38.003671699982498 ] ] } },
{ "type": "Feature", "properties": { "osm_id": 404299564, "name": null, "label": "waterway:stream", "landuse": null, "natural": null, "building": null, "amenity": null, "tourism": null, "historic": null, "sport": null, "leisure": null, "shop": null, "waterway": "stream" }, "geometry": { "type": "LineString", "coordinates": [ [ 23.3412728, 38.003779299982511 ], [ 23.3418481, 38.003833899982524 ], [ 23.3428806, 38.003726099982515 ], [ 23.3436546, 38.0036548999825 ], [ 23.3441807, 38.003548299982491 ], [ 23.3443593, 38.003493799982486 ], [ 23.3445346, 38.003429799982477 ], [ 23.3446717, 38.00336029998244 ], [ 23.3449314, 38.003202499982436 ], [ 23.3453396, 38.002970699982399 ] ] } },
{ "type": "Feature", "properties": { "osm_id": 585729655, "name": null, "label": "waterway:stream", "landuse": null, "natural": null, "building": null, "amenity": null, "tourism": null, "historic": null, "sport": null, "leisure": null, "shop": null, "waterway": "stream" }, "geometry": { "type": "LineString", "coordinates": [ [ 23.3453396, 38.002970699982399 ], [ 23.3454839, 38.002889299982392 ], [ 23.3456985, 38.002796699982376 ] ] } },
{ "type": "Feature", "properties": { "osm_id": 585729661, "name": null, "label": "waterway:stream", "landuse": null, "natural": null, "building": null, "amenity": null, "tourism": null, "historic": null, "sport": null, "leisure": null, "shop": null, "waterway": "stream" }, "geometry": { "type": "LineString", "coordinates": [ [ 23.3456985, 38.002796699982376 ], [ 23.3461116, 38.002644599982361 ], [ 23.3463208, 38.002559999982346 ], [ 23.3465246, 38.002466999982339 ], [ 23.3466963, 38.002369799982318 ], [ 23.346868, 38.002251399982306 ], [ 23.3470074, 38.002133099982281 ], [ 23.3471308, 38.00205279998228 ], [ 23.3473347, 38.001942899982261 ], [ 23.3476082, 38.001794899982237 ], [ 23.3478979, 38.001672299982218 ], [ 23.3480039, 38.001629599982223 ], [ 23.3482091, 38.001507499982196 ], [ 23.3485524, 38.001329899982181 ], [ 23.3487503, 38.001219199982167 ], [ 23.3489284, 38.001119199982149 ], [ 23.3492176, 38.000945299982121 ], [ 23.3495394, 38.000712799982082 ], [ 23.3496621, 38.000639399982077 ], [ 23.3500349, 38.00048509998205 ], [ 23.3503649, 38.000377299982041 ], [ 23.3507779, 38.000265299982033 ], [ 23.3512312, 38.000172299982019 ], [ 23.3514377, 38.000129999982001 ], [ 23.3517355, 38.000079299981998 ] ] } },
{ "type": "Feature", "properties": { "osm_id": 585730260, "name": null, "label": "waterway:stream", "landuse": null, "natural": null, "building": null, "amenity": null, "tourism": null, "historic": null, "sport": null, "leisure": null, "shop": null, "waterway": "stream" }, "geometry": { "type": "LineString", "coordinates": [ [ 23.3517355, 38.000079299981998 ], [ 23.3518884, 38.000056099981997 ] ] } },
{ "type": "Feature", "properties": { "osm_id": 135518533, "name": null, "label": "waterway:stream", "landuse": null, "natural": null, "building": null, "amenity": null, "tourism": null, "historic": null, "sport": null, "leisure": null, "shop": null, "waterway": "stream" }, "geometry": { "type": "LineString", "coordinates": [ [ 23.365222937085107, 38.019322676406276 ], [ 23.3653375, 38.019054699984665 ], [ 23.3655014, 38.018862899984647 ], [ 23.3657964, 38.01863049998461 ], [ 23.3660913, 38.018434999984571 ], [ 23.3663582, 38.018128899984546 ], [ 23.3665783, 38.017918599984519 ], [ 23.3668358, 38.017767399984493 ], [ 23.3672338, 38.017568199984467 ], [ 23.3675287, 38.017376399984435 ], [ 23.3677348, 38.017158699984414 ], [ 23.367784392289959, 38.01705499872039 ] ] } },
{ "type": "Feature", "properties": { "osm_id": 1443409845, "name": "BP", "label": "amenity:fuel", "landuse": null, "natural": null, "building": null, "amenity": "fuel", "tourism": null, "historic": null, "sport": null, "leisure": null, "shop": null, "waterway": null }, "geometry": { "type": "Point", "coordinates": [ 23.3603412, 37.999246999981878 ] } },
{ "type": "Feature", "properties": { "osm_id": 13247263069, "name": "DΕΙ blue - Σκλαβενίτης Μέγαρα", "label": "amenity:charging_station", "landuse": null, "natural": null, "building": null, "amenity": "charging_station", "tourism": null, "historic": null, "sport": null, "leisure": null, "shop": null, "waterway": null }, "geometry": { "type": "Point", "coordinates": [ 23.3535554, 37.999068999981866 ] } },
{ "type": "Feature", "properties": { "osm_id": 1756651520, "name": "Κοιμητήριο Μεγάρων", "label": "landuse:cemetery", "landuse": "cemetery", "natural": null, "building": null, "amenity": null, "tourism": null, "historic": null, "sport": null, "leisure": null, "shop": null, "waterway": null }, "geometry": { "type": "Point", "coordinates": [ 23.3517616, 37.99731669998161 ] } },
{ "type": "Feature", "properties": { "osm_id": 7951548546, "name": null, "label": "amenity:water_point", "landuse": null, "natural": null, "building": null, "amenity": "water_point", "tourism": null, "historic": null, "sport": null, "leisure": null, "shop": null, "waterway": null }, "geometry": { "type": "Point", "coordinates": [ 23.3502767, 37.99773529998167 ] } },
{ "type": "Feature", "properties": { "osm_id": 1756575094, "name": null, "label": "amenity:pharmacy", "landuse": null, "natural": null, "building": null, "amenity": "pharmacy", "tourism": null, "historic": null, "sport": null, "leisure": null, "shop": null, "waterway": null }, "geometry": { "type": "Point", "coordinates": [ 23.3466366, 37.999267699981885 ] } },
{ "type": "Feature", "properties": { "osm_id": 1756651543, "name": null, "label": "amenity:pharmacy", "landuse": null, "natural": null, "building": null, "amenity": "pharmacy", "tourism": null, "historic": null, "sport": null, "leisure": null, "shop": null, "waterway": null }, "geometry": { "type": "Point", "coordinates": [ 23.3438371, 37.997630399981659 ] } },
{ "type": "Feature", "properties": { "osm_id": 1756622104, "name": null, "label": "shop:florist", "landuse": null, "natural": null, "building": null, "amenity": null, "tourism": null, "historic": null, "sport": null, "leisure": null, "shop": "florist", "waterway": null }, "geometry": { "type": "Point", "coordinates": [ 23.3379148, 37.996972999981566 ] } },
{ "type": "Feature", "properties": { "osm_id": 1756616768, "name": null, "label": "shop:hairdresser", "landuse": null, "natural": null, "building": null, "amenity": null, "tourism": null, "historic": null, "sport": null, "leisure": null, "shop": "hairdresser", "waterway": null }, "geometry": { "type": "Point", "coordinates": [ 23.3386041, 37.996920199981545 ] } },
{ "type": "Feature", "properties": { "osm_id": 1756616815, "name": null, "label": "shop:bakery", "landuse": null, "natural": null, "building": null, "amenity": null, "tourism": null, "historic": null, "sport": null, "leisure": null, "shop": "bakery", "waterway": null }, "geometry": { "type": "Point", "coordinates": [ 23.3384378, 37.997848099981681 ] } },
{ "type": "Feature", "properties": { "osm_id": 13247243516, "name": "nrg - My Market Μέγαρα Αλεποχώρι", "label": "amenity:charging_station", "landuse": null, "natural": null, "building": null, "amenity": "charging_station", "tourism": null, "historic": null, "sport": null, "leisure": null, "shop": null, "waterway": null }, "geometry": { "type": "Point", "coordinates": [ 23.3392122, 38.004887599982681 ] } },
{ "type": "Feature", "properties": { "osm_id": 10311838583, "name": "Food Station", "label": "amenity:restaurant", "landuse": null, "natural": null, "building": null, "amenity": "restaurant", "tourism": null, "historic": null, "sport": null, "leisure": null, "shop": null, "waterway": null }, "geometry": { "type": "Point", "coordinates": [ 23.3389217, 38.004900199982686 ] } },
{ "type": "Feature", "properties": { "osm_id": 9727061558, "name": "All", "label": "amenity:cafe", "landuse": null, "natural": null, "building": null, "amenity": "cafe", "tourism": null, "historic": null, "sport": null, "leisure": null, "shop": null, "waterway": null }, "geometry": { "type": "Point", "coordinates": [ 23.3388274, 38.004919799982687 ] } },
{ "type": "Feature", "properties": { "osm_id": 9727049492, "name": "Α. Βαρναβας", "label": "amenity:pharmacy", "landuse": null, "natural": null, "building": null, "amenity": "pharmacy", "tourism": null, "historic": null, "sport": null, "leisure": null, "shop": null, "waterway": null }, "geometry": { "type": "Point", "coordinates": [ 23.3383544, 38.005383499982742 ] } },
{ "type": "Feature", "properties": { "osm_id": 9727049494, "name": "My market", "label": "shop:supermarket", "landuse": null, "natural": null, "building": null, "amenity": null, "tourism": null, "historic": null, "sport": null, "leisure": null, "shop": "supermarket", "waterway": null }, "geometry": { "type": "Point", "coordinates": [ 23.3394236, 38.004688399982641 ] } },
{ "type": "Feature", "properties": { "osm_id": 9382319572, "name": "EKO", "label": "amenity:fuel", "landuse": null, "natural": null, "building": null, "amenity": "fuel", "tourism": null, "historic": null, "sport": null, "leisure": null, "shop": null, "waterway": null }, "geometry": { "type": "Point", "coordinates": [ 23.339441, 38.003322599982461 ] } },
{ "type": "Feature", "properties": { "osm_id": 3019066513, "name": "Σταματης", "label": "amenity:cafe", "landuse": null, "natural": null, "building": null, "amenity": "cafe", "tourism": null, "historic": null, "sport": null, "leisure": null, "shop": null, "waterway": null }, "geometry": { "type": "Point", "coordinates": [ 23.3433192, 38.002212099982309 ] } },
{ "type": "Feature", "properties": { "osm_id": 9727036454, "name": "Κοστερνης", "label": "shop:greengrocer", "landuse": null, "natural": null, "building": null, "amenity": null, "tourism": null, "historic": null, "sport": null, "leisure": null, "shop": "greengrocer", "waterway": null }, "geometry": { "type": "Point", "coordinates": [ 23.3427928, 38.004027099982551 ] } },
{ "type": "Feature", "properties": { "osm_id": 9727013574, "name": "Χατζης", "label": "shop:lighting", "landuse": null, "natural": null, "building": null, "amenity": null, "tourism": null, "historic": null, "sport": null, "leisure": null, "shop": "lighting", "waterway": null }, "geometry": { "type": "Point", "coordinates": [ 23.3423796, 38.004079499982566 ] } },
{ "type": "Feature", "properties": { "osm_id": 9727036458, "name": null, "label": "shop:trade", "landuse": null, "natural": null, "building": null, "amenity": null, "tourism": null, "historic": null, "sport": null, "leisure": null, "shop": "trade", "waterway": null }, "geometry": { "type": "Point", "coordinates": [ 23.3438786, 38.00384189998254 ] } },
{ "type": "Feature", "properties": { "osm_id": 9727036460, "name": "Nut Cap", "label": "amenity:cafe", "landuse": null, "natural": null, "building": null, "amenity": "cafe", "tourism": null, "historic": null, "sport": null, "leisure": null, "shop": null, "waterway": null }, "geometry": { "type": "Point", "coordinates": [ 23.3431174, 38.00400699998255 ] } },
{ "type": "Feature", "properties": { "osm_id": 9727013573, "name": "Smart Key", "label": "shop:locksmith", "landuse": null, "natural": null, "building": null, "amenity": null, "tourism": null, "historic": null, "sport": null, "leisure": null, "shop": "locksmith", "waterway": null }, "geometry": { "type": "Point", "coordinates": [ 23.3434122, 38.00398959998256 ] } },
{ "type": "Feature", "properties": { "osm_id": 4361816906, "name": "Lidl", "label": "shop:supermarket", "landuse": null, "natural": null, "building": null, "amenity": null, "tourism": null, "historic": null, "sport": null, "leisure": null, "shop": "supermarket", "waterway": null }, "geometry": { "type": "Point", "coordinates": [ 23.3547079, 37.999425599981912 ] } }
]
}
