{
"type": "FeatureCollection",
"name": "patch_64914_polygon",
"crs": { "type": "name", "properties": { "name": "urn:ogc:def:crs:OGC:1.3:CRS84" } },
"features": [
{ "type": "Feature", "properties": { "@type": "way", "@id": 166354036, "admin_level": null, "amenity": null, "boundary": null, "building": null, "castle_type": null, "cuisine": null, "disused": null, "ford": null, "highway": null, "historic": null, "historic:civilization": null, "image": null, "int_name": null, "int_ref": null, "landuse": "residential", "lanes": null, "layer": null, "leisure": null, "man_made": null, "maxspeed": null, "maxspeed:type": null, "name": null, "name:de": null, "name:el": null, "name:en": null, "name:ru": null, "name:uk": null, "natural": null, "noexit": null, "old_ref": null, "oneway": null, "parking": null, "place": null, "population": null, "public_transport": null, "ref": null, "religion": null, "service": null, "shelter": null, "source": "Bing", "source:old_ref": null, "source:ref": null, "sport": null, "surface": null, "tourism": null, "tower:type": null, "tunnel": null, "waterway": null, "wikidata": null, "wikipedia": null, "label": "landuse:residential" }, "geometry": { "type": "Polygon", "coordinates": [ [ [ 25.9462461, 35.1668276 ], [ 25.9467178, 35.1671582 ], [ 25.947151, 35.1676854 ], [ 25.9469392, 35.1680317 ], [ 25.9468622, 35.1683937 ], [ 25.9470355, 35.1684802 ], [ 25.9473628, 35.1684566 ], [ 25.9478826, 35.1681497 ], [ 25.9479693, 35.1679215 ], [ 25.947719, 35.16741 ], [ 25.9477768, 35.1669378 ], [ 25.9477286, 35.1661981 ], [ 25.9475072, 35.1658675 ], [ 25.9466023, 35.165293 ], [ 25.9466119, 35.1646635 ], [ 25.9461498, 35.1646713 ], [ 25.9462172, 35.1653954 ], [ 25.9464483, 35.1660092 ], [ 25.9462405, 35.1662042 ], [ 25.9461883, 35.1662532 ], [ 25.9460921, 35.1665916 ], [ 25.9462461, 35.1668276 ] ] ] } },
{ "type": "Feature", "properties": { "@type": "way", "@id": 166362458, "admin_level": null, "amenity": null, "boundary": null, "building": null, "castle_type": null, "cuisine": null, "disused": null, "ford": null, "highway": null, "historic": null, "historic:civilization": null, "image": null, "int_name": null, "int_ref": null, "landuse": "residential", "lanes": null, "layer": null, "leisure": null, "man_made": null, "maxspeed": null, "maxspeed:type": null, "name": null, "name:de": null, "name:el": null, "name:en": null, "name:ru": null, "name:uk": null, "natural": null, "noexit": null, "old_ref": null, "oneway": null, "parking": null, "place": null, "population": null, "public_transport": null, "ref": null, "religion": null, "service": null, "shelter": null, "source": "Bing", "source:old_ref": null, "source:ref": null, "sport": null, "surface": null, "tourism": null, "tower:type": null, "tunnel": null, "waterway": null, "wikidata": null, "wikipedia": null, "label": "landuse:residential" }, "geometry": { "type": "Polygon", "coordinates": [ [ [ 25.9361438, 35.1602266 ], [ 25.9361591, 35.1607629 ], [ 25.9368915, 35.1611122 ], [ 25.9371356, 35.1610124 ], [ 25.93742, 35.161227 ], [ 25.9375323, 35.1613118 ], [ 25.9380053, 35.1617359 ], [ 25.9385241, 35.1616112 ], [ 25.9385546, 35.1608004 ], [ 25.9386462, 35.1605634 ], [ 25.9396075, 35.1605883 ], [ 25.9400347, 35.1603263 ], [ 25.9404009, 35.1599646 ], [ 25.9403704, 35.1593658 ], [ 25.9402941, 35.1590041 ], [ 25.9403185, 35.1588244 ], [ 25.9400905, 35.158736 ], [ 25.9394854, 35.1585839 ], [ 25.9389666, 35.1585799 ], [ 25.9383105, 35.1588668 ], [ 25.9377917, 35.1593159 ], [ 25.9372424, 35.1593284 ], [ 25.9363269, 35.1593284 ], [ 25.9360065, 35.1598149 ], [ 25.9361438, 35.1602266 ] ] ] } },
{ "type": "Feature", "properties": { "@type": "way", "@id": 180935022, "admin_level": null, "amenity": null, "boundary": null, "building": "yes", "castle_type": null, "cuisine": null, "disused": null, "ford": null, "highway": null, "historic": null, "historic:civilization": null, "image": null, "int_name": null, "int_ref": null, "landuse": null, "lanes": null, "layer": null, "leisure": null, "man_made": null, "maxspeed": null, "maxspeed:type": null, "name": null, "name:de": null, "name:el": null, "name:en": null, "name:ru": null, "name:uk": null, "natural": null, "noexit": null, "old_ref": null, "oneway": null, "parking": null, "place": null, "population": null, "public_transport": null, "ref": null, "religion": null, "service": null, "shelter": null, "source": null, "source:old_ref": null, "source:ref": null, "sport": null, "surface": null, "tourism": null, "tower:type": null, "tunnel": null, "waterway": null, "wikidata": null, "wikipedia": null, "label": "building:yes" }, "geometry": { "type": "Polygon", "coordinates": [ [ [ 25.9559291, 35.1740843 ], [ 25.9559717, 35.174021 ], [ 25.9558869, 35.1739829 ], [ 25.9558443, 35.1740462 ], [ 25.9559291, 35.1740843 ] ] ] } },
{ "type": "Feature", "properties": { "@type": "way", "@id": 180935023, "admin_level": null, "amenity": "parking", "boundary": null, "building": null, "castle_type": null, "cuisine": null, "disused": null, "ford": null, "highway": null, "historic": null, "historic:civilization": null, "image": null, "int_name": null, "int_ref": null, "landuse": null, "lanes": null, "layer": null, "leisure": null, "man_made": null, "maxspeed": null, "maxspeed:type": null, "name": null, "name:de": null, "name:el": null, "name:en": null, "name:ru": null, "name:uk": null, "natural": null, "noexit": null, "old_ref": null, "oneway": null, "parking": "surface", "place": null, "population": null, "public_transport": null, "ref": null, "religion": null, "service": null, "shelter": null, "source": null, "source:old_ref": null, "source:ref": null, "sport": null, "surface": null, "tourism": null, "tower:type": null, "tunnel": null, "waterway": null, "wikidata": null, "wikipedia": null, "label": "amenity:parking" }, "geometry": { "type": "Polygon", "coordinates": [ [ [ 25.9561412, 35.174156 ], [ 25.9563942, 35.1739699 ], [ 25.9562543, 35.1739652 ], [ 25.9561567, 35.1739619 ], [ 25.9560153, 35.174089 ], [ 25.9561412, 35.174156 ] ] ] } },
{ "type": "Feature", "properties": { "@type": "way", "@id": 267416356, "admin_level": null, "amenity": null, "boundary": null, "building": "yes", "castle_type": null, "cuisine": null, "disused": null, "ford": null, "highway": null, "historic": null, "historic:civilization": null, "image": null, "int_name": null, "int_ref": null, "landuse": null, "lanes": null, "layer": null, "leisure": null, "man_made": null, "maxspeed": null, "maxspeed:type": null, "name": null, "name:de": null, "name:el": null, "name:en": null, "name:ru": null, "name:uk": null, "natural": null, "noexit": null, "old_ref": null, "oneway": null, "parking": null, "place": null, "population": null, "public_transport": null, "ref": null, "religion": null, "service": null, "shelter": null, "source": null, "source:old_ref": null, "source:ref": null, "sport": null, "surface": null, "tourism": null, "tower:type": null, "tunnel": null, "waterway": null, "wikidata": null, "wikipedia": null, "label": "building:yes" }, "geometry": { "type": "Polygon", "coordinates": [ [ [ 25.9332525, 35.1780093 ], [ 25.9333092, 35.1778594 ], [ 25.9332155, 35.1778357 ], [ 25.9331588, 35.1779856 ], [ 25.9332525, 35.1780093 ] ] ] } },
{ "type": "Feature", "properties": { "@type": "way", "@id": 267416357, "admin_level": null, "amenity": null, "boundary": null, "building": "yes", "castle_type": null, "cuisine": null, "disused": null, "ford": null, "highway": null, "historic": null, "historic:civilization": null, "image": null, "int_name": null, "int_ref": null, "landuse": null, "lanes": null, "layer": null, "leisure": null, "man_made": null, "maxspeed": null, "maxspeed:type": null, "name": null, "name:de": null, "name:el": null, "name:en": null, "name:ru": null, "name:uk": null, "natural": null, "noexit": null, "old_ref": null, "oneway": null, "parking": null, "place": null, "population": null, "public_transport": null, "ref": null, "religion": null, "service": null, "shelter": null, "source": null, "source:old_ref": null, "source:ref": null, "sport": null, "surface": null, "tourism": null, "tower:type": null, "tunnel": null, "waterway": null, "wikidata": null, "wikipedia": null, "label": "building:yes" }, "geometry": { "type": "Polygon", "coordinates": [ [ [ 25.9341061, 35.1732963 ], [ 25.9341721, 35.1731864 ], [ 25.9340812, 35.1731499 ], [ 25.9340152, 35.1732598 ], [ 25.9341061, 35.1732963 ] ] ] } },
{ "type": "Feature", "properties": { "@type": "way", "@id": 506247299, "admin_level": null, "amenity": "place_of_worship", "boundary": null, "building": "yes", "castle_type": null, "cuisine": null, "disused": null, "ford": null, "highway": null, "historic": null, "historic:civilization": null, "image": null, "int_name": null, "int_ref": null, "landuse": null, "lanes": null, "layer": null, "leisure": null, "man_made": null, "maxspeed": null, "maxspeed:type": null, "name": null, "name:de": null, "name:el": null, "name:en": null, "name:ru": null, "name:uk": null, "natural": null, "noexit": null, "old_ref": null, "oneway": null, "parking": null, "place": null, "population": null, "public_transport": null, "ref": null, "religion": "christian", "service": null, "shelter": null, "source": null, "source:old_ref": null, "source:ref": null, "sport": null, "surface": null, "tourism": null, "tower:type": null, "tunnel": null, "waterway": null, "wikidata": null, "wikipedia": null, "label": "building:yes;amenity:place_of_worship" }, "geometry": { "type": "Polygon", "coordinates": [ [ [ 25.9378137, 35.1610919 ], [ 25.9378566, 35.160956 ], [ 25.9376367, 35.1609121 ], [ 25.9376018, 35.1610415 ], [ 25.9378137, 35.1610919 ] ] ] } },
{ "type": "Feature", "properties": { "@type": "way", "@id": 506247502, "admin_level": null, "amenity": null, "boundary": null, "building": null, "castle_type": null, "cuisine": null, "disused": null, "ford": null, "highway": null, "historic": null, "historic:civilization": null, "image": null, "int_name": null, "int_ref": null, "landuse": "cemetery", "lanes": null, "layer": null, "leisure": null, "man_made": null, "maxspeed": null, "maxspeed:type": null, "name": null, "name:de": null, "name:el": null, "name:en": null, "name:ru": null, "name:uk": null, "natural": null, "noexit": null, "old_ref": null, "oneway": null, "parking": null, "place": null, "population": null, "public_transport": null, "ref": null, "religion": "christian", "service": null, "shelter": null, "source": null, "source:old_ref": null, "source:ref": null, "sport": null, "surface": null, "tourism": null, "tower:type": null, "tunnel": null, "waterway": null, "wikidata": null, "wikipedia": null, "label": "landuse:cemetery" }, "geometry": { "type": "Polygon", "coordinates": [ [ [ 25.9398402, 35.1586315 ], [ 25.9399581, 35.1586481 ], [ 25.9400618, 35.1584154 ], [ 25.9401553, 35.1580465 ], [ 25.9401471, 35.157995 ], [ 25.9400536, 35.1580066 ], [ 25.9398382, 35.1580182 ], [ 25.9398524, 35.1580864 ], [ 25.9398402, 35.1582227 ], [ 25.9397995, 35.1583938 ], [ 25.9398402, 35.1586315 ] ] ] } },
{ "type": "Feature", "properties": { "@type": "way", "@id": 835041306, "admin_level": null, "amenity": "place_of_worship", "boundary": null, "building": "yes", "castle_type": null, "cuisine": null, "disused": null, "ford": null, "highway": null, "historic": null, "historic:civilization": null, "image": null, "int_name": null, "int_ref": null, "landuse": null, "lanes": null, "layer": null, "leisure": null, "man_made": null, "maxspeed": null, "maxspeed:type": null, "name": null, "name:de": null, "name:el": null, "name:en": null, "name:ru": null, "name:uk": null, "natural": null, "noexit": null, "old_ref": null, "oneway": null, "parking": null, "place": null, "population": null, "public_transport": null, "ref": null, "religion": "christian", "service": null, "shelter": null, "source": null, "source:old_ref": null, "source:ref": null, "sport": null, "surface": null, "tourism": null, "tower:type": null, "tunnel": null, "waterway": null, "wikidata": null, "wikipedia": null, "label": "building:yes;amenity:place_of_worship" }, "geometry": { "type": "Polygon", "coordinates": [ [ [ 25.9464277, 35.166328 ], [ 25.9464519, 35.1662205 ], [ 25.9462405, 35.1662042 ], [ 25.9462185, 35.166306 ], [ 25.9464277, 35.166328 ] ] ] } },
{ "type": "Feature", "properties": { "@type": "way", "@id": 890254275, "admin_level": null, "amenity": "place_of_worship", "boundary": null, "building": "yes", "castle_type": null, "cuisine": null, "disused": null, "ford": null, "highway": null, "historic": null, "historic:civilization": null, "image": null, "int_name": null, "int_ref": null, "landuse": null, "lanes": null, "layer": null, "leisure": null, "man_made": null, "maxspeed": null, "maxspeed:type": null, "name": null, "name:de": null, "name:el": null, "name:en": null, "name:ru": null, "name:uk": null, "natural": null, "noexit": null, "old_ref": null, "oneway": null, "parking": null, "place": null, "population": null, "public_transport": null, "ref": null, "religion": "christian", "service": null, "shelter": null, "source": null, "source:old_ref": null, "source:ref": null, "sport": null, "surface": null, "tourism": null, "tower:type": null, "tunnel": null, "waterway": null, "wikidata": null, "wikipedia": null, "label": "building:yes;amenity:place_of_worship" }, "geometry": { "type": "Polygon", "coordinates": [ [ [ 25.9395183, 35.1764416 ], [ 25.939513, 35.1763933 ], [ 25.9394164, 35.1764021 ], [ 25.9394137, 35.1764482 ], [ 25.9395183, 35.1764416 ] ] ] } },
{ "type": "Feature", "properties": { "@type": "way", "@id": 890254276, "admin_level": null, "amenity": "place_of_worship", "boundary": null, "building": "yes", "castle_type": null, "cuisine": null, "disused": null, "ford": null, "highway": null, "historic": null, "historic:civilization": null, "image": null, "int_name": null, "int_ref": null, "landuse": null, "lanes": null, "layer": null, "leisure": null, "man_made": null, "maxspeed": null, "maxspeed:type": null, "name": null, "name:de": null, "name:el": null, "name:en": null, "name:ru": null, "name:uk": null, "natural": null, "noexit": null, "old_ref": null, "oneway": null, "parking": null, "place": null, "population": null, "public_transport": null, "ref": null, "religion": "christian", "service": null, "shelter": null, "source": null, "source:old_ref": null, "source:ref": null, "sport": null, "surface": null, "tourism": null, "tower:type": null, "tunnel": null, "waterway": null, "wikidata": null, "wikipedia": null, "label": "building:yes;amenity:place_of_worship" }, "geometry": { "type": "Polygon", "coordinates": [ [ [ 25.944703, 35.1631853 ], [ 25.9447245, 35.1631086 ], [ 25.9446521, 35.1631042 ], [ 25.9446373, 35.1631787 ], [ 25.944703, 35.1631853 ] ] ] } },
{ "type": "Feature", "properties": { "@type": "way", "@id": 890254277, "admin_level": null, "amenity": "place_of_worship", "boundary": null, "building": "yes", "castle_type": null, "cuisine": null, "disused": null, "ford": null, "highway": null, "historic": null, "historic:civilization": null, "image": null, "int_name": null, "int_ref": null, "landuse": null, "lanes": null, "layer": null, "leisure": null, "man_made": null, "maxspeed": null, "maxspeed:type": null, "name": null, "name:de": null, "name:el": null, "name:en": null, "name:ru": null, "name:uk": null, "natural": null, "noexit": null, "old_ref": null, "oneway": null, "parking": null, "place": null, "population": null, "public_transport": null, "ref": null, "religion": "christian", "service": null, "shelter": null, "source": null, "source:old_ref": null, "source:ref": null, "sport": null, "surface": null, "tourism": null, "tower:type": null, "tunnel": null, "waterway": null, "wikidata": null, "wikipedia": null, "label": "building:yes;amenity:place_of_worship" }, "geometry": { "type": "Polygon", "coordinates": [ [ [ 25.9498127, 35.1691088 ], [ 25.9498462, 35.1690562 ], [ 25.9497536, 35.1690288 ], [ 25.9497282, 35.1690814 ], [ 25.9498127, 35.1691088 ] ] ] } },
{ "type": "Feature", "properties": { "@type": "way", "@id": 890254278, "admin_level": null, "amenity": null, "boundary": null, "building": null, "castle_type": null, "cuisine": null, "disused": null, "ford": null, "highway": null, "historic": null, "historic:civilization": null, "image": null, "int_name": null, "int_ref": null, "landuse": "cemetery", "lanes": null, "layer": null, "leisure": null, "man_made": null, "maxspeed": null, "maxspeed:type": null, "name": null, "name:de": null, "name:el": null, "name:en": null, "name:ru": null, "name:uk": null, "natural": null, "noexit": null, "old_ref": null, "oneway": null, "parking": null, "place": null, "population": null, "public_transport": null, "ref": null, "religion": "christian", "service": null, "shelter": null, "source": null, "source:old_ref": null, "source:ref": null, "sport": null, "surface": null, "tourism": null, "tower:type": null, "tunnel": null, "waterway": null, "wikidata": null, "wikipedia": null, "label": "landuse:cemetery" }, "geometry": { "type": "Polygon", "coordinates": [ [ [ 25.9498314, 35.1692206 ], [ 25.9499736, 35.1689707 ], [ 25.949725, 35.1689071 ], [ 25.9496008, 35.1688753 ], [ 25.9495057, 35.1690435 ], [ 25.949476, 35.1691055 ], [ 25.9498314, 35.1692206 ] ] ] } },
{ "type": "Feature", "properties": { "@type": "way", "@id": 890254279, "admin_level": null, "amenity": "place_of_worship", "boundary": null, "building": "yes", "castle_type": null, "cuisine": null, "disused": null, "ford": null, "highway": null, "historic": null, "historic:civilization": null, "image": null, "int_name": null, "int_ref": null, "landuse": null, "lanes": null, "layer": null, "leisure": null, "man_made": null, "maxspeed": null, "maxspeed:type": null, "name": null, "name:de": null, "name:el": null, "name:en": null, "name:ru": null, "name:uk": null, "natural": null, "noexit": null, "old_ref": null, "oneway": null, "parking": null, "place": null, "population": null, "public_transport": null, "ref": null, "religion": "christian", "service": null, "shelter": null, "source": null, "source:old_ref": null, "source:ref": null, "sport": null, "surface": null, "tourism": null, "tower:type": null, "tunnel": null, "waterway": null, "wikidata": null, "wikipedia": null, "label": "building:yes;amenity:place_of_worship" }, "geometry": { "type": "Polygon", "coordinates": [ [ [ 25.9341834, 35.1651664 ], [ 25.9341982, 35.1651259 ], [ 25.9341258, 35.1651105 ], [ 25.9341083, 35.1651489 ], [ 25.9341834, 35.1651664 ] ] ] } },
{ "type": "Feature", "properties": { "@type": "way", "@id": 890254284, "admin_level": null, "amenity": "place_of_worship", "boundary": null, "building": "yes", "castle_type": null, "cuisine": null, "disused": null, "ford": null, "highway": null, "historic": null, "historic:civilization": null, "image": null, "int_name": null, "int_ref": null, "landuse": null, "lanes": null, "layer": null, "leisure": null, "man_made": null, "maxspeed": null, "maxspeed:type": null, "name": null, "name:de": null, "name:el": null, "name:en": null, "name:ru": null, "name:uk": null, "natural": null, "noexit": null, "old_ref": null, "oneway": null, "parking": null, "place": null, "population": null, "public_transport": null, "ref": null, "religion": "christian", "service": null, "shelter": null, "source": null, "source:old_ref": null, "source:ref": null, "sport": null, "surface": null, "tourism": null, "tower:type": null, "tunnel": null, "waterway": null, "wikidata": null, "wikipedia": null, "label": "building:yes;amenity:place_of_worship" }, "geometry": { "type": "Polygon", "coordinates": [ [ [ 25.947809, 35.1772462 ], [ 25.9478332, 35.1771979 ], [ 25.9477339, 35.1771716 ], [ 25.9477205, 35.177221 ], [ 25.947809, 35.1772462 ] ] ] } },
{ "type": "Feature", "properties": { "@type": "way", "@id": 890775098, "admin_level": null, "amenity": "place_of_worship", "boundary": null, "building": "yes", "castle_type": null, "cuisine": null, "disused": null, "ford": null, "highway": null, "historic": null, "historic:civilization": null, "image": null, "int_name": null, "int_ref": null, "landuse": null, "lanes": null, "layer": null, "leisure": null, "man_made": null, "maxspeed": null, "maxspeed:type": null, "name": null, "name:de": null, "name:el": null, "name:en": null, "name:ru": null, "name:uk": null, "natural": null, "noexit": null, "old_ref": null, "oneway": null, "parking": null, "place": null, "population": null, "public_transport": null, "ref": null, "religion": "christian", "service": null, "shelter": null, "source": null, "source:old_ref": null, "source:ref": null, "sport": null, "surface": null, "tourism": null, "tower:type": null, "tunnel": null, "waterway": null, "wikidata": null, "wikipedia": null, "label": "building:yes;amenity:place_of_worship" }, "geometry": { "type": "Polygon", "coordinates": [ [ [ 25.9500034, 35.1577874 ], [ 25.9500174, 35.1577462 ], [ 25.9499364, 35.1577309 ], [ 25.949923, 35.1577695 ], [ 25.9500034, 35.1577874 ] ] ] } },
{ "type": "Feature", "properties": { "@type": "way", "@id": 890775107, "admin_level": null, "amenity": "place_of_worship", "boundary": null, "building": "yes", "castle_type": null, "cuisine": null, "disused": null, "ford": null, "highway": null, "historic": null, "historic:civilization": null, "image": null, "int_name": null, "int_ref": null, "landuse": null, "lanes": null, "layer": null, "leisure": null, "man_made": null, "maxspeed": null, "maxspeed:type": null, "name": null, "name:de": null, "name:el": null, "name:en": null, "name:ru": null, "name:uk": null, "natural": null, "noexit": null, "old_ref": null, "oneway": null, "parking": null, "place": null, "population": null, "public_transport": null, "ref": null, "religion": "christian", "service": null, "shelter": null, "source": null, "source:old_ref": null, "source:ref": null, "sport": null, "surface": null, "tourism": null, "tower:type": null, "tunnel": null, "waterway": null, "wikidata": null, "wikipedia": null, "label": "building:yes;amenity:place_of_worship" }, "geometry": { "type": "Polygon", "coordinates": [ [ [ 25.9397634, 35.156335 ], [ 25.9397656, 35.1562923 ], [ 25.9396834, 35.1562886 ], [ 25.9396801, 35.1563286 ], [ 25.9397634, 35.156335 ] ] ] } },
{ "type": "Feature", "properties": { "@type": "way", "@id": 908694003, "admin_level": null, "amenity": null, "boundary": null, "building": "yes", "castle_type": null, "cuisine": null, "disused": null, "ford": null, "highway": null, "historic": null, "historic:civilization": null, "image": null, "int_name": null, "int_ref": null, "landuse": null, "lanes": null, "layer": null, "leisure": null, "man_made": null, "maxspeed": null, "maxspeed:type": null, "name": null, "name:de": null, "name:el": null, "name:en": null, "name:ru": null, "name:uk": null, "natural": null, "noexit": null, "old_ref": null, "oneway": null, "parking": null, "place": null, "population": null, "public_transport": null, "ref": null, "religion": null, "service": null, "shelter": null, "source": null, "source:old_ref": null, "source:ref": null, "sport": null, "surface": null, "tourism": null, "tower:type": null, "tunnel": null, "waterway": null, "wikidata": null, "wikipedia": null, "label": "building:yes" }, "geometry": { "type": "Polygon", "coordinates": [ [ [ 25.9306839, 35.1765764 ], [ 25.9307651, 35.1765661 ], [ 25.9307435, 35.1764304 ], [ 25.9306641, 35.1764407 ], [ 25.9306839, 35.1765764 ] ] ] } },
{ "type": "Feature", "properties": { "@type": "way", "@id": 908694009, "admin_level": null, "amenity": null, "boundary": null, "building": "yes", "castle_type": null, "cuisine": null, "disused": null, "ford": null, "highway": null, "historic": null, "historic:civilization": null, "image": null, "int_name": null, "int_ref": null, "landuse": null, "lanes": null, "layer": null, "leisure": null, "man_made": null, "maxspeed": null, "maxspeed:type": null, "name": null, "name:de": null, "name:el": null, "name:en": null, "name:ru": null, "name:uk": null, "natural": null, "noexit": null, "old_ref": null, "oneway": null, "parking": null, "place": null, "population": null, "public_transport": null, "ref": null, "religion": null, "service": null, "shelter": null, "source": null, "source:old_ref": null, "source:ref": null, "sport": null, "surface": null, "tourism": null, "tower:type": null, "tunnel": null, "waterway": null, "wikidata": null, "wikipedia": null, "label": "building:yes" }, "geometry": { "type": "Polygon", "coordinates": [ [ [ 25.9327285, 35.1767857 ], [ 25.9327321, 35.176737 ], [ 25.9326546, 35.1767311 ], [ 25.9326527, 35.1767827 ], [ 25.9327285, 35.1767857 ] ] ] } },
{ "type": "Feature", "properties": { "@type": "way", "@id": 908694016, "admin_level": null, "amenity": null, "boundary": null, "building": "yes", "castle_type": null, "cuisine": null, "disused": null, "ford": null, "highway": null, "historic": null, "historic:civilization": null, "image": null, "int_name": null, "int_ref": null, "landuse": null, "lanes": null, "layer": null, "leisure": null, "man_made": null, "maxspeed": null, "maxspeed:type": null, "name": null, "name:de": null, "name:el": null, "name:en": null, "name:ru": null, "name:uk": null, "natural": null, "noexit": null, "old_ref": null, "oneway": null, "parking": null, "place": null, "population": null, "public_transport": null, "ref": null, "religion": null, "service": null, "shelter": null, "source": null, "source:old_ref": null, "source:ref": null, "sport": null, "surface": null, "tourism": null, "tower:type": null, "tunnel": null, "waterway": null, "wikidata": null, "wikipedia": null, "label": "building:yes" }, "geometry": { "type": "Polygon", "coordinates": [ [ [ 25.9339049, 35.1780621 ], [ 25.9339519, 35.1779869 ], [ 25.9338418, 35.1779486 ], [ 25.9338003, 35.1780267 ], [ 25.9339049, 35.1780621 ] ] ] } },
{ "type": "Feature", "properties": { "@type": "way", "@id": 908694017, "admin_level": null, "amenity": null, "boundary": null, "building": "yes", "castle_type": null, "cuisine": null, "disused": null, "ford": null, "highway": null, "historic": null, "historic:civilization": null, "image": null, "int_name": null, "int_ref": null, "landuse": null, "lanes": null, "layer": null, "leisure": null, "man_made": null, "maxspeed": null, "maxspeed:type": null, "name": null, "name:de": null, "name:el": null, "name:en": null, "name:ru": null, "name:uk": null, "natural": null, "noexit": null, "old_ref": null, "oneway": null, "parking": null, "place": null, "population": null, "public_transport": null, "ref": null, "religion": null, "service": null, "shelter": null, "source": null, "source:old_ref": null, "source:ref": null, "sport": null, "surface": null, "tourism": null, "tower:type": null, "tunnel": null, "waterway": null, "wikidata": null, "wikipedia": null, "label": "building:yes" }, "geometry": { "type": "Polygon", "coordinates": [ [ [ 25.9332319, 35.1773675 ], [ 25.9332481, 35.1773203 ], [ 25.933194, 35.1773026 ], [ 25.9331796, 35.1773513 ], [ 25.9332319, 35.1773675 ] ] ] } },
{ "type": "Feature", "properties": { "@type": "way", "@id": 908694020, "admin_level": null, "amenity": null, "boundary": null, "building": "yes", "castle_type": null, "cuisine": null, "disused": null, "ford": null, "highway": null, "historic": null, "historic:civilization": null, "image": null, "int_name": null, "int_ref": null, "landuse": null, "lanes": null, "layer": null, "leisure": null, "man_made": null, "maxspeed": null, "maxspeed:type": null, "name": null, "name:de": null, "name:el": null, "name:en": null, "name:ru": null, "name:uk": null, "natural": null, "noexit": null, "old_ref": null, "oneway": null, "parking": null, "place": null, "population": null, "public_transport": null, "ref": null, "religion": null, "service": null, "shelter": null, "source": null, "source:old_ref": null, "source:ref": null, "sport": null, "surface": null, "tourism": null, "tower:type": null, "tunnel": null, "waterway": null, "wikidata": null, "wikipedia": null, "label": "building:yes" }, "geometry": { "type": "Polygon", "coordinates": [ [ [ 25.9356698, 35.1771902 ], [ 25.9357305, 35.1770886 ], [ 25.9356698, 35.1770712 ], [ 25.9356197, 35.1771704 ], [ 25.9356698, 35.1771902 ] ] ] } },
{ "type": "Feature", "properties": { "@type": "way", "@id": 908694028, "admin_level": null, "amenity": null, "boundary": null, "building": "yes", "castle_type": null, "cuisine": null, "disused": null, "ford": null, "highway": null, "historic": null, "historic:civilization": null, "image": null, "int_name": null, "int_ref": null, "landuse": null, "lanes": null, "layer": null, "leisure": null, "man_made": null, "maxspeed": null, "maxspeed:type": null, "name": null, "name:de": null, "name:el": null, "name:en": null, "name:ru": null, "name:uk": null, "natural": null, "noexit": null, "old_ref": null, "oneway": null, "parking": null, "place": null, "population": null, "public_transport": null, "ref": null, "religion": null, "service": null, "shelter": null, "source": null, "source:old_ref": null, "source:ref": null, "sport": null, "surface": null, "tourism": null, "tower:type": null, "tunnel": null, "waterway": null, "wikidata": null, "wikipedia": null, "label": "building:yes" }, "geometry": { "type": "Polygon", "coordinates": [ [ [ 25.9316982, 35.175754 ], [ 25.9316964, 35.1756833 ], [ 25.931599, 35.1756833 ], [ 25.9315972, 35.1757526 ], [ 25.9316982, 35.175754 ] ] ] } },
{ "type": "Feature", "properties": { "@type": "way", "@id": 908694030, "admin_level": null, "amenity": null, "boundary": null, "building": "yes", "castle_type": null, "cuisine": null, "disused": null, "ford": null, "highway": null, "historic": null, "historic:civilization": null, "image": null, "int_name": null, "int_ref": null, "landuse": null, "lanes": null, "layer": null, "leisure": null, "man_made": null, "maxspeed": null, "maxspeed:type": null, "name": null, "name:de": null, "name:el": null, "name:en": null, "name:ru": null, "name:uk": null, "natural": null, "noexit": null, "old_ref": null, "oneway": null, "parking": null, "place": null, "population": null, "public_transport": null, "ref": null, "religion": null, "service": null, "shelter": null, "source": null, "source:old_ref": null, "source:ref": null, "sport": null, "surface": null, "tourism": null, "tower:type": null, "tunnel": null, "waterway": null, "wikidata": null, "wikipedia": null, "label": "building:yes" }, "geometry": { "type": "Polygon", "coordinates": [ [ [ 25.933508, 35.1763986 ], [ 25.9335405, 35.1763646 ], [ 25.9334503, 35.1763204 ], [ 25.9334178, 35.1763676 ], [ 25.933508, 35.1763986 ] ] ] } },
{ "type": "Feature", "properties": { "@type": "way", "@id": 908694031, "admin_level": null, "amenity": null, "boundary": null, "building": "yes", "castle_type": null, "cuisine": null, "disused": null, "ford": null, "highway": null, "historic": null, "historic:civilization": null, "image": null, "int_name": null, "int_ref": null, "landuse": null, "lanes": null, "layer": null, "leisure": null, "man_made": null, "maxspeed": null, "maxspeed:type": null, "name": null, "name:de": null, "name:el": null, "name:en": null, "name:ru": null, "name:uk": null, "natural": null, "noexit": null, "old_ref": null, "oneway": null, "parking": null, "place": null, "population": null, "public_transport": null, "ref": null, "religion": null, "service": null, "shelter": null, "source": null, "source:old_ref": null, "source:ref": null, "sport": null, "surface": null, "tourism": null, "tower:type": null, "tunnel": null, "waterway": null, "wikidata": null, "wikipedia": null, "label": "building:yes" }, "geometry": { "type": "Polygon", "coordinates": [ [ [ 25.9338346, 35.1765195 ], [ 25.9338418, 35.1765062 ], [ 25.9337714, 35.1764649 ], [ 25.9337606, 35.1764871 ], [ 25.9338346, 35.1765195 ] ] ] } },
{ "type": "Feature", "properties": { "@type": "way", "@id": 908694034, "admin_level": null, "amenity": null, "boundary": null, "building": "yes", "castle_type": null, "cuisine": null, "disused": null, "ford": null, "highway": null, "historic": null, "historic:civilization": null, "image": null, "int_name": null, "int_ref": null, "landuse": null, "lanes": null, "layer": null, "leisure": null, "man_made": null, "maxspeed": null, "maxspeed:type": null, "name": null, "name:de": null, "name:el": null, "name:en": null, "name:ru": null, "name:uk": null, "natural": null, "noexit": null, "old_ref": null, "oneway": null, "parking": null, "place": null, "population": null, "public_transport": null, "ref": null, "religion": null, "service": null, "shelter": null, "source": null, "source:old_ref": null, "source:ref": null, "sport": null, "surface": null, "tourism": null, "tower:type": null, "tunnel": null, "waterway": null, "wikidata": null, "wikipedia": null, "label": "building:yes" }, "geometry": { "type": "Polygon", "coordinates": [ [ [ 25.9353016, 35.1755461 ], [ 25.9353431, 35.1754664 ], [ 25.9352528, 35.1754384 ], [ 25.9352059, 35.1755225 ], [ 25.9353016, 35.1755461 ] ] ] } },
{ "type": "Feature", "properties": { "@type": "way", "@id": 908694038, "admin_level": null, "amenity": null, "boundary": null, "building": "yes", "castle_type": null, "cuisine": null, "disused": null, "ford": null, "highway": null, "historic": null, "historic:civilization": null, "image": null, "int_name": null, "int_ref": null, "landuse": null, "lanes": null, "layer": null, "leisure": null, "man_made": null, "maxspeed": null, "maxspeed:type": null, "name": null, "name:de": null, "name:el": null, "name:en": null, "name:ru": null, "name:uk": null, "natural": null, "noexit": null, "old_ref": null, "oneway": null, "parking": null, "place": null, "population": null, "public_transport": null, "ref": null, "religion": null, "service": null, "shelter": null, "source": null, "source:old_ref": null, "source:ref": null, "sport": null, "surface": null, "tourism": null, "tower:type": null, "tunnel": null, "waterway": null, "wikidata": null, "wikipedia": null, "label": "building:yes" }, "geometry": { "type": "Polygon", "coordinates": [ [ [ 25.9360778, 35.1747533 ], [ 25.9361103, 35.1747135 ], [ 25.9360435, 35.174681 ], [ 25.9360147, 35.1747223 ], [ 25.9360778, 35.1747533 ] ] ] } },
{ "type": "Feature", "properties": { "@type": "way", "@id": 908694039, "admin_level": null, "amenity": null, "boundary": null, "building": "yes", "castle_type": null, "cuisine": null, "disused": null, "ford": null, "highway": null, "historic": null, "historic:civilization": null, "image": null, "int_name": null, "int_ref": null, "landuse": null, "lanes": null, "layer": null, "leisure": null, "man_made": null, "maxspeed": null, "maxspeed:type": null, "name": null, "name:de": null, "name:el": null, "name:en": null, "name:ru": null, "name:uk": null, "natural": null, "noexit": null, "old_ref": null, "oneway": null, "parking": null, "place": null, "population": null, "public_transport": null, "ref": null, "religion": null, "service": null, "shelter": null, "source": null, "source:old_ref": null, "source:ref": null, "sport": null, "surface": null, "tourism": null, "tower:type": null, "tunnel": null, "waterway": null, "wikidata": null, "wikipedia": null, "label": "building:yes" }, "geometry": { "type": "Polygon", "coordinates": [ [ [ 25.9361464, 35.1745335 ], [ 25.9361644, 35.1744981 ], [ 25.9360922, 35.174476 ], [ 25.9360778, 35.1745129 ], [ 25.9361464, 35.1745335 ] ] ] } },
{ "type": "Feature", "properties": { "@type": "way", "@id": 908694041, "admin_level": null, "amenity": null, "boundary": null, "building": "yes", "castle_type": null, "cuisine": null, "disused": null, "ford": null, "highway": null, "historic": null, "historic:civilization": null, "image": null, "int_name": null, "int_ref": null, "landuse": null, "lanes": null, "layer": null, "leisure": null, "man_made": null, "maxspeed": null, "maxspeed:type": null, "name": null, "name:de": null, "name:el": null, "name:en": null, "name:ru": null, "name:uk": null, "natural": null, "noexit": null, "old_ref": null, "oneway": null, "parking": null, "place": null, "population": null, "public_transport": null, "ref": null, "religion": null, "service": null, "shelter": null, "source": null, "source:old_ref": null, "source:ref": null, "sport": null, "surface": null, "tourism": null, "tower:type": null, "tunnel": null, "waterway": null, "wikidata": null, "wikipedia": null, "label": "building:yes" }, "geometry": { "type": "Polygon", "coordinates": [ [ [ 25.9369674, 35.1717253 ], [ 25.9370395, 35.1717076 ], [ 25.9370197, 35.1716412 ], [ 25.9369493, 35.1716589 ], [ 25.9369674, 35.1717253 ] ] ] } },
{ "type": "Feature", "properties": { "@type": "way", "@id": 908694047, "admin_level": null, "amenity": null, "boundary": null, "building": "yes", "castle_type": null, "cuisine": null, "disused": null, "ford": null, "highway": null, "historic": null, "historic:civilization": null, "image": null, "int_name": null, "int_ref": null, "landuse": null, "lanes": null, "layer": null, "leisure": null, "man_made": null, "maxspeed": null, "maxspeed:type": null, "name": null, "name:de": null, "name:el": null, "name:en": null, "name:ru": null, "name:uk": null, "natural": null, "noexit": null, "old_ref": null, "oneway": null, "parking": null, "place": null, "population": null, "public_transport": null, "ref": null, "religion": null, "service": null, "shelter": null, "source": null, "source:old_ref": null, "source:ref": null, "sport": null, "surface": null, "tourism": null, "tower:type": null, "tunnel": null, "waterway": null, "wikidata": null, "wikipedia": null, "label": "building:yes" }, "geometry": { "type": "Polygon", "coordinates": [ [ [ 25.936243, 35.1684177 ], [ 25.9363056, 35.1684031 ], [ 25.9362698, 35.168327 ], [ 25.9362163, 35.1683416 ], [ 25.936243, 35.1684177 ] ] ] } },
{ "type": "Feature", "properties": { "@type": "way", "@id": 908694053, "admin_level": null, "amenity": null, "boundary": null, "building": "yes", "castle_type": null, "cuisine": null, "disused": null, "ford": null, "highway": null, "historic": null, "historic:civilization": null, "image": null, "int_name": null, "int_ref": null, "landuse": null, "lanes": null, "layer": null, "leisure": null, "man_made": null, "maxspeed": null, "maxspeed:type": null, "name": null, "name:de": null, "name:el": null, "name:en": null, "name:ru": null, "name:uk": null, "natural": null, "noexit": null, "old_ref": null, "oneway": null, "parking": null, "place": null, "population": null, "public_transport": null, "ref": null, "religion": null, "service": null, "shelter": null, "source": null, "source:old_ref": null, "source:ref": null, "sport": null, "surface": null, "tourism": null, "tower:type": null, "tunnel": null, "waterway": null, "wikidata": null, "wikipedia": null, "label": "building:yes" }, "geometry": { "type": "Polygon", "coordinates": [ [ [ 25.9418684, 35.1657501 ], [ 25.9418757, 35.1656763 ], [ 25.9417692, 35.1656675 ], [ 25.9417602, 35.1657338 ], [ 25.9418684, 35.1657501 ] ] ] } },
{ "type": "Feature", "properties": { "@type": "way", "@id": 908694056, "admin_level": null, "amenity": null, "boundary": null, "building": "yes", "castle_type": null, "cuisine": null, "disused": null, "ford": null, "highway": null, "historic": null, "historic:civilization": null, "image": null, "int_name": null, "int_ref": null, "landuse": null, "lanes": null, "layer": null, "leisure": null, "man_made": null, "maxspeed": null, "maxspeed:type": null, "name": null, "name:de": null, "name:el": null, "name:en": null, "name:ru": null, "name:uk": null, "natural": null, "noexit": null, "old_ref": null, "oneway": null, "parking": null, "place": null, "population": null, "public_transport": null, "ref": null, "religion": null, "service": null, "shelter": null, "source": null, "source:old_ref": null, "source:ref": null, "sport": null, "surface": null, "tourism": null, "tower:type": null, "tunnel": null, "waterway": null, "wikidata": null, "wikipedia": null, "label": "building:yes" }, "geometry": { "type": "Polygon", "coordinates": [ [ [ 25.9393676, 35.168442 ], [ 25.9394831, 35.1684376 ], [ 25.9394795, 35.1683697 ], [ 25.939364, 35.1683771 ], [ 25.9393676, 35.168442 ] ] ] } },
{ "type": "Feature", "properties": { "@type": "way", "@id": 908694061, "admin_level": null, "amenity": null, "boundary": null, "building": "yes", "castle_type": null, "cuisine": null, "disused": null, "ford": null, "highway": null, "historic": null, "historic:civilization": null, "image": null, "int_name": null, "int_ref": null, "landuse": null, "lanes": null, "layer": null, "leisure": null, "man_made": null, "maxspeed": null, "maxspeed:type": null, "name": null, "name:de": null, "name:el": null, "name:en": null, "name:ru": null, "name:uk": null, "natural": null, "noexit": null, "old_ref": null, "oneway": null, "parking": null, "place": null, "population": null, "public_transport": null, "ref": null, "religion": null, "service": null, "shelter": null, "source": null, "source:old_ref": null, "source:ref": null, "sport": null, "surface": null, "tourism": null, "tower:type": null, "tunnel": null, "waterway": null, "wikidata": null, "wikipedia": null, "label": "building:yes" }, "geometry": { "type": "Polygon", "coordinates": [ [ [ 25.938505, 35.1733916 ], [ 25.9385753, 35.1733517 ], [ 25.9385465, 35.1733237 ], [ 25.9384761, 35.173365 ], [ 25.938505, 35.1733916 ] ] ] } },
{ "type": "Feature", "properties": { "@type": "way", "@id": 908694066, "admin_level": null, "amenity": null, "boundary": null, "building": "yes", "castle_type": null, "cuisine": null, "disused": null, "ford": null, "highway": null, "historic": null, "historic:civilization": null, "image": null, "int_name": null, "int_ref": null, "landuse": null, "lanes": null, "layer": null, "leisure": null, "man_made": null, "maxspeed": null, "maxspeed:type": null, "name": null, "name:de": null, "name:el": null, "name:en": null, "name:ru": null, "name:uk": null, "natural": null, "noexit": null, "old_ref": null, "oneway": null, "parking": null, "place": null, "population": null, "public_transport": null, "ref": null, "religion": null, "service": null, "shelter": null, "source": null, "source:old_ref": null, "source:ref": null, "sport": null, "surface": null, "tourism": null, "tower:type": null, "tunnel": null, "waterway": null, "wikidata": null, "wikipedia": null, "label": "building:yes" }, "geometry": { "type": "Polygon", "coordinates": [ [ [ 25.9328288, 35.1749583 ], [ 25.9328415, 35.1749022 ], [ 25.9327458, 35.1748919 ], [ 25.9327314, 35.1749376 ], [ 25.9328288, 35.1749583 ] ] ] } },
{ "type": "Feature", "properties": { "@type": "way", "@id": 908694067, "admin_level": null, "amenity": null, "boundary": null, "building": "yes", "castle_type": null, "cuisine": null, "disused": null, "ford": null, "highway": null, "historic": null, "historic:civilization": null, "image": null, "int_name": null, "int_ref": null, "landuse": null, "lanes": null, "layer": null, "leisure": null, "man_made": null, "maxspeed": null, "maxspeed:type": null, "name": null, "name:de": null, "name:el": null, "name:en": null, "name:ru": null, "name:uk": null, "natural": null, "noexit": null, "old_ref": null, "oneway": null, "parking": null, "place": null, "population": null, "public_transport": null, "ref": null, "religion": null, "service": null, "shelter": null, "source": null, "source:old_ref": null, "source:ref": null, "sport": null, "surface": null, "tourism": null, "tower:type": null, "tunnel": null, "waterway": null, "wikidata": null, "wikipedia": null, "label": "building:yes" }, "geometry": { "type": "Polygon", "coordinates": [ [ [ 25.9330273, 35.1749288 ], [ 25.9330273, 35.1748624 ], [ 25.9329425, 35.174858 ], [ 25.9329407, 35.1749244 ], [ 25.9330273, 35.1749288 ] ] ] } },
{ "type": "Feature", "properties": { "@type": "way", "@id": 908694068, "admin_level": null, "amenity": null, "boundary": null, "building": "yes", "castle_type": null, "cuisine": null, "disused": null, "ford": null, "highway": null, "historic": null, "historic:civilization": null, "image": null, "int_name": null, "int_ref": null, "landuse": null, "lanes": null, "layer": null, "leisure": null, "man_made": null, "maxspeed": null, "maxspeed:type": null, "name": null, "name:de": null, "name:el": null, "name:en": null, "name:ru": null, "name:uk": null, "natural": null, "noexit": null, "old_ref": null, "oneway": null, "parking": null, "place": null, "population": null, "public_transport": null, "ref": null, "religion": null, "service": null, "shelter": null, "source": null, "source:old_ref": null, "source:ref": null, "sport": null, "surface": null, "tourism": null, "tower:type": null, "tunnel": null, "waterway": null, "wikidata": null, "wikipedia": null, "label": "building:yes" }, "geometry": { "type": "Polygon", "coordinates": [ [ [ 25.9326195, 35.1747931 ], [ 25.93267, 35.1747562 ], [ 25.9326195, 35.1746869 ], [ 25.9325509, 35.1747253 ], [ 25.9326195, 35.1747931 ] ] ] } },
{ "type": "Feature", "properties": { "@type": "way", "@id": 908694069, "admin_level": null, "amenity": null, "boundary": null, "building": "yes", "castle_type": null, "cuisine": null, "disused": null, "ford": null, "highway": null, "historic": null, "historic:civilization": null, "image": null, "int_name": null, "int_ref": null, "landuse": null, "lanes": null, "layer": null, "leisure": null, "man_made": null, "maxspeed": null, "maxspeed:type": null, "name": null, "name:de": null, "name:el": null, "name:en": null, "name:ru": null, "name:uk": null, "natural": null, "noexit": null, "old_ref": null, "oneway": null, "parking": null, "place": null, "population": null, "public_transport": null, "ref": null, "religion": null, "service": null, "shelter": null, "source": null, "source:old_ref": null, "source:ref": null, "sport": null, "surface": null, "tourism": null, "tower:type": null, "tunnel": null, "waterway": null, "wikidata": null, "wikipedia": null, "label": "building:yes" }, "geometry": { "type": "Polygon", "coordinates": [ [ [ 25.9320325, 35.1747954 ], [ 25.9320776, 35.1747512 ], [ 25.9320181, 35.1747054 ], [ 25.931973, 35.1747497 ], [ 25.9320325, 35.1747954 ] ] ] } },
{ "type": "Feature", "properties": { "@type": "way", "@id": 908713162, "admin_level": null, "amenity": null, "boundary": null, "building": "yes", "castle_type": null, "cuisine": null, "disused": null, "ford": null, "highway": null, "historic": null, "historic:civilization": null, "image": null, "int_name": null, "int_ref": null, "landuse": null, "lanes": null, "layer": null, "leisure": null, "man_made": null, "maxspeed": null, "maxspeed:type": null, "name": null, "name:de": null, "name:el": null, "name:en": null, "name:ru": null, "name:uk": null, "natural": null, "noexit": null, "old_ref": null, "oneway": null, "parking": null, "place": null, "population": null, "public_transport": null, "ref": null, "religion": null, "service": null, "shelter": null, "source": null, "source:old_ref": null, "source:ref": null, "sport": null, "surface": null, "tourism": null, "tower:type": null, "tunnel": null, "waterway": null, "wikidata": null, "wikipedia": null, "label": "building:yes" }, "geometry": { "type": "Polygon", "coordinates": [ [ [ 25.9325924, 35.1744613 ], [ 25.9326466, 35.1744273 ], [ 25.9325924, 35.1743713 ], [ 25.9325239, 35.1744052 ], [ 25.9325924, 35.1744613 ] ] ] } },
{ "type": "Feature", "properties": { "@type": "way", "@id": 908713173, "admin_level": null, "amenity": null, "boundary": null, "building": "yes", "castle_type": null, "cuisine": null, "disused": null, "ford": null, "highway": null, "historic": null, "historic:civilization": null, "image": null, "int_name": null, "int_ref": null, "landuse": null, "lanes": null, "layer": null, "leisure": null, "man_made": null, "maxspeed": null, "maxspeed:type": null, "name": null, "name:de": null, "name:el": null, "name:en": null, "name:ru": null, "name:uk": null, "natural": null, "noexit": null, "old_ref": null, "oneway": null, "parking": null, "place": null, "population": null, "public_transport": null, "ref": null, "religion": null, "service": null, "shelter": null, "source": null, "source:old_ref": null, "source:ref": null, "sport": null, "surface": null, "tourism": null, "tower:type": null, "tunnel": null, "waterway": null, "wikidata": null, "wikipedia": null, "label": "building:yes" }, "geometry": { "type": "Polygon", "coordinates": [ [ [ 25.9301277, 35.1682945 ], [ 25.9301349, 35.1682502 ], [ 25.9299924, 35.168234 ], [ 25.9299833, 35.1682724 ], [ 25.9301277, 35.1682945 ] ] ] } },
{ "type": "Feature", "properties": { "@type": "way", "@id": 908713176, "admin_level": null, "amenity": null, "boundary": null, "building": "yes", "castle_type": null, "cuisine": null, "disused": null, "ford": null, "highway": null, "historic": null, "historic:civilization": null, "image": null, "int_name": null, "int_ref": null, "landuse": null, "lanes": null, "layer": null, "leisure": null, "man_made": null, "maxspeed": null, "maxspeed:type": null, "name": null, "name:de": null, "name:el": null, "name:en": null, "name:ru": null, "name:uk": null, "natural": null, "noexit": null, "old_ref": null, "oneway": null, "parking": null, "place": null, "population": null, "public_transport": null, "ref": null, "religion": null, "service": null, "shelter": null, "source": null, "source:old_ref": null, "source:ref": null, "sport": null, "surface": null, "tourism": null, "tower:type": null, "tunnel": null, "waterway": null, "wikidata": null, "wikipedia": null, "label": "building:yes" }, "geometry": { "type": "Polygon", "coordinates": [ [ [ 25.932753, 35.1708477 ], [ 25.9327963, 35.1708241 ], [ 25.9327566, 35.1707784 ], [ 25.9327151, 35.1707961 ], [ 25.932753, 35.1708477 ] ] ] } },
{ "type": "Feature", "properties": { "@type": "way", "@id": 908713187, "admin_level": null, "amenity": null, "boundary": null, "building": "yes", "castle_type": null, "cuisine": null, "disused": null, "ford": null, "highway": null, "historic": null, "historic:civilization": null, "image": null, "int_name": null, "int_ref": null, "landuse": null, "lanes": null, "layer": null, "leisure": null, "man_made": null, "maxspeed": null, "maxspeed:type": null, "name": null, "name:de": null, "name:el": null, "name:en": null, "name:ru": null, "name:uk": null, "natural": null, "noexit": null, "old_ref": null, "oneway": null, "parking": null, "place": null, "population": null, "public_transport": null, "ref": null, "religion": null, "service": null, "shelter": null, "source": null, "source:old_ref": null, "source:ref": null, "sport": null, "surface": null, "tourism": null, "tower:type": null, "tunnel": null, "waterway": null, "wikidata": null, "wikipedia": null, "label": "building:yes" }, "geometry": { "type": "Polygon", "coordinates": [ [ [ 25.9332724, 35.1676953 ], [ 25.9333028, 35.1676667 ], [ 25.9332254, 35.1676146 ], [ 25.9331966, 35.1676469 ], [ 25.9332724, 35.1676953 ] ] ] } },
{ "type": "Feature", "properties": { "@type": "way", "@id": 908713197, "admin_level": null, "amenity": null, "boundary": null, "building": "yes", "castle_type": null, "cuisine": null, "disused": null, "ford": null, "highway": null, "historic": null, "historic:civilization": null, "image": null, "int_name": null, "int_ref": null, "landuse": null, "lanes": null, "layer": null, "leisure": null, "man_made": null, "maxspeed": null, "maxspeed:type": null, "name": null, "name:de": null, "name:el": null, "name:en": null, "name:ru": null, "name:uk": null, "natural": null, "noexit": null, "old_ref": null, "oneway": null, "parking": null, "place": null, "population": null, "public_transport": null, "ref": null, "religion": null, "service": null, "shelter": null, "source": null, "source:old_ref": null, "source:ref": null, "sport": null, "surface": null, "tourism": null, "tower:type": null, "tunnel": null, "waterway": null, "wikidata": null, "wikipedia": null, "label": "building:yes" }, "geometry": { "type": "Polygon", "coordinates": [ [ [ 25.9329742, 35.1644857 ], [ 25.9333531, 35.1643382 ], [ 25.9333459, 35.1643161 ], [ 25.93316, 35.1643781 ], [ 25.9331564, 35.1643279 ], [ 25.9329219, 35.1643618 ], [ 25.9329742, 35.1644857 ] ] ] } },
{ "type": "Feature", "properties": { "@type": "way", "@id": 908713205, "admin_level": null, "amenity": null, "boundary": null, "building": "yes", "castle_type": null, "cuisine": null, "disused": null, "ford": null, "highway": null, "historic": null, "historic:civilization": null, "image": null, "int_name": null, "int_ref": null, "landuse": null, "lanes": null, "layer": null, "leisure": null, "man_made": null, "maxspeed": null, "maxspeed:type": null, "name": null, "name:de": null, "name:el": null, "name:en": null, "name:ru": null, "name:uk": null, "natural": null, "noexit": null, "old_ref": null, "oneway": null, "parking": null, "place": null, "population": null, "public_transport": null, "ref": null, "religion": null, "service": null, "shelter": null, "source": null, "source:old_ref": null, "source:ref": null, "sport": null, "surface": null, "tourism": null, "tower:type": null, "tunnel": null, "waterway": null, "wikidata": null, "wikipedia": null, "label": "building:yes" }, "geometry": { "type": "Polygon", "coordinates": [ [ [ 25.9357143, 35.1659684 ], [ 25.9357743, 35.1659716 ], [ 25.9357743, 35.1659445 ], [ 25.9357143, 35.1659434 ], [ 25.9357143, 35.1659684 ] ] ] } },
{ "type": "Feature", "properties": { "@type": "way", "@id": 908713206, "admin_level": null, "amenity": null, "boundary": null, "building": "yes", "castle_type": null, "cuisine": null, "disused": null, "ford": null, "highway": null, "historic": null, "historic:civilization": null, "image": null, "int_name": null, "int_ref": null, "landuse": null, "lanes": null, "layer": null, "leisure": null, "man_made": null, "maxspeed": null, "maxspeed:type": null, "name": null, "name:de": null, "name:el": null, "name:en": null, "name:ru": null, "name:uk": null, "natural": null, "noexit": null, "old_ref": null, "oneway": null, "parking": null, "place": null, "population": null, "public_transport": null, "ref": null, "religion": null, "service": null, "shelter": null, "source": null, "source:old_ref": null, "source:ref": null, "sport": null, "surface": null, "tourism": null, "tower:type": null, "tunnel": null, "waterway": null, "wikidata": null, "wikipedia": null, "label": "building:yes" }, "geometry": { "type": "Polygon", "coordinates": [ [ [ 25.9353314, 35.1665428 ], [ 25.9354027, 35.1665105 ], [ 25.9353784, 35.1664795 ], [ 25.9353071, 35.166513 ], [ 25.9353314, 35.1665428 ] ] ] } },
{ "type": "Feature", "properties": { "@type": "way", "@id": 908713209, "admin_level": null, "amenity": null, "boundary": null, "building": "yes", "castle_type": null, "cuisine": null, "disused": null, "ford": null, "highway": null, "historic": null, "historic:civilization": null, "image": null, "int_name": null, "int_ref": null, "landuse": null, "lanes": null, "layer": null, "leisure": null, "man_made": null, "maxspeed": null, "maxspeed:type": null, "name": null, "name:de": null, "name:el": null, "name:en": null, "name:ru": null, "name:uk": null, "natural": null, "noexit": null, "old_ref": null, "oneway": null, "parking": null, "place": null, "population": null, "public_transport": null, "ref": null, "religion": null, "service": null, "shelter": null, "source": null, "source:old_ref": null, "source:ref": null, "sport": null, "surface": null, "tourism": null, "tower:type": null, "tunnel": null, "waterway": null, "wikidata": null, "wikipedia": null, "label": "building:yes" }, "geometry": { "type": "Polygon", "coordinates": [ [ [ 25.9386272, 35.1632176 ], [ 25.9387264, 35.1630569 ], [ 25.9386218, 35.1630037 ], [ 25.9385135, 35.1631926 ], [ 25.9386272, 35.1632176 ] ] ] } },
{ "type": "Feature", "properties": { "@type": "way", "@id": 908713211, "admin_level": null, "amenity": null, "boundary": null, "building": "yes", "castle_type": null, "cuisine": null, "disused": null, "ford": null, "highway": null, "historic": null, "historic:civilization": null, "image": null, "int_name": null, "int_ref": null, "landuse": null, "lanes": null, "layer": null, "leisure": null, "man_made": null, "maxspeed": null, "maxspeed:type": null, "name": null, "name:de": null, "name:el": null, "name:en": null, "name:ru": null, "name:uk": null, "natural": null, "noexit": null, "old_ref": null, "oneway": null, "parking": null, "place": null, "population": null, "public_transport": null, "ref": null, "religion": null, "service": null, "shelter": null, "source": null, "source:old_ref": null, "source:ref": null, "sport": null, "surface": null, "tourism": null, "tower:type": null, "tunnel": null, "waterway": null, "wikidata": null, "wikipedia": null, "label": "building:yes" }, "geometry": { "type": "Polygon", "coordinates": [ [ [ 25.9375283, 35.1629477 ], [ 25.9375752, 35.1628916 ], [ 25.9375139, 35.1628725 ], [ 25.9374778, 35.1629329 ], [ 25.9375283, 35.1629477 ] ] ] } },
{ "type": "Feature", "properties": { "@type": "way", "@id": 908713214, "admin_level": null, "amenity": null, "boundary": null, "building": "yes", "castle_type": null, "cuisine": null, "disused": null, "ford": null, "highway": null, "historic": null, "historic:civilization": null, "image": null, "int_name": null, "int_ref": null, "landuse": null, "lanes": null, "layer": null, "leisure": null, "man_made": null, "maxspeed": null, "maxspeed:type": null, "name": null, "name:de": null, "name:el": null, "name:en": null, "name:ru": null, "name:uk": null, "natural": null, "noexit": null, "old_ref": null, "oneway": null, "parking": null, "place": null, "population": null, "public_transport": null, "ref": null, "religion": null, "service": null, "shelter": null, "source": null, "source:old_ref": null, "source:ref": null, "sport": null, "surface": null, "tourism": null, "tower:type": null, "tunnel": null, "waterway": null, "wikidata": null, "wikipedia": null, "label": "building:yes" }, "geometry": { "type": "Polygon", "coordinates": [ [ [ 25.9356661, 35.1581721 ], [ 25.9356639, 35.1581159 ], [ 25.9355695, 35.1581124 ], [ 25.9355674, 35.1581809 ], [ 25.9356661, 35.1581721 ] ] ] } },
{ "type": "Feature", "properties": { "@type": "way", "@id": 908713217, "admin_level": null, "amenity": null, "boundary": null, "building": "yes", "castle_type": null, "cuisine": null, "disused": null, "ford": null, "highway": null, "historic": null, "historic:civilization": null, "image": null, "int_name": null, "int_ref": null, "landuse": null, "lanes": null, "layer": null, "leisure": null, "man_made": null, "maxspeed": null, "maxspeed:type": null, "name": null, "name:de": null, "name:el": null, "name:en": null, "name:ru": null, "name:uk": null, "natural": null, "noexit": null, "old_ref": null, "oneway": null, "parking": null, "place": null, "population": null, "public_transport": null, "ref": null, "religion": null, "service": null, "shelter": null, "source": null, "source:old_ref": null, "source:ref": null, "sport": null, "surface": null, "tourism": null, "tower:type": null, "tunnel": null, "waterway": null, "wikidata": null, "wikipedia": null, "label": "building:yes" }, "geometry": { "type": "Polygon", "coordinates": [ [ [ 25.9352755, 35.1604772 ], [ 25.9353571, 35.1604649 ], [ 25.9353421, 35.1604193 ], [ 25.9352734, 35.1604263 ], [ 25.9352755, 35.1604772 ] ] ] } },
{ "type": "Feature", "properties": { "@type": "way", "@id": 908713221, "admin_level": null, "amenity": null, "boundary": null, "building": "yes", "castle_type": null, "cuisine": null, "disused": null, "ford": null, "highway": null, "historic": null, "historic:civilization": null, "image": null, "int_name": null, "int_ref": null, "landuse": null, "lanes": null, "layer": null, "leisure": null, "man_made": null, "maxspeed": null, "maxspeed:type": null, "name": null, "name:de": null, "name:el": null, "name:en": null, "name:ru": null, "name:uk": null, "natural": null, "noexit": null, "old_ref": null, "oneway": null, "parking": null, "place": null, "population": null, "public_transport": null, "ref": null, "religion": null, "service": null, "shelter": null, "source": null, "source:old_ref": null, "source:ref": null, "sport": null, "surface": null, "tourism": null, "tower:type": null, "tunnel": null, "waterway": null, "wikidata": null, "wikipedia": null, "label": "building:yes" }, "geometry": { "type": "Polygon", "coordinates": [ [ [ 25.9359214, 35.1623174 ], [ 25.935945, 35.162263 ], [ 25.935827, 35.1622297 ], [ 25.9358012, 35.1622753 ], [ 25.9359214, 35.1623174 ] ] ] } },
{ "type": "Feature", "properties": { "@type": "way", "@id": 908713267, "admin_level": null, "amenity": "place_of_worship", "boundary": null, "building": "yes", "castle_type": null, "cuisine": null, "disused": null, "ford": null, "highway": null, "historic": null, "historic:civilization": null, "image": null, "int_name": null, "int_ref": null, "landuse": null, "lanes": null, "layer": null, "leisure": null, "man_made": null, "maxspeed": null, "maxspeed:type": null, "name": null, "name:de": null, "name:el": null, "name:en": null, "name:ru": null, "name:uk": null, "natural": null, "noexit": null, "old_ref": null, "oneway": null, "parking": null, "place": null, "population": null, "public_transport": null, "ref": null, "religion": "christian", "service": null, "shelter": null, "source": null, "source:old_ref": null, "source:ref": null, "sport": null, "surface": null, "tourism": null, "tower:type": null, "tunnel": null, "waterway": null, "wikidata": null, "wikipedia": null, "label": "building:yes;amenity:place_of_worship" }, "geometry": { "type": "Polygon", "coordinates": [ [ [ 25.9380391, 35.1571233 ], [ 25.938068, 35.1570879 ], [ 25.9379958, 35.1570436 ], [ 25.9379688, 35.1570805 ], [ 25.9380391, 35.1571233 ] ] ] } },
{ "type": "Feature", "properties": { "@type": "way", "@id": 908733192, "admin_level": null, "amenity": null, "boundary": null, "building": "yes", "castle_type": null, "cuisine": null, "disused": null, "ford": null, "highway": null, "historic": null, "historic:civilization": null, "image": null, "int_name": null, "int_ref": null, "landuse": null, "lanes": null, "layer": null, "leisure": null, "man_made": null, "maxspeed": null, "maxspeed:type": null, "name": null, "name:de": null, "name:el": null, "name:en": null, "name:ru": null, "name:uk": null, "natural": null, "noexit": null, "old_ref": null, "oneway": null, "parking": null, "place": null, "population": null, "public_transport": null, "ref": null, "religion": null, "service": null, "shelter": null, "source": null, "source:old_ref": null, "source:ref": null, "sport": null, "surface": null, "tourism": null, "tower:type": null, "tunnel": null, "waterway": null, "wikidata": null, "wikipedia": null, "label": "building:yes" }, "geometry": { "type": "Polygon", "coordinates": [ [ [ 25.9415252, 35.1554042 ], [ 25.9415889, 35.1553707 ], [ 25.9415434, 35.1553049 ], [ 25.9414721, 35.1553434 ], [ 25.9415252, 35.1554042 ] ] ] } },
{ "type": "Feature", "properties": { "@type": "way", "@id": 908846276, "admin_level": null, "amenity": "place_of_worship", "boundary": null, "building": "yes", "castle_type": null, "cuisine": null, "disused": null, "ford": null, "highway": null, "historic": null, "historic:civilization": null, "image": null, "int_name": null, "int_ref": null, "landuse": null, "lanes": null, "layer": null, "leisure": null, "man_made": null, "maxspeed": null, "maxspeed:type": null, "name": null, "name:de": null, "name:el": null, "name:en": null, "name:ru": null, "name:uk": null, "natural": null, "noexit": null, "old_ref": null, "oneway": null, "parking": null, "place": null, "population": null, "public_transport": null, "ref": null, "religion": "christian", "service": null, "shelter": null, "source": null, "source:old_ref": null, "source:ref": null, "sport": null, "surface": null, "tourism": null, "tower:type": null, "tunnel": null, "waterway": null, "wikidata": null, "wikipedia": null, "label": "building:yes;amenity:place_of_worship" }, "geometry": { "type": "Polygon", "coordinates": [ [ [ 25.9378206, 35.176647 ], [ 25.9378458, 35.176619 ], [ 25.9377791, 35.1765866 ], [ 25.9377628, 35.1766131 ], [ 25.9378206, 35.176647 ] ] ] } },
{ "type": "Feature", "properties": { "@type": "way", "@id": 908846278, "admin_level": null, "amenity": null, "boundary": null, "building": "yes", "castle_type": null, "cuisine": null, "disused": null, "ford": null, "highway": null, "historic": null, "historic:civilization": null, "image": null, "int_name": null, "int_ref": null, "landuse": null, "lanes": null, "layer": null, "leisure": null, "man_made": "tower", "maxspeed": null, "maxspeed:type": null, "name": null, "name:de": null, "name:el": null, "name:en": null, "name:ru": null, "name:uk": null, "natural": null, "noexit": null, "old_ref": null, "oneway": null, "parking": null, "place": null, "population": null, "public_transport": null, "ref": null, "religion": null, "service": null, "shelter": null, "source": null, "source:old_ref": null, "source:ref": null, "sport": null, "surface": null, "tourism": null, "tower:type": "defensive", "tunnel": null, "waterway": null, "wikidata": null, "wikipedia": null, "label": "building:yes" }, "geometry": { "type": "Polygon", "coordinates": [ [ [ 25.9477718, 35.1773544 ], [ 25.9477869, 35.1772965 ], [ 25.9477075, 35.177279 ], [ 25.9476903, 35.1773316 ], [ 25.9477718, 35.1773544 ] ] ] } },
{ "type": "Feature", "properties": { "@type": "way", "@id": 908846279, "admin_level": null, "amenity": null, "boundary": null, "building": "yes", "castle_type": null, "cuisine": null, "disused": null, "ford": null, "highway": null, "historic": null, "historic:civilization": null, "image": null, "int_name": null, "int_ref": null, "landuse": null, "lanes": null, "layer": null, "leisure": null, "man_made": null, "maxspeed": null, "maxspeed:type": null, "name": null, "name:de": null, "name:el": null, "name:en": null, "name:ru": null, "name:uk": null, "natural": null, "noexit": null, "old_ref": null, "oneway": null, "parking": null, "place": null, "population": null, "public_transport": null, "ref": null, "religion": null, "service": null, "shelter": null, "source": null, "source:old_ref": null, "source:ref": null, "sport": null, "surface": null, "tourism": null, "tower:type": null, "tunnel": null, "waterway": null, "wikidata": null, "wikipedia": null, "label": "building:yes" }, "geometry": { "type": "Polygon", "coordinates": [ [ [ 25.9475894, 35.1774017 ], [ 25.9476517, 35.1773579 ], [ 25.9476238, 35.1773281 ], [ 25.9475551, 35.1773754 ], [ 25.9475894, 35.1774017 ] ] ] } },
{ "type": "Feature", "properties": { "@type": "way", "@id": 908846292, "admin_level": null, "amenity": null, "boundary": null, "building": "yes", "castle_type": null, "cuisine": null, "disused": null, "ford": null, "highway": null, "historic": null, "historic:civilization": null, "image": null, "int_name": null, "int_ref": null, "landuse": null, "lanes": null, "layer": null, "leisure": null, "man_made": null, "maxspeed": null, "maxspeed:type": null, "name": null, "name:de": null, "name:el": null, "name:en": null, "name:ru": null, "name:uk": null, "natural": null, "noexit": null, "old_ref": null, "oneway": null, "parking": null, "place": null, "population": null, "public_transport": null, "ref": null, "religion": null, "service": null, "shelter": null, "source": null, "source:old_ref": null, "source:ref": null, "sport": null, "surface": null, "tourism": null, "tower:type": null, "tunnel": null, "waterway": null, "wikidata": null, "wikipedia": null, "label": "building:yes" }, "geometry": { "type": "Polygon", "coordinates": [ [ [ 25.9398793, 35.1780916 ], [ 25.93983023846236, 35.178132914979066 ], [ 25.939942510927207, 35.178132914979066 ], [ 25.9398793, 35.1780916 ] ] ] } },
{ "type": "Feature", "properties": { "@type": "way", "@id": 908846308, "admin_level": null, "amenity": null, "boundary": null, "building": "yes", "castle_type": null, "cuisine": null, "disused": null, "ford": null, "highway": null, "historic": null, "historic:civilization": null, "image": null, "int_name": null, "int_ref": null, "landuse": null, "lanes": null, "layer": null, "leisure": null, "man_made": null, "maxspeed": null, "maxspeed:type": null, "name": null, "name:de": null, "name:el": null, "name:en": null, "name:ru": null, "name:uk": null, "natural": null, "noexit": null, "old_ref": null, "oneway": null, "parking": null, "place": null, "population": null, "public_transport": null, "ref": null, "religion": null, "service": null, "shelter": null, "source": null, "source:old_ref": null, "source:ref": null, "sport": null, "surface": null, "tourism": null, "tower:type": null, "tunnel": null, "waterway": null, "wikidata": null, "wikipedia": null, "label": "building:yes" }, "geometry": { "type": "Polygon", "coordinates": [ [ [ 25.943301, 35.176703 ], [ 25.943301, 35.176655 ], [ 25.9432244, 35.176655 ], [ 25.9432142, 35.176703 ], [ 25.943301, 35.176703 ] ] ] } },
{ "type": "Feature", "properties": { "@type": "way", "@id": 908846309, "admin_level": null, "amenity": null, "boundary": null, "building": "yes", "castle_type": null, "cuisine": null, "disused": null, "ford": null, "highway": null, "historic": null, "historic:civilization": null, "image": null, "int_name": null, "int_ref": null, "landuse": null, "lanes": null, "layer": null, "leisure": null, "man_made": null, "maxspeed": null, "maxspeed:type": null, "name": null, "name:de": null, "name:el": null, "name:en": null, "name:ru": null, "name:uk": null, "natural": null, "noexit": null, "old_ref": null, "oneway": null, "parking": null, "place": null, "population": null, "public_transport": null, "ref": null, "religion": null, "service": null, "shelter": null, "source": null, "source:old_ref": null, "source:ref": null, "sport": null, "surface": null, "tourism": null, "tower:type": null, "tunnel": null, "waterway": null, "wikidata": null, "wikipedia": null, "label": "building:yes" }, "geometry": { "type": "Polygon", "coordinates": [ [ [ 25.9432053, 35.1763261 ], [ 25.943245, 35.1763095 ], [ 25.9431935, 35.1762516 ], [ 25.9431581, 35.1762727 ], [ 25.9432053, 35.1763261 ] ] ] } },
{ "type": "Feature", "properties": { "@type": "way", "@id": 908846314, "admin_level": null, "amenity": null, "boundary": null, "building": "yes", "castle_type": null, "cuisine": null, "disused": null, "ford": null, "highway": null, "historic": null, "historic:civilization": null, "image": null, "int_name": null, "int_ref": null, "landuse": null, "lanes": null, "layer": null, "leisure": null, "man_made": null, "maxspeed": null, "maxspeed:type": null, "name": null, "name:de": null, "name:el": null, "name:en": null, "name:ru": null, "name:uk": null, "natural": null, "noexit": null, "old_ref": null, "oneway": null, "parking": null, "place": null, "population": null, "public_transport": null, "ref": null, "religion": null, "service": null, "shelter": null, "source": null, "source:old_ref": null, "source:ref": null, "sport": null, "surface": null, "tourism": null, "tower:type": null, "tunnel": null, "waterway": null, "wikidata": null, "wikipedia": null, "label": "building:yes" }, "geometry": { "type": "Polygon", "coordinates": [ [ [ 25.94933, 35.1767088 ], [ 25.9494015, 35.1766921 ], [ 25.9493836, 35.176617 ], [ 25.9493147, 35.1766254 ], [ 25.94933, 35.1767088 ] ] ] } },
{ "type": "Feature", "properties": { "@type": "way", "@id": 908851576, "admin_level": null, "amenity": null, "boundary": null, "building": "yes", "castle_type": null, "cuisine": null, "disused": null, "ford": null, "highway": null, "historic": null, "historic:civilization": null, "image": null, "int_name": null, "int_ref": null, "landuse": null, "lanes": null, "layer": null, "leisure": null, "man_made": null, "maxspeed": null, "maxspeed:type": null, "name": null, "name:de": null, "name:el": null, "name:en": null, "name:ru": null, "name:uk": null, "natural": null, "noexit": null, "old_ref": null, "oneway": null, "parking": null, "place": null, "population": null, "public_transport": null, "ref": null, "religion": null, "service": null, "shelter": null, "source": null, "source:old_ref": null, "source:ref": null, "sport": null, "surface": null, "tourism": null, "tower:type": null, "tunnel": null, "waterway": null, "wikidata": null, "wikipedia": null, "label": "building:yes" }, "geometry": { "type": "Polygon", "coordinates": [ [ [ 25.9511936, 35.1762226 ], [ 25.9512634, 35.1761755 ], [ 25.9512301, 35.1761433 ], [ 25.9511542, 35.176183 ], [ 25.9511936, 35.1762226 ] ] ] } },
{ "type": "Feature", "properties": { "@type": "way", "@id": 908851585, "admin_level": null, "amenity": null, "boundary": null, "building": "yes", "castle_type": null, "cuisine": null, "disused": null, "ford": null, "highway": null, "historic": null, "historic:civilization": null, "image": null, "int_name": null, "int_ref": null, "landuse": null, "lanes": null, "layer": null, "leisure": null, "man_made": null, "maxspeed": null, "maxspeed:type": null, "name": null, "name:de": null, "name:el": null, "name:en": null, "name:ru": null, "name:uk": null, "natural": null, "noexit": null, "old_ref": null, "oneway": null, "parking": null, "place": null, "population": null, "public_transport": null, "ref": null, "religion": null, "service": null, "shelter": null, "source": null, "source:old_ref": null, "source:ref": null, "sport": null, "surface": null, "tourism": null, "tower:type": null, "tunnel": null, "waterway": null, "wikidata": null, "wikipedia": null, "label": "building:yes" }, "geometry": { "type": "Polygon", "coordinates": [ [ [ 25.9488329, 35.1734663 ], [ 25.9488458, 35.1734224 ], [ 25.948745, 35.1733891 ], [ 25.94873, 35.1734312 ], [ 25.9488329, 35.1734663 ] ] ] } },
{ "type": "Feature", "properties": { "@type": "way", "@id": 908851587, "admin_level": null, "amenity": null, "boundary": null, "building": "yes", "castle_type": null, "cuisine": null, "disused": null, "ford": null, "highway": null, "historic": null, "historic:civilization": null, "image": null, "int_name": null, "int_ref": null, "landuse": null, "lanes": null, "layer": null, "leisure": null, "man_made": null, "maxspeed": null, "maxspeed:type": null, "name": null, "name:de": null, "name:el": null, "name:en": null, "name:ru": null, "name:uk": null, "natural": null, "noexit": null, "old_ref": null, "oneway": null, "parking": null, "place": null, "population": null, "public_transport": null, "ref": null, "religion": null, "service": null, "shelter": null, "source": null, "source:old_ref": null, "source:ref": null, "sport": null, "surface": null, "tourism": null, "tower:type": null, "tunnel": null, "waterway": null, "wikidata": null, "wikipedia": null, "label": "building:yes" }, "geometry": { "type": "Polygon", "coordinates": [ [ [ 25.9509903, 35.1736753 ], [ 25.9511362, 35.1736508 ], [ 25.951119, 35.1735964 ], [ 25.9509839, 35.1736192 ], [ 25.9509903, 35.1736753 ] ] ] } },
{ "type": "Feature", "properties": { "@type": "way", "@id": 908851588, "admin_level": null, "amenity": null, "boundary": null, "building": "yes", "castle_type": null, "cuisine": null, "disused": null, "ford": null, "highway": null, "historic": null, "historic:civilization": null, "image": null, "int_name": null, "int_ref": null, "landuse": null, "lanes": null, "layer": null, "leisure": null, "man_made": null, "maxspeed": null, "maxspeed:type": null, "name": null, "name:de": null, "name:el": null, "name:en": null, "name:ru": null, "name:uk": null, "natural": null, "noexit": null, "old_ref": null, "oneway": null, "parking": null, "place": null, "population": null, "public_transport": null, "ref": null, "religion": null, "service": null, "shelter": null, "source": null, "source:old_ref": null, "source:ref": null, "sport": null, "surface": null, "tourism": null, "tower:type": null, "tunnel": null, "waterway": null, "wikidata": null, "wikipedia": null, "label": "building:yes" }, "geometry": { "type": "Polygon", "coordinates": [ [ [ 25.9524456, 35.1756234 ], [ 25.9524781, 35.1756072 ], [ 25.9524564, 35.1755512 ], [ 25.9524095, 35.1755586 ], [ 25.9524456, 35.1756234 ] ] ] } },
{ "type": "Feature", "properties": { "@type": "way", "@id": 908851601, "admin_level": null, "amenity": null, "boundary": null, "building": "yes", "castle_type": null, "cuisine": null, "disused": null, "ford": null, "highway": null, "historic": null, "historic:civilization": null, "image": null, "int_name": null, "int_ref": null, "landuse": null, "lanes": null, "layer": null, "leisure": null, "man_made": null, "maxspeed": null, "maxspeed:type": null, "name": null, "name:de": null, "name:el": null, "name:en": null, "name:ru": null, "name:uk": null, "natural": null, "noexit": null, "old_ref": null, "oneway": null, "parking": null, "place": null, "population": null, "public_transport": null, "ref": null, "religion": null, "service": null, "shelter": null, "source": null, "source:old_ref": null, "source:ref": null, "sport": null, "surface": null, "tourism": null, "tower:type": null, "tunnel": null, "waterway": null, "wikidata": null, "wikipedia": null, "label": "building:yes" }, "geometry": { "type": "Polygon", "coordinates": [ [ [ 25.9489887, 35.1696081 ], [ 25.9490576, 35.1695706 ], [ 25.9490117, 35.1695143 ], [ 25.948953, 35.1695372 ], [ 25.9489887, 35.1696081 ] ] ] } },
{ "type": "Feature", "properties": { "@type": "way", "@id": 908869467, "admin_level": null, "amenity": null, "boundary": null, "building": "yes", "castle_type": null, "cuisine": null, "disused": null, "ford": null, "highway": null, "historic": null, "historic:civilization": null, "image": null, "int_name": null, "int_ref": null, "landuse": null, "lanes": null, "layer": null, "leisure": null, "man_made": null, "maxspeed": null, "maxspeed:type": null, "name": null, "name:de": null, "name:el": null, "name:en": null, "name:ru": null, "name:uk": null, "natural": null, "noexit": null, "old_ref": null, "oneway": null, "parking": null, "place": null, "population": null, "public_transport": null, "ref": null, "religion": null, "service": null, "shelter": null, "source": null, "source:old_ref": null, "source:ref": null, "sport": null, "surface": null, "tourism": null, "tower:type": null, "tunnel": null, "waterway": null, "wikidata": null, "wikipedia": null, "label": "building:yes" }, "geometry": { "type": "Polygon", "coordinates": [ [ [ 25.9415911, 35.1716917 ], [ 25.9415936, 35.17165 ], [ 25.9415247, 35.1716354 ], [ 25.9415094, 35.1716771 ], [ 25.9415911, 35.1716917 ] ] ] } },
{ "type": "Feature", "properties": { "@type": "way", "@id": 908869468, "admin_level": null, "amenity": null, "boundary": null, "building": "yes", "castle_type": null, "cuisine": null, "disused": null, "ford": null, "highway": null, "historic": null, "historic:civilization": null, "image": null, "int_name": null, "int_ref": null, "landuse": null, "lanes": null, "layer": null, "leisure": null, "man_made": null, "maxspeed": null, "maxspeed:type": null, "name": null, "name:de": null, "name:el": null, "name:en": null, "name:ru": null, "name:uk": null, "natural": null, "noexit": null, "old_ref": null, "oneway": null, "parking": null, "place": null, "population": null, "public_transport": null, "ref": null, "religion": null, "service": null, "shelter": null, "source": null, "source:old_ref": null, "source:ref": null, "sport": null, "surface": null, "tourism": null, "tower:type": null, "tunnel": null, "waterway": null, "wikidata": null, "wikipedia": null, "label": "building:yes" }, "geometry": { "type": "Polygon", "coordinates": [ [ [ 25.9423566, 35.1717292 ], [ 25.9423617, 35.1716562 ], [ 25.9423209, 35.1716562 ], [ 25.9423081, 35.1717272 ], [ 25.9423566, 35.1717292 ] ] ] } },
{ "type": "Feature", "properties": { "@type": "way", "@id": 908869472, "admin_level": null, "amenity": null, "boundary": null, "building": "yes", "castle_type": null, "cuisine": null, "disused": null, "ford": null, "highway": null, "historic": null, "historic:civilization": null, "image": null, "int_name": null, "int_ref": null, "landuse": null, "lanes": null, "layer": null, "leisure": null, "man_made": null, "maxspeed": null, "maxspeed:type": null, "name": null, "name:de": null, "name:el": null, "name:en": null, "name:ru": null, "name:uk": null, "natural": null, "noexit": null, "old_ref": null, "oneway": null, "parking": null, "place": null, "population": null, "public_transport": null, "ref": null, "religion": null, "service": null, "shelter": null, "source": null, "source:old_ref": null, "source:ref": null, "sport": null, "surface": null, "tourism": null, "tower:type": null, "tunnel": null, "waterway": null, "wikidata": null, "wikipedia": null, "label": "building:yes" }, "geometry": { "type": "Polygon", "coordinates": [ [ [ 25.9442667, 35.1746388 ], [ 25.9443118, 35.1746255 ], [ 25.9442902, 35.1745591 ], [ 25.9442469, 35.174568 ], [ 25.9442667, 35.1746388 ] ] ] } },
{ "type": "Feature", "properties": { "@type": "way", "@id": 908869474, "admin_level": null, "amenity": null, "boundary": null, "building": "yes", "castle_type": null, "cuisine": null, "disused": null, "ford": null, "highway": null, "historic": null, "historic:civilization": null, "image": null, "int_name": null, "int_ref": null, "landuse": null, "lanes": null, "layer": null, "leisure": null, "man_made": null, "maxspeed": null, "maxspeed:type": null, "name": null, "name:de": null, "name:el": null, "name:en": null, "name:ru": null, "name:uk": null, "natural": null, "noexit": null, "old_ref": null, "oneway": null, "parking": null, "place": null, "population": null, "public_transport": null, "ref": null, "religion": null, "service": null, "shelter": null, "source": null, "source:old_ref": null, "source:ref": null, "sport": null, "surface": null, "tourism": null, "tower:type": null, "tunnel": null, "waterway": null, "wikidata": null, "wikipedia": null, "label": "building:yes" }, "geometry": { "type": "Polygon", "coordinates": [ [ [ 25.9427841, 35.1700972 ], [ 25.9428184, 35.1700937 ], [ 25.9428184, 35.1700446 ], [ 25.9427755, 35.1700551 ], [ 25.9427841, 35.1700972 ] ] ] } },
{ "type": "Feature", "properties": { "@type": "way", "@id": 908869479, "admin_level": null, "amenity": null, "boundary": null, "building": "yes", "castle_type": null, "cuisine": null, "disused": null, "ford": null, "highway": null, "historic": null, "historic:civilization": null, "image": null, "int_name": null, "int_ref": null, "landuse": null, "lanes": null, "layer": null, "leisure": null, "man_made": null, "maxspeed": null, "maxspeed:type": null, "name": null, "name:de": null, "name:el": null, "name:en": null, "name:ru": null, "name:uk": null, "natural": null, "noexit": null, "old_ref": null, "oneway": null, "parking": null, "place": null, "population": null, "public_transport": null, "ref": null, "religion": null, "service": null, "shelter": null, "source": null, "source:old_ref": null, "source:ref": null, "sport": null, "surface": null, "tourism": null, "tower:type": null, "tunnel": null, "waterway": null, "wikidata": null, "wikipedia": null, "label": "building:yes" }, "geometry": { "type": "Polygon", "coordinates": [ [ [ 25.9448224, 35.1690016 ], [ 25.9448887, 35.1689077 ], [ 25.9447739, 35.1688577 ], [ 25.9447152, 35.1689661 ], [ 25.9448224, 35.1690016 ] ] ] } },
{ "type": "Feature", "properties": { "@type": "way", "@id": 908869484, "admin_level": null, "amenity": null, "boundary": null, "building": "yes", "castle_type": null, "cuisine": null, "disused": null, "ford": null, "highway": null, "historic": null, "historic:civilization": null, "image": null, "int_name": null, "int_ref": null, "landuse": null, "lanes": null, "layer": null, "leisure": null, "man_made": null, "maxspeed": null, "maxspeed:type": null, "name": null, "name:de": null, "name:el": null, "name:en": null, "name:ru": null, "name:uk": null, "natural": null, "noexit": null, "old_ref": null, "oneway": null, "parking": null, "place": null, "population": null, "public_transport": null, "ref": null, "religion": null, "service": null, "shelter": null, "source": null, "source:old_ref": null, "source:ref": null, "sport": null, "surface": null, "tourism": null, "tower:type": null, "tunnel": null, "waterway": null, "wikidata": null, "wikipedia": null, "label": "building:yes" }, "geometry": { "type": "Polygon", "coordinates": [ [ [ 25.9467132, 35.1693187 ], [ 25.9467209, 35.1692457 ], [ 25.9465907, 35.169229 ], [ 25.9465754, 35.1693082 ], [ 25.9467132, 35.1693187 ] ] ] } },
{ "type": "Feature", "properties": { "@type": "way", "@id": 908869501, "admin_level": null, "amenity": null, "boundary": null, "building": "yes", "castle_type": null, "cuisine": null, "disused": null, "ford": null, "highway": null, "historic": null, "historic:civilization": null, "image": null, "int_name": null, "int_ref": null, "landuse": null, "lanes": null, "layer": null, "leisure": null, "man_made": null, "maxspeed": null, "maxspeed:type": null, "name": null, "name:de": null, "name:el": null, "name:en": null, "name:ru": null, "name:uk": null, "natural": null, "noexit": null, "old_ref": null, "oneway": null, "parking": null, "place": null, "population": null, "public_transport": null, "ref": null, "religion": null, "service": null, "shelter": null, "source": null, "source:old_ref": null, "source:ref": null, "sport": null, "surface": null, "tourism": null, "tower:type": null, "tunnel": null, "waterway": null, "wikidata": null, "wikipedia": null, "label": "building:yes" }, "geometry": { "type": "Polygon", "coordinates": [ [ [ 25.9509618, 35.1681542 ], [ 25.95098, 35.1680674 ], [ 25.9509011, 35.1680674 ], [ 25.950898, 35.1681542 ], [ 25.9509618, 35.1681542 ] ] ] } },
{ "type": "Feature", "properties": { "@type": "way", "@id": 908869504, "admin_level": null, "amenity": null, "boundary": null, "building": "yes", "castle_type": null, "cuisine": null, "disused": null, "ford": null, "highway": null, "historic": null, "historic:civilization": null, "image": null, "int_name": null, "int_ref": null, "landuse": null, "lanes": null, "layer": null, "leisure": null, "man_made": null, "maxspeed": null, "maxspeed:type": null, "name": null, "name:de": null, "name:el": null, "name:en": null, "name:ru": null, "name:uk": null, "natural": null, "noexit": null, "old_ref": null, "oneway": null, "parking": null, "place": null, "population": null, "public_transport": null, "ref": null, "religion": null, "service": null, "shelter": null, "source": null, "source:old_ref": null, "source:ref": null, "sport": null, "surface": null, "tourism": null, "tower:type": null, "tunnel": null, "waterway": null, "wikidata": null, "wikipedia": null, "label": "building:yes" }, "geometry": { "type": "Polygon", "coordinates": [ [ [ 25.957423, 35.1722742 ], [ 25.9575603, 35.1721707 ], [ 25.9574831, 35.1721181 ], [ 25.9573801, 35.1722111 ], [ 25.957423, 35.1722742 ] ] ] } },
{ "type": "Feature", "properties": { "@type": "way", "@id": 908869505, "admin_level": null, "amenity": null, "boundary": null, "building": "yes", "castle_type": null, "cuisine": null, "disused": null, "ford": null, "highway": null, "historic": null, "historic:civilization": null, "image": null, "int_name": null, "int_ref": null, "landuse": null, "lanes": null, "layer": null, "leisure": null, "man_made": null, "maxspeed": null, "maxspeed:type": null, "name": null, "name:de": null, "name:el": null, "name:en": null, "name:ru": null, "name:uk": null, "natural": null, "noexit": null, "old_ref": null, "oneway": null, "parking": null, "place": null, "population": null, "public_transport": null, "ref": null, "religion": null, "service": null, "shelter": null, "source": null, "source:old_ref": null, "source:ref": null, "sport": null, "surface": null, "tourism": null, "tower:type": null, "tunnel": null, "waterway": null, "wikidata": null, "wikipedia": null, "label": "building:yes" }, "geometry": { "type": "Polygon", "coordinates": [ [ [ 25.9575238, 35.1719638 ], [ 25.9575667, 35.1719269 ], [ 25.9575324, 35.1719024 ], [ 25.9574873, 35.1719322 ], [ 25.9575238, 35.1719638 ] ] ] } },
{ "type": "Feature", "properties": { "@type": "way", "@id": 908869508, "admin_level": null, "amenity": null, "boundary": null, "building": "yes", "castle_type": null, "cuisine": null, "disused": null, "ford": null, "highway": null, "historic": null, "historic:civilization": null, "image": null, "int_name": null, "int_ref": null, "landuse": null, "lanes": null, "layer": null, "leisure": null, "man_made": null, "maxspeed": null, "maxspeed:type": null, "name": null, "name:de": null, "name:el": null, "name:en": null, "name:ru": null, "name:uk": null, "natural": null, "noexit": null, "old_ref": null, "oneway": null, "parking": null, "place": null, "population": null, "public_transport": null, "ref": null, "religion": null, "service": null, "shelter": null, "source": null, "source:old_ref": null, "source:ref": null, "sport": null, "surface": null, "tourism": null, "tower:type": null, "tunnel": null, "waterway": null, "wikidata": null, "wikipedia": null, "label": "building:yes" }, "geometry": { "type": "Polygon", "coordinates": [ [ [ 25.9574065, 35.1728453 ], [ 25.9574607, 35.172832 ], [ 25.957439, 35.1727745 ], [ 25.9573957, 35.1727819 ], [ 25.9574065, 35.1728453 ] ] ] } },
{ "type": "Feature", "properties": { "@type": "way", "@id": 908869510, "admin_level": null, "amenity": null, "boundary": null, "building": "yes", "castle_type": null, "cuisine": null, "disused": null, "ford": null, "highway": null, "historic": null, "historic:civilization": null, "image": null, "int_name": null, "int_ref": null, "landuse": null, "lanes": null, "layer": null, "leisure": null, "man_made": null, "maxspeed": null, "maxspeed:type": null, "name": null, "name:de": null, "name:el": null, "name:en": null, "name:ru": null, "name:uk": null, "natural": null, "noexit": null, "old_ref": null, "oneway": null, "parking": null, "place": null, "population": null, "public_transport": null, "ref": null, "religion": null, "service": null, "shelter": null, "source": null, "source:old_ref": null, "source:ref": null, "sport": null, "surface": null, "tourism": null, "tower:type": null, "tunnel": null, "waterway": null, "wikidata": null, "wikipedia": null, "label": "building:yes" }, "geometry": { "type": "Polygon", "coordinates": [ [ [ 25.9507511, 35.1700232 ], [ 25.9508112, 35.1699811 ], [ 25.950764, 35.1699337 ], [ 25.9507125, 35.16996 ], [ 25.9507511, 35.1700232 ] ] ] } },
{ "type": "Feature", "properties": { "@type": "way", "@id": 908869514, "admin_level": null, "amenity": null, "boundary": null, "building": "yes", "castle_type": null, "cuisine": null, "disused": null, "ford": null, "highway": null, "historic": null, "historic:civilization": null, "image": null, "int_name": null, "int_ref": null, "landuse": null, "lanes": null, "layer": null, "leisure": null, "man_made": null, "maxspeed": null, "maxspeed:type": null, "name": null, "name:de": null, "name:el": null, "name:en": null, "name:ru": null, "name:uk": null, "natural": null, "noexit": null, "old_ref": null, "oneway": null, "parking": null, "place": null, "population": null, "public_transport": null, "ref": null, "religion": null, "service": null, "shelter": null, "source": null, "source:old_ref": null, "source:ref": null, "sport": null, "surface": null, "tourism": null, "tower:type": null, "tunnel": null, "waterway": null, "wikidata": null, "wikipedia": null, "label": "building:yes" }, "geometry": { "type": "Polygon", "coordinates": [ [ [ 25.9501692, 35.1664169 ], [ 25.9502432, 35.1663981 ], [ 25.9502152, 35.1663167 ], [ 25.9501463, 35.1663251 ], [ 25.9501692, 35.1664169 ] ] ] } },
{ "type": "Feature", "properties": { "@type": "way", "@id": 908869515, "admin_level": null, "amenity": null, "boundary": null, "building": "yes", "castle_type": null, "cuisine": null, "disused": null, "ford": null, "highway": null, "historic": null, "historic:civilization": null, "image": null, "int_name": null, "int_ref": null, "landuse": null, "lanes": null, "layer": null, "leisure": null, "man_made": null, "maxspeed": null, "maxspeed:type": null, "name": null, "name:de": null, "name:el": null, "name:en": null, "name:ru": null, "name:uk": null, "natural": null, "noexit": null, "old_ref": null, "oneway": null, "parking": null, "place": null, "population": null, "public_transport": null, "ref": null, "religion": null, "service": null, "shelter": null, "source": null, "source:old_ref": null, "source:ref": null, "sport": null, "surface": null, "tourism": null, "tower:type": null, "tunnel": null, "waterway": null, "wikidata": null, "wikipedia": null, "label": "building:yes" }, "geometry": { "type": "Polygon", "coordinates": [ [ [ 25.9471403, 35.1637697 ], [ 25.9471429, 35.1637009 ], [ 25.9470561, 35.1636946 ], [ 25.9470485, 35.1637655 ], [ 25.9471403, 35.1637697 ] ] ] } },
{ "type": "Feature", "properties": { "@type": "way", "@id": 908887083, "admin_level": null, "amenity": null, "boundary": null, "building": "yes", "castle_type": null, "cuisine": null, "disused": null, "ford": null, "highway": null, "historic": null, "historic:civilization": null, "image": null, "int_name": null, "int_ref": null, "landuse": null, "lanes": null, "layer": null, "leisure": null, "man_made": null, "maxspeed": null, "maxspeed:type": null, "name": null, "name:de": null, "name:el": null, "name:en": null, "name:ru": null, "name:uk": null, "natural": null, "noexit": null, "old_ref": null, "oneway": null, "parking": null, "place": null, "population": null, "public_transport": null, "ref": null, "religion": null, "service": null, "shelter": null, "source": null, "source:old_ref": null, "source:ref": null, "sport": null, "surface": null, "tourism": null, "tower:type": null, "tunnel": null, "waterway": null, "wikidata": null, "wikipedia": null, "label": "building:yes" }, "geometry": { "type": "Polygon", "coordinates": [ [ [ 25.9528927, 35.1549882 ], [ 25.9529161, 35.1549528 ], [ 25.9527952, 35.1548908 ], [ 25.9527736, 35.1549291 ], [ 25.9528927, 35.1549882 ] ] ] } },
{ "type": "Feature", "properties": { "@type": "way", "@id": 908887085, "admin_level": null, "amenity": null, "boundary": null, "building": "yes", "castle_type": null, "cuisine": null, "disused": null, "ford": null, "highway": null, "historic": null, "historic:civilization": null, "image": null, "int_name": null, "int_ref": null, "landuse": null, "lanes": null, "layer": null, "leisure": null, "man_made": null, "maxspeed": null, "maxspeed:type": null, "name": null, "name:de": null, "name:el": null, "name:en": null, "name:ru": null, "name:uk": null, "natural": null, "noexit": null, "old_ref": null, "oneway": null, "parking": null, "place": null, "population": null, "public_transport": null, "ref": null, "religion": null, "service": null, "shelter": null, "source": null, "source:old_ref": null, "source:ref": null, "sport": null, "surface": null, "tourism": null, "tower:type": null, "tunnel": null, "waterway": null, "wikidata": null, "wikipedia": null, "label": "building:yes" }, "geometry": { "type": "Polygon", "coordinates": [ [ [ 25.9518371, 35.1552183 ], [ 25.9518931, 35.1551932 ], [ 25.9518732, 35.155146 ], [ 25.9518173, 35.1551578 ], [ 25.9518371, 35.1552183 ] ] ] } },
{ "type": "Feature", "properties": { "@type": "way", "@id": 908887093, "admin_level": null, "amenity": null, "boundary": null, "building": "yes", "castle_type": null, "cuisine": null, "disused": null, "ford": null, "highway": null, "historic": null, "historic:civilization": null, "image": null, "int_name": null, "int_ref": null, "landuse": null, "lanes": null, "layer": null, "leisure": null, "man_made": null, "maxspeed": null, "maxspeed:type": null, "name": null, "name:de": null, "name:el": null, "name:en": null, "name:ru": null, "name:uk": null, "natural": null, "noexit": null, "old_ref": null, "oneway": null, "parking": null, "place": null, "population": null, "public_transport": null, "ref": null, "religion": null, "service": null, "shelter": null, "source": null, "source:old_ref": null, "source:ref": null, "sport": null, "surface": null, "tourism": null, "tower:type": null, "tunnel": null, "waterway": null, "wikidata": null, "wikipedia": null, "label": "building:yes" }, "geometry": { "type": "Polygon", "coordinates": [ [ [ 25.9521073, 35.1591846 ], [ 25.9521674, 35.1591056 ], [ 25.9521224, 35.1590793 ], [ 25.9520666, 35.159153 ], [ 25.9521073, 35.1591846 ] ] ] } },
{ "type": "Feature", "properties": { "@type": "way", "@id": 908887097, "admin_level": null, "amenity": null, "boundary": null, "building": "yes", "castle_type": null, "cuisine": null, "disused": null, "ford": null, "highway": null, "historic": null, "historic:civilization": null, "image": null, "int_name": null, "int_ref": null, "landuse": null, "lanes": null, "layer": null, "leisure": null, "man_made": null, "maxspeed": null, "maxspeed:type": null, "name": null, "name:de": null, "name:el": null, "name:en": null, "name:ru": null, "name:uk": null, "natural": null, "noexit": null, "old_ref": null, "oneway": null, "parking": null, "place": null, "population": null, "public_transport": null, "ref": null, "religion": null, "service": null, "shelter": null, "source": null, "source:old_ref": null, "source:ref": null, "sport": null, "surface": null, "tourism": null, "tower:type": null, "tunnel": null, "waterway": null, "wikidata": null, "wikipedia": null, "label": "building:yes" }, "geometry": { "type": "Polygon", "coordinates": [ [ [ 25.9478371, 35.1589946 ], [ 25.9478876, 35.1589902 ], [ 25.9478858, 35.1589474 ], [ 25.9478371, 35.1589474 ], [ 25.9478371, 35.1589946 ] ] ] } },
{ "type": "Feature", "properties": { "@type": "way", "@id": 908887117, "admin_level": null, "amenity": null, "boundary": null, "building": "yes", "castle_type": null, "cuisine": null, "disused": null, "ford": null, "highway": null, "historic": null, "historic:civilization": null, "image": null, "int_name": null, "int_ref": null, "landuse": null, "lanes": null, "layer": null, "leisure": null, "man_made": null, "maxspeed": null, "maxspeed:type": null, "name": null, "name:de": null, "name:el": null, "name:en": null, "name:ru": null, "name:uk": null, "natural": null, "noexit": null, "old_ref": null, "oneway": null, "parking": null, "place": null, "population": null, "public_transport": null, "ref": null, "religion": null, "service": null, "shelter": null, "source": null, "source:old_ref": null, "source:ref": null, "sport": null, "surface": null, "tourism": null, "tower:type": null, "tunnel": null, "waterway": null, "wikidata": null, "wikipedia": null, "label": "building:yes" }, "geometry": { "type": "Polygon", "coordinates": [ [ [ 25.9541866, 35.1624422 ], [ 25.9542214, 35.1623697 ], [ 25.9541835, 35.1623568 ], [ 25.9541487, 35.1624344 ], [ 25.9541866, 35.1624422 ] ] ] } },
{ "type": "Feature", "properties": { "@type": "way", "@id": 908887131, "admin_level": null, "amenity": null, "boundary": null, "building": "yes", "castle_type": null, "cuisine": null, "disused": null, "ford": null, "highway": null, "historic": null, "historic:civilization": null, "image": null, "int_name": null, "int_ref": null, "landuse": null, "lanes": null, "layer": null, "leisure": null, "man_made": null, "maxspeed": null, "maxspeed:type": null, "name": null, "name:de": null, "name:el": null, "name:en": null, "name:ru": null, "name:uk": null, "natural": null, "noexit": null, "old_ref": null, "oneway": null, "parking": null, "place": null, "population": null, "public_transport": null, "ref": null, "religion": null, "service": null, "shelter": null, "source": null, "source:old_ref": null, "source:ref": null, "sport": null, "surface": null, "tourism": null, "tower:type": null, "tunnel": null, "waterway": null, "wikidata": null, "wikipedia": null, "label": "building:yes" }, "geometry": { "type": "Polygon", "coordinates": [ [ [ 25.955914, 35.160575 ], [ 25.9559102, 35.1605058 ], [ 25.9558613, 35.1605058 ], [ 25.9558575, 35.160578 ], [ 25.955914, 35.160575 ] ] ] } },
{ "type": "Feature", "properties": { "@type": "way", "@id": 918607439, "admin_level": null, "amenity": null, "boundary": null, "building": "yes", "castle_type": null, "cuisine": null, "disused": null, "ford": null, "highway": null, "historic": null, "historic:civilization": null, "image": null, "int_name": null, "int_ref": null, "landuse": null, "lanes": null, "layer": null, "leisure": null, "man_made": null, "maxspeed": null, "maxspeed:type": null, "name": null, "name:de": null, "name:el": null, "name:en": null, "name:ru": null, "name:uk": null, "natural": null, "noexit": null, "old_ref": null, "oneway": null, "parking": null, "place": null, "population": null, "public_transport": null, "ref": null, "religion": null, "service": null, "shelter": null, "source": null, "source:old_ref": null, "source:ref": null, "sport": null, "surface": null, "tourism": null, "tower:type": null, "tunnel": null, "waterway": null, "wikidata": null, "wikipedia": null, "label": "building:yes" }, "geometry": { "type": "Polygon", "coordinates": [ [ [ 25.9469413, 35.1684244 ], [ 25.9469037, 35.1684814 ], [ 25.9469799, 35.1685217 ], [ 25.9470947, 35.1684138 ], [ 25.9471108, 35.1684235 ], [ 25.9471956, 35.1683419 ], [ 25.947143, 35.1683138 ], [ 25.9471173, 35.168256 ], [ 25.9470872, 35.1682603 ], [ 25.9470765, 35.1682788 ], [ 25.9470389, 35.1682717 ], [ 25.9469531, 35.1682533 ], [ 25.9468694, 35.1683744 ], [ 25.9469413, 35.1684244 ] ] ] } },
{ "type": "Feature", "properties": { "@type": "way", "@id": 918607440, "admin_level": null, "amenity": null, "boundary": null, "building": "yes", "castle_type": null, "cuisine": null, "disused": null, "ford": null, "highway": null, "historic": null, "historic:civilization": null, "image": null, "int_name": null, "int_ref": null, "landuse": null, "lanes": null, "layer": null, "leisure": null, "man_made": null, "maxspeed": null, "maxspeed:type": null, "name": null, "name:de": null, "name:el": null, "name:en": null, "name:ru": null, "name:uk": null, "natural": null, "noexit": null, "old_ref": null, "oneway": null, "parking": null, "place": null, "population": null, "public_transport": null, "ref": null, "religion": null, "service": null, "shelter": null, "source": null, "source:old_ref": null, "source:ref": null, "sport": null, "surface": null, "tourism": null, "tower:type": null, "tunnel": null, "waterway": null, "wikidata": null, "wikipedia": null, "label": "building:yes" }, "geometry": { "type": "Polygon", "coordinates": [ [ [ 25.9469011, 35.1683171 ], [ 25.9469772, 35.1682039 ], [ 25.9468721, 35.1681767 ], [ 25.946812, 35.1682153 ], [ 25.9467777, 35.1682741 ], [ 25.9469011, 35.1683171 ] ] ] } },
{ "type": "Feature", "properties": { "@type": "way", "@id": 918607441, "admin_level": null, "amenity": null, "boundary": null, "building": "yes", "castle_type": null, "cuisine": null, "disused": null, "ford": null, "highway": null, "historic": null, "historic:civilization": null, "image": null, "int_name": null, "int_ref": null, "landuse": null, "lanes": null, "layer": null, "leisure": null, "man_made": null, "maxspeed": null, "maxspeed:type": null, "name": null, "name:de": null, "name:el": null, "name:en": null, "name:ru": null, "name:uk": null, "natural": null, "noexit": null, "old_ref": null, "oneway": null, "parking": null, "place": null, "population": null, "public_transport": null, "ref": null, "religion": null, "service": null, "shelter": null, "source": null, "source:old_ref": null, "source:ref": null, "sport": null, "surface": null, "tourism": null, "tower:type": null, "tunnel": null, "waterway": null, "wikidata": null, "wikipedia": null, "label": "building:yes" }, "geometry": { "type": "Polygon", "coordinates": [ [ [ 25.9470427, 35.1681013 ], [ 25.9470481, 35.1680566 ], [ 25.9470169, 35.1680566 ], [ 25.9470073, 35.1680969 ], [ 25.9470427, 35.1681013 ] ] ] } },
{ "type": "Feature", "properties": { "@type": "way", "@id": 918607443, "admin_level": null, "amenity": null, "boundary": null, "building": "yes", "castle_type": null, "cuisine": null, "disused": null, "ford": null, "highway": null, "historic": null, "historic:civilization": null, "image": null, "int_name": null, "int_ref": null, "landuse": null, "lanes": null, "layer": null, "leisure": null, "man_made": null, "maxspeed": null, "maxspeed:type": null, "name": null, "name:de": null, "name:el": null, "name:en": null, "name:ru": null, "name:uk": null, "natural": null, "noexit": null, "old_ref": null, "oneway": null, "parking": null, "place": null, "population": null, "public_transport": null, "ref": null, "religion": null, "service": null, "shelter": null, "source": null, "source:old_ref": null, "source:ref": null, "sport": null, "surface": null, "tourism": null, "tower:type": null, "tunnel": null, "waterway": null, "wikidata": null, "wikipedia": null, "label": "building:yes" }, "geometry": { "type": "Polygon", "coordinates": [ [ [ 25.9472182, 35.1681653 ], [ 25.9472003, 35.1682873 ], [ 25.9473088, 35.1683092 ], [ 25.947319, 35.1682675 ], [ 25.9472603, 35.1682602 ], [ 25.9472705, 35.1682174 ], [ 25.9473751, 35.1682393 ], [ 25.9474275, 35.1681872 ], [ 25.9474619, 35.1680641 ], [ 25.9474466, 35.1680506 ], [ 25.9472807, 35.1680151 ], [ 25.9472743, 35.1680276 ], [ 25.947201, 35.1680368 ], [ 25.9471631, 35.168163 ], [ 25.9472182, 35.1681653 ] ] ] } },
{ "type": "Feature", "properties": { "@type": "way", "@id": 918607444, "admin_level": null, "amenity": null, "boundary": null, "building": "yes", "castle_type": null, "cuisine": null, "disused": null, "ford": null, "highway": null, "historic": null, "historic:civilization": null, "image": null, "int_name": null, "int_ref": null, "landuse": null, "lanes": null, "layer": null, "leisure": null, "man_made": null, "maxspeed": null, "maxspeed:type": null, "name": null, "name:de": null, "name:el": null, "name:en": null, "name:ru": null, "name:uk": null, "natural": null, "noexit": null, "old_ref": null, "oneway": null, "parking": null, "place": null, "population": null, "public_transport": null, "ref": null, "religion": null, "service": null, "shelter": null, "source": null, "source:old_ref": null, "source:ref": null, "sport": null, "surface": null, "tourism": null, "tower:type": null, "tunnel": null, "waterway": null, "wikidata": null, "wikipedia": null, "label": "building:yes" }, "geometry": { "type": "Polygon", "coordinates": [ [ [ 25.9475259, 35.1680562 ], [ 25.9475599, 35.1680663 ], [ 25.9476397, 35.16809 ], [ 25.9476219, 35.1681233 ], [ 25.9475849, 35.1681484 ], [ 25.9475606, 35.1681348 ], [ 25.9475185, 35.1681359 ], [ 25.9475121, 35.1681838 ], [ 25.9475708, 35.1682141 ], [ 25.9476538, 35.1681452 ], [ 25.9476703, 35.1681536 ], [ 25.9477061, 35.1681046 ], [ 25.9477214, 35.1680555 ], [ 25.9477278, 35.1680149 ], [ 25.9476397, 35.1680003 ], [ 25.947641, 35.1679804 ], [ 25.9476895, 35.1679794 ], [ 25.947701, 35.1679492 ], [ 25.9477405, 35.1679471 ], [ 25.9477286, 35.1679283 ], [ 25.9476444, 35.167921 ], [ 25.9475806, 35.1679053 ], [ 25.9475696, 35.1679147 ], [ 25.9475096, 35.1680514 ], [ 25.9475259, 35.1680562 ] ] ] } },
{ "type": "Feature", "properties": { "@type": "way", "@id": 918607445, "admin_level": null, "amenity": null, "boundary": null, "building": "yes", "castle_type": null, "cuisine": null, "disused": null, "ford": null, "highway": null, "historic": null, "historic:civilization": null, "image": null, "int_name": null, "int_ref": null, "landuse": null, "lanes": null, "layer": null, "leisure": null, "man_made": null, "maxspeed": null, "maxspeed:type": null, "name": null, "name:de": null, "name:el": null, "name:en": null, "name:ru": null, "name:uk": null, "natural": null, "noexit": null, "old_ref": null, "oneway": null, "parking": null, "place": null, "population": null, "public_transport": null, "ref": null, "religion": null, "service": null, "shelter": null, "source": null, "source:old_ref": null, "source:ref": null, "sport": null, "surface": null, "tourism": null, "tower:type": null, "tunnel": null, "waterway": null, "wikidata": null, "wikipedia": null, "label": "building:yes" }, "geometry": { "type": "Polygon", "coordinates": [ [ [ 25.9475606, 35.1681348 ], [ 25.9475599, 35.1680663 ], [ 25.9475259, 35.1680562 ], [ 25.9475185, 35.1681359 ], [ 25.9475606, 35.1681348 ] ] ] } },
{ "type": "Feature", "properties": { "@type": "way", "@id": 918607446, "admin_level": null, "amenity": null, "boundary": null, "building": "yes", "castle_type": null, "cuisine": null, "disused": null, "ford": null, "highway": null, "historic": null, "historic:civilization": null, "image": null, "int_name": null, "int_ref": null, "landuse": null, "lanes": null, "layer": null, "leisure": null, "man_made": null, "maxspeed": null, "maxspeed:type": null, "name": null, "name:de": null, "name:el": null, "name:en": null, "name:ru": null, "name:uk": null, "natural": null, "noexit": null, "old_ref": null, "oneway": null, "parking": null, "place": null, "population": null, "public_transport": null, "ref": null, "religion": null, "service": null, "shelter": null, "source": null, "source:old_ref": null, "source:ref": null, "sport": null, "surface": null, "tourism": null, "tower:type": null, "tunnel": null, "waterway": null, "wikidata": null, "wikipedia": null, "label": "building:yes" }, "geometry": { "type": "Polygon", "coordinates": [ [ [ 25.9472651, 35.1677359 ], [ 25.947283, 35.1677787 ], [ 25.9473136, 35.1677808 ], [ 25.9473289, 35.1678058 ], [ 25.9473774, 35.1677975 ], [ 25.9473149, 35.167908 ], [ 25.9473787, 35.167931 ], [ 25.9473544, 35.1679831 ], [ 25.947468, 35.1680102 ], [ 25.9475643, 35.1678155 ], [ 25.9475388, 35.1678005 ], [ 25.9474791, 35.1678667 ], [ 25.9474275, 35.1678372 ], [ 25.9473712, 35.1677707 ], [ 25.9473283, 35.1676605 ], [ 25.9473263, 35.167617 ], [ 25.9472638, 35.1676275 ], [ 25.9472651, 35.1677359 ] ] ] } },
{ "type": "Feature", "properties": { "@type": "way", "@id": 918607447, "admin_level": null, "amenity": null, "boundary": null, "building": "yes", "castle_type": null, "cuisine": null, "disused": null, "ford": null, "highway": null, "historic": null, "historic:civilization": null, "image": null, "int_name": null, "int_ref": null, "landuse": null, "lanes": null, "layer": null, "leisure": null, "man_made": null, "maxspeed": null, "maxspeed:type": null, "name": null, "name:de": null, "name:el": null, "name:en": null, "name:ru": null, "name:uk": null, "natural": null, "noexit": null, "old_ref": null, "oneway": null, "parking": null, "place": null, "population": null, "public_transport": null, "ref": null, "religion": null, "service": null, "shelter": null, "source": null, "source:old_ref": null, "source:ref": null, "sport": null, "surface": null, "tourism": null, "tower:type": null, "tunnel": null, "waterway": null, "wikidata": null, "wikipedia": null, "label": "building:yes" }, "geometry": { "type": "Polygon", "coordinates": [ [ [ 25.9474337, 35.1674998 ], [ 25.9474477, 35.1674925 ], [ 25.9474579, 35.1675092 ], [ 25.9474413, 35.1675238 ], [ 25.947509, 35.1676396 ], [ 25.9475702, 35.1677084 ], [ 25.9476455, 35.1677314 ], [ 25.9477271, 35.1677408 ], [ 25.9477948, 35.1677376 ], [ 25.9478216, 35.1677074 ], [ 25.9478751, 35.1676761 ], [ 25.9478611, 35.1676448 ], [ 25.9477284, 35.1676594 ], [ 25.9476315, 35.1676396 ], [ 25.9475651, 35.1675624 ], [ 25.9475842, 35.1675572 ], [ 25.9474834, 35.1673955 ], [ 25.947398, 35.1674122 ], [ 25.9474337, 35.1674998 ] ] ] } },
{ "type": "Feature", "properties": { "@type": "way", "@id": 918607448, "admin_level": null, "amenity": null, "boundary": null, "building": "yes", "castle_type": null, "cuisine": null, "disused": null, "ford": null, "highway": null, "historic": null, "historic:civilization": null, "image": null, "int_name": null, "int_ref": null, "landuse": null, "lanes": null, "layer": null, "leisure": null, "man_made": null, "maxspeed": null, "maxspeed:type": null, "name": null, "name:de": null, "name:el": null, "name:en": null, "name:ru": null, "name:uk": null, "natural": null, "noexit": null, "old_ref": null, "oneway": null, "parking": null, "place": null, "population": null, "public_transport": null, "ref": null, "religion": null, "service": null, "shelter": null, "source": null, "source:old_ref": null, "source:ref": null, "sport": null, "surface": null, "tourism": null, "tower:type": null, "tunnel": null, "waterway": null, "wikidata": null, "wikipedia": null, "label": "building:yes" }, "geometry": { "type": "Polygon", "coordinates": [ [ [ 25.9473677, 35.1676742 ], [ 25.9473879, 35.1677027 ], [ 25.9474841, 35.1678009 ], [ 25.9475204, 35.1677769 ], [ 25.947453, 35.167691 ], [ 25.9473639, 35.1675994 ], [ 25.9473518, 35.1676069 ], [ 25.9473677, 35.1676742 ] ] ] } },
{ "type": "Feature", "properties": { "@type": "way", "@id": 918607449, "admin_level": null, "amenity": null, "boundary": null, "building": "yes", "castle_type": null, "cuisine": null, "disused": null, "ford": null, "highway": null, "historic": null, "historic:civilization": null, "image": null, "int_name": null, "int_ref": null, "landuse": null, "lanes": null, "layer": null, "leisure": null, "man_made": null, "maxspeed": null, "maxspeed:type": null, "name": null, "name:de": null, "name:el": null, "name:en": null, "name:ru": null, "name:uk": null, "natural": null, "noexit": null, "old_ref": null, "oneway": null, "parking": null, "place": null, "population": null, "public_transport": null, "ref": null, "religion": null, "service": null, "shelter": null, "source": null, "source:old_ref": null, "source:ref": null, "sport": null, "surface": null, "tourism": null, "tower:type": null, "tunnel": null, "waterway": null, "wikidata": null, "wikipedia": null, "label": "building:yes" }, "geometry": { "type": "Polygon", "coordinates": [ [ [ 25.9472067, 35.1671986 ], [ 25.9472577, 35.1672757 ], [ 25.9472628, 35.1673519 ], [ 25.9472871, 35.1673967 ], [ 25.9473215, 35.1673967 ], [ 25.9473471, 35.1673842 ], [ 25.9473687, 35.1673039 ], [ 25.9474172, 35.1670901 ], [ 25.947416, 35.1670786 ], [ 25.9473113, 35.1671057 ], [ 25.9471863, 35.1671433 ], [ 25.9472067, 35.1671986 ] ] ] } },
{ "type": "Feature", "properties": { "@type": "way", "@id": 918607450, "admin_level": null, "amenity": null, "boundary": null, "building": "yes", "castle_type": null, "cuisine": null, "disused": null, "ford": null, "highway": null, "historic": null, "historic:civilization": null, "image": null, "int_name": null, "int_ref": null, "landuse": null, "lanes": null, "layer": null, "leisure": null, "man_made": null, "maxspeed": null, "maxspeed:type": null, "name": null, "name:de": null, "name:el": null, "name:en": null, "name:ru": null, "name:uk": null, "natural": null, "noexit": null, "old_ref": null, "oneway": null, "parking": null, "place": null, "population": null, "public_transport": null, "ref": null, "religion": null, "service": null, "shelter": null, "source": null, "source:old_ref": null, "source:ref": null, "sport": null, "surface": null, "tourism": null, "tower:type": null, "tunnel": null, "waterway": null, "wikidata": null, "wikipedia": null, "label": "building:yes" }, "geometry": { "type": "Polygon", "coordinates": [ [ [ 25.9474139, 35.1673495 ], [ 25.9474356, 35.1673464 ], [ 25.9474458, 35.1673839 ], [ 25.9475134, 35.1673651 ], [ 25.9474943, 35.1672754 ], [ 25.9474139, 35.1673046 ], [ 25.9474139, 35.1673495 ] ] ] } },
{ "type": "Feature", "properties": { "@type": "way", "@id": 918607451, "admin_level": null, "amenity": null, "boundary": null, "building": "yes", "castle_type": null, "cuisine": null, "disused": null, "ford": null, "highway": null, "historic": null, "historic:civilization": null, "image": null, "int_name": null, "int_ref": null, "landuse": null, "lanes": null, "layer": null, "leisure": null, "man_made": null, "maxspeed": null, "maxspeed:type": null, "name": null, "name:de": null, "name:el": null, "name:en": null, "name:ru": null, "name:uk": null, "natural": null, "noexit": null, "old_ref": null, "oneway": null, "parking": null, "place": null, "population": null, "public_transport": null, "ref": null, "religion": null, "service": null, "shelter": null, "source": null, "source:old_ref": null, "source:ref": null, "sport": null, "surface": null, "tourism": null, "tower:type": null, "tunnel": null, "waterway": null, "wikidata": null, "wikipedia": null, "label": "building:yes" }, "geometry": { "type": "Polygon", "coordinates": [ [ [ 25.9475057, 35.1672337 ], [ 25.9475083, 35.1671701 ], [ 25.9475274, 35.1670877 ], [ 25.9474483, 35.1670783 ], [ 25.9474279, 35.1671492 ], [ 25.9474139, 35.1672275 ], [ 25.9475057, 35.1672337 ] ] ] } },
{ "type": "Feature", "properties": { "@type": "way", "@id": 918607452, "admin_level": null, "amenity": null, "boundary": null, "building": "yes", "castle_type": null, "cuisine": null, "disused": null, "ford": null, "highway": null, "historic": null, "historic:civilization": null, "image": null, "int_name": null, "int_ref": null, "landuse": null, "lanes": null, "layer": null, "leisure": null, "man_made": null, "maxspeed": null, "maxspeed:type": null, "name": null, "name:de": null, "name:el": null, "name:en": null, "name:ru": null, "name:uk": null, "natural": null, "noexit": null, "old_ref": null, "oneway": null, "parking": null, "place": null, "population": null, "public_transport": null, "ref": null, "religion": null, "service": null, "shelter": null, "source": null, "source:old_ref": null, "source:ref": null, "sport": null, "surface": null, "tourism": null, "tower:type": null, "tunnel": null, "waterway": null, "wikidata": null, "wikipedia": null, "label": "building:yes" }, "geometry": { "type": "Polygon", "coordinates": [ [ [ 25.9475057, 35.1670627 ], [ 25.9475159, 35.1670168 ], [ 25.9474624, 35.1670095 ], [ 25.9474471, 35.1670595 ], [ 25.9475057, 35.1670627 ] ] ] } },
{ "type": "Feature", "properties": { "@type": "way", "@id": 918607453, "admin_level": null, "amenity": null, "boundary": null, "building": "yes", "castle_type": null, "cuisine": null, "disused": null, "ford": null, "highway": null, "historic": null, "historic:civilization": null, "image": null, "int_name": null, "int_ref": null, "landuse": null, "lanes": null, "layer": null, "leisure": null, "man_made": null, "maxspeed": null, "maxspeed:type": null, "name": null, "name:de": null, "name:el": null, "name:en": null, "name:ru": null, "name:uk": null, "natural": null, "noexit": null, "old_ref": null, "oneway": null, "parking": null, "place": null, "population": null, "public_transport": null, "ref": null, "religion": null, "service": null, "shelter": null, "source": null, "source:old_ref": null, "source:ref": null, "sport": null, "surface": null, "tourism": null, "tower:type": null, "tunnel": null, "waterway": null, "wikidata": null, "wikipedia": null, "label": "building:yes" }, "geometry": { "type": "Polygon", "coordinates": [ [ [ 25.9475499, 35.1669987 ], [ 25.947578, 35.1668579 ], [ 25.9475053, 35.1668443 ], [ 25.947467, 35.1669935 ], [ 25.9475499, 35.1669987 ] ] ] } },
{ "type": "Feature", "properties": { "@type": "way", "@id": 918607454, "admin_level": null, "amenity": null, "boundary": null, "building": "yes", "castle_type": null, "cuisine": null, "disused": null, "ford": null, "highway": null, "historic": null, "historic:civilization": null, "image": null, "int_name": null, "int_ref": null, "landuse": null, "lanes": null, "layer": null, "leisure": null, "man_made": null, "maxspeed": null, "maxspeed:type": null, "name": null, "name:de": null, "name:el": null, "name:en": null, "name:ru": null, "name:uk": null, "natural": null, "noexit": null, "old_ref": null, "oneway": null, "parking": null, "place": null, "population": null, "public_transport": null, "ref": null, "religion": null, "service": null, "shelter": null, "source": null, "source:old_ref": null, "source:ref": null, "sport": null, "surface": null, "tourism": null, "tower:type": null, "tunnel": null, "waterway": null, "wikidata": null, "wikipedia": null, "label": "building:yes" }, "geometry": { "type": "Polygon", "coordinates": [ [ [ 25.9476036, 35.1668367 ], [ 25.9476061, 35.1669202 ], [ 25.9476584, 35.1669097 ], [ 25.9476635, 35.1668263 ], [ 25.9476661, 35.1667084 ], [ 25.9476469, 35.1667084 ], [ 25.9476635, 35.1665447 ], [ 25.9475257, 35.1665499 ], [ 25.9475308, 35.1666396 ], [ 25.9475347, 35.1666646 ], [ 25.9475347, 35.1667262 ], [ 25.9475181, 35.16682 ], [ 25.9476036, 35.1668367 ] ] ] } },
{ "type": "Feature", "properties": { "@type": "way", "@id": 918607455, "admin_level": null, "amenity": null, "boundary": null, "building": "yes", "castle_type": null, "cuisine": null, "disused": null, "ford": null, "highway": null, "historic": null, "historic:civilization": null, "image": null, "int_name": null, "int_ref": null, "landuse": null, "lanes": null, "layer": null, "leisure": null, "man_made": null, "maxspeed": null, "maxspeed:type": null, "name": null, "name:de": null, "name:el": null, "name:en": null, "name:ru": null, "name:uk": null, "natural": null, "noexit": null, "old_ref": null, "oneway": null, "parking": null, "place": null, "population": null, "public_transport": null, "ref": null, "religion": null, "service": null, "shelter": null, "source": null, "source:old_ref": null, "source:ref": null, "sport": null, "surface": null, "tourism": null, "tower:type": null, "tunnel": null, "waterway": null, "wikidata": null, "wikipedia": null, "label": "building:yes" }, "geometry": { "type": "Polygon", "coordinates": [ [ [ 25.9469618, 35.1669289 ], [ 25.9470464, 35.1669723 ], [ 25.9471026, 35.1670043 ], [ 25.9471191, 35.1669991 ], [ 25.9471396, 35.1670147 ], [ 25.9471319, 35.1670377 ], [ 25.9471727, 35.1671076 ], [ 25.9472786, 35.1670752 ], [ 25.947433, 35.1670314 ], [ 25.9474751, 35.1668812 ], [ 25.9474024, 35.1668823 ], [ 25.9473884, 35.1667853 ], [ 25.9474139, 35.1667874 ], [ 25.9474292, 35.1668635 ], [ 25.9474789, 35.1668604 ], [ 25.9474892, 35.1667655 ], [ 25.9474892, 35.1667227 ], [ 25.9474624, 35.1667145 ], [ 25.9474045, 35.1667177 ], [ 25.9473429, 35.1667264 ], [ 25.9472612, 35.1667382 ], [ 25.9472965, 35.1668917 ], [ 25.9472697, 35.166899 ], [ 25.9472263, 35.1667206 ], [ 25.947188, 35.1667206 ], [ 25.947114, 35.1667123 ], [ 25.9471365, 35.1667918 ], [ 25.9471383, 35.1668739 ], [ 25.9471026, 35.1668885 ], [ 25.9470911, 35.1668604 ], [ 25.946952, 35.1669177 ], [ 25.9469618, 35.1669289 ] ] ] } },
{ "type": "Feature", "properties": { "@type": "way", "@id": 918607456, "admin_level": null, "amenity": null, "boundary": null, "building": "yes", "castle_type": null, "cuisine": null, "disused": null, "ford": null, "highway": null, "historic": null, "historic:civilization": null, "image": null, "int_name": null, "int_ref": null, "landuse": null, "lanes": null, "layer": null, "leisure": null, "man_made": null, "maxspeed": null, "maxspeed:type": null, "name": null, "name:de": null, "name:el": null, "name:en": null, "name:ru": null, "name:uk": null, "natural": null, "noexit": null, "old_ref": null, "oneway": null, "parking": null, "place": null, "population": null, "public_transport": null, "ref": null, "religion": null, "service": null, "shelter": null, "source": null, "source:old_ref": null, "source:ref": null, "sport": null, "surface": null, "tourism": null, "tower:type": null, "tunnel": null, "waterway": null, "wikidata": null, "wikipedia": null, "label": "building:yes" }, "geometry": { "type": "Polygon", "coordinates": [ [ [ 25.9467869, 35.1668026 ], [ 25.9468022, 35.1668005 ], [ 25.9468609, 35.1668381 ], [ 25.9468711, 35.1668631 ], [ 25.9469426, 35.1668902 ], [ 25.9471046, 35.1668363 ], [ 25.9471021, 35.1667682 ], [ 25.947088, 35.1666994 ], [ 25.9469681, 35.1666764 ], [ 25.9468852, 35.1666973 ], [ 25.9468967, 35.1667202 ], [ 25.9468443, 35.166738 ], [ 25.946829, 35.1667077 ], [ 25.946741, 35.1667411 ], [ 25.9467869, 35.1668026 ] ] ] } },
{ "type": "Feature", "properties": { "@type": "way", "@id": 918607457, "admin_level": null, "amenity": null, "boundary": null, "building": "yes", "castle_type": null, "cuisine": null, "disused": null, "ford": null, "highway": null, "historic": null, "historic:civilization": null, "image": null, "int_name": null, "int_ref": null, "landuse": null, "lanes": null, "layer": null, "leisure": null, "man_made": null, "maxspeed": null, "maxspeed:type": null, "name": null, "name:de": null, "name:el": null, "name:en": null, "name:ru": null, "name:uk": null, "natural": null, "noexit": null, "old_ref": null, "oneway": null, "parking": null, "place": null, "population": null, "public_transport": null, "ref": null, "religion": null, "service": null, "shelter": null, "source": null, "source:old_ref": null, "source:ref": null, "sport": null, "surface": null, "tourism": null, "tower:type": null, "tunnel": null, "waterway": null, "wikidata": null, "wikipedia": null, "label": "building:yes" }, "geometry": { "type": "Polygon", "coordinates": [ [ [ 25.9466126, 35.1664108 ], [ 25.946619, 35.1664922 ], [ 25.9466382, 35.1665526 ], [ 25.9467346, 35.1665344 ], [ 25.9467369, 35.1664738 ], [ 25.9468277, 35.1664746 ], [ 25.9468288, 35.1665047 ], [ 25.9467756, 35.1665135 ], [ 25.9467664, 35.1665639 ], [ 25.9466502, 35.1665762 ], [ 25.9467134, 35.1667143 ], [ 25.9468346, 35.1666663 ], [ 25.9469265, 35.1666549 ], [ 25.9469227, 35.1665401 ], [ 25.9469465, 35.1665194 ], [ 25.946966, 35.1664974 ], [ 25.9469495, 35.1663607 ], [ 25.9469073, 35.1663555 ], [ 25.9468831, 35.1662846 ], [ 25.9468601, 35.1662658 ], [ 25.9468219, 35.1662888 ], [ 25.946767, 35.1663107 ], [ 25.9467683, 35.1663451 ], [ 25.9467402, 35.1663461 ], [ 25.9467364, 35.1663242 ], [ 25.9466126, 35.1663461 ], [ 25.9466126, 35.1664108 ] ] ] } },
{ "type": "Feature", "properties": { "@type": "way", "@id": 918607458, "admin_level": null, "amenity": null, "boundary": null, "building": "yes", "castle_type": null, "cuisine": null, "disused": null, "ford": null, "highway": null, "historic": null, "historic:civilization": null, "image": null, "int_name": null, "int_ref": null, "landuse": null, "lanes": null, "layer": null, "leisure": null, "man_made": null, "maxspeed": null, "maxspeed:type": null, "name": null, "name:de": null, "name:el": null, "name:en": null, "name:ru": null, "name:uk": null, "natural": null, "noexit": null, "old_ref": null, "oneway": null, "parking": null, "place": null, "population": null, "public_transport": null, "ref": null, "religion": null, "service": null, "shelter": null, "source": null, "source:old_ref": null, "source:ref": null, "sport": null, "surface": null, "tourism": null, "tower:type": null, "tunnel": null, "waterway": null, "wikidata": null, "wikipedia": null, "label": "building:yes" }, "geometry": { "type": "Polygon", "coordinates": [ [ [ 25.9469485, 35.1666556 ], [ 25.9470234, 35.166649 ], [ 25.9470277, 35.1666671 ], [ 25.9471001, 35.1666778 ], [ 25.9472282, 35.1666896 ], [ 25.9472119, 35.1664491 ], [ 25.9470721, 35.1664573 ], [ 25.9470486, 35.1664565 ], [ 25.94699, 35.1664278 ], [ 25.946981, 35.1664359 ], [ 25.9469927, 35.1665133 ], [ 25.9469756, 35.166562 ], [ 25.9469449, 35.1665664 ], [ 25.9469485, 35.1666556 ] ] ] } },
{ "type": "Feature", "properties": { "@type": "way", "@id": 918607459, "admin_level": null, "amenity": null, "boundary": null, "building": "yes", "castle_type": null, "cuisine": null, "disused": null, "ford": null, "highway": null, "historic": null, "historic:civilization": null, "image": null, "int_name": null, "int_ref": null, "landuse": null, "lanes": null, "layer": null, "leisure": null, "man_made": null, "maxspeed": null, "maxspeed:type": null, "name": null, "name:de": null, "name:el": null, "name:en": null, "name:ru": null, "name:uk": null, "natural": null, "noexit": null, "old_ref": null, "oneway": null, "parking": null, "place": null, "population": null, "public_transport": null, "ref": null, "religion": null, "service": null, "shelter": null, "source": null, "source:old_ref": null, "source:ref": null, "sport": null, "surface": null, "tourism": null, "tower:type": null, "tunnel": null, "waterway": null, "wikidata": null, "wikipedia": null, "label": "building:yes" }, "geometry": { "type": "Polygon", "coordinates": [ [ [ 25.9472553, 35.1667 ], [ 25.9473699, 35.1666897 ], [ 25.9474818, 35.1666624 ], [ 25.947489, 35.1666572 ], [ 25.9474858, 35.166537 ], [ 25.9472409, 35.1665547 ], [ 25.9472553, 35.1667 ] ] ] } },
{ "type": "Feature", "properties": { "@type": "way", "@id": 918607460, "admin_level": null, "amenity": null, "boundary": null, "building": "yes", "castle_type": null, "cuisine": null, "disused": null, "ford": null, "highway": null, "historic": null, "historic:civilization": null, "image": null, "int_name": null, "int_ref": null, "landuse": null, "lanes": null, "layer": null, "leisure": null, "man_made": null, "maxspeed": null, "maxspeed:type": null, "name": null, "name:de": null, "name:el": null, "name:en": null, "name:ru": null, "name:uk": null, "natural": null, "noexit": null, "old_ref": null, "oneway": null, "parking": null, "place": null, "population": null, "public_transport": null, "ref": null, "religion": null, "service": null, "shelter": null, "source": null, "source:old_ref": null, "source:ref": null, "sport": null, "surface": null, "tourism": null, "tower:type": null, "tunnel": null, "waterway": null, "wikidata": null, "wikipedia": null, "label": "building:yes" }, "geometry": { "type": "Polygon", "coordinates": [ [ [ 25.9472396, 35.166536 ], [ 25.9474949, 35.1664991 ], [ 25.9474949, 35.1664342 ], [ 25.9474895, 35.166376 ], [ 25.9473812, 35.1663844 ], [ 25.9472396, 35.1663944 ], [ 25.9472396, 35.166536 ] ] ] } },
{ "type": "Feature", "properties": { "@type": "way", "@id": 918607461, "admin_level": null, "amenity": null, "boundary": null, "building": "yes", "castle_type": null, "cuisine": null, "disused": null, "ford": null, "highway": null, "historic": null, "historic:civilization": null, "image": null, "int_name": null, "int_ref": null, "landuse": null, "lanes": null, "layer": null, "leisure": null, "man_made": null, "maxspeed": null, "maxspeed:type": null, "name": null, "name:de": null, "name:el": null, "name:en": null, "name:ru": null, "name:uk": null, "natural": null, "noexit": null, "old_ref": null, "oneway": null, "parking": null, "place": null, "population": null, "public_transport": null, "ref": null, "religion": null, "service": null, "shelter": null, "source": null, "source:old_ref": null, "source:ref": null, "sport": null, "surface": null, "tourism": null, "tower:type": null, "tunnel": null, "waterway": null, "wikidata": null, "wikipedia": null, "label": "building:yes" }, "geometry": { "type": "Polygon", "coordinates": [ [ [ 25.9479672, 35.1672306 ], [ 25.94798, 35.1672212 ], [ 25.9479966, 35.1672441 ], [ 25.9480642, 35.1672128 ], [ 25.9480285, 35.167143 ], [ 25.9479672, 35.1671659 ], [ 25.9479736, 35.1671972 ], [ 25.9479494, 35.1672087 ], [ 25.9479672, 35.1672306 ] ] ] } },
{ "type": "Feature", "properties": { "@type": "way", "@id": 918607462, "admin_level": null, "amenity": null, "boundary": null, "building": "yes", "castle_type": null, "cuisine": null, "disused": null, "ford": null, "highway": null, "historic": null, "historic:civilization": null, "image": null, "int_name": null, "int_ref": null, "landuse": null, "lanes": null, "layer": null, "leisure": null, "man_made": null, "maxspeed": null, "maxspeed:type": null, "name": null, "name:de": null, "name:el": null, "name:en": null, "name:ru": null, "name:uk": null, "natural": null, "noexit": null, "old_ref": null, "oneway": null, "parking": null, "place": null, "population": null, "public_transport": null, "ref": null, "religion": null, "service": null, "shelter": null, "source": null, "source:old_ref": null, "source:ref": null, "sport": null, "surface": null, "tourism": null, "tower:type": null, "tunnel": null, "waterway": null, "wikidata": null, "wikipedia": null, "label": "building:yes" }, "geometry": { "type": "Polygon", "coordinates": [ [ [ 25.9469677, 35.1662074 ], [ 25.9469537, 35.166247 ], [ 25.946923, 35.1662512 ], [ 25.9469205, 35.1662762 ], [ 25.9469345, 35.1663355 ], [ 25.9469817, 35.1663544 ], [ 25.9469907, 35.1664118 ], [ 25.9470749, 35.1664327 ], [ 25.9471552, 35.1664368 ], [ 25.9471501, 35.1663836 ], [ 25.9472203, 35.1663805 ], [ 25.9472318, 35.1663555 ], [ 25.9473862, 35.1663304 ], [ 25.9474704, 35.1663267 ], [ 25.9474198, 35.166148 ], [ 25.9473981, 35.1661009 ], [ 25.9473613, 35.166051 ], [ 25.9473119, 35.1659986 ], [ 25.9472752, 35.1660172 ], [ 25.9471929, 35.166069 ], [ 25.947256, 35.166126 ], [ 25.9472171, 35.166158 ], [ 25.9471615, 35.1660931 ], [ 25.9471353, 35.1660995 ], [ 25.9471285, 35.1661093 ], [ 25.9471208, 35.1662126 ], [ 25.9470532, 35.1662209 ], [ 25.947043, 35.1662074 ], [ 25.9470481, 35.1661823 ], [ 25.9470504, 35.1661706 ], [ 25.9470477, 35.1661585 ], [ 25.9469441, 35.1661227 ], [ 25.9469192, 35.1661875 ], [ 25.9469677, 35.1662074 ] ] ] } },
{ "type": "Feature", "properties": { "@type": "way", "@id": 918607463, "admin_level": null, "amenity": null, "boundary": null, "building": "yes", "castle_type": null, "cuisine": null, "disused": null, "ford": null, "highway": null, "historic": null, "historic:civilization": null, "image": null, "int_name": null, "int_ref": null, "landuse": null, "lanes": null, "layer": null, "leisure": null, "man_made": null, "maxspeed": null, "maxspeed:type": null, "name": null, "name:de": null, "name:el": null, "name:en": null, "name:ru": null, "name:uk": null, "natural": null, "noexit": null, "old_ref": null, "oneway": null, "parking": null, "place": null, "population": null, "public_transport": null, "ref": null, "religion": null, "service": null, "shelter": null, "source": null, "source:old_ref": null, "source:ref": null, "sport": null, "surface": null, "tourism": null, "tower:type": null, "tunnel": null, "waterway": null, "wikidata": null, "wikipedia": null, "label": "building:yes" }, "geometry": { "type": "Polygon", "coordinates": [ [ [ 25.9460891, 35.1665025 ], [ 25.9461045, 35.1664952 ], [ 25.9461427, 35.1664733 ], [ 25.9461708, 35.1664733 ], [ 25.9462155, 35.1664629 ], [ 25.9462167, 35.1664973 ], [ 25.9462474, 35.1664973 ], [ 25.9462588, 35.1664337 ], [ 25.9463022, 35.1664358 ], [ 25.9463099, 35.166466 ], [ 25.946389, 35.1664483 ], [ 25.9464426, 35.1663962 ], [ 25.9464592, 35.1663471 ], [ 25.9461172, 35.1663315 ], [ 25.9461057, 35.1663982 ], [ 25.9460598, 35.1664003 ], [ 25.9460891, 35.1665025 ] ] ] } },
{ "type": "Feature", "properties": { "@type": "way", "@id": 918607464, "admin_level": null, "amenity": null, "boundary": null, "building": "yes", "castle_type": null, "cuisine": null, "disused": null, "ford": null, "highway": null, "historic": null, "historic:civilization": null, "image": null, "int_name": null, "int_ref": null, "landuse": null, "lanes": null, "layer": null, "leisure": null, "man_made": null, "maxspeed": null, "maxspeed:type": null, "name": null, "name:de": null, "name:el": null, "name:en": null, "name:ru": null, "name:uk": null, "natural": null, "noexit": null, "old_ref": null, "oneway": null, "parking": null, "place": null, "population": null, "public_transport": null, "ref": null, "religion": null, "service": null, "shelter": null, "source": null, "source:old_ref": null, "source:ref": null, "sport": null, "surface": null, "tourism": null, "tower:type": null, "tunnel": null, "waterway": null, "wikidata": null, "wikipedia": null, "label": "building:yes" }, "geometry": { "type": "Polygon", "coordinates": [ [ [ 25.9466015, 35.1663345 ], [ 25.9466807, 35.1663022 ], [ 25.9466564, 35.1662469 ], [ 25.9465811, 35.1662876 ], [ 25.9466015, 35.1663345 ] ] ] } },
{ "type": "Feature", "properties": { "@type": "way", "@id": 918607465, "admin_level": null, "amenity": null, "boundary": null, "building": "yes", "castle_type": null, "cuisine": null, "disused": null, "ford": null, "highway": null, "historic": null, "historic:civilization": null, "image": null, "int_name": null, "int_ref": null, "landuse": null, "lanes": null, "layer": null, "leisure": null, "man_made": null, "maxspeed": null, "maxspeed:type": null, "name": null, "name:de": null, "name:el": null, "name:en": null, "name:ru": null, "name:uk": null, "natural": null, "noexit": null, "old_ref": null, "oneway": null, "parking": null, "place": null, "population": null, "public_transport": null, "ref": null, "religion": null, "service": null, "shelter": null, "source": null, "source:old_ref": null, "source:ref": null, "sport": null, "surface": null, "tourism": null, "tower:type": null, "tunnel": null, "waterway": null, "wikidata": null, "wikipedia": null, "label": "building:yes" }, "geometry": { "type": "Polygon", "coordinates": [ [ [ 25.946678, 35.1660109 ], [ 25.9466474, 35.1660641 ], [ 25.9467227, 35.166111 ], [ 25.946798, 35.166038 ], [ 25.9468413, 35.1660631 ], [ 25.9468439, 35.1660985 ], [ 25.9468222, 35.1661402 ], [ 25.9467941, 35.166158 ], [ 25.9467546, 35.1661361 ], [ 25.9466563, 35.1662362 ], [ 25.946678, 35.1662727 ], [ 25.9466895, 35.1663071 ], [ 25.9467686, 35.1662779 ], [ 25.9468158, 35.1662477 ], [ 25.946835, 35.166206 ], [ 25.9468669, 35.1661507 ], [ 25.9468911, 35.1661006 ], [ 25.9468911, 35.1660589 ], [ 25.9468732, 35.166037 ], [ 25.9468133, 35.1660046 ], [ 25.9467227, 35.1659525 ], [ 25.9466295, 35.1659003 ], [ 25.9466181, 35.165941 ], [ 25.946678, 35.1660109 ] ] ] } },
{ "type": "Feature", "properties": { "@type": "way", "@id": 918607466, "admin_level": null, "amenity": null, "boundary": null, "building": "yes", "castle_type": null, "cuisine": null, "disused": null, "ford": null, "highway": null, "historic": null, "historic:civilization": null, "image": null, "int_name": null, "int_ref": null, "landuse": null, "lanes": null, "layer": null, "leisure": null, "man_made": null, "maxspeed": null, "maxspeed:type": null, "name": null, "name:de": null, "name:el": null, "name:en": null, "name:ru": null, "name:uk": null, "natural": null, "noexit": null, "old_ref": null, "oneway": null, "parking": null, "place": null, "population": null, "public_transport": null, "ref": null, "religion": null, "service": null, "shelter": null, "source": null, "source:old_ref": null, "source:ref": null, "sport": null, "surface": null, "tourism": null, "tower:type": null, "tunnel": null, "waterway": null, "wikidata": null, "wikipedia": null, "label": "building:yes" }, "geometry": { "type": "Polygon", "coordinates": [ [ [ 25.9470337, 35.1659923 ], [ 25.9471013, 35.1659224 ], [ 25.9470248, 35.1658974 ], [ 25.9469865, 35.1659569 ], [ 25.9470337, 35.1659923 ] ] ] } },
{ "type": "Feature", "properties": { "@type": "way", "@id": 918607467, "admin_level": null, "amenity": null, "boundary": null, "building": "yes", "castle_type": null, "cuisine": null, "disused": null, "ford": null, "highway": null, "historic": null, "historic:civilization": null, "image": null, "int_name": null, "int_ref": null, "landuse": null, "lanes": null, "layer": null, "leisure": null, "man_made": null, "maxspeed": null, "maxspeed:type": null, "name": null, "name:de": null, "name:el": null, "name:en": null, "name:ru": null, "name:uk": null, "natural": null, "noexit": null, "old_ref": null, "oneway": null, "parking": null, "place": null, "population": null, "public_transport": null, "ref": null, "religion": null, "service": null, "shelter": null, "source": null, "source:old_ref": null, "source:ref": null, "sport": null, "surface": null, "tourism": null, "tower:type": null, "tunnel": null, "waterway": null, "wikidata": null, "wikipedia": null, "label": "building:yes" }, "geometry": { "type": "Polygon", "coordinates": [ [ [ 25.9464547, 35.165582 ], [ 25.9464815, 35.1656425 ], [ 25.9465772, 35.1657082 ], [ 25.9466206, 35.1657114 ], [ 25.946641, 35.1657051 ], [ 25.9466563, 35.1657176 ], [ 25.9466219, 35.1657395 ], [ 25.9466754, 35.1658897 ], [ 25.9467061, 35.1659074 ], [ 25.9467571, 35.1658553 ], [ 25.9467852, 35.1658741 ], [ 25.9467392, 35.1659231 ], [ 25.9468758, 35.1660076 ], [ 25.9469242, 35.1660232 ], [ 25.9469676, 35.165969 ], [ 25.946937, 35.1659273 ], [ 25.9469415, 35.1658799 ], [ 25.9469063, 35.1658483 ], [ 25.9467826, 35.1657726 ], [ 25.9466276, 35.1656441 ], [ 25.9464662, 35.1655185 ], [ 25.9464389, 35.1655337 ], [ 25.9464547, 35.165582 ] ] ] } },
{ "type": "Feature", "properties": { "@type": "way", "@id": 918607468, "admin_level": null, "amenity": null, "boundary": null, "building": "yes", "castle_type": null, "cuisine": null, "disused": null, "ford": null, "highway": null, "historic": null, "historic:civilization": null, "image": null, "int_name": null, "int_ref": null, "landuse": null, "lanes": null, "layer": null, "leisure": null, "man_made": null, "maxspeed": null, "maxspeed:type": null, "name": null, "name:de": null, "name:el": null, "name:en": null, "name:ru": null, "name:uk": null, "natural": null, "noexit": null, "old_ref": null, "oneway": null, "parking": null, "place": null, "population": null, "public_transport": null, "ref": null, "religion": null, "service": null, "shelter": null, "source": null, "source:old_ref": null, "source:ref": null, "sport": null, "surface": null, "tourism": null, "tower:type": null, "tunnel": null, "waterway": null, "wikidata": null, "wikipedia": null, "label": "building:yes" }, "geometry": { "type": "Polygon", "coordinates": [ [ [ 25.9468878, 35.1657944 ], [ 25.9469989, 35.1658496 ], [ 25.9470563, 35.1658643 ], [ 25.9470677, 35.1658486 ], [ 25.9472055, 35.1658872 ], [ 25.9472285, 35.1658538 ], [ 25.9471175, 35.1658058 ], [ 25.9470958, 35.1657766 ], [ 25.9469504, 35.1656984 ], [ 25.9468674, 35.1657808 ], [ 25.9468878, 35.1657944 ] ] ] } },
{ "type": "Feature", "properties": { "@type": "way", "@id": 918607469, "admin_level": null, "amenity": null, "boundary": null, "building": "yes", "castle_type": null, "cuisine": null, "disused": null, "ford": null, "highway": null, "historic": null, "historic:civilization": null, "image": null, "int_name": null, "int_ref": null, "landuse": null, "lanes": null, "layer": null, "leisure": null, "man_made": null, "maxspeed": null, "maxspeed:type": null, "name": null, "name:de": null, "name:el": null, "name:en": null, "name:ru": null, "name:uk": null, "natural": null, "noexit": null, "old_ref": null, "oneway": null, "parking": null, "place": null, "population": null, "public_transport": null, "ref": null, "religion": null, "service": null, "shelter": null, "source": null, "source:old_ref": null, "source:ref": null, "sport": null, "surface": null, "tourism": null, "tower:type": null, "tunnel": null, "waterway": null, "wikidata": null, "wikipedia": null, "label": "building:yes" }, "geometry": { "type": "Polygon", "coordinates": [ [ [ 25.946738, 35.1656839 ], [ 25.9468222, 35.1657517 ], [ 25.9468465, 35.16571 ], [ 25.9467993, 35.1656714 ], [ 25.9468197, 35.1656609 ], [ 25.9469014, 35.1657256 ], [ 25.9470136, 35.1656223 ], [ 25.9469269, 35.1655629 ], [ 25.9468643, 35.1655942 ], [ 25.9467176, 35.1655191 ], [ 25.9466449, 35.1656098 ], [ 25.946738, 35.1656839 ] ] ] } },
{ "type": "Feature", "properties": { "@type": "way", "@id": 918607470, "admin_level": null, "amenity": null, "boundary": null, "building": "yes", "castle_type": null, "cuisine": null, "disused": null, "ford": null, "highway": null, "historic": null, "historic:civilization": null, "image": null, "int_name": null, "int_ref": null, "landuse": null, "lanes": null, "layer": null, "leisure": null, "man_made": null, "maxspeed": null, "maxspeed:type": null, "name": null, "name:de": null, "name:el": null, "name:en": null, "name:ru": null, "name:uk": null, "natural": null, "noexit": null, "old_ref": null, "oneway": null, "parking": null, "place": null, "population": null, "public_transport": null, "ref": null, "religion": null, "service": null, "shelter": null, "source": null, "source:old_ref": null, "source:ref": null, "sport": null, "surface": null, "tourism": null, "tower:type": null, "tunnel": null, "waterway": null, "wikidata": null, "wikipedia": null, "label": "building:yes" }, "geometry": { "type": "Polygon", "coordinates": [ [ [ 25.9464108, 35.1653964 ], [ 25.9463917, 35.1654069 ], [ 25.9464402, 35.1654538 ], [ 25.9466111, 35.165409 ], [ 25.9465767, 35.1652734 ], [ 25.9465435, 35.1651743 ], [ 25.9464848, 35.1651785 ], [ 25.946495, 35.165216 ], [ 25.9464159, 35.1652494 ], [ 25.9464338, 35.1652869 ], [ 25.9464134, 35.1652942 ], [ 25.9464287, 35.1653328 ], [ 25.9463802, 35.1653412 ], [ 25.9464108, 35.1653964 ] ] ] } },
{ "type": "Feature", "properties": { "@type": "way", "@id": 918607471, "admin_level": null, "amenity": null, "boundary": null, "building": "yes", "castle_type": null, "cuisine": null, "disused": null, "ford": null, "highway": null, "historic": null, "historic:civilization": null, "image": null, "int_name": null, "int_ref": null, "landuse": null, "lanes": null, "layer": null, "leisure": null, "man_made": null, "maxspeed": null, "maxspeed:type": null, "name": null, "name:de": null, "name:el": null, "name:en": null, "name:ru": null, "name:uk": null, "natural": null, "noexit": null, "old_ref": null, "oneway": null, "parking": null, "place": null, "population": null, "public_transport": null, "ref": null, "religion": null, "service": null, "shelter": null, "source": null, "source:old_ref": null, "source:ref": null, "sport": null, "surface": null, "tourism": null, "tower:type": null, "tunnel": null, "waterway": null, "wikidata": null, "wikipedia": null, "label": "building:yes" }, "geometry": { "type": "Polygon", "coordinates": [ [ [ 25.9462831, 35.1654585 ], [ 25.9463558, 35.1654303 ], [ 25.9463277, 35.1653156 ], [ 25.9462435, 35.1653375 ], [ 25.9462831, 35.1654585 ] ] ] } },
{ "type": "Feature", "properties": { "@type": "way", "@id": 918607472, "admin_level": null, "amenity": null, "boundary": null, "building": "yes", "castle_type": null, "cuisine": null, "disused": null, "ford": null, "highway": null, "historic": null, "historic:civilization": null, "image": null, "int_name": null, "int_ref": null, "landuse": null, "lanes": null, "layer": null, "leisure": null, "man_made": null, "maxspeed": null, "maxspeed:type": null, "name": null, "name:de": null, "name:el": null, "name:en": null, "name:ru": null, "name:uk": null, "natural": null, "noexit": null, "old_ref": null, "oneway": null, "parking": null, "place": null, "population": null, "public_transport": null, "ref": null, "religion": null, "service": null, "shelter": null, "source": null, "source:old_ref": null, "source:ref": null, "sport": null, "surface": null, "tourism": null, "tower:type": null, "tunnel": null, "waterway": null, "wikidata": null, "wikipedia": null, "label": "building:yes" }, "geometry": { "type": "Polygon", "coordinates": [ [ [ 25.9463516, 35.1656984 ], [ 25.9464345, 35.1656608 ], [ 25.9464026, 35.1656024 ], [ 25.9463222, 35.1656368 ], [ 25.9463516, 35.1656984 ] ] ] } },
{ "type": "Feature", "properties": { "@type": "way", "@id": 918607473, "admin_level": null, "amenity": null, "boundary": null, "building": "yes", "castle_type": null, "cuisine": null, "disused": null, "ford": null, "highway": null, "historic": null, "historic:civilization": null, "image": null, "int_name": null, "int_ref": null, "landuse": null, "lanes": null, "layer": null, "leisure": null, "man_made": null, "maxspeed": null, "maxspeed:type": null, "name": null, "name:de": null, "name:el": null, "name:en": null, "name:ru": null, "name:uk": null, "natural": null, "noexit": null, "old_ref": null, "oneway": null, "parking": null, "place": null, "population": null, "public_transport": null, "ref": null, "religion": null, "service": null, "shelter": null, "source": null, "source:old_ref": null, "source:ref": null, "sport": null, "surface": null, "tourism": null, "tower:type": null, "tunnel": null, "waterway": null, "wikidata": null, "wikipedia": null, "label": "building:yes" }, "geometry": { "type": "Polygon", "coordinates": [ [ [ 25.9463584, 35.1649516 ], [ 25.9464566, 35.1649443 ], [ 25.9464528, 35.1648097 ], [ 25.9463533, 35.1648087 ], [ 25.9463584, 35.1649516 ] ] ] } },
{ "type": "Feature", "properties": { "@type": "way", "@id": 918607474, "admin_level": null, "amenity": null, "boundary": null, "building": "yes", "castle_type": null, "cuisine": null, "disused": null, "ford": null, "highway": null, "historic": null, "historic:civilization": null, "image": null, "int_name": null, "int_ref": null, "landuse": null, "lanes": null, "layer": null, "leisure": null, "man_made": null, "maxspeed": null, "maxspeed:type": null, "name": null, "name:de": null, "name:el": null, "name:en": null, "name:ru": null, "name:uk": null, "natural": null, "noexit": null, "old_ref": null, "oneway": null, "parking": null, "place": null, "population": null, "public_transport": null, "ref": null, "religion": null, "service": null, "shelter": null, "source": null, "source:old_ref": null, "source:ref": null, "sport": null, "surface": null, "tourism": null, "tower:type": null, "tunnel": null, "waterway": null, "wikidata": null, "wikipedia": null, "label": "building:yes" }, "geometry": { "type": "Polygon", "coordinates": [ [ [ 25.9463698, 35.164768 ], [ 25.9464617, 35.1647524 ], [ 25.9464426, 35.1645135 ], [ 25.9463673, 35.1645208 ], [ 25.9463698, 35.164768 ] ] ] } },
{ "type": "Feature", "properties": { "@type": "way", "@id": 918607475, "admin_level": null, "amenity": null, "boundary": null, "building": "yes", "castle_type": null, "cuisine": null, "disused": null, "ford": null, "highway": null, "historic": null, "historic:civilization": null, "image": null, "int_name": null, "int_ref": null, "landuse": null, "lanes": null, "layer": null, "leisure": null, "man_made": null, "maxspeed": null, "maxspeed:type": null, "name": null, "name:de": null, "name:el": null, "name:en": null, "name:ru": null, "name:uk": null, "natural": null, "noexit": null, "old_ref": null, "oneway": null, "parking": null, "place": null, "population": null, "public_transport": null, "ref": null, "religion": null, "service": null, "shelter": null, "source": null, "source:old_ref": null, "source:ref": null, "sport": null, "surface": null, "tourism": null, "tower:type": null, "tunnel": null, "waterway": null, "wikidata": null, "wikipedia": null, "label": "building:yes" }, "geometry": { "type": "Polygon", "coordinates": [ [ [ 25.9462895, 35.1642809 ], [ 25.9463813, 35.1642548 ], [ 25.946329, 35.16409 ], [ 25.9462244, 35.164114 ], [ 25.9462895, 35.1642809 ] ] ] } },
{ "type": "Feature", "properties": { "@type": "way", "@id": 918607476, "admin_level": null, "amenity": null, "boundary": null, "building": "yes", "castle_type": null, "cuisine": null, "disused": null, "ford": null, "highway": null, "historic": null, "historic:civilization": null, "image": null, "int_name": null, "int_ref": null, "landuse": null, "lanes": null, "layer": null, "leisure": null, "man_made": null, "maxspeed": null, "maxspeed:type": null, "name": null, "name:de": null, "name:el": null, "name:en": null, "name:ru": null, "name:uk": null, "natural": null, "noexit": null, "old_ref": null, "oneway": null, "parking": null, "place": null, "population": null, "public_transport": null, "ref": null, "religion": null, "service": null, "shelter": null, "source": null, "source:old_ref": null, "source:ref": null, "sport": null, "surface": null, "tourism": null, "tower:type": null, "tunnel": null, "waterway": null, "wikidata": null, "wikipedia": null, "label": "building:yes" }, "geometry": { "type": "Polygon", "coordinates": [ [ [ 25.9461338, 35.1643508 ], [ 25.9462218, 35.1643268 ], [ 25.9461925, 35.1642413 ], [ 25.9461019, 35.1642569 ], [ 25.9461338, 35.1643508 ] ] ] } },
{ "type": "Feature", "properties": { "@type": "way", "@id": 918607477, "admin_level": null, "amenity": null, "boundary": null, "building": "yes", "castle_type": null, "cuisine": null, "disused": null, "ford": null, "highway": null, "historic": null, "historic:civilization": null, "image": null, "int_name": null, "int_ref": null, "landuse": null, "lanes": null, "layer": null, "leisure": null, "man_made": null, "maxspeed": null, "maxspeed:type": null, "name": null, "name:de": null, "name:el": null, "name:en": null, "name:ru": null, "name:uk": null, "natural": null, "noexit": null, "old_ref": null, "oneway": null, "parking": null, "place": null, "population": null, "public_transport": null, "ref": null, "religion": null, "service": null, "shelter": null, "source": null, "source:old_ref": null, "source:ref": null, "sport": null, "surface": null, "tourism": null, "tower:type": null, "tunnel": null, "waterway": null, "wikidata": null, "wikipedia": null, "label": "building:yes" }, "geometry": { "type": "Polygon", "coordinates": [ [ [ 25.9448959, 35.1603416 ], [ 25.9449185, 35.1603158 ], [ 25.9448436, 35.1602745 ], [ 25.9448157, 35.1602996 ], [ 25.9448959, 35.1603416 ] ] ] } },
{ "type": "Feature", "properties": { "@type": "way", "@id": 918607478, "admin_level": null, "amenity": null, "boundary": null, "building": "yes", "castle_type": null, "cuisine": null, "disused": null, "ford": null, "highway": null, "historic": null, "historic:civilization": null, "image": null, "int_name": null, "int_ref": null, "landuse": null, "lanes": null, "layer": null, "leisure": null, "man_made": null, "maxspeed": null, "maxspeed:type": null, "name": null, "name:de": null, "name:el": null, "name:en": null, "name:ru": null, "name:uk": null, "natural": null, "noexit": null, "old_ref": null, "oneway": null, "parking": null, "place": null, "population": null, "public_transport": null, "ref": null, "religion": null, "service": null, "shelter": null, "source": null, "source:old_ref": null, "source:ref": null, "sport": null, "surface": null, "tourism": null, "tower:type": null, "tunnel": null, "waterway": null, "wikidata": null, "wikipedia": null, "label": "building:yes" }, "geometry": { "type": "Polygon", "coordinates": [ [ [ 25.9450186, 35.1605702 ], [ 25.9450619, 35.1604965 ], [ 25.9449095, 35.1604655 ], [ 25.9448797, 35.1605267 ], [ 25.9450186, 35.1605702 ] ] ] } },
{ "type": "Feature", "properties": { "@type": "way", "@id": 918607481, "admin_level": null, "amenity": null, "boundary": null, "building": "yes", "castle_type": null, "cuisine": null, "disused": null, "ford": null, "highway": null, "historic": null, "historic:civilization": null, "image": null, "int_name": null, "int_ref": null, "landuse": null, "lanes": null, "layer": null, "leisure": null, "man_made": null, "maxspeed": null, "maxspeed:type": null, "name": null, "name:de": null, "name:el": null, "name:en": null, "name:ru": null, "name:uk": null, "natural": null, "noexit": null, "old_ref": null, "oneway": null, "parking": null, "place": null, "population": null, "public_transport": null, "ref": null, "religion": null, "service": null, "shelter": null, "source": null, "source:old_ref": null, "source:ref": null, "sport": null, "surface": null, "tourism": null, "tower:type": null, "tunnel": null, "waterway": null, "wikidata": null, "wikipedia": null, "label": "building:yes" }, "geometry": { "type": "Polygon", "coordinates": [ [ [ 25.9492656, 35.1673428 ], [ 25.9493248, 35.1673342 ], [ 25.9493111, 35.167287 ], [ 25.949258, 35.1672957 ], [ 25.9492656, 35.1673428 ] ] ] } },
{ "type": "Feature", "properties": { "@type": "way", "@id": 918607483, "admin_level": null, "amenity": null, "boundary": null, "building": "yes", "castle_type": null, "cuisine": null, "disused": null, "ford": null, "highway": null, "historic": null, "historic:civilization": null, "image": null, "int_name": null, "int_ref": null, "landuse": null, "lanes": null, "layer": null, "leisure": null, "man_made": null, "maxspeed": null, "maxspeed:type": null, "name": null, "name:de": null, "name:el": null, "name:en": null, "name:ru": null, "name:uk": null, "natural": null, "noexit": null, "old_ref": null, "oneway": null, "parking": null, "place": null, "population": null, "public_transport": null, "ref": null, "religion": null, "service": null, "shelter": null, "source": null, "source:old_ref": null, "source:ref": null, "sport": null, "surface": null, "tourism": null, "tower:type": null, "tunnel": null, "waterway": null, "wikidata": null, "wikipedia": null, "label": "building:yes" }, "geometry": { "type": "Polygon", "coordinates": [ [ [ 25.9465226, 35.1677828 ], [ 25.9465226, 35.1677223 ], [ 25.9464805, 35.1677223 ], [ 25.9464754, 35.167787 ], [ 25.9465226, 35.1677828 ] ] ] } },
{ "type": "Feature", "properties": { "@type": "way", "@id": 918607484, "admin_level": null, "amenity": null, "boundary": null, "building": "yes", "castle_type": null, "cuisine": null, "disused": null, "ford": null, "highway": null, "historic": null, "historic:civilization": null, "image": null, "int_name": null, "int_ref": null, "landuse": null, "lanes": null, "layer": null, "leisure": null, "man_made": null, "maxspeed": null, "maxspeed:type": null, "name": null, "name:de": null, "name:el": null, "name:en": null, "name:ru": null, "name:uk": null, "natural": null, "noexit": null, "old_ref": null, "oneway": null, "parking": null, "place": null, "population": null, "public_transport": null, "ref": null, "religion": null, "service": null, "shelter": null, "source": null, "source:old_ref": null, "source:ref": null, "sport": null, "surface": null, "tourism": null, "tower:type": null, "tunnel": null, "waterway": null, "wikidata": null, "wikipedia": null, "label": "building:yes" }, "geometry": { "type": "Polygon", "coordinates": [ [ [ 25.9469998, 35.1674449 ], [ 25.9471146, 35.1674188 ], [ 25.9471005, 35.1673124 ], [ 25.9469781, 35.1673291 ], [ 25.9469998, 35.1674449 ] ] ] } },
{ "type": "Feature", "properties": { "@type": "way", "@id": 918607485, "admin_level": null, "amenity": null, "boundary": null, "building": "yes", "castle_type": null, "cuisine": null, "disused": null, "ford": null, "highway": null, "historic": null, "historic:civilization": null, "image": null, "int_name": null, "int_ref": null, "landuse": null, "lanes": null, "layer": null, "leisure": null, "man_made": null, "maxspeed": null, "maxspeed:type": null, "name": null, "name:de": null, "name:el": null, "name:en": null, "name:ru": null, "name:uk": null, "natural": null, "noexit": null, "old_ref": null, "oneway": null, "parking": null, "place": null, "population": null, "public_transport": null, "ref": null, "religion": null, "service": null, "shelter": null, "source": null, "source:old_ref": null, "source:ref": null, "sport": null, "surface": null, "tourism": null, "tower:type": null, "tunnel": null, "waterway": null, "wikidata": null, "wikipedia": null, "label": "building:yes" }, "geometry": { "type": "Polygon", "coordinates": [ [ [ 25.9471401, 35.1674668 ], [ 25.9471669, 35.1674668 ], [ 25.9471745, 35.1675221 ], [ 25.9472052, 35.1675158 ], [ 25.9472115, 35.1674146 ], [ 25.9472422, 35.1674146 ], [ 25.9472434, 35.1673374 ], [ 25.947223, 35.1672811 ], [ 25.9471554, 35.1672874 ], [ 25.947158, 35.1673489 ], [ 25.9471363, 35.1673489 ], [ 25.9471401, 35.1674668 ] ] ] } },
{ "type": "Feature", "properties": { "@type": "way", "@id": 918607486, "admin_level": null, "amenity": null, "boundary": null, "building": "yes", "castle_type": null, "cuisine": null, "disused": null, "ford": null, "highway": null, "historic": null, "historic:civilization": null, "image": null, "int_name": null, "int_ref": null, "landuse": null, "lanes": null, "layer": null, "leisure": null, "man_made": null, "maxspeed": null, "maxspeed:type": null, "name": null, "name:de": null, "name:el": null, "name:en": null, "name:ru": null, "name:uk": null, "natural": null, "noexit": null, "old_ref": null, "oneway": null, "parking": null, "place": null, "population": null, "public_transport": null, "ref": null, "religion": null, "service": null, "shelter": null, "source": null, "source:old_ref": null, "source:ref": null, "sport": null, "surface": null, "tourism": null, "tower:type": null, "tunnel": null, "waterway": null, "wikidata": null, "wikipedia": null, "label": "building:yes" }, "geometry": { "type": "Polygon", "coordinates": [ [ [ 25.9469399, 35.1673305 ], [ 25.9470547, 35.1672981 ], [ 25.9469603, 35.1671406 ], [ 25.9468748, 35.1671782 ], [ 25.9469399, 35.1673305 ] ] ] } },
{ "type": "Feature", "properties": { "@type": "way", "@id": 918607487, "admin_level": null, "amenity": null, "boundary": null, "building": "yes", "castle_type": null, "cuisine": null, "disused": null, "ford": null, "highway": null, "historic": null, "historic:civilization": null, "image": null, "int_name": null, "int_ref": null, "landuse": null, "lanes": null, "layer": null, "leisure": null, "man_made": null, "maxspeed": null, "maxspeed:type": null, "name": null, "name:de": null, "name:el": null, "name:en": null, "name:ru": null, "name:uk": null, "natural": null, "noexit": null, "old_ref": null, "oneway": null, "parking": null, "place": null, "population": null, "public_transport": null, "ref": null, "religion": null, "service": null, "shelter": null, "source": null, "source:old_ref": null, "source:ref": null, "sport": null, "surface": null, "tourism": null, "tower:type": null, "tunnel": null, "waterway": null, "wikidata": null, "wikipedia": null, "label": "building:yes" }, "geometry": { "type": "Polygon", "coordinates": [ [ [ 25.9468967, 35.1670138 ], [ 25.946875, 35.1670336 ], [ 25.9469579, 35.167115 ], [ 25.9470549, 35.1672193 ], [ 25.9470855, 35.1672193 ], [ 25.9470919, 35.1672787 ], [ 25.9471633, 35.1672777 ], [ 25.9471352, 35.1671911 ], [ 25.9470804, 35.1670597 ], [ 25.9470179, 35.1670044 ], [ 25.9468788, 35.1669304 ], [ 25.946852, 35.1669491 ], [ 25.9468967, 35.1670138 ] ] ] } },
{ "type": "Feature", "properties": { "@type": "way", "@id": 918607488, "admin_level": null, "amenity": null, "boundary": null, "building": "yes", "castle_type": null, "cuisine": null, "disused": null, "ford": null, "highway": null, "historic": null, "historic:civilization": null, "image": null, "int_name": null, "int_ref": null, "landuse": null, "lanes": null, "layer": null, "leisure": null, "man_made": null, "maxspeed": null, "maxspeed:type": null, "name": null, "name:de": null, "name:el": null, "name:en": null, "name:ru": null, "name:uk": null, "natural": null, "noexit": null, "old_ref": null, "oneway": null, "parking": null, "place": null, "population": null, "public_transport": null, "ref": null, "religion": null, "service": null, "shelter": null, "source": null, "source:old_ref": null, "source:ref": null, "sport": null, "surface": null, "tourism": null, "tower:type": null, "tunnel": null, "waterway": null, "wikidata": null, "wikipedia": null, "label": "building:yes" }, "geometry": { "type": "Polygon", "coordinates": [ [ [ 25.9461521, 35.1667589 ], [ 25.9462261, 35.1667234 ], [ 25.946281, 35.1668016 ], [ 25.9464214, 35.1667432 ], [ 25.9464813, 35.166811 ], [ 25.946563, 35.166787 ], [ 25.9466395, 35.1668965 ], [ 25.9467263, 35.1668204 ], [ 25.9466625, 35.166714 ], [ 25.9466166, 35.1666201 ], [ 25.9465706, 35.1665085 ], [ 25.9465528, 35.1664032 ], [ 25.946526, 35.1664032 ], [ 25.9464711, 35.1664564 ], [ 25.9464175, 35.1665315 ], [ 25.9464073, 35.1665701 ], [ 25.9463958, 35.1666014 ], [ 25.9464099, 35.166665 ], [ 25.9463741, 35.1666785 ], [ 25.9463116, 35.16669 ], [ 25.9462568, 35.1666128 ], [ 25.94611, 35.1666952 ], [ 25.9461521, 35.1667589 ] ] ] } },
{ "type": "Feature", "properties": { "@type": "way", "@id": 918607489, "admin_level": null, "amenity": null, "boundary": null, "building": "yes", "castle_type": null, "cuisine": null, "disused": null, "ford": null, "highway": null, "historic": null, "historic:civilization": null, "image": null, "int_name": null, "int_ref": null, "landuse": null, "lanes": null, "layer": null, "leisure": null, "man_made": null, "maxspeed": null, "maxspeed:type": null, "name": null, "name:de": null, "name:el": null, "name:en": null, "name:ru": null, "name:uk": null, "natural": null, "noexit": null, "old_ref": null, "oneway": null, "parking": null, "place": null, "population": null, "public_transport": null, "ref": null, "religion": null, "service": null, "shelter": null, "source": null, "source:old_ref": null, "source:ref": null, "sport": null, "surface": null, "tourism": null, "tower:type": null, "tunnel": null, "waterway": null, "wikidata": null, "wikipedia": null, "label": "building:yes" }, "geometry": { "type": "Polygon", "coordinates": [ [ [ 25.9465379, 35.1669724 ], [ 25.9465966, 35.1669161 ], [ 25.9464881, 35.1668274 ], [ 25.9464218, 35.1668785 ], [ 25.9465379, 35.1669724 ] ] ] } },
{ "type": "Feature", "properties": { "@type": "way", "@id": 918616994, "admin_level": null, "amenity": null, "boundary": null, "building": "yes", "castle_type": null, "cuisine": null, "disused": null, "ford": null, "highway": null, "historic": null, "historic:civilization": null, "image": null, "int_name": null, "int_ref": null, "landuse": null, "lanes": null, "layer": null, "leisure": null, "man_made": null, "maxspeed": null, "maxspeed:type": null, "name": null, "name:de": null, "name:el": null, "name:en": null, "name:ru": null, "name:uk": null, "natural": null, "noexit": null, "old_ref": null, "oneway": null, "parking": null, "place": null, "population": null, "public_transport": null, "ref": null, "religion": null, "service": null, "shelter": null, "source": null, "source:old_ref": null, "source:ref": null, "sport": null, "surface": null, "tourism": null, "tower:type": null, "tunnel": null, "waterway": null, "wikidata": null, "wikipedia": null, "label": "building:yes" }, "geometry": { "type": "Polygon", "coordinates": [ [ [ 25.9401814, 35.1574946 ], [ 25.9402427, 35.157409 ], [ 25.940277, 35.1574046 ], [ 25.9404412, 35.1572217 ], [ 25.9405224, 35.1572497 ], [ 25.9406216, 35.1571936 ], [ 25.9405531, 35.1571317 ], [ 25.9405062, 35.1571848 ], [ 25.9404286, 35.1571538 ], [ 25.9403708, 35.1572069 ], [ 25.9402175, 35.1573898 ], [ 25.9401489, 35.1573692 ], [ 25.940111, 35.1574828 ], [ 25.9401814, 35.1574946 ] ] ] } },
{ "type": "Feature", "properties": { "@type": "way", "@id": 918616995, "admin_level": null, "amenity": null, "boundary": null, "building": "yes", "castle_type": null, "cuisine": null, "disused": null, "ford": null, "highway": null, "historic": null, "historic:civilization": null, "image": null, "int_name": null, "int_ref": null, "landuse": null, "lanes": null, "layer": null, "leisure": null, "man_made": null, "maxspeed": null, "maxspeed:type": null, "name": null, "name:de": null, "name:el": null, "name:en": null, "name:ru": null, "name:uk": null, "natural": null, "noexit": null, "old_ref": null, "oneway": null, "parking": null, "place": null, "population": null, "public_transport": null, "ref": null, "religion": null, "service": null, "shelter": null, "source": null, "source:old_ref": null, "source:ref": null, "sport": null, "surface": null, "tourism": null, "tower:type": null, "tunnel": null, "waterway": null, "wikidata": null, "wikipedia": null, "label": "building:yes" }, "geometry": { "type": "Polygon", "coordinates": [ [ [ 25.940526, 35.1570771 ], [ 25.9405639, 35.1570269 ], [ 25.9405026, 35.1570063 ], [ 25.9404719, 35.1570535 ], [ 25.940526, 35.1570771 ] ] ] } },
{ "type": "Feature", "properties": { "@type": "way", "@id": 918616996, "admin_level": null, "amenity": null, "boundary": null, "building": "yes", "castle_type": null, "cuisine": null, "disused": null, "ford": null, "highway": null, "historic": null, "historic:civilization": null, "image": null, "int_name": null, "int_ref": null, "landuse": null, "lanes": null, "layer": null, "leisure": null, "man_made": null, "maxspeed": null, "maxspeed:type": null, "name": null, "name:de": null, "name:el": null, "name:en": null, "name:ru": null, "name:uk": null, "natural": null, "noexit": null, "old_ref": null, "oneway": null, "parking": null, "place": null, "population": null, "public_transport": null, "ref": null, "religion": null, "service": null, "shelter": null, "source": null, "source:old_ref": null, "source:ref": null, "sport": null, "surface": null, "tourism": null, "tower:type": null, "tunnel": null, "waterway": null, "wikidata": null, "wikipedia": null, "label": "building:yes" }, "geometry": { "type": "Polygon", "coordinates": [ [ [ 25.940757, 35.1570697 ], [ 25.9408075, 35.1569812 ], [ 25.940757, 35.1569251 ], [ 25.9406613, 35.1568558 ], [ 25.9406397, 35.1568971 ], [ 25.9406902, 35.1569384 ], [ 25.9406722, 35.1569561 ], [ 25.9405982, 35.156931 ], [ 25.9405639, 35.1569842 ], [ 25.940757, 35.1570697 ] ] ] } },
{ "type": "Feature", "properties": { "@type": "way", "@id": 918616997, "admin_level": null, "amenity": null, "boundary": null, "building": "yes", "castle_type": null, "cuisine": null, "disused": null, "ford": null, "highway": null, "historic": null, "historic:civilization": null, "image": null, "int_name": null, "int_ref": null, "landuse": null, "lanes": null, "layer": null, "leisure": null, "man_made": null, "maxspeed": null, "maxspeed:type": null, "name": null, "name:de": null, "name:el": null, "name:en": null, "name:ru": null, "name:uk": null, "natural": null, "noexit": null, "old_ref": null, "oneway": null, "parking": null, "place": null, "population": null, "public_transport": null, "ref": null, "religion": null, "service": null, "shelter": null, "source": null, "source:old_ref": null, "source:ref": null, "sport": null, "surface": null, "tourism": null, "tower:type": null, "tunnel": null, "waterway": null, "wikidata": null, "wikipedia": null, "label": "building:yes" }, "geometry": { "type": "Polygon", "coordinates": [ [ [ 25.9406758, 35.1568042 ], [ 25.9407678, 35.156518 ], [ 25.9406758, 35.1564885 ], [ 25.9405729, 35.156782 ], [ 25.9406758, 35.1568042 ] ] ] } },
{ "type": "Feature", "properties": { "@type": "way", "@id": 918616998, "admin_level": null, "amenity": null, "boundary": null, "building": "yes", "castle_type": null, "cuisine": null, "disused": null, "ford": null, "highway": null, "historic": null, "historic:civilization": null, "image": null, "int_name": null, "int_ref": null, "landuse": null, "lanes": null, "layer": null, "leisure": null, "man_made": null, "maxspeed": null, "maxspeed:type": null, "name": null, "name:de": null, "name:el": null, "name:en": null, "name:ru": null, "name:uk": null, "natural": null, "noexit": null, "old_ref": null, "oneway": null, "parking": null, "place": null, "population": null, "public_transport": null, "ref": null, "religion": null, "service": null, "shelter": null, "source": null, "source:old_ref": null, "source:ref": null, "sport": null, "surface": null, "tourism": null, "tower:type": null, "tunnel": null, "waterway": null, "wikidata": null, "wikipedia": null, "label": "building:yes" }, "geometry": { "type": "Polygon", "coordinates": [ [ [ 25.9408977, 35.1566478 ], [ 25.941015, 35.1565431 ], [ 25.9409212, 35.156459 ], [ 25.9407967, 35.1565696 ], [ 25.9408977, 35.1566478 ] ] ] } },
{ "type": "Feature", "properties": { "@type": "way", "@id": 918616999, "admin_level": null, "amenity": null, "boundary": null, "building": "yes", "castle_type": null, "cuisine": null, "disused": null, "ford": null, "highway": null, "historic": null, "historic:civilization": null, "image": null, "int_name": null, "int_ref": null, "landuse": null, "lanes": null, "layer": null, "leisure": null, "man_made": null, "maxspeed": null, "maxspeed:type": null, "name": null, "name:de": null, "name:el": null, "name:en": null, "name:ru": null, "name:uk": null, "natural": null, "noexit": null, "old_ref": null, "oneway": null, "parking": null, "place": null, "population": null, "public_transport": null, "ref": null, "religion": null, "service": null, "shelter": null, "source": null, "source:old_ref": null, "source:ref": null, "sport": null, "surface": null, "tourism": null, "tower:type": null, "tunnel": null, "waterway": null, "wikidata": null, "wikipedia": null, "label": "building:yes" }, "geometry": { "type": "Polygon", "coordinates": [ [ [ 25.9408057, 35.1563926 ], [ 25.9408977, 35.1563277 ], [ 25.940858, 35.1562849 ], [ 25.9407552, 35.1563424 ], [ 25.9408057, 35.1563926 ] ] ] } },
{ "type": "Feature", "properties": { "@type": "way", "@id": 918617002, "admin_level": null, "amenity": null, "boundary": null, "building": "yes", "castle_type": null, "cuisine": null, "disused": null, "ford": null, "highway": null, "historic": null, "historic:civilization": null, "image": null, "int_name": null, "int_ref": null, "landuse": null, "lanes": null, "layer": null, "leisure": null, "man_made": null, "maxspeed": null, "maxspeed:type": null, "name": null, "name:de": null, "name:el": null, "name:en": null, "name:ru": null, "name:uk": null, "natural": null, "noexit": null, "old_ref": null, "oneway": null, "parking": null, "place": null, "population": null, "public_transport": null, "ref": null, "religion": null, "service": null, "shelter": null, "source": null, "source:old_ref": null, "source:ref": null, "sport": null, "surface": null, "tourism": null, "tower:type": null, "tunnel": null, "waterway": null, "wikidata": null, "wikipedia": null, "label": "building:yes" }, "geometry": { "type": "Polygon", "coordinates": [ [ [ 25.9403131, 35.1560872 ], [ 25.940425, 35.1560607 ], [ 25.9404665, 35.156161 ], [ 25.9405296, 35.1561448 ], [ 25.9404574, 35.1559249 ], [ 25.9402157, 35.1559884 ], [ 25.9403131, 35.1560872 ] ] ] } },
{ "type": "Feature", "properties": { "@type": "way", "@id": 918617003, "admin_level": null, "amenity": null, "boundary": null, "building": "yes", "castle_type": null, "cuisine": null, "disused": null, "ford": null, "highway": null, "historic": null, "historic:civilization": null, "image": null, "int_name": null, "int_ref": null, "landuse": null, "lanes": null, "layer": null, "leisure": null, "man_made": null, "maxspeed": null, "maxspeed:type": null, "name": null, "name:de": null, "name:el": null, "name:en": null, "name:ru": null, "name:uk": null, "natural": null, "noexit": null, "old_ref": null, "oneway": null, "parking": null, "place": null, "population": null, "public_transport": null, "ref": null, "religion": null, "service": null, "shelter": null, "source": null, "source:old_ref": null, "source:ref": null, "sport": null, "surface": null, "tourism": null, "tower:type": null, "tunnel": null, "waterway": null, "wikidata": null, "wikipedia": null, "label": "building:yes" }, "geometry": { "type": "Polygon", "coordinates": [ [ [ 25.9406, 35.1558261 ], [ 25.9405964, 35.1557258 ], [ 25.9405007, 35.1557376 ], [ 25.9404935, 35.1558276 ], [ 25.9406, 35.1558261 ] ] ] } },
{ "type": "Feature", "properties": { "@type": "way", "@id": 918617004, "admin_level": null, "amenity": null, "boundary": null, "building": "yes", "castle_type": null, "cuisine": null, "disused": null, "ford": null, "highway": null, "historic": null, "historic:civilization": null, "image": null, "int_name": null, "int_ref": null, "landuse": null, "lanes": null, "layer": null, "leisure": null, "man_made": null, "maxspeed": null, "maxspeed:type": null, "name": null, "name:de": null, "name:el": null, "name:en": null, "name:ru": null, "name:uk": null, "natural": null, "noexit": null, "old_ref": null, "oneway": null, "parking": null, "place": null, "population": null, "public_transport": null, "ref": null, "religion": null, "service": null, "shelter": null, "source": null, "source:old_ref": null, "source:ref": null, "sport": null, "surface": null, "tourism": null, "tower:type": null, "tunnel": null, "waterway": null, "wikidata": null, "wikipedia": null, "label": "building:yes" }, "geometry": { "type": "Polygon", "coordinates": [ [ [ 25.9400334, 35.155711 ], [ 25.940037, 35.1556402 ], [ 25.9399883, 35.1556402 ], [ 25.9399847, 35.1557125 ], [ 25.9400334, 35.155711 ] ] ] } },
{ "type": "Feature", "properties": { "@type": "way", "@id": 918617005, "admin_level": null, "amenity": null, "boundary": null, "building": "yes", "castle_type": null, "cuisine": null, "disused": null, "ford": null, "highway": null, "historic": null, "historic:civilization": null, "image": null, "int_name": null, "int_ref": null, "landuse": null, "lanes": null, "layer": null, "leisure": null, "man_made": null, "maxspeed": null, "maxspeed:type": null, "name": null, "name:de": null, "name:el": null, "name:en": null, "name:ru": null, "name:uk": null, "natural": null, "noexit": null, "old_ref": null, "oneway": null, "parking": null, "place": null, "population": null, "public_transport": null, "ref": null, "religion": null, "service": null, "shelter": null, "source": null, "source:old_ref": null, "source:ref": null, "sport": null, "surface": null, "tourism": null, "tower:type": null, "tunnel": null, "waterway": null, "wikidata": null, "wikipedia": null, "label": "building:yes" }, "geometry": { "type": "Polygon", "coordinates": [ [ [ 25.9403041, 35.1555016 ], [ 25.9403275, 35.1555915 ], [ 25.9403871, 35.1555886 ], [ 25.94036, 35.155472 ], [ 25.940295, 35.1553865 ], [ 25.9402373, 35.1554012 ], [ 25.9403041, 35.1555016 ] ] ] } },
{ "type": "Feature", "properties": { "@type": "way", "@id": 918617006, "admin_level": null, "amenity": null, "boundary": null, "building": "yes", "castle_type": null, "cuisine": null, "disused": null, "ford": null, "highway": null, "historic": null, "historic:civilization": null, "image": null, "int_name": null, "int_ref": null, "landuse": null, "lanes": null, "layer": null, "leisure": null, "man_made": null, "maxspeed": null, "maxspeed:type": null, "name": null, "name:de": null, "name:el": null, "name:en": null, "name:ru": null, "name:uk": null, "natural": null, "noexit": null, "old_ref": null, "oneway": null, "parking": null, "place": null, "population": null, "public_transport": null, "ref": null, "religion": null, "service": null, "shelter": null, "source": null, "source:old_ref": null, "source:ref": null, "sport": null, "surface": null, "tourism": null, "tower:type": null, "tunnel": null, "waterway": null, "wikidata": null, "wikipedia": null, "label": "building:yes" }, "geometry": { "type": "Polygon", "coordinates": [ [ [ 25.9401886, 35.1556815 ], [ 25.9402012, 35.1557022 ], [ 25.9402734, 35.1557169 ], [ 25.9404358, 35.155683 ], [ 25.9404123, 35.155621 ], [ 25.9402806, 35.1556579 ], [ 25.9402535, 35.1555783 ], [ 25.9401507, 35.1555576 ], [ 25.9401435, 35.1556284 ], [ 25.9401886, 35.1556815 ] ] ] } },
{ "type": "Feature", "properties": { "@type": "way", "@id": 918617007, "admin_level": null, "amenity": null, "boundary": null, "building": "yes", "castle_type": null, "cuisine": null, "disused": null, "ford": null, "highway": null, "historic": null, "historic:civilization": null, "image": null, "int_name": null, "int_ref": null, "landuse": null, "lanes": null, "layer": null, "leisure": null, "man_made": null, "maxspeed": null, "maxspeed:type": null, "name": null, "name:de": null, "name:el": null, "name:en": null, "name:ru": null, "name:uk": null, "natural": null, "noexit": null, "old_ref": null, "oneway": null, "parking": null, "place": null, "population": null, "public_transport": null, "ref": null, "religion": null, "service": null, "shelter": null, "source": null, "source:old_ref": null, "source:ref": null, "sport": null, "surface": null, "tourism": null, "tower:type": null, "tunnel": null, "waterway": null, "wikidata": null, "wikipedia": null, "label": "building:yes" }, "geometry": { "type": "Polygon", "coordinates": [ [ [ 25.9415653, 35.1552508 ], [ 25.9416068, 35.1552124 ], [ 25.9415473, 35.1551681 ], [ 25.9415004, 35.155205 ], [ 25.9415653, 35.1552508 ] ] ] } },
{ "type": "Feature", "properties": { "@type": "way", "@id": 918617008, "admin_level": null, "amenity": null, "boundary": null, "building": "yes", "castle_type": null, "cuisine": null, "disused": null, "ford": null, "highway": null, "historic": null, "historic:civilization": null, "image": null, "int_name": null, "int_ref": null, "landuse": null, "lanes": null, "layer": null, "leisure": null, "man_made": null, "maxspeed": null, "maxspeed:type": null, "name": null, "name:de": null, "name:el": null, "name:en": null, "name:ru": null, "name:uk": null, "natural": null, "noexit": null, "old_ref": null, "oneway": null, "parking": null, "place": null, "population": null, "public_transport": null, "ref": null, "religion": null, "service": null, "shelter": null, "source": null, "source:old_ref": null, "source:ref": null, "sport": null, "surface": null, "tourism": null, "tower:type": null, "tunnel": null, "waterway": null, "wikidata": null, "wikipedia": null, "label": "building:yes" }, "geometry": { "type": "Polygon", "coordinates": [ [ [ 25.9401074, 35.1549469 ], [ 25.9401633, 35.1548465 ], [ 25.940102, 35.1548215 ], [ 25.9400533, 35.1549262 ], [ 25.9401074, 35.1549469 ] ] ] } },
{ "type": "Feature", "properties": { "@type": "way", "@id": 918617009, "admin_level": null, "amenity": null, "boundary": null, "building": "yes", "castle_type": null, "cuisine": null, "disused": null, "ford": null, "highway": null, "historic": null, "historic:civilization": null, "image": null, "int_name": null, "int_ref": null, "landuse": null, "lanes": null, "layer": null, "leisure": null, "man_made": null, "maxspeed": null, "maxspeed:type": null, "name": null, "name:de": null, "name:el": null, "name:en": null, "name:ru": null, "name:uk": null, "natural": null, "noexit": null, "old_ref": null, "oneway": null, "parking": null, "place": null, "population": null, "public_transport": null, "ref": null, "religion": null, "service": null, "shelter": null, "source": null, "source:old_ref": null, "source:ref": null, "sport": null, "surface": null, "tourism": null, "tower:type": null, "tunnel": null, "waterway": null, "wikidata": null, "wikipedia": null, "label": "building:yes" }, "geometry": { "type": "Polygon", "coordinates": [ [ [ 25.9390699, 35.155267 ], [ 25.9391024, 35.1552286 ], [ 25.9390374, 35.1551873 ], [ 25.9390049, 35.1552286 ], [ 25.9390699, 35.155267 ] ] ] } },
{ "type": "Feature", "properties": { "@type": "way", "@id": 918617010, "admin_level": null, "amenity": null, "boundary": null, "building": "yes", "castle_type": null, "cuisine": null, "disused": null, "ford": null, "highway": null, "historic": null, "historic:civilization": null, "image": null, "int_name": null, "int_ref": null, "landuse": null, "lanes": null, "layer": null, "leisure": null, "man_made": null, "maxspeed": null, "maxspeed:type": null, "name": null, "name:de": null, "name:el": null, "name:en": null, "name:ru": null, "name:uk": null, "natural": null, "noexit": null, "old_ref": null, "oneway": null, "parking": null, "place": null, "population": null, "public_transport": null, "ref": null, "religion": null, "service": null, "shelter": null, "source": null, "source:old_ref": null, "source:ref": null, "sport": null, "surface": null, "tourism": null, "tower:type": null, "tunnel": null, "waterway": null, "wikidata": null, "wikipedia": null, "label": "building:yes" }, "geometry": { "type": "Polygon", "coordinates": [ [ [ 25.9397555, 35.1554012 ], [ 25.9398025, 35.1553555 ], [ 25.9397754, 35.1553349 ], [ 25.9397249, 35.1553776 ], [ 25.9397555, 35.1554012 ] ] ] } },
{ "type": "Feature", "properties": { "@type": "way", "@id": 918617011, "admin_level": null, "amenity": null, "boundary": null, "building": "yes", "castle_type": null, "cuisine": null, "disused": null, "ford": null, "highway": null, "historic": null, "historic:civilization": null, "image": null, "int_name": null, "int_ref": null, "landuse": null, "lanes": null, "layer": null, "leisure": null, "man_made": null, "maxspeed": null, "maxspeed:type": null, "name": null, "name:de": null, "name:el": null, "name:en": null, "name:ru": null, "name:uk": null, "natural": null, "noexit": null, "old_ref": null, "oneway": null, "parking": null, "place": null, "population": null, "public_transport": null, "ref": null, "religion": null, "service": null, "shelter": null, "source": null, "source:old_ref": null, "source:ref": null, "sport": null, "surface": null, "tourism": null, "tower:type": null, "tunnel": null, "waterway": null, "wikidata": null, "wikipedia": null, "label": "building:yes" }, "geometry": { "type": "Polygon", "coordinates": [ [ [ 25.9401525, 35.1578235 ], [ 25.940212, 35.157828 ], [ 25.9402175, 35.1577749 ], [ 25.9401525, 35.1577719 ], [ 25.9401525, 35.1578235 ] ] ] } },
{ "type": "Feature", "properties": { "@type": "way", "@id": 918617012, "admin_level": null, "amenity": null, "boundary": null, "building": "yes", "castle_type": null, "cuisine": null, "disused": null, "ford": null, "highway": null, "historic": null, "historic:civilization": null, "image": null, "int_name": null, "int_ref": null, "landuse": null, "lanes": null, "layer": null, "leisure": null, "man_made": null, "maxspeed": null, "maxspeed:type": null, "name": null, "name:de": null, "name:el": null, "name:en": null, "name:ru": null, "name:uk": null, "natural": null, "noexit": null, "old_ref": null, "oneway": null, "parking": null, "place": null, "population": null, "public_transport": null, "ref": null, "religion": null, "service": null, "shelter": null, "source": null, "source:old_ref": null, "source:ref": null, "sport": null, "surface": null, "tourism": null, "tower:type": null, "tunnel": null, "waterway": null, "wikidata": null, "wikipedia": null, "label": "building:yes" }, "geometry": { "type": "Polygon", "coordinates": [ [ [ 25.9401796, 35.1579253 ], [ 25.9402319, 35.1579312 ], [ 25.9402319, 35.1578781 ], [ 25.9401796, 35.1578766 ], [ 25.9401796, 35.1579253 ] ] ] } },
{ "type": "Feature", "properties": { "@type": "way", "@id": 918617013, "admin_level": null, "amenity": null, "boundary": null, "building": "yes", "castle_type": null, "cuisine": null, "disused": null, "ford": null, "highway": null, "historic": null, "historic:civilization": null, "image": null, "int_name": null, "int_ref": null, "landuse": null, "lanes": null, "layer": null, "leisure": null, "man_made": null, "maxspeed": null, "maxspeed:type": null, "name": null, "name:de": null, "name:el": null, "name:en": null, "name:ru": null, "name:uk": null, "natural": null, "noexit": null, "old_ref": null, "oneway": null, "parking": null, "place": null, "population": null, "public_transport": null, "ref": null, "religion": null, "service": null, "shelter": null, "source": null, "source:old_ref": null, "source:ref": null, "sport": null, "surface": null, "tourism": null, "tower:type": null, "tunnel": null, "waterway": null, "wikidata": null, "wikipedia": null, "label": "building:yes" }, "geometry": { "type": "Polygon", "coordinates": [ [ [ 25.9400839, 35.1579607 ], [ 25.9401254, 35.1579519 ], [ 25.9401254, 35.1579017 ], [ 25.9400839, 35.1579076 ], [ 25.9400839, 35.1579607 ] ] ] } },
{ "type": "Feature", "properties": { "@type": "way", "@id": 918617014, "admin_level": null, "amenity": null, "boundary": null, "building": "yes", "castle_type": null, "cuisine": null, "disused": null, "ford": null, "highway": null, "historic": null, "historic:civilization": null, "image": null, "int_name": null, "int_ref": null, "landuse": null, "lanes": null, "layer": null, "leisure": null, "man_made": null, "maxspeed": null, "maxspeed:type": null, "name": null, "name:de": null, "name:el": null, "name:en": null, "name:ru": null, "name:uk": null, "natural": null, "noexit": null, "old_ref": null, "oneway": null, "parking": null, "place": null, "population": null, "public_transport": null, "ref": null, "religion": null, "service": null, "shelter": null, "source": null, "source:old_ref": null, "source:ref": null, "sport": null, "surface": null, "tourism": null, "tower:type": null, "tunnel": null, "waterway": null, "wikidata": null, "wikipedia": null, "label": "building:yes" }, "geometry": { "type": "Polygon", "coordinates": [ [ [ 25.9395408, 35.1579106 ], [ 25.939613, 35.1579121 ], [ 25.9396076, 35.1578353 ], [ 25.9395174, 35.1578339 ], [ 25.9395408, 35.1579106 ] ] ] } },
{ "type": "Feature", "properties": { "@type": "way", "@id": 918617015, "admin_level": null, "amenity": null, "boundary": null, "building": "yes", "castle_type": null, "cuisine": null, "disused": null, "ford": null, "highway": null, "historic": null, "historic:civilization": null, "image": null, "int_name": null, "int_ref": null, "landuse": null, "lanes": null, "layer": null, "leisure": null, "man_made": null, "maxspeed": null, "maxspeed:type": null, "name": null, "name:de": null, "name:el": null, "name:en": null, "name:ru": null, "name:uk": null, "natural": null, "noexit": null, "old_ref": null, "oneway": null, "parking": null, "place": null, "population": null, "public_transport": null, "ref": null, "religion": null, "service": null, "shelter": null, "source": null, "source:old_ref": null, "source:ref": null, "sport": null, "surface": null, "tourism": null, "tower:type": null, "tunnel": null, "waterway": null, "wikidata": null, "wikipedia": null, "label": "building:yes" }, "geometry": { "type": "Polygon", "coordinates": [ [ [ 25.940261, 35.1588041 ], [ 25.9403217, 35.1587606 ], [ 25.9402124, 35.1586217 ], [ 25.9401518, 35.1586837 ], [ 25.940261, 35.1588041 ] ] ] } },
{ "type": "Feature", "properties": { "@type": "way", "@id": 918617016, "admin_level": null, "amenity": null, "boundary": null, "building": "yes", "castle_type": null, "cuisine": null, "disused": null, "ford": null, "highway": null, "historic": null, "historic:civilization": null, "image": null, "int_name": null, "int_ref": null, "landuse": null, "lanes": null, "layer": null, "leisure": null, "man_made": null, "maxspeed": null, "maxspeed:type": null, "name": null, "name:de": null, "name:el": null, "name:en": null, "name:ru": null, "name:uk": null, "natural": null, "noexit": null, "old_ref": null, "oneway": null, "parking": null, "place": null, "population": null, "public_transport": null, "ref": null, "religion": null, "service": null, "shelter": null, "source": null, "source:old_ref": null, "source:ref": null, "sport": null, "surface": null, "tourism": null, "tower:type": null, "tunnel": null, "waterway": null, "wikidata": null, "wikipedia": null, "label": "building:yes" }, "geometry": { "type": "Polygon", "coordinates": [ [ [ 25.9401203, 35.1590112 ], [ 25.9401688, 35.1589542 ], [ 25.9400231, 35.1588711 ], [ 25.9399746, 35.1589294 ], [ 25.9401203, 35.1590112 ] ] ] } },
{ "type": "Feature", "properties": { "@type": "way", "@id": 918617017, "admin_level": null, "amenity": null, "boundary": null, "building": "yes", "castle_type": null, "cuisine": null, "disused": null, "ford": null, "highway": null, "historic": null, "historic:civilization": null, "image": null, "int_name": null, "int_ref": null, "landuse": null, "lanes": null, "layer": null, "leisure": null, "man_made": null, "maxspeed": null, "maxspeed:type": null, "name": null, "name:de": null, "name:el": null, "name:en": null, "name:ru": null, "name:uk": null, "natural": null, "noexit": null, "old_ref": null, "oneway": null, "parking": null, "place": null, "population": null, "public_transport": null, "ref": null, "religion": null, "service": null, "shelter": null, "source": null, "source:old_ref": null, "source:ref": null, "sport": null, "surface": null, "tourism": null, "tower:type": null, "tunnel": null, "waterway": null, "wikidata": null, "wikipedia": null, "label": "building:yes" }, "geometry": { "type": "Polygon", "coordinates": [ [ [ 25.9399549, 35.1591675 ], [ 25.9400156, 35.1590398 ], [ 25.9399245, 35.1590075 ], [ 25.9398608, 35.159134 ], [ 25.9399549, 35.1591675 ] ] ] } },
{ "type": "Feature", "properties": { "@type": "way", "@id": 918617018, "admin_level": null, "amenity": null, "boundary": null, "building": "yes", "castle_type": null, "cuisine": null, "disused": null, "ford": null, "highway": null, "historic": null, "historic:civilization": null, "image": null, "int_name": null, "int_ref": null, "landuse": null, "lanes": null, "layer": null, "leisure": null, "man_made": null, "maxspeed": null, "maxspeed:type": null, "name": null, "name:de": null, "name:el": null, "name:en": null, "name:ru": null, "name:uk": null, "natural": null, "noexit": null, "old_ref": null, "oneway": null, "parking": null, "place": null, "population": null, "public_transport": null, "ref": null, "religion": null, "service": null, "shelter": null, "source": null, "source:old_ref": null, "source:ref": null, "sport": null, "surface": null, "tourism": null, "tower:type": null, "tunnel": null, "waterway": null, "wikidata": null, "wikipedia": null, "label": "building:yes" }, "geometry": { "type": "Polygon", "coordinates": [ [ [ 25.9399458, 35.1592767 ], [ 25.9399791, 35.159206 ], [ 25.9398608, 35.1591688 ], [ 25.9398229, 35.1592407 ], [ 25.9399458, 35.1592767 ] ] ] } },
{ "type": "Feature", "properties": { "@type": "way", "@id": 918617019, "admin_level": null, "amenity": null, "boundary": null, "building": "yes", "castle_type": null, "cuisine": null, "disused": null, "ford": null, "highway": null, "historic": null, "historic:civilization": null, "image": null, "int_name": null, "int_ref": null, "landuse": null, "lanes": null, "layer": null, "leisure": null, "man_made": null, "maxspeed": null, "maxspeed:type": null, "name": null, "name:de": null, "name:el": null, "name:en": null, "name:ru": null, "name:uk": null, "natural": null, "noexit": null, "old_ref": null, "oneway": null, "parking": null, "place": null, "population": null, "public_transport": null, "ref": null, "religion": null, "service": null, "shelter": null, "source": null, "source:old_ref": null, "source:ref": null, "sport": null, "surface": null, "tourism": null, "tower:type": null, "tunnel": null, "waterway": null, "wikidata": null, "wikipedia": null, "label": "building:yes" }, "geometry": { "type": "Polygon", "coordinates": [ [ [ 25.93998, 35.1594553 ], [ 25.9399951, 35.1593585 ], [ 25.9399572, 35.1593362 ], [ 25.9399542, 35.159294 ], [ 25.9399056, 35.1592828 ], [ 25.9398692, 35.1594367 ], [ 25.93998, 35.1594553 ] ] ] } },
{ "type": "Feature", "properties": { "@type": "way", "@id": 918617020, "admin_level": null, "amenity": null, "boundary": null, "building": "yes", "castle_type": null, "cuisine": null, "disused": null, "ford": null, "highway": null, "historic": null, "historic:civilization": null, "image": null, "int_name": null, "int_ref": null, "landuse": null, "lanes": null, "layer": null, "leisure": null, "man_made": null, "maxspeed": null, "maxspeed:type": null, "name": null, "name:de": null, "name:el": null, "name:en": null, "name:ru": null, "name:uk": null, "natural": null, "noexit": null, "old_ref": null, "oneway": null, "parking": null, "place": null, "population": null, "public_transport": null, "ref": null, "religion": null, "service": null, "shelter": null, "source": null, "source:old_ref": null, "source:ref": null, "sport": null, "surface": null, "tourism": null, "tower:type": null, "tunnel": null, "waterway": null, "wikidata": null, "wikipedia": null, "label": "building:yes" }, "geometry": { "type": "Polygon", "coordinates": [ [ [ 25.9397382, 35.1594328 ], [ 25.9398414, 35.159444 ], [ 25.9398748, 35.159289 ], [ 25.9397671, 35.1592505 ], [ 25.9397382, 35.1593758 ], [ 25.9397382, 35.1594328 ] ] ] } },
{ "type": "Feature", "properties": { "@type": "way", "@id": 918617021, "admin_level": null, "amenity": null, "boundary": null, "building": "yes", "castle_type": null, "cuisine": null, "disused": null, "ford": null, "highway": null, "historic": null, "historic:civilization": null, "image": null, "int_name": null, "int_ref": null, "landuse": null, "lanes": null, "layer": null, "leisure": null, "man_made": null, "maxspeed": null, "maxspeed:type": null, "name": null, "name:de": null, "name:el": null, "name:en": null, "name:ru": null, "name:uk": null, "natural": null, "noexit": null, "old_ref": null, "oneway": null, "parking": null, "place": null, "population": null, "public_transport": null, "ref": null, "religion": null, "service": null, "shelter": null, "source": null, "source:old_ref": null, "source:ref": null, "sport": null, "surface": null, "tourism": null, "tower:type": null, "tunnel": null, "waterway": null, "wikidata": null, "wikipedia": null, "label": "building:yes" }, "geometry": { "type": "Polygon", "coordinates": [ [ [ 25.9397333, 35.1590919 ], [ 25.9397637, 35.1590832 ], [ 25.9398411, 35.1589269 ], [ 25.9397925, 35.1588624 ], [ 25.9396302, 35.1589281 ], [ 25.9397333, 35.1590919 ] ] ] } },
{ "type": "Feature", "properties": { "@type": "way", "@id": 918617022, "admin_level": null, "amenity": null, "boundary": null, "building": "yes", "castle_type": null, "cuisine": null, "disused": null, "ford": null, "highway": null, "historic": null, "historic:civilization": null, "image": null, "int_name": null, "int_ref": null, "landuse": null, "lanes": null, "layer": null, "leisure": null, "man_made": null, "maxspeed": null, "maxspeed:type": null, "name": null, "name:de": null, "name:el": null, "name:en": null, "name:ru": null, "name:uk": null, "natural": null, "noexit": null, "old_ref": null, "oneway": null, "parking": null, "place": null, "population": null, "public_transport": null, "ref": null, "religion": null, "service": null, "shelter": null, "source": null, "source:old_ref": null, "source:ref": null, "sport": null, "surface": null, "tourism": null, "tower:type": null, "tunnel": null, "waterway": null, "wikidata": null, "wikipedia": null, "label": "building:yes" }, "geometry": { "type": "Polygon", "coordinates": [ [ [ 25.9396484, 35.1592606 ], [ 25.9396681, 35.1591948 ], [ 25.9397136, 35.159206 ], [ 25.9397561, 35.1591043 ], [ 25.939662, 35.159077 ], [ 25.9396074, 35.159175 ], [ 25.9395103, 35.1591564 ], [ 25.9394921, 35.1592308 ], [ 25.9396484, 35.1592606 ] ] ] } },
{ "type": "Feature", "properties": { "@type": "way", "@id": 918617023, "admin_level": null, "amenity": null, "boundary": null, "building": "yes", "castle_type": null, "cuisine": null, "disused": null, "ford": null, "highway": null, "historic": null, "historic:civilization": null, "image": null, "int_name": null, "int_ref": null, "landuse": null, "lanes": null, "layer": null, "leisure": null, "man_made": null, "maxspeed": null, "maxspeed:type": null, "name": null, "name:de": null, "name:el": null, "name:en": null, "name:ru": null, "name:uk": null, "natural": null, "noexit": null, "old_ref": null, "oneway": null, "parking": null, "place": null, "population": null, "public_transport": null, "ref": null, "religion": null, "service": null, "shelter": null, "source": null, "source:old_ref": null, "source:ref": null, "sport": null, "surface": null, "tourism": null, "tower:type": null, "tunnel": null, "waterway": null, "wikidata": null, "wikipedia": null, "label": "building:yes" }, "geometry": { "type": "Polygon", "coordinates": [ [ [ 25.9397687, 35.1596091 ], [ 25.9397945, 35.159856 ], [ 25.9398886, 35.1598609 ], [ 25.9398886, 35.1598299 ], [ 25.9399189, 35.1598299 ], [ 25.9399204, 35.1598535 ], [ 25.9401556, 35.1598374 ], [ 25.9401101, 35.1594962 ], [ 25.94006, 35.1594962 ], [ 25.940057, 35.1595297 ], [ 25.9399978, 35.1595334 ], [ 25.9399584, 35.1595062 ], [ 25.9399371, 35.1595037 ], [ 25.9399356, 35.1595372 ], [ 25.9399068, 35.1595372 ], [ 25.9399068, 35.1594937 ], [ 25.9397535, 35.1594677 ], [ 25.9397687, 35.1596091 ] ] ] } },
{ "type": "Feature", "properties": { "@type": "way", "@id": 918617024, "admin_level": null, "amenity": null, "boundary": null, "building": "yes", "castle_type": null, "cuisine": null, "disused": null, "ford": null, "highway": null, "historic": null, "historic:civilization": null, "image": null, "int_name": null, "int_ref": null, "landuse": null, "lanes": null, "layer": null, "leisure": null, "man_made": null, "maxspeed": null, "maxspeed:type": null, "name": null, "name:de": null, "name:el": null, "name:en": null, "name:ru": null, "name:uk": null, "natural": null, "noexit": null, "old_ref": null, "oneway": null, "parking": null, "place": null, "population": null, "public_transport": null, "ref": null, "religion": null, "service": null, "shelter": null, "source": null, "source:old_ref": null, "source:ref": null, "sport": null, "surface": null, "tourism": null, "tower:type": null, "tunnel": null, "waterway": null, "wikidata": null, "wikipedia": null, "label": "building:yes" }, "geometry": { "type": "Polygon", "coordinates": [ [ [ 25.9390976, 35.1598175 ], [ 25.9391932, 35.1599044 ], [ 25.9392357, 35.1598944 ], [ 25.9392873, 35.1598734 ], [ 25.9393662, 35.1598734 ], [ 25.9394329, 35.1598647 ], [ 25.9394284, 35.1598361 ], [ 25.9394633, 35.1598349 ], [ 25.9394693, 35.1598709 ], [ 25.9397318, 35.1598734 ], [ 25.9397273, 35.1597295 ], [ 25.9396802, 35.159727 ], [ 25.9396757, 35.1596861 ], [ 25.9396074, 35.1596786 ], [ 25.9396013, 35.1597109 ], [ 25.9394724, 35.1596997 ], [ 25.9393935, 35.1596935 ], [ 25.9393646, 35.159655 ], [ 25.9393783, 35.1596426 ], [ 25.939351, 35.1596215 ], [ 25.939439, 35.1595508 ], [ 25.9393904, 35.1594913 ], [ 25.9392842, 35.159433 ], [ 25.9391477, 35.1596302 ], [ 25.939219, 35.1596786 ], [ 25.9392053, 35.1596935 ], [ 25.939178, 35.1596885 ], [ 25.9391674, 35.1597667 ], [ 25.9393146, 35.1597518 ], [ 25.9393115, 35.1597754 ], [ 25.9391886, 35.159794 ], [ 25.9390976, 35.1598027 ], [ 25.9390976, 35.1598175 ] ] ] } },
{ "type": "Feature", "properties": { "@type": "way", "@id": 918617025, "admin_level": null, "amenity": null, "boundary": null, "building": "yes", "castle_type": null, "cuisine": null, "disused": null, "ford": null, "highway": null, "historic": null, "historic:civilization": null, "image": null, "int_name": null, "int_ref": null, "landuse": null, "lanes": null, "layer": null, "leisure": null, "man_made": null, "maxspeed": null, "maxspeed:type": null, "name": null, "name:de": null, "name:el": null, "name:en": null, "name:ru": null, "name:uk": null, "natural": null, "noexit": null, "old_ref": null, "oneway": null, "parking": null, "place": null, "population": null, "public_transport": null, "ref": null, "religion": null, "service": null, "shelter": null, "source": null, "source:old_ref": null, "source:ref": null, "sport": null, "surface": null, "tourism": null, "tower:type": null, "tunnel": null, "waterway": null, "wikidata": null, "wikipedia": null, "label": "building:yes" }, "geometry": { "type": "Polygon", "coordinates": [ [ [ 25.9397121, 35.1596712 ], [ 25.9397075, 35.1596153 ], [ 25.939524, 35.1595881 ], [ 25.9395406, 35.159557 ], [ 25.9394921, 35.1595471 ], [ 25.9394633, 35.1596476 ], [ 25.9397121, 35.1596712 ] ] ] } },
{ "type": "Feature", "properties": { "@type": "way", "@id": 918617026, "admin_level": null, "amenity": null, "boundary": null, "building": "yes", "castle_type": null, "cuisine": null, "disused": null, "ford": null, "highway": null, "historic": null, "historic:civilization": null, "image": null, "int_name": null, "int_ref": null, "landuse": null, "lanes": null, "layer": null, "leisure": null, "man_made": null, "maxspeed": null, "maxspeed:type": null, "name": null, "name:de": null, "name:el": null, "name:en": null, "name:ru": null, "name:uk": null, "natural": null, "noexit": null, "old_ref": null, "oneway": null, "parking": null, "place": null, "population": null, "public_transport": null, "ref": null, "religion": null, "service": null, "shelter": null, "source": null, "source:old_ref": null, "source:ref": null, "sport": null, "surface": null, "tourism": null, "tower:type": null, "tunnel": null, "waterway": null, "wikidata": null, "wikipedia": null, "label": "building:yes" }, "geometry": { "type": "Polygon", "coordinates": [ [ [ 25.9394223, 35.1594702 ], [ 25.9395118, 35.1594057 ], [ 25.9396256, 35.1594801 ], [ 25.9396878, 35.1594466 ], [ 25.9396742, 35.1593412 ], [ 25.9396287, 35.1593102 ], [ 25.9395422, 35.1592866 ], [ 25.9394253, 35.1592792 ], [ 25.9393115, 35.1594107 ], [ 25.9394223, 35.1594702 ] ] ] } },
{ "type": "Feature", "properties": { "@type": "way", "@id": 918617027, "admin_level": null, "amenity": null, "boundary": null, "building": "yes", "castle_type": null, "cuisine": null, "disused": null, "ford": null, "highway": null, "historic": null, "historic:civilization": null, "image": null, "int_name": null, "int_ref": null, "landuse": null, "lanes": null, "layer": null, "leisure": null, "man_made": null, "maxspeed": null, "maxspeed:type": null, "name": null, "name:de": null, "name:el": null, "name:en": null, "name:ru": null, "name:uk": null, "natural": null, "noexit": null, "old_ref": null, "oneway": null, "parking": null, "place": null, "population": null, "public_transport": null, "ref": null, "religion": null, "service": null, "shelter": null, "source": null, "source:old_ref": null, "source:ref": null, "sport": null, "surface": null, "tourism": null, "tower:type": null, "tunnel": null, "waterway": null, "wikidata": null, "wikipedia": null, "label": "building:yes" }, "geometry": { "type": "Polygon", "coordinates": [ [ [ 25.9393935, 35.1601227 ], [ 25.9394466, 35.1600929 ], [ 25.9393555, 35.1599726 ], [ 25.9393935, 35.1599453 ], [ 25.9394845, 35.1600756 ], [ 25.9395376, 35.1600619 ], [ 25.9395589, 35.1600892 ], [ 25.939439, 35.1601475 ], [ 25.9395164, 35.1602492 ], [ 25.9396499, 35.1601847 ], [ 25.9397182, 35.1601264 ], [ 25.9397834, 35.1600867 ], [ 25.9397986, 35.1600445 ], [ 25.9397455, 35.1599069 ], [ 25.9395862, 35.1599056 ], [ 25.9395285, 35.1599205 ], [ 25.9395164, 35.1599031 ], [ 25.939304, 35.1599069 ], [ 25.9392448, 35.1599304 ], [ 25.9393935, 35.1601227 ] ] ] } },
{ "type": "Feature", "properties": { "@type": "way", "@id": 918617028, "admin_level": null, "amenity": null, "boundary": null, "building": "yes", "castle_type": null, "cuisine": null, "disused": null, "ford": null, "highway": null, "historic": null, "historic:civilization": null, "image": null, "int_name": null, "int_ref": null, "landuse": null, "lanes": null, "layer": null, "leisure": null, "man_made": null, "maxspeed": null, "maxspeed:type": null, "name": null, "name:de": null, "name:el": null, "name:en": null, "name:ru": null, "name:uk": null, "natural": null, "noexit": null, "old_ref": null, "oneway": null, "parking": null, "place": null, "population": null, "public_transport": null, "ref": null, "religion": null, "service": null, "shelter": null, "source": null, "source:old_ref": null, "source:ref": null, "sport": null, "surface": null, "tourism": null, "tower:type": null, "tunnel": null, "waterway": null, "wikidata": null, "wikipedia": null, "label": "building:yes" }, "geometry": { "type": "Polygon", "coordinates": [ [ [ 25.9399041, 35.1601805 ], [ 25.939942, 35.1601371 ], [ 25.9399633, 35.160054 ], [ 25.9399633, 35.1599622 ], [ 25.939983, 35.1599436 ], [ 25.9399769, 35.1599002 ], [ 25.9398206, 35.1598964 ], [ 25.9398707, 35.1600242 ], [ 25.9398555, 35.1600875 ], [ 25.9398055, 35.1601272 ], [ 25.9399041, 35.1601805 ] ] ] } },
{ "type": "Feature", "properties": { "@type": "way", "@id": 918617029, "admin_level": null, "amenity": null, "boundary": null, "building": "yes", "castle_type": null, "cuisine": null, "disused": null, "ford": null, "highway": null, "historic": null, "historic:civilization": null, "image": null, "int_name": null, "int_ref": null, "landuse": null, "lanes": null, "layer": null, "leisure": null, "man_made": null, "maxspeed": null, "maxspeed:type": null, "name": null, "name:de": null, "name:el": null, "name:en": null, "name:ru": null, "name:uk": null, "natural": null, "noexit": null, "old_ref": null, "oneway": null, "parking": null, "place": null, "population": null, "public_transport": null, "ref": null, "religion": null, "service": null, "shelter": null, "source": null, "source:old_ref": null, "source:ref": null, "sport": null, "surface": null, "tourism": null, "tower:type": null, "tunnel": null, "waterway": null, "wikidata": null, "wikipedia": null, "label": "building:yes" }, "geometry": { "type": "Polygon", "coordinates": [ [ [ 25.9397819, 35.1603026 ], [ 25.9398714, 35.1602232 ], [ 25.9397713, 35.1601587 ], [ 25.9396924, 35.1602207 ], [ 25.9397819, 35.1603026 ] ] ] } },
{ "type": "Feature", "properties": { "@type": "way", "@id": 918617030, "admin_level": null, "amenity": null, "boundary": null, "building": "yes", "castle_type": null, "cuisine": null, "disused": null, "ford": null, "highway": null, "historic": null, "historic:civilization": null, "image": null, "int_name": null, "int_ref": null, "landuse": null, "lanes": null, "layer": null, "leisure": null, "man_made": null, "maxspeed": null, "maxspeed:type": null, "name": null, "name:de": null, "name:el": null, "name:en": null, "name:ru": null, "name:uk": null, "natural": null, "noexit": null, "old_ref": null, "oneway": null, "parking": null, "place": null, "population": null, "public_transport": null, "ref": null, "religion": null, "service": null, "shelter": null, "source": null, "source:old_ref": null, "source:ref": null, "sport": null, "surface": null, "tourism": null, "tower:type": null, "tunnel": null, "waterway": null, "wikidata": null, "wikipedia": null, "label": "building:yes" }, "geometry": { "type": "Polygon", "coordinates": [ [ [ 25.9396089, 35.1604278 ], [ 25.939744, 35.1603261 ], [ 25.9396514, 35.1602529 ], [ 25.939524, 35.1603522 ], [ 25.9396089, 35.1604278 ] ] ] } },
{ "type": "Feature", "properties": { "@type": "way", "@id": 918617031, "admin_level": null, "amenity": null, "boundary": null, "building": "yes", "castle_type": null, "cuisine": null, "disused": null, "ford": null, "highway": null, "historic": null, "historic:civilization": null, "image": null, "int_name": null, "int_ref": null, "landuse": null, "lanes": null, "layer": null, "leisure": null, "man_made": null, "maxspeed": null, "maxspeed:type": null, "name": null, "name:de": null, "name:el": null, "name:en": null, "name:ru": null, "name:uk": null, "natural": null, "noexit": null, "old_ref": null, "oneway": null, "parking": null, "place": null, "population": null, "public_transport": null, "ref": null, "religion": null, "service": null, "shelter": null, "source": null, "source:old_ref": null, "source:ref": null, "sport": null, "surface": null, "tourism": null, "tower:type": null, "tunnel": null, "waterway": null, "wikidata": null, "wikipedia": null, "label": "building:yes" }, "geometry": { "type": "Polygon", "coordinates": [ [ [ 25.9391932, 35.1604204 ], [ 25.9394344, 35.1603075 ], [ 25.9393267, 35.1601537 ], [ 25.9390688, 35.1602616 ], [ 25.9391932, 35.1604204 ] ] ] } },
{ "type": "Feature", "properties": { "@type": "way", "@id": 918617032, "admin_level": null, "amenity": null, "boundary": null, "building": "yes", "castle_type": null, "cuisine": null, "disused": null, "ford": null, "highway": null, "historic": null, "historic:civilization": null, "image": null, "int_name": null, "int_ref": null, "landuse": null, "lanes": null, "layer": null, "leisure": null, "man_made": null, "maxspeed": null, "maxspeed:type": null, "name": null, "name:de": null, "name:el": null, "name:en": null, "name:ru": null, "name:uk": null, "natural": null, "noexit": null, "old_ref": null, "oneway": null, "parking": null, "place": null, "population": null, "public_transport": null, "ref": null, "religion": null, "service": null, "shelter": null, "source": null, "source:old_ref": null, "source:ref": null, "sport": null, "surface": null, "tourism": null, "tower:type": null, "tunnel": null, "waterway": null, "wikidata": null, "wikipedia": null, "label": "building:yes" }, "geometry": { "type": "Polygon", "coordinates": [ [ [ 25.9389004, 35.1603671 ], [ 25.9389004, 35.1604316 ], [ 25.9389504, 35.1604787 ], [ 25.9390141, 35.1604576 ], [ 25.9391416, 35.1604551 ], [ 25.9389519, 35.1602343 ], [ 25.9388928, 35.1602579 ], [ 25.9388655, 35.1603112 ], [ 25.9389004, 35.1603671 ] ] ] } },
{ "type": "Feature", "properties": { "@type": "way", "@id": 918617033, "admin_level": null, "amenity": null, "boundary": null, "building": "yes", "castle_type": null, "cuisine": null, "disused": null, "ford": null, "highway": null, "historic": null, "historic:civilization": null, "image": null, "int_name": null, "int_ref": null, "landuse": null, "lanes": null, "layer": null, "leisure": null, "man_made": null, "maxspeed": null, "maxspeed:type": null, "name": null, "name:de": null, "name:el": null, "name:en": null, "name:ru": null, "name:uk": null, "natural": null, "noexit": null, "old_ref": null, "oneway": null, "parking": null, "place": null, "population": null, "public_transport": null, "ref": null, "religion": null, "service": null, "shelter": null, "source": null, "source:old_ref": null, "source:ref": null, "sport": null, "surface": null, "tourism": null, "tower:type": null, "tunnel": null, "waterway": null, "wikidata": null, "wikipedia": null, "label": "building:yes" }, "geometry": { "type": "Polygon", "coordinates": [ [ [ 25.9388275, 35.160408 ], [ 25.9388366, 35.1603695 ], [ 25.9388215, 35.1603112 ], [ 25.9387365, 35.160274 ], [ 25.9386895, 35.1603993 ], [ 25.9388275, 35.160408 ] ] ] } },
{ "type": "Feature", "properties": { "@type": "way", "@id": 918617034, "admin_level": null, "amenity": null, "boundary": null, "building": "yes", "castle_type": null, "cuisine": null, "disused": null, "ford": null, "highway": null, "historic": null, "historic:civilization": null, "image": null, "int_name": null, "int_ref": null, "landuse": null, "lanes": null, "layer": null, "leisure": null, "man_made": null, "maxspeed": null, "maxspeed:type": null, "name": null, "name:de": null, "name:el": null, "name:en": null, "name:ru": null, "name:uk": null, "natural": null, "noexit": null, "old_ref": null, "oneway": null, "parking": null, "place": null, "population": null, "public_transport": null, "ref": null, "religion": null, "service": null, "shelter": null, "source": null, "source:old_ref": null, "source:ref": null, "sport": null, "surface": null, "tourism": null, "tower:type": null, "tunnel": null, "waterway": null, "wikidata": null, "wikipedia": null, "label": "building:yes" }, "geometry": { "type": "Polygon", "coordinates": [ [ [ 25.9388169, 35.1600979 ], [ 25.9388533, 35.1600793 ], [ 25.9388806, 35.1600966 ], [ 25.9388548, 35.1601264 ], [ 25.9388852, 35.1601475 ], [ 25.9390066, 35.1600768 ], [ 25.9391492, 35.1599341 ], [ 25.9390764, 35.1598486 ], [ 25.9389929, 35.1597617 ], [ 25.9388518, 35.159851 ], [ 25.9388108, 35.159887 ], [ 25.9387623, 35.1599465 ], [ 25.9387775, 35.1599701 ], [ 25.9387213, 35.1600061 ], [ 25.9388169, 35.1600979 ] ] ] } },
{ "type": "Feature", "properties": { "@type": "way", "@id": 918617035, "admin_level": null, "amenity": null, "boundary": null, "building": "yes", "castle_type": null, "cuisine": null, "disused": null, "ford": null, "highway": null, "historic": null, "historic:civilization": null, "image": null, "int_name": null, "int_ref": null, "landuse": null, "lanes": null, "layer": null, "leisure": null, "man_made": null, "maxspeed": null, "maxspeed:type": null, "name": null, "name:de": null, "name:el": null, "name:en": null, "name:ru": null, "name:uk": null, "natural": null, "noexit": null, "old_ref": null, "oneway": null, "parking": null, "place": null, "population": null, "public_transport": null, "ref": null, "religion": null, "service": null, "shelter": null, "source": null, "source:old_ref": null, "source:ref": null, "sport": null, "surface": null, "tourism": null, "tower:type": null, "tunnel": null, "waterway": null, "wikidata": null, "wikipedia": null, "label": "building:yes" }, "geometry": { "type": "Polygon", "coordinates": [ [ [ 25.93909, 35.1597654 ], [ 25.93909, 35.1597171 ], [ 25.9390627, 35.1597257 ], [ 25.9390566, 35.1597654 ], [ 25.93909, 35.1597654 ] ] ] } },
{ "type": "Feature", "properties": { "@type": "way", "@id": 918617036, "admin_level": null, "amenity": null, "boundary": null, "building": "yes", "castle_type": null, "cuisine": null, "disused": null, "ford": null, "highway": null, "historic": null, "historic:civilization": null, "image": null, "int_name": null, "int_ref": null, "landuse": null, "lanes": null, "layer": null, "leisure": null, "man_made": null, "maxspeed": null, "maxspeed:type": null, "name": null, "name:de": null, "name:el": null, "name:en": null, "name:ru": null, "name:uk": null, "natural": null, "noexit": null, "old_ref": null, "oneway": null, "parking": null, "place": null, "population": null, "public_transport": null, "ref": null, "religion": null, "service": null, "shelter": null, "source": null, "source:old_ref": null, "source:ref": null, "sport": null, "surface": null, "tourism": null, "tower:type": null, "tunnel": null, "waterway": null, "wikidata": null, "wikipedia": null, "label": "building:yes" }, "geometry": { "type": "Polygon", "coordinates": [ [ [ 25.9386151, 35.1599292 ], [ 25.9387274, 35.1598647 ], [ 25.9387061, 35.1598423 ], [ 25.9387228, 35.1598237 ], [ 25.9388002, 35.1598436 ], [ 25.9389717, 35.1597419 ], [ 25.9389155, 35.1597071 ], [ 25.9388108, 35.1596228 ], [ 25.9387486, 35.1595136 ], [ 25.9385817, 35.1595694 ], [ 25.9386394, 35.1597394 ], [ 25.9386667, 35.159784 ], [ 25.9386075, 35.1598126 ], [ 25.9386181, 35.1598411 ], [ 25.9385605, 35.1598634 ], [ 25.9386151, 35.1599292 ] ] ] } },
{ "type": "Feature", "properties": { "@type": "way", "@id": 918617037, "admin_level": null, "amenity": null, "boundary": null, "building": "yes", "castle_type": null, "cuisine": null, "disused": null, "ford": null, "highway": null, "historic": null, "historic:civilization": null, "image": null, "int_name": null, "int_ref": null, "landuse": null, "lanes": null, "layer": null, "leisure": null, "man_made": null, "maxspeed": null, "maxspeed:type": null, "name": null, "name:de": null, "name:el": null, "name:en": null, "name:ru": null, "name:uk": null, "natural": null, "noexit": null, "old_ref": null, "oneway": null, "parking": null, "place": null, "population": null, "public_transport": null, "ref": null, "religion": null, "service": null, "shelter": null, "source": null, "source:old_ref": null, "source:ref": null, "sport": null, "surface": null, "tourism": null, "tower:type": null, "tunnel": null, "waterway": null, "wikidata": null, "wikipedia": null, "label": "building:yes" }, "geometry": { "type": "Polygon", "coordinates": [ [ [ 25.9387183, 35.1601698 ], [ 25.938697, 35.1601946 ], [ 25.9387972, 35.1602554 ], [ 25.9388548, 35.1601897 ], [ 25.9386834, 35.1600458 ], [ 25.938606, 35.1601041 ], [ 25.9387183, 35.1601698 ] ] ] } },
{ "type": "Feature", "properties": { "@type": "way", "@id": 918617038, "admin_level": null, "amenity": null, "boundary": null, "building": "yes", "castle_type": null, "cuisine": null, "disused": null, "ford": null, "highway": null, "historic": null, "historic:civilization": null, "image": null, "int_name": null, "int_ref": null, "landuse": null, "lanes": null, "layer": null, "leisure": null, "man_made": null, "maxspeed": null, "maxspeed:type": null, "name": null, "name:de": null, "name:el": null, "name:en": null, "name:ru": null, "name:uk": null, "natural": null, "noexit": null, "old_ref": null, "oneway": null, "parking": null, "place": null, "population": null, "public_transport": null, "ref": null, "religion": null, "service": null, "shelter": null, "source": null, "source:old_ref": null, "source:ref": null, "sport": null, "surface": null, "tourism": null, "tower:type": null, "tunnel": null, "waterway": null, "wikidata": null, "wikipedia": null, "label": "building:yes" }, "geometry": { "type": "Polygon", "coordinates": [ [ [ 25.9385544, 35.1600855 ], [ 25.938653, 35.1600123 ], [ 25.9385423, 35.1599267 ], [ 25.9384528, 35.1600036 ], [ 25.9385544, 35.1600855 ] ] ] } },
{ "type": "Feature", "properties": { "@type": "way", "@id": 918617040, "admin_level": null, "amenity": null, "boundary": null, "building": null, "castle_type": null, "cuisine": null, "disused": null, "ford": null, "highway": null, "historic": null, "historic:civilization": null, "image": null, "int_name": null, "int_ref": null, "landuse": null, "lanes": null, "layer": null, "leisure": "pitch", "man_made": null, "maxspeed": null, "maxspeed:type": null, "name": null, "name:de": null, "name:el": null, "name:en": null, "name:ru": null, "name:uk": null, "natural": null, "noexit": null, "old_ref": null, "oneway": null, "parking": null, "place": null, "population": null, "public_transport": null, "ref": null, "religion": null, "service": null, "shelter": null, "source": null, "source:old_ref": null, "source:ref": null, "sport": "soccer", "surface": null, "tourism": null, "tower:type": null, "tunnel": null, "waterway": null, "wikidata": null, "wikipedia": null, "label": "sport:soccer;leisure:pitch" }, "geometry": { "type": "Polygon", "coordinates": [ [ [ 25.9384026, 35.1603957 ], [ 25.9386515, 35.1601804 ], [ 25.9384881, 35.1600542 ], [ 25.9382393, 35.1602694 ], [ 25.9384026, 35.1603957 ] ] ] } },
{ "type": "Feature", "properties": { "@type": "way", "@id": 918617041, "admin_level": null, "amenity": null, "boundary": null, "building": "yes", "castle_type": null, "cuisine": null, "disused": null, "ford": null, "highway": null, "historic": null, "historic:civilization": null, "image": null, "int_name": null, "int_ref": null, "landuse": null, "lanes": null, "layer": null, "leisure": null, "man_made": null, "maxspeed": null, "maxspeed:type": null, "name": null, "name:de": null, "name:el": null, "name:en": null, "name:ru": null, "name:uk": null, "natural": null, "noexit": null, "old_ref": null, "oneway": null, "parking": null, "place": null, "population": null, "public_transport": null, "ref": null, "religion": null, "service": null, "shelter": null, "source": null, "source:old_ref": null, "source:ref": null, "sport": null, "surface": null, "tourism": null, "tower:type": null, "tunnel": null, "waterway": null, "wikidata": null, "wikipedia": null, "label": "building:yes" }, "geometry": { "type": "Polygon", "coordinates": [ [ [ 25.9381978, 35.160021 ], [ 25.9383116, 35.1599887 ], [ 25.9382616, 35.159887 ], [ 25.9381554, 35.1599168 ], [ 25.9381978, 35.160021 ] ] ] } },
{ "type": "Feature", "properties": { "@type": "way", "@id": 918617042, "admin_level": null, "amenity": null, "boundary": null, "building": "yes", "castle_type": null, "cuisine": null, "disused": null, "ford": null, "highway": null, "historic": null, "historic:civilization": null, "image": null, "int_name": null, "int_ref": null, "landuse": null, "lanes": null, "layer": null, "leisure": null, "man_made": null, "maxspeed": null, "maxspeed:type": null, "name": null, "name:de": null, "name:el": null, "name:en": null, "name:ru": null, "name:uk": null, "natural": null, "noexit": null, "old_ref": null, "oneway": null, "parking": null, "place": null, "population": null, "public_transport": null, "ref": null, "religion": null, "service": null, "shelter": null, "source": null, "source:old_ref": null, "source:ref": null, "sport": null, "surface": null, "tourism": null, "tower:type": null, "tunnel": null, "waterway": null, "wikidata": null, "wikipedia": null, "label": "building:yes" }, "geometry": { "type": "Polygon", "coordinates": [ [ [ 25.9380021, 35.1599959 ], [ 25.9380324, 35.1599922 ], [ 25.9381387, 35.1599476 ], [ 25.9381204, 35.1598806 ], [ 25.9379505, 35.1599054 ], [ 25.9379156, 35.1599711 ], [ 25.9380021, 35.1599959 ] ] ] } },
{ "type": "Feature", "properties": { "@type": "way", "@id": 918617043, "admin_level": null, "amenity": null, "boundary": null, "building": "yes", "castle_type": null, "cuisine": null, "disused": null, "ford": null, "highway": null, "historic": null, "historic:civilization": null, "image": null, "int_name": null, "int_ref": null, "landuse": null, "lanes": null, "layer": null, "leisure": null, "man_made": null, "maxspeed": null, "maxspeed:type": null, "name": null, "name:de": null, "name:el": null, "name:en": null, "name:ru": null, "name:uk": null, "natural": null, "noexit": null, "old_ref": null, "oneway": null, "parking": null, "place": null, "population": null, "public_transport": null, "ref": null, "religion": null, "service": null, "shelter": null, "source": null, "source:old_ref": null, "source:ref": null, "sport": null, "surface": null, "tourism": null, "tower:type": null, "tunnel": null, "waterway": null, "wikidata": null, "wikipedia": null, "label": "building:yes" }, "geometry": { "type": "Polygon", "coordinates": [ [ [ 25.9380243, 35.1597388 ], [ 25.9380243, 35.1597809 ], [ 25.9379889, 35.1597896 ], [ 25.9379846, 35.1598317 ], [ 25.9382206, 35.1597993 ], [ 25.9383719, 35.1597809 ], [ 25.9383547, 35.1596747 ], [ 25.9381455, 35.1596774 ], [ 25.938137, 35.1596467 ], [ 25.9381949, 35.1596239 ], [ 25.9381101, 35.1595221 ], [ 25.9380007, 35.1595905 ], [ 25.9379814, 35.1597388 ], [ 25.9380243, 35.1597388 ] ] ] } },
{ "type": "Feature", "properties": { "@type": "way", "@id": 918617044, "admin_level": null, "amenity": null, "boundary": null, "building": "yes", "castle_type": null, "cuisine": null, "disused": null, "ford": null, "highway": null, "historic": null, "historic:civilization": null, "image": null, "int_name": null, "int_ref": null, "landuse": null, "lanes": null, "layer": null, "leisure": null, "man_made": null, "maxspeed": null, "maxspeed:type": null, "name": null, "name:de": null, "name:el": null, "name:en": null, "name:ru": null, "name:uk": null, "natural": null, "noexit": null, "old_ref": null, "oneway": null, "parking": null, "place": null, "population": null, "public_transport": null, "ref": null, "religion": null, "service": null, "shelter": null, "source": null, "source:old_ref": null, "source:ref": null, "sport": null, "surface": null, "tourism": null, "tower:type": null, "tunnel": null, "waterway": null, "wikidata": null, "wikipedia": null, "label": "building:yes" }, "geometry": { "type": "Polygon", "coordinates": [ [ [ 25.938196, 35.1595414 ], [ 25.9382367, 35.159644 ], [ 25.938388, 35.15963 ], [ 25.9384642, 35.1597537 ], [ 25.9385886, 35.1597124 ], [ 25.9385446, 35.1595782 ], [ 25.9384921, 35.1595607 ], [ 25.9384138, 35.1594265 ], [ 25.9383429, 35.1594274 ], [ 25.9382872, 35.1594011 ], [ 25.9381412, 35.1594975 ], [ 25.938196, 35.1595414 ] ] ] } },
{ "type": "Feature", "properties": { "@type": "way", "@id": 918617045, "admin_level": null, "amenity": null, "boundary": null, "building": "yes", "castle_type": null, "cuisine": null, "disused": null, "ford": null, "highway": null, "historic": null, "historic:civilization": null, "image": null, "int_name": null, "int_ref": null, "landuse": null, "lanes": null, "layer": null, "leisure": null, "man_made": null, "maxspeed": null, "maxspeed:type": null, "name": null, "name:de": null, "name:el": null, "name:en": null, "name:ru": null, "name:uk": null, "natural": null, "noexit": null, "old_ref": null, "oneway": null, "parking": null, "place": null, "population": null, "public_transport": null, "ref": null, "religion": null, "service": null, "shelter": null, "source": null, "source:old_ref": null, "source:ref": null, "sport": null, "surface": null, "tourism": null, "tower:type": null, "tunnel": null, "waterway": null, "wikidata": null, "wikipedia": null, "label": "building:yes" }, "geometry": { "type": "Polygon", "coordinates": [ [ [ 25.9383638, 35.1593852 ], [ 25.9384342, 35.1593663 ], [ 25.93855, 35.1595458 ], [ 25.9386562, 35.1595028 ], [ 25.9386412, 35.1594826 ], [ 25.9387356, 35.1594309 ], [ 25.9387227, 35.1593607 ], [ 25.9386916, 35.1593186 ], [ 25.9387431, 35.1592756 ], [ 25.9387195, 35.1592283 ], [ 25.938727, 35.1592063 ], [ 25.9387099, 35.159137 ], [ 25.9386187, 35.1591467 ], [ 25.9384406, 35.1592248 ], [ 25.9383623, 35.1592818 ], [ 25.9383118, 35.1593502 ], [ 25.9383638, 35.1593852 ] ] ] } },
{ "type": "Feature", "properties": { "@type": "way", "@id": 918617047, "admin_level": null, "amenity": null, "boundary": null, "building": "yes", "castle_type": null, "cuisine": null, "disused": null, "ford": null, "highway": null, "historic": null, "historic:civilization": null, "image": null, "int_name": null, "int_ref": null, "landuse": null, "lanes": null, "layer": null, "leisure": null, "man_made": null, "maxspeed": null, "maxspeed:type": null, "name": null, "name:de": null, "name:el": null, "name:en": null, "name:ru": null, "name:uk": null, "natural": null, "noexit": null, "old_ref": null, "oneway": null, "parking": null, "place": null, "population": null, "public_transport": null, "ref": null, "religion": null, "service": null, "shelter": null, "source": null, "source:old_ref": null, "source:ref": null, "sport": null, "surface": null, "tourism": null, "tower:type": null, "tunnel": null, "waterway": null, "wikidata": null, "wikipedia": null, "label": "building:yes" }, "geometry": { "type": "Polygon", "coordinates": [ [ [ 25.9387549, 35.1591967 ], [ 25.9387474, 35.1592309 ], [ 25.9387657, 35.1592625 ], [ 25.938932, 35.1591897 ], [ 25.938947, 35.1591239 ], [ 25.9389948, 35.159098 ], [ 25.9390009, 35.1590643 ], [ 25.9389815, 35.1590314 ], [ 25.9387292, 35.15913 ], [ 25.9387549, 35.1591967 ] ] ] } },
{ "type": "Feature", "properties": { "@type": "way", "@id": 918617048, "admin_level": null, "amenity": null, "boundary": null, "building": "yes", "castle_type": null, "cuisine": null, "disused": null, "ford": null, "highway": null, "historic": null, "historic:civilization": null, "image": null, "int_name": null, "int_ref": null, "landuse": null, "lanes": null, "layer": null, "leisure": null, "man_made": null, "maxspeed": null, "maxspeed:type": null, "name": null, "name:de": null, "name:el": null, "name:en": null, "name:ru": null, "name:uk": null, "natural": null, "noexit": null, "old_ref": null, "oneway": null, "parking": null, "place": null, "population": null, "public_transport": null, "ref": null, "religion": null, "service": null, "shelter": null, "source": null, "source:old_ref": null, "source:ref": null, "sport": null, "surface": null, "tourism": null, "tower:type": null, "tunnel": null, "waterway": null, "wikidata": null, "wikipedia": null, "label": "building:yes" }, "geometry": { "type": "Polygon", "coordinates": [ [ [ 25.9387757, 35.1593613 ], [ 25.9387844, 35.1594244 ], [ 25.9389073, 35.1594221 ], [ 25.9389599, 35.159394 ], [ 25.9390553, 35.1594107 ], [ 25.9390532, 35.1594256 ], [ 25.9389523, 35.1594168 ], [ 25.9389459, 35.1594423 ], [ 25.9387775, 35.1594458 ], [ 25.9387753, 35.1594993 ], [ 25.938933, 35.1595265 ], [ 25.9389266, 35.1595546 ], [ 25.9388268, 35.1595282 ], [ 25.9387925, 35.1595282 ], [ 25.9388279, 35.1595888 ], [ 25.9389159, 35.1596747 ], [ 25.9389867, 35.1597212 ], [ 25.9390693, 35.1596247 ], [ 25.9390983, 35.1596291 ], [ 25.939139, 35.1595712 ], [ 25.9390392, 35.1595274 ], [ 25.9390489, 35.1595081 ], [ 25.9391476, 35.1595519 ], [ 25.9393794, 35.1592616 ], [ 25.9393107, 35.1592502 ], [ 25.9392581, 35.1592537 ], [ 25.9391991, 35.1593177 ], [ 25.9390918, 35.1593283 ], [ 25.9391079, 35.1592519 ], [ 25.9392356, 35.1592318 ], [ 25.9394105, 35.1592265 ], [ 25.9394105, 35.1591791 ], [ 25.9391787, 35.1591949 ], [ 25.9391626, 35.1590695 ], [ 25.9391208, 35.1590651 ], [ 25.9390693, 35.1590686 ], [ 25.939035, 35.1591283 ], [ 25.9389781, 35.1591432 ], [ 25.9389684, 35.1592002 ], [ 25.9389513, 35.1592204 ], [ 25.9389759, 35.1593195 ], [ 25.9389491, 35.1593283 ], [ 25.9388944, 35.1592423 ], [ 25.9387742, 35.1592897 ], [ 25.9387442, 35.1593202 ], [ 25.9387757, 35.1593613 ] ] ] } },
{ "type": "Feature", "properties": { "@type": "way", "@id": 918617049, "admin_level": null, "amenity": "place_of_worship", "boundary": null, "building": "yes", "castle_type": null, "cuisine": null, "disused": null, "ford": null, "highway": null, "historic": null, "historic:civilization": null, "image": null, "int_name": null, "int_ref": null, "landuse": null, "lanes": null, "layer": null, "leisure": null, "man_made": null, "maxspeed": null, "maxspeed:type": null, "name": null, "name:de": null, "name:el": null, "name:en": null, "name:ru": null, "name:uk": null, "natural": null, "noexit": null, "old_ref": null, "oneway": null, "parking": null, "place": null, "population": null, "public_transport": null, "ref": null, "religion": "christian", "service": null, "shelter": null, "source": null, "source:old_ref": null, "source:ref": null, "sport": null, "surface": null, "tourism": null, "tower:type": null, "tunnel": null, "waterway": null, "wikidata": null, "wikipedia": null, "label": "building:yes;amenity:place_of_worship" }, "geometry": { "type": "Polygon", "coordinates": [ [ [ 25.9392367, 35.1590309 ], [ 25.9392388, 35.1589809 ], [ 25.9391262, 35.158987 ], [ 25.9391229, 35.1590318 ], [ 25.9392367, 35.1590309 ] ] ] } },
{ "type": "Feature", "properties": { "@type": "way", "@id": 918617050, "admin_level": null, "amenity": null, "boundary": null, "building": "yes", "castle_type": null, "cuisine": null, "disused": null, "ford": null, "highway": null, "historic": null, "historic:civilization": null, "image": null, "int_name": null, "int_ref": null, "landuse": null, "lanes": null, "layer": null, "leisure": null, "man_made": null, "maxspeed": null, "maxspeed:type": null, "name": null, "name:de": null, "name:el": null, "name:en": null, "name:ru": null, "name:uk": null, "natural": null, "noexit": null, "old_ref": null, "oneway": null, "parking": null, "place": null, "population": null, "public_transport": null, "ref": null, "religion": null, "service": null, "shelter": null, "source": null, "source:old_ref": null, "source:ref": null, "sport": null, "surface": null, "tourism": null, "tower:type": null, "tunnel": null, "waterway": null, "wikidata": null, "wikipedia": null, "label": "building:yes" }, "geometry": { "type": "Polygon", "coordinates": [ [ [ 25.9390983, 35.1588257 ], [ 25.9392806, 35.1588151 ], [ 25.9393836, 35.1587941 ], [ 25.9395628, 35.1586906 ], [ 25.9394738, 35.158602 ], [ 25.9391058, 35.1587406 ], [ 25.9391283, 35.158773 ], [ 25.9390768, 35.1587967 ], [ 25.9390983, 35.1588257 ] ] ] } },
{ "type": "Feature", "properties": { "@type": "way", "@id": 918617051, "admin_level": null, "amenity": null, "boundary": null, "building": "yes", "castle_type": null, "cuisine": null, "disused": null, "ford": null, "highway": null, "historic": null, "historic:civilization": null, "image": null, "int_name": null, "int_ref": null, "landuse": null, "lanes": null, "layer": null, "leisure": null, "man_made": null, "maxspeed": null, "maxspeed:type": null, "name": null, "name:de": null, "name:el": null, "name:en": null, "name:ru": null, "name:uk": null, "natural": null, "noexit": null, "old_ref": null, "oneway": null, "parking": null, "place": null, "population": null, "public_transport": null, "ref": null, "religion": null, "service": null, "shelter": null, "source": null, "source:old_ref": null, "source:ref": null, "sport": null, "surface": null, "tourism": null, "tower:type": null, "tunnel": null, "waterway": null, "wikidata": null, "wikipedia": null, "label": "building:yes" }, "geometry": { "type": "Polygon", "coordinates": [ [ [ 25.9386906, 35.1586037 ], [ 25.9388021, 35.1585853 ], [ 25.9387775, 35.1585222 ], [ 25.938668, 35.158545 ], [ 25.9386906, 35.1586037 ] ] ] } },
{ "type": "Feature", "properties": { "@type": "way", "@id": 918617052, "admin_level": null, "amenity": null, "boundary": null, "building": "yes", "castle_type": null, "cuisine": null, "disused": null, "ford": null, "highway": null, "historic": null, "historic:civilization": null, "image": null, "int_name": null, "int_ref": null, "landuse": null, "lanes": null, "layer": null, "leisure": null, "man_made": null, "maxspeed": null, "maxspeed:type": null, "name": null, "name:de": null, "name:el": null, "name:en": null, "name:ru": null, "name:uk": null, "natural": null, "noexit": null, "old_ref": null, "oneway": null, "parking": null, "place": null, "population": null, "public_transport": null, "ref": null, "religion": null, "service": null, "shelter": null, "source": null, "source:old_ref": null, "source:ref": null, "sport": null, "surface": null, "tourism": null, "tower:type": null, "tunnel": null, "waterway": null, "wikidata": null, "wikipedia": null, "label": "building:yes" }, "geometry": { "type": "Polygon", "coordinates": [ [ [ 25.9384341, 35.15918 ], [ 25.9385243, 35.1591423 ], [ 25.9387002, 35.1590897 ], [ 25.9391272, 35.1589467 ], [ 25.9390832, 35.1588616 ], [ 25.9390586, 35.1588616 ], [ 25.9390403, 35.1588353 ], [ 25.9389352, 35.1588607 ], [ 25.9388837, 35.1588888 ], [ 25.9388697, 35.1588011 ], [ 25.9388107, 35.1588037 ], [ 25.9388107, 35.1588432 ], [ 25.9387624, 35.1588432 ], [ 25.9387367, 35.1587695 ], [ 25.9387163, 35.1587748 ], [ 25.9386605, 35.1588827 ], [ 25.9385779, 35.1589993 ], [ 25.9385489, 35.1590292 ], [ 25.9384041, 35.1591616 ], [ 25.9384341, 35.15918 ] ] ] } },
{ "type": "Feature", "properties": { "@type": "way", "@id": 918617053, "admin_level": null, "amenity": null, "boundary": null, "building": "yes", "castle_type": null, "cuisine": null, "disused": null, "ford": null, "highway": null, "historic": null, "historic:civilization": null, "image": null, "int_name": null, "int_ref": null, "landuse": null, "lanes": null, "layer": null, "leisure": null, "man_made": null, "maxspeed": null, "maxspeed:type": null, "name": null, "name:de": null, "name:el": null, "name:en": null, "name:ru": null, "name:uk": null, "natural": null, "noexit": null, "old_ref": null, "oneway": null, "parking": null, "place": null, "population": null, "public_transport": null, "ref": null, "religion": null, "service": null, "shelter": null, "source": null, "source:old_ref": null, "source:ref": null, "sport": null, "surface": null, "tourism": null, "tower:type": null, "tunnel": null, "waterway": null, "wikidata": null, "wikipedia": null, "label": "building:yes" }, "geometry": { "type": "Polygon", "coordinates": [ [ [ 25.9391626, 35.1589423 ], [ 25.9392785, 35.1588993 ], [ 25.9392356, 35.1588397 ], [ 25.9391219, 35.1588704 ], [ 25.9391626, 35.1589423 ] ] ] } },
{ "type": "Feature", "properties": { "@type": "way", "@id": 918617054, "admin_level": null, "amenity": null, "boundary": null, "building": "yes", "castle_type": null, "cuisine": null, "disused": null, "ford": null, "highway": null, "historic": null, "historic:civilization": null, "image": null, "int_name": null, "int_ref": null, "landuse": null, "lanes": null, "layer": null, "leisure": null, "man_made": null, "maxspeed": null, "maxspeed:type": null, "name": null, "name:de": null, "name:el": null, "name:en": null, "name:ru": null, "name:uk": null, "natural": null, "noexit": null, "old_ref": null, "oneway": null, "parking": null, "place": null, "population": null, "public_transport": null, "ref": null, "religion": null, "service": null, "shelter": null, "source": null, "source:old_ref": null, "source:ref": null, "sport": null, "surface": null, "tourism": null, "tower:type": null, "tunnel": null, "waterway": null, "wikidata": null, "wikipedia": null, "label": "building:yes" }, "geometry": { "type": "Polygon", "coordinates": [ [ [ 25.9380157, 35.1595318 ], [ 25.9381209, 35.1594686 ], [ 25.9382271, 35.1593572 ], [ 25.9382904, 35.1592388 ], [ 25.9383118, 35.1592028 ], [ 25.9382378, 35.1591756 ], [ 25.9381713, 35.1592458 ], [ 25.9381091, 35.1592256 ], [ 25.9380726, 35.1592774 ], [ 25.9381166, 35.1593116 ], [ 25.9380264, 35.1593756 ], [ 25.9379331, 35.1594554 ], [ 25.9380157, 35.1595318 ] ] ] } },
{ "type": "Feature", "properties": { "@type": "way", "@id": 918617055, "admin_level": null, "amenity": null, "boundary": null, "building": "yes", "castle_type": null, "cuisine": null, "disused": null, "ford": null, "highway": null, "historic": null, "historic:civilization": null, "image": null, "int_name": null, "int_ref": null, "landuse": null, "lanes": null, "layer": null, "leisure": null, "man_made": null, "maxspeed": null, "maxspeed:type": null, "name": null, "name:de": null, "name:el": null, "name:en": null, "name:ru": null, "name:uk": null, "natural": null, "noexit": null, "old_ref": null, "oneway": null, "parking": null, "place": null, "population": null, "public_transport": null, "ref": null, "religion": null, "service": null, "shelter": null, "source": null, "source:old_ref": null, "source:ref": null, "sport": null, "surface": null, "tourism": null, "tower:type": null, "tunnel": null, "waterway": null, "wikidata": null, "wikipedia": null, "label": "building:yes" }, "geometry": { "type": "Polygon", "coordinates": [ [ [ 25.9377024, 35.1596379 ], [ 25.9379138, 35.1595809 ], [ 25.937976, 35.1595607 ], [ 25.9379234, 35.1594826 ], [ 25.937667, 35.1595563 ], [ 25.9377024, 35.1596379 ] ] ] } },
{ "type": "Feature", "properties": { "@type": "way", "@id": 918617056, "admin_level": null, "amenity": null, "boundary": null, "building": "yes", "castle_type": null, "cuisine": null, "disused": null, "ford": null, "highway": null, "historic": null, "historic:civilization": null, "image": null, "int_name": null, "int_ref": null, "landuse": null, "lanes": null, "layer": null, "leisure": null, "man_made": null, "maxspeed": null, "maxspeed:type": null, "name": null, "name:de": null, "name:el": null, "name:en": null, "name:ru": null, "name:uk": null, "natural": null, "noexit": null, "old_ref": null, "oneway": null, "parking": null, "place": null, "population": null, "public_transport": null, "ref": null, "religion": null, "service": null, "shelter": null, "source": null, "source:old_ref": null, "source:ref": null, "sport": null, "surface": null, "tourism": null, "tower:type": null, "tunnel": null, "waterway": null, "wikidata": null, "wikipedia": null, "label": "building:yes" }, "geometry": { "type": "Polygon", "coordinates": [ [ [ 25.9376293, 35.1598167 ], [ 25.9377358, 35.1598182 ], [ 25.9377601, 35.1598256 ], [ 25.9377466, 35.1599849 ], [ 25.9377637, 35.1599974 ], [ 25.9378548, 35.1600122 ], [ 25.9379018, 35.1599008 ], [ 25.937927, 35.1598035 ], [ 25.9379478, 35.15965 ], [ 25.9379406, 35.1596176 ], [ 25.9378188, 35.1596508 ], [ 25.9376455, 35.1596914 ], [ 25.9376239, 35.1597526 ], [ 25.9376293, 35.1598167 ] ] ] } },
{ "type": "Feature", "properties": { "@type": "way", "@id": 918617057, "admin_level": null, "amenity": null, "boundary": null, "building": "yes", "castle_type": null, "cuisine": null, "disused": null, "ford": null, "highway": null, "historic": null, "historic:civilization": null, "image": null, "int_name": null, "int_ref": null, "landuse": null, "lanes": null, "layer": null, "leisure": null, "man_made": null, "maxspeed": null, "maxspeed:type": null, "name": null, "name:de": null, "name:el": null, "name:en": null, "name:ru": null, "name:uk": null, "natural": null, "noexit": null, "old_ref": null, "oneway": null, "parking": null, "place": null, "population": null, "public_transport": null, "ref": null, "religion": null, "service": null, "shelter": null, "source": null, "source:old_ref": null, "source:ref": null, "sport": null, "surface": null, "tourism": null, "tower:type": null, "tunnel": null, "waterway": null, "wikidata": null, "wikipedia": null, "label": "building:yes" }, "geometry": { "type": "Polygon", "coordinates": [ [ [ 25.937291, 35.1597953 ], [ 25.9373099, 35.1598492 ], [ 25.9374732, 35.159816 ], [ 25.9374831, 35.1598315 ], [ 25.9373189, 35.1598698 ], [ 25.9373713, 35.1600011 ], [ 25.9373541, 35.160055 ], [ 25.9373969, 35.1601066 ], [ 25.9374904, 35.1600844 ], [ 25.9375648, 35.160088 ], [ 25.9376807, 35.1602785 ], [ 25.9377854, 35.1601066 ], [ 25.9378251, 35.1600321 ], [ 25.9377457, 35.1600129 ], [ 25.9377204, 35.1599945 ], [ 25.9377195, 35.1599687 ], [ 25.9376013, 35.1599694 ], [ 25.9376022, 35.1599414 ], [ 25.9377258, 35.1599458 ], [ 25.9377349, 35.1598403 ], [ 25.937604, 35.1598381 ], [ 25.9375914, 35.1597887 ], [ 25.9375959, 35.1597039 ], [ 25.9372811, 35.159743 ], [ 25.937291, 35.1597953 ] ] ] } },
{ "type": "Feature", "properties": { "@type": "way", "@id": 918617058, "admin_level": null, "amenity": null, "boundary": null, "building": "yes", "castle_type": null, "cuisine": null, "disused": null, "ford": null, "highway": null, "historic": null, "historic:civilization": null, "image": null, "int_name": null, "int_ref": null, "landuse": null, "lanes": null, "layer": null, "leisure": null, "man_made": null, "maxspeed": null, "maxspeed:type": null, "name": null, "name:de": null, "name:el": null, "name:en": null, "name:ru": null, "name:uk": null, "natural": null, "noexit": null, "old_ref": null, "oneway": null, "parking": null, "place": null, "population": null, "public_transport": null, "ref": null, "religion": null, "service": null, "shelter": null, "source": null, "source:old_ref": null, "source:ref": null, "sport": null, "surface": null, "tourism": null, "tower:type": null, "tunnel": null, "waterway": null, "wikidata": null, "wikipedia": null, "label": "building:yes" }, "geometry": { "type": "Polygon", "coordinates": [ [ [ 25.9369546, 35.1596609 ], [ 25.9371842, 35.1596907 ], [ 25.9373226, 35.1596767 ], [ 25.9375393, 35.1596477 ], [ 25.9375382, 35.1595846 ], [ 25.9371842, 35.1596091 ], [ 25.936946, 35.1596162 ], [ 25.9369546, 35.1596609 ] ] ] } },
{ "type": "Feature", "properties": { "@type": "way", "@id": 918617059, "admin_level": null, "amenity": null, "boundary": null, "building": "yes", "castle_type": null, "cuisine": null, "disused": null, "ford": null, "highway": null, "historic": null, "historic:civilization": null, "image": null, "int_name": null, "int_ref": null, "landuse": null, "lanes": null, "layer": null, "leisure": null, "man_made": null, "maxspeed": null, "maxspeed:type": null, "name": null, "name:de": null, "name:el": null, "name:en": null, "name:ru": null, "name:uk": null, "natural": null, "noexit": null, "old_ref": null, "oneway": null, "parking": null, "place": null, "population": null, "public_transport": null, "ref": null, "religion": null, "service": null, "shelter": null, "source": null, "source:old_ref": null, "source:ref": null, "sport": null, "surface": null, "tourism": null, "tower:type": null, "tunnel": null, "waterway": null, "wikidata": null, "wikipedia": null, "label": "building:yes" }, "geometry": { "type": "Polygon", "coordinates": [ [ [ 25.9376027, 35.1596589 ], [ 25.9376607, 35.1596466 ], [ 25.9376456, 35.159594 ], [ 25.9375866, 35.1596063 ], [ 25.9376027, 35.1596589 ] ] ] } },
{ "type": "Feature", "properties": { "@type": "way", "@id": 918617060, "admin_level": null, "amenity": null, "boundary": null, "building": "yes", "castle_type": null, "cuisine": null, "disused": null, "ford": null, "highway": null, "historic": null, "historic:civilization": null, "image": null, "int_name": null, "int_ref": null, "landuse": null, "lanes": null, "layer": null, "leisure": null, "man_made": null, "maxspeed": null, "maxspeed:type": null, "name": null, "name:de": null, "name:el": null, "name:en": null, "name:ru": null, "name:uk": null, "natural": null, "noexit": null, "old_ref": null, "oneway": null, "parking": null, "place": null, "population": null, "public_transport": null, "ref": null, "religion": null, "service": null, "shelter": null, "source": null, "source:old_ref": null, "source:ref": null, "sport": null, "surface": null, "tourism": null, "tower:type": null, "tunnel": null, "waterway": null, "wikidata": null, "wikipedia": null, "label": "building:yes" }, "geometry": { "type": "Polygon", "coordinates": [ [ [ 25.937887, 35.1602132 ], [ 25.9379181, 35.1602922 ], [ 25.93796, 35.1602843 ], [ 25.9379997, 35.1603966 ], [ 25.9381295, 35.1603588 ], [ 25.9380984, 35.1602667 ], [ 25.938034, 35.1602729 ], [ 25.9380093, 35.1602167 ], [ 25.9379814, 35.1601378 ], [ 25.93799, 35.1601071 ], [ 25.9380308, 35.1601045 ], [ 25.9380662, 35.1600133 ], [ 25.9379857, 35.1600168 ], [ 25.9378935, 35.1599931 ], [ 25.9378345, 35.1601062 ], [ 25.937887, 35.1602132 ] ] ] } },
{ "type": "Feature", "properties": { "@type": "way", "@id": 918617061, "admin_level": null, "amenity": null, "boundary": null, "building": "yes", "castle_type": null, "cuisine": null, "disused": null, "ford": null, "highway": null, "historic": null, "historic:civilization": null, "image": null, "int_name": null, "int_ref": null, "landuse": null, "lanes": null, "layer": null, "leisure": null, "man_made": null, "maxspeed": null, "maxspeed:type": null, "name": null, "name:de": null, "name:el": null, "name:en": null, "name:ru": null, "name:uk": null, "natural": null, "noexit": null, "old_ref": null, "oneway": null, "parking": null, "place": null, "population": null, "public_transport": null, "ref": null, "religion": null, "service": null, "shelter": null, "source": null, "source:old_ref": null, "source:ref": null, "sport": null, "surface": null, "tourism": null, "tower:type": null, "tunnel": null, "waterway": null, "wikidata": null, "wikipedia": null, "label": "building:yes" }, "geometry": { "type": "Polygon", "coordinates": [ [ [ 25.9380029, 35.1605965 ], [ 25.9381746, 35.160543 ], [ 25.9381499, 35.1604299 ], [ 25.9381842, 35.1604255 ], [ 25.9381681, 35.1603878 ], [ 25.9381016, 35.160415 ], [ 25.9381027, 35.1604387 ], [ 25.9380834, 35.1604501 ], [ 25.9380898, 35.1604983 ], [ 25.9380544, 35.1605018 ], [ 25.9380244, 35.1604316 ], [ 25.9379578, 35.1604466 ], [ 25.9379546, 35.1604632 ], [ 25.9380029, 35.1605965 ] ] ] } },
{ "type": "Feature", "properties": { "@type": "way", "@id": 918617062, "admin_level": null, "amenity": null, "boundary": null, "building": "yes", "castle_type": null, "cuisine": null, "disused": null, "ford": null, "highway": null, "historic": null, "historic:civilization": null, "image": null, "int_name": null, "int_ref": null, "landuse": null, "lanes": null, "layer": null, "leisure": null, "man_made": null, "maxspeed": null, "maxspeed:type": null, "name": null, "name:de": null, "name:el": null, "name:en": null, "name:ru": null, "name:uk": null, "natural": null, "noexit": null, "old_ref": null, "oneway": null, "parking": null, "place": null, "population": null, "public_transport": null, "ref": null, "religion": null, "service": null, "shelter": null, "source": null, "source:old_ref": null, "source:ref": null, "sport": null, "surface": null, "tourism": null, "tower:type": null, "tunnel": null, "waterway": null, "wikidata": null, "wikipedia": null, "label": "building:yes" }, "geometry": { "type": "Polygon", "coordinates": [ [ [ 25.9377079, 35.1603895 ], [ 25.9377497, 35.1605369 ], [ 25.9377765, 35.1606237 ], [ 25.9377948, 35.1606562 ], [ 25.9378334, 35.1606895 ], [ 25.9379664, 35.1606185 ], [ 25.9379289, 35.1604562 ], [ 25.9379375, 35.160422 ], [ 25.9378988, 35.1603387 ], [ 25.9378774, 35.1602606 ], [ 25.9378162, 35.1601448 ], [ 25.9377969, 35.1601501 ], [ 25.9377776, 35.1601957 ], [ 25.9377744, 35.1602404 ], [ 25.9377229, 35.1602808 ], [ 25.9376971, 35.1603238 ], [ 25.9377079, 35.1603895 ] ] ] } },
{ "type": "Feature", "properties": { "@type": "way", "@id": 918617063, "admin_level": null, "amenity": null, "boundary": null, "building": "yes", "castle_type": null, "cuisine": null, "disused": null, "ford": null, "highway": null, "historic": null, "historic:civilization": null, "image": null, "int_name": null, "int_ref": null, "landuse": null, "lanes": null, "layer": null, "leisure": null, "man_made": null, "maxspeed": null, "maxspeed:type": null, "name": null, "name:de": null, "name:el": null, "name:en": null, "name:ru": null, "name:uk": null, "natural": null, "noexit": null, "old_ref": null, "oneway": null, "parking": null, "place": null, "population": null, "public_transport": null, "ref": null, "religion": null, "service": null, "shelter": null, "source": null, "source:old_ref": null, "source:ref": null, "sport": null, "surface": null, "tourism": null, "tower:type": null, "tunnel": null, "waterway": null, "wikidata": null, "wikipedia": null, "label": "building:yes" }, "geometry": { "type": "Polygon", "coordinates": [ [ [ 25.9373665, 35.1602888 ], [ 25.9374545, 35.1604405 ], [ 25.9375285, 35.1605563 ], [ 25.9376465, 35.160658 ], [ 25.9377023, 35.1606852 ], [ 25.9377452, 35.1606633 ], [ 25.9377592, 35.1606194 ], [ 25.9377195, 35.1605124 ], [ 25.9376776, 35.160323 ], [ 25.9375189, 35.1603686 ], [ 25.9375028, 35.1603379 ], [ 25.9376637, 35.1602861 ], [ 25.9375918, 35.1601826 ], [ 25.9375307, 35.1601107 ], [ 25.9375113, 35.1601107 ], [ 25.9374062, 35.1601379 ], [ 25.9374019, 35.1601598 ], [ 25.9373729, 35.16018 ], [ 25.937329, 35.1602081 ], [ 25.9373279, 35.1602256 ], [ 25.9373665, 35.1602888 ] ] ] } },
{ "type": "Feature", "properties": { "@type": "way", "@id": 918617064, "admin_level": null, "amenity": null, "boundary": null, "building": "yes", "castle_type": null, "cuisine": null, "disused": null, "ford": null, "highway": null, "historic": null, "historic:civilization": null, "image": null, "int_name": null, "int_ref": null, "landuse": null, "lanes": null, "layer": null, "leisure": null, "man_made": null, "maxspeed": null, "maxspeed:type": null, "name": null, "name:de": null, "name:el": null, "name:en": null, "name:ru": null, "name:uk": null, "natural": null, "noexit": null, "old_ref": null, "oneway": null, "parking": null, "place": null, "population": null, "public_transport": null, "ref": null, "religion": null, "service": null, "shelter": null, "source": null, "source:old_ref": null, "source:ref": null, "sport": null, "surface": null, "tourism": null, "tower:type": null, "tunnel": null, "waterway": null, "wikidata": null, "wikipedia": null, "label": "building:yes" }, "geometry": { "type": "Polygon", "coordinates": [ [ [ 25.9369568, 35.1599597 ], [ 25.9370277, 35.1599747 ], [ 25.9370277, 35.1600089 ], [ 25.9369837, 35.1600115 ], [ 25.9369923, 35.1600633 ], [ 25.9370405, 35.1600633 ], [ 25.9370738, 35.1601089 ], [ 25.9371661, 35.1600966 ], [ 25.937327, 35.1600387 ], [ 25.9373388, 35.1599975 ], [ 25.9372959, 35.159894 ], [ 25.937254, 35.1598185 ], [ 25.9371972, 35.1598308 ], [ 25.9370749, 35.1598791 ], [ 25.9370641, 35.159865 ], [ 25.9371521, 35.1598238 ], [ 25.9372487, 35.1597878 ], [ 25.937253, 35.1597536 ], [ 25.9371092, 35.1597571 ], [ 25.9369558, 35.1597321 ], [ 25.9369568, 35.1599597 ] ] ] } },
{ "type": "Feature", "properties": { "@type": "way", "@id": 918617065, "admin_level": null, "amenity": null, "boundary": null, "building": "yes", "castle_type": null, "cuisine": null, "disused": null, "ford": null, "highway": null, "historic": null, "historic:civilization": null, "image": null, "int_name": null, "int_ref": null, "landuse": null, "lanes": null, "layer": null, "leisure": null, "man_made": null, "maxspeed": null, "maxspeed:type": null, "name": null, "name:de": null, "name:el": null, "name:en": null, "name:ru": null, "name:uk": null, "natural": null, "noexit": null, "old_ref": null, "oneway": null, "parking": null, "place": null, "population": null, "public_transport": null, "ref": null, "religion": null, "service": null, "shelter": null, "source": null, "source:old_ref": null, "source:ref": null, "sport": null, "surface": null, "tourism": null, "tower:type": null, "tunnel": null, "waterway": null, "wikidata": null, "wikipedia": null, "label": "building:yes" }, "geometry": { "type": "Polygon", "coordinates": [ [ [ 25.9367466, 35.160408 ], [ 25.9369965, 35.1603904 ], [ 25.9370684, 35.1603852 ], [ 25.9370727, 35.1603229 ], [ 25.9370867, 35.1602992 ], [ 25.9371564, 35.1602562 ], [ 25.9372841, 35.1601966 ], [ 25.9373506, 35.1601501 ], [ 25.9373452, 35.1601062 ], [ 25.9373259, 35.1600668 ], [ 25.9371296, 35.1601325 ], [ 25.9370802, 35.1601325 ], [ 25.9370223, 35.1601194 ], [ 25.9369429, 35.1601475 ], [ 25.9369697, 35.1602387 ], [ 25.936842, 35.1602553 ], [ 25.9368442, 35.1601983 ], [ 25.9367723, 35.1601957 ], [ 25.9367766, 35.1602404 ], [ 25.9367283, 35.1602562 ], [ 25.9367466, 35.160408 ] ] ] } },
{ "type": "Feature", "properties": { "@type": "way", "@id": 918617066, "admin_level": null, "amenity": null, "boundary": null, "building": "yes", "castle_type": null, "cuisine": null, "disused": null, "ford": null, "highway": null, "historic": null, "historic:civilization": null, "image": null, "int_name": null, "int_ref": null, "landuse": null, "lanes": null, "layer": null, "leisure": null, "man_made": null, "maxspeed": null, "maxspeed:type": null, "name": null, "name:de": null, "name:el": null, "name:en": null, "name:ru": null, "name:uk": null, "natural": null, "noexit": null, "old_ref": null, "oneway": null, "parking": null, "place": null, "population": null, "public_transport": null, "ref": null, "religion": null, "service": null, "shelter": null, "source": null, "source:old_ref": null, "source:ref": null, "sport": null, "surface": null, "tourism": null, "tower:type": null, "tunnel": null, "waterway": null, "wikidata": null, "wikipedia": null, "label": "building:yes" }, "geometry": { "type": "Polygon", "coordinates": [ [ [ 25.9367239, 35.159938 ], [ 25.9366767, 35.1600371 ], [ 25.9367572, 35.1600652 ], [ 25.9368055, 35.159988 ], [ 25.9367443, 35.1599635 ], [ 25.9367722, 35.1599328 ], [ 25.9368259, 35.1599722 ], [ 25.9369417, 35.1599135 ], [ 25.9369117, 35.1597073 ], [ 25.9368795, 35.1597091 ], [ 25.9368259, 35.1597328 ], [ 25.9367186, 35.1597775 ], [ 25.9366156, 35.1598486 ], [ 25.9367239, 35.159938 ] ] ] } },
{ "type": "Feature", "properties": { "@type": "way", "@id": 918617067, "admin_level": null, "amenity": null, "boundary": null, "building": "yes", "castle_type": null, "cuisine": null, "disused": null, "ford": null, "highway": null, "historic": null, "historic:civilization": null, "image": null, "int_name": null, "int_ref": null, "landuse": null, "lanes": null, "layer": null, "leisure": null, "man_made": null, "maxspeed": null, "maxspeed:type": null, "name": null, "name:de": null, "name:el": null, "name:en": null, "name:ru": null, "name:uk": null, "natural": null, "noexit": null, "old_ref": null, "oneway": null, "parking": null, "place": null, "population": null, "public_transport": null, "ref": null, "religion": null, "service": null, "shelter": null, "source": null, "source:old_ref": null, "source:ref": null, "sport": null, "surface": null, "tourism": null, "tower:type": null, "tunnel": null, "waterway": null, "wikidata": null, "wikipedia": null, "label": "building:yes" }, "geometry": { "type": "Polygon", "coordinates": [ [ [ 25.9366425, 35.1599966 ], [ 25.9366736, 35.1599554 ], [ 25.9365813, 35.1598869 ], [ 25.9365137, 35.1599422 ], [ 25.9366425, 35.1599966 ] ] ] } },
{ "type": "Feature", "properties": { "@type": "way", "@id": 918617068, "admin_level": null, "amenity": null, "boundary": null, "building": "yes", "castle_type": null, "cuisine": null, "disused": null, "ford": null, "highway": null, "historic": null, "historic:civilization": null, "image": null, "int_name": null, "int_ref": null, "landuse": null, "lanes": null, "layer": null, "leisure": null, "man_made": null, "maxspeed": null, "maxspeed:type": null, "name": null, "name:de": null, "name:el": null, "name:en": null, "name:ru": null, "name:uk": null, "natural": null, "noexit": null, "old_ref": null, "oneway": null, "parking": null, "place": null, "population": null, "public_transport": null, "ref": null, "religion": null, "service": null, "shelter": null, "source": null, "source:old_ref": null, "source:ref": null, "sport": null, "surface": null, "tourism": null, "tower:type": null, "tunnel": null, "waterway": null, "wikidata": null, "wikipedia": null, "label": "building:yes" }, "geometry": { "type": "Polygon", "coordinates": [ [ [ 25.9365223, 35.160058 ], [ 25.9365341, 35.1600106 ], [ 25.9364783, 35.159994 ], [ 25.9364515, 35.1600518 ], [ 25.9365223, 35.160058 ] ] ] } },
{ "type": "Feature", "properties": { "@type": "way", "@id": 918617069, "admin_level": null, "amenity": null, "boundary": null, "building": "yes", "castle_type": null, "cuisine": null, "disused": null, "ford": null, "highway": null, "historic": null, "historic:civilization": null, "image": null, "int_name": null, "int_ref": null, "landuse": null, "lanes": null, "layer": null, "leisure": null, "man_made": null, "maxspeed": null, "maxspeed:type": null, "name": null, "name:de": null, "name:el": null, "name:en": null, "name:ru": null, "name:uk": null, "natural": null, "noexit": null, "old_ref": null, "oneway": null, "parking": null, "place": null, "population": null, "public_transport": null, "ref": null, "religion": null, "service": null, "shelter": null, "source": null, "source:old_ref": null, "source:ref": null, "sport": null, "surface": null, "tourism": null, "tower:type": null, "tunnel": null, "waterway": null, "wikidata": null, "wikipedia": null, "label": "building:yes" }, "geometry": { "type": "Polygon", "coordinates": [ [ [ 25.9365567, 35.1602711 ], [ 25.9366876, 35.160251 ], [ 25.9366521, 35.1601439 ], [ 25.936518, 35.1601746 ], [ 25.9365567, 35.1602711 ] ] ] } },
{ "type": "Feature", "properties": { "@type": "way", "@id": 918617070, "admin_level": null, "amenity": null, "boundary": null, "building": "yes", "castle_type": null, "cuisine": null, "disused": null, "ford": null, "highway": null, "historic": null, "historic:civilization": null, "image": null, "int_name": null, "int_ref": null, "landuse": null, "lanes": null, "layer": null, "leisure": null, "man_made": null, "maxspeed": null, "maxspeed:type": null, "name": null, "name:de": null, "name:el": null, "name:en": null, "name:ru": null, "name:uk": null, "natural": null, "noexit": null, "old_ref": null, "oneway": null, "parking": null, "place": null, "population": null, "public_transport": null, "ref": null, "religion": null, "service": null, "shelter": null, "source": null, "source:old_ref": null, "source:ref": null, "sport": null, "surface": null, "tourism": null, "tower:type": null, "tunnel": null, "waterway": null, "wikidata": null, "wikipedia": null, "label": "building:yes" }, "geometry": { "type": "Polygon", "coordinates": [ [ [ 25.9364429, 35.160365 ], [ 25.9365599, 35.1603308 ], [ 25.9365942, 35.1604457 ], [ 25.9366511, 35.1604159 ], [ 25.9367219, 35.1604097 ], [ 25.9367015, 35.1602834 ], [ 25.9365245, 35.1602983 ], [ 25.9364236, 35.1601571 ], [ 25.9364054, 35.1601589 ], [ 25.9363678, 35.1602369 ], [ 25.9364429, 35.160365 ] ] ] } },
{ "type": "Feature", "properties": { "@type": "way", "@id": 918617071, "admin_level": null, "amenity": null, "boundary": null, "building": "yes", "castle_type": null, "cuisine": null, "disused": null, "ford": null, "highway": null, "historic": null, "historic:civilization": null, "image": null, "int_name": null, "int_ref": null, "landuse": null, "lanes": null, "layer": null, "leisure": null, "man_made": null, "maxspeed": null, "maxspeed:type": null, "name": null, "name:de": null, "name:el": null, "name:en": null, "name:ru": null, "name:uk": null, "natural": null, "noexit": null, "old_ref": null, "oneway": null, "parking": null, "place": null, "population": null, "public_transport": null, "ref": null, "religion": null, "service": null, "shelter": null, "source": null, "source:old_ref": null, "source:ref": null, "sport": null, "surface": null, "tourism": null, "tower:type": null, "tunnel": null, "waterway": null, "wikidata": null, "wikipedia": null, "label": "building:yes" }, "geometry": { "type": "Polygon", "coordinates": [ [ [ 25.9363281, 35.1607746 ], [ 25.9363281, 35.1608088 ], [ 25.9363657, 35.1608114 ], [ 25.9363657, 35.160843 ], [ 25.936385, 35.1608571 ], [ 25.9364537, 35.1608632 ], [ 25.9364612, 35.1607685 ], [ 25.9363914, 35.1607588 ], [ 25.9363732, 35.1606904 ], [ 25.9364011, 35.1606816 ], [ 25.9364183, 35.1607483 ], [ 25.9364655, 35.16075 ], [ 25.936473, 35.1607307 ], [ 25.9364816, 35.1606044 ], [ 25.9364193, 35.1605053 ], [ 25.9363979, 35.1604615 ], [ 25.9364118, 35.1604588 ], [ 25.9364848, 35.1605781 ], [ 25.9365685, 35.1604887 ], [ 25.9364977, 35.1604115 ], [ 25.9364633, 35.1604202 ], [ 25.9364322, 35.1603948 ], [ 25.9364075, 35.1603974 ], [ 25.9363474, 35.160272 ], [ 25.9363249, 35.1602966 ], [ 25.9363174, 35.1603553 ], [ 25.9363592, 35.1604913 ], [ 25.9362949, 35.1605132 ], [ 25.9362766, 35.1606115 ], [ 25.9362691, 35.1607641 ], [ 25.9363281, 35.1607746 ] ] ] } },
{ "type": "Feature", "properties": { "@type": "way", "@id": 918617072, "admin_level": null, "amenity": null, "boundary": null, "building": "yes", "castle_type": null, "cuisine": null, "disused": null, "ford": null, "highway": null, "historic": null, "historic:civilization": null, "image": null, "int_name": null, "int_ref": null, "landuse": null, "lanes": null, "layer": null, "leisure": null, "man_made": null, "maxspeed": null, "maxspeed:type": null, "name": null, "name:de": null, "name:el": null, "name:en": null, "name:ru": null, "name:uk": null, "natural": null, "noexit": null, "old_ref": null, "oneway": null, "parking": null, "place": null, "population": null, "public_transport": null, "ref": null, "religion": null, "service": null, "shelter": null, "source": null, "source:old_ref": null, "source:ref": null, "sport": null, "surface": null, "tourism": null, "tower:type": null, "tunnel": null, "waterway": null, "wikidata": null, "wikipedia": null, "label": "building:yes" }, "geometry": { "type": "Polygon", "coordinates": [ [ [ 25.9368441, 35.1594424 ], [ 25.9368881, 35.1595143 ], [ 25.9370222, 35.1594854 ], [ 25.9369782, 35.1593801 ], [ 25.9368441, 35.1594064 ], [ 25.9368441, 35.1594424 ] ] ] } },
{ "type": "Feature", "properties": { "@type": "way", "@id": 918617073, "admin_level": null, "amenity": null, "boundary": null, "building": "yes", "castle_type": null, "cuisine": null, "disused": null, "ford": null, "highway": null, "historic": null, "historic:civilization": null, "image": null, "int_name": null, "int_ref": null, "landuse": null, "lanes": null, "layer": null, "leisure": null, "man_made": null, "maxspeed": null, "maxspeed:type": null, "name": null, "name:de": null, "name:el": null, "name:en": null, "name:ru": null, "name:uk": null, "natural": null, "noexit": null, "old_ref": null, "oneway": null, "parking": null, "place": null, "population": null, "public_transport": null, "ref": null, "religion": null, "service": null, "shelter": null, "source": null, "source:old_ref": null, "source:ref": null, "sport": null, "surface": null, "tourism": null, "tower:type": null, "tunnel": null, "waterway": null, "wikidata": null, "wikipedia": null, "label": "building:yes" }, "geometry": { "type": "Polygon", "coordinates": [ [ [ 25.9367884, 35.1594361 ], [ 25.9368174, 35.1593449 ], [ 25.9367551, 35.1593361 ], [ 25.9367433, 35.1594256 ], [ 25.9367884, 35.1594361 ] ] ] } },
{ "type": "Feature", "properties": { "@type": "way", "@id": 918617074, "admin_level": null, "amenity": null, "boundary": null, "building": "yes", "castle_type": null, "cuisine": null, "disused": null, "ford": null, "highway": null, "historic": null, "historic:civilization": null, "image": null, "int_name": null, "int_ref": null, "landuse": null, "lanes": null, "layer": null, "leisure": null, "man_made": null, "maxspeed": null, "maxspeed:type": null, "name": null, "name:de": null, "name:el": null, "name:en": null, "name:ru": null, "name:uk": null, "natural": null, "noexit": null, "old_ref": null, "oneway": null, "parking": null, "place": null, "population": null, "public_transport": null, "ref": null, "religion": null, "service": null, "shelter": null, "source": null, "source:old_ref": null, "source:ref": null, "sport": null, "surface": null, "tourism": null, "tower:type": null, "tunnel": null, "waterway": null, "wikidata": null, "wikipedia": null, "label": "building:yes" }, "geometry": { "type": "Polygon", "coordinates": [ [ [ 25.9365973, 35.1596328 ], [ 25.9366724, 35.1595907 ], [ 25.9366907, 35.1596266 ], [ 25.9366156, 35.1596722 ], [ 25.9366853, 35.1597529 ], [ 25.9368441, 35.1596792 ], [ 25.9369127, 35.1596643 ], [ 25.9368827, 35.159595 ], [ 25.9368258, 35.1595056 ], [ 25.9367851, 35.15946 ], [ 25.9365447, 35.159581 ], [ 25.9365973, 35.1596328 ] ] ] } },
{ "type": "Feature", "properties": { "@type": "way", "@id": 918617075, "admin_level": null, "amenity": null, "boundary": null, "building": "yes", "castle_type": null, "cuisine": null, "disused": null, "ford": null, "highway": null, "historic": null, "historic:civilization": null, "image": null, "int_name": null, "int_ref": null, "landuse": null, "lanes": null, "layer": null, "leisure": null, "man_made": null, "maxspeed": null, "maxspeed:type": null, "name": null, "name:de": null, "name:el": null, "name:en": null, "name:ru": null, "name:uk": null, "natural": null, "noexit": null, "old_ref": null, "oneway": null, "parking": null, "place": null, "population": null, "public_transport": null, "ref": null, "religion": null, "service": null, "shelter": null, "source": null, "source:old_ref": null, "source:ref": null, "sport": null, "surface": null, "tourism": null, "tower:type": null, "tunnel": null, "waterway": null, "wikidata": null, "wikipedia": null, "label": "building:yes" }, "geometry": { "type": "Polygon", "coordinates": [ [ [ 25.936476, 35.1595274 ], [ 25.9365962, 35.1594739 ], [ 25.936594, 35.1593783 ], [ 25.9365372, 35.1593809 ], [ 25.936535, 35.159423 ], [ 25.936432, 35.1594379 ], [ 25.936476, 35.1595274 ] ] ] } },
{ "type": "Feature", "properties": { "@type": "way", "@id": 918617076, "admin_level": null, "amenity": null, "boundary": null, "building": "yes", "castle_type": null, "cuisine": null, "disused": null, "ford": null, "highway": null, "historic": null, "historic:civilization": null, "image": null, "int_name": null, "int_ref": null, "landuse": null, "lanes": null, "layer": null, "leisure": null, "man_made": null, "maxspeed": null, "maxspeed:type": null, "name": null, "name:de": null, "name:el": null, "name:en": null, "name:ru": null, "name:uk": null, "natural": null, "noexit": null, "old_ref": null, "oneway": null, "parking": null, "place": null, "population": null, "public_transport": null, "ref": null, "religion": null, "service": null, "shelter": null, "source": null, "source:old_ref": null, "source:ref": null, "sport": null, "surface": null, "tourism": null, "tower:type": null, "tunnel": null, "waterway": null, "wikidata": null, "wikipedia": null, "label": "building:yes" }, "geometry": { "type": "Polygon", "coordinates": [ [ [ 25.9359719, 35.1598273 ], [ 25.9360621, 35.1598869 ], [ 25.93612, 35.1598527 ], [ 25.9361415, 35.1598729 ], [ 25.9362423, 35.1598343 ], [ 25.9363067, 35.1598589 ], [ 25.9364322, 35.1599694 ], [ 25.9364977, 35.1598913 ], [ 25.9363989, 35.1597852 ], [ 25.9364161, 35.1597764 ], [ 25.9365148, 35.1598712 ], [ 25.9366446, 35.159794 ], [ 25.9364912, 35.1596089 ], [ 25.936414, 35.1595159 ], [ 25.9362112, 35.1595554 ], [ 25.9362659, 35.1596843 ], [ 25.9361983, 35.1597212 ], [ 25.9361693, 35.1596694 ], [ 25.9362005, 35.1596589 ], [ 25.9361608, 35.1595422 ], [ 25.9360728, 35.1595554 ], [ 25.9361093, 35.1596852 ], [ 25.9360181, 35.1596913 ], [ 25.9360181, 35.1597299 ], [ 25.936091, 35.1598089 ], [ 25.9359719, 35.1598063 ], [ 25.9359719, 35.1598273 ] ] ] } },
{ "type": "Feature", "properties": { "@type": "way", "@id": 918617077, "admin_level": null, "amenity": null, "boundary": null, "building": "yes", "castle_type": null, "cuisine": null, "disused": null, "ford": null, "highway": null, "historic": null, "historic:civilization": null, "image": null, "int_name": null, "int_ref": null, "landuse": null, "lanes": null, "layer": null, "leisure": null, "man_made": null, "maxspeed": null, "maxspeed:type": null, "name": null, "name:de": null, "name:el": null, "name:en": null, "name:ru": null, "name:uk": null, "natural": null, "noexit": null, "old_ref": null, "oneway": null, "parking": null, "place": null, "population": null, "public_transport": null, "ref": null, "religion": null, "service": null, "shelter": null, "source": null, "source:old_ref": null, "source:ref": null, "sport": null, "surface": null, "tourism": null, "tower:type": null, "tunnel": null, "waterway": null, "wikidata": null, "wikipedia": null, "label": "building:yes" }, "geometry": { "type": "Polygon", "coordinates": [ [ [ 25.9361726, 35.1610272 ], [ 25.9362262, 35.1610088 ], [ 25.9361704, 35.1609334 ], [ 25.9361254, 35.1609491 ], [ 25.9361726, 35.1610272 ] ] ] } },
{ "type": "Feature", "properties": { "@type": "way", "@id": 918617078, "admin_level": null, "amenity": null, "boundary": null, "building": "yes", "castle_type": null, "cuisine": null, "disused": null, "ford": null, "highway": null, "historic": null, "historic:civilization": null, "image": null, "int_name": null, "int_ref": null, "landuse": null, "lanes": null, "layer": null, "leisure": null, "man_made": null, "maxspeed": null, "maxspeed:type": null, "name": null, "name:de": null, "name:el": null, "name:en": null, "name:ru": null, "name:uk": null, "natural": null, "noexit": null, "old_ref": null, "oneway": null, "parking": null, "place": null, "population": null, "public_transport": null, "ref": null, "religion": null, "service": null, "shelter": null, "source": null, "source:old_ref": null, "source:ref": null, "sport": null, "surface": null, "tourism": null, "tower:type": null, "tunnel": null, "waterway": null, "wikidata": null, "wikipedia": null, "label": "building:yes" }, "geometry": { "type": "Polygon", "coordinates": [ [ [ 25.9360438, 35.1608316 ], [ 25.9361168, 35.1607974 ], [ 25.9360942, 35.1607676 ], [ 25.9360267, 35.1607948 ], [ 25.9360438, 35.1608316 ] ] ] } },
{ "type": "Feature", "properties": { "@type": "way", "@id": 918617079, "admin_level": null, "amenity": null, "boundary": null, "building": "yes", "castle_type": null, "cuisine": null, "disused": null, "ford": null, "highway": null, "historic": null, "historic:civilization": null, "image": null, "int_name": null, "int_ref": null, "landuse": null, "lanes": null, "layer": null, "leisure": null, "man_made": null, "maxspeed": null, "maxspeed:type": null, "name": null, "name:de": null, "name:el": null, "name:en": null, "name:ru": null, "name:uk": null, "natural": null, "noexit": null, "old_ref": null, "oneway": null, "parking": null, "place": null, "population": null, "public_transport": null, "ref": null, "religion": null, "service": null, "shelter": null, "source": null, "source:old_ref": null, "source:ref": null, "sport": null, "surface": null, "tourism": null, "tower:type": null, "tunnel": null, "waterway": null, "wikidata": null, "wikipedia": null, "label": "building:yes" }, "geometry": { "type": "Polygon", "coordinates": [ [ [ 25.9364698, 35.1610684 ], [ 25.936532, 35.1610316 ], [ 25.936458, 35.160943 ], [ 25.9364022, 35.1609684 ], [ 25.9364698, 35.1610684 ] ] ] } },
{ "type": "Feature", "properties": { "@type": "way", "@id": 918617080, "admin_level": null, "amenity": null, "boundary": null, "building": "yes", "castle_type": null, "cuisine": null, "disused": null, "ford": null, "highway": null, "historic": null, "historic:civilization": null, "image": null, "int_name": null, "int_ref": null, "landuse": null, "lanes": null, "layer": null, "leisure": null, "man_made": null, "maxspeed": null, "maxspeed:type": null, "name": null, "name:de": null, "name:el": null, "name:en": null, "name:ru": null, "name:uk": null, "natural": null, "noexit": null, "old_ref": null, "oneway": null, "parking": null, "place": null, "population": null, "public_transport": null, "ref": null, "religion": null, "service": null, "shelter": null, "source": null, "source:old_ref": null, "source:ref": null, "sport": null, "surface": null, "tourism": null, "tower:type": null, "tunnel": null, "waterway": null, "wikidata": null, "wikipedia": null, "label": "building:yes" }, "geometry": { "type": "Polygon", "coordinates": [ [ [ 25.9363314, 35.1610342 ], [ 25.93637, 35.1610263 ], [ 25.9363453, 35.1609544 ], [ 25.936312, 35.1609553 ], [ 25.9363314, 35.1610342 ] ] ] } },
{ "type": "Feature", "properties": { "@type": "way", "@id": 918617081, "admin_level": null, "amenity": null, "boundary": null, "building": "yes", "castle_type": null, "cuisine": null, "disused": null, "ford": null, "highway": null, "historic": null, "historic:civilization": null, "image": null, "int_name": null, "int_ref": null, "landuse": null, "lanes": null, "layer": null, "leisure": null, "man_made": null, "maxspeed": null, "maxspeed:type": null, "name": null, "name:de": null, "name:el": null, "name:en": null, "name:ru": null, "name:uk": null, "natural": null, "noexit": null, "old_ref": null, "oneway": null, "parking": null, "place": null, "population": null, "public_transport": null, "ref": null, "religion": null, "service": null, "shelter": null, "source": null, "source:old_ref": null, "source:ref": null, "sport": null, "surface": null, "tourism": null, "tower:type": null, "tunnel": null, "waterway": null, "wikidata": null, "wikipedia": null, "label": "building:yes" }, "geometry": { "type": "Polygon", "coordinates": [ [ [ 25.9364955, 35.1609404 ], [ 25.9365888, 35.1610325 ], [ 25.9366715, 35.160993 ], [ 25.936621, 35.1609342 ], [ 25.9365384, 35.1608202 ], [ 25.936503, 35.1608299 ], [ 25.9365019, 35.1608728 ], [ 25.9364858, 35.1608895 ], [ 25.9364955, 35.1609404 ] ] ] } },
{ "type": "Feature", "properties": { "@type": "way", "@id": 918617082, "admin_level": null, "amenity": null, "boundary": null, "building": "yes", "castle_type": null, "cuisine": null, "disused": null, "ford": null, "highway": null, "historic": null, "historic:civilization": null, "image": null, "int_name": null, "int_ref": null, "landuse": null, "lanes": null, "layer": null, "leisure": null, "man_made": null, "maxspeed": null, "maxspeed:type": null, "name": null, "name:de": null, "name:el": null, "name:en": null, "name:ru": null, "name:uk": null, "natural": null, "noexit": null, "old_ref": null, "oneway": null, "parking": null, "place": null, "population": null, "public_transport": null, "ref": null, "religion": null, "service": null, "shelter": null, "source": null, "source:old_ref": null, "source:ref": null, "sport": null, "surface": null, "tourism": null, "tower:type": null, "tunnel": null, "waterway": null, "wikidata": null, "wikipedia": null, "label": "building:yes" }, "geometry": { "type": "Polygon", "coordinates": [ [ [ 25.9367101, 35.1609816 ], [ 25.9368313, 35.1609316 ], [ 25.9367476, 35.16075 ], [ 25.9367294, 35.1607062 ], [ 25.9365513, 35.1607527 ], [ 25.9367101, 35.1609816 ] ] ] } },
{ "type": "Feature", "properties": { "@type": "way", "@id": 918617083, "admin_level": null, "amenity": null, "boundary": null, "building": "yes", "castle_type": null, "cuisine": null, "disused": null, "ford": null, "highway": null, "historic": null, "historic:civilization": null, "image": null, "int_name": null, "int_ref": null, "landuse": null, "lanes": null, "layer": null, "leisure": null, "man_made": null, "maxspeed": null, "maxspeed:type": null, "name": null, "name:de": null, "name:el": null, "name:en": null, "name:ru": null, "name:uk": null, "natural": null, "noexit": null, "old_ref": null, "oneway": null, "parking": null, "place": null, "population": null, "public_transport": null, "ref": null, "religion": null, "service": null, "shelter": null, "source": null, "source:old_ref": null, "source:ref": null, "sport": null, "surface": null, "tourism": null, "tower:type": null, "tunnel": null, "waterway": null, "wikidata": null, "wikipedia": null, "label": "building:yes" }, "geometry": { "type": "Polygon", "coordinates": [ [ [ 25.9365727, 35.1606552 ], [ 25.9366157, 35.1607114 ], [ 25.9366886, 35.1606175 ], [ 25.9366157, 35.1605026 ], [ 25.9366017, 35.1605219 ], [ 25.9365363, 35.1606202 ], [ 25.9365727, 35.1606552 ] ] ] } },
{ "type": "Feature", "properties": { "@type": "way", "@id": 918617084, "admin_level": null, "amenity": null, "boundary": null, "building": "yes", "castle_type": null, "cuisine": null, "disused": null, "ford": null, "highway": null, "historic": null, "historic:civilization": null, "image": null, "int_name": null, "int_ref": null, "landuse": null, "lanes": null, "layer": null, "leisure": null, "man_made": null, "maxspeed": null, "maxspeed:type": null, "name": null, "name:de": null, "name:el": null, "name:en": null, "name:ru": null, "name:uk": null, "natural": null, "noexit": null, "old_ref": null, "oneway": null, "parking": null, "place": null, "population": null, "public_transport": null, "ref": null, "religion": null, "service": null, "shelter": null, "source": null, "source:old_ref": null, "source:ref": null, "sport": null, "surface": null, "tourism": null, "tower:type": null, "tunnel": null, "waterway": null, "wikidata": null, "wikipedia": null, "label": "building:yes" }, "geometry": { "type": "Polygon", "coordinates": [ [ [ 25.9367046, 35.1604991 ], [ 25.9367454, 35.1605009 ], [ 25.936769, 35.1606325 ], [ 25.9368366, 35.1606263 ], [ 25.9367926, 35.1604491 ], [ 25.9366874, 35.1604597 ], [ 25.9367046, 35.1604991 ] ] ] } },
{ "type": "Feature", "properties": { "@type": "way", "@id": 918617085, "admin_level": null, "amenity": null, "boundary": null, "building": "yes", "castle_type": null, "cuisine": null, "disused": null, "ford": null, "highway": null, "historic": null, "historic:civilization": null, "image": null, "int_name": null, "int_ref": null, "landuse": null, "lanes": null, "layer": null, "leisure": null, "man_made": null, "maxspeed": null, "maxspeed:type": null, "name": null, "name:de": null, "name:el": null, "name:en": null, "name:ru": null, "name:uk": null, "natural": null, "noexit": null, "old_ref": null, "oneway": null, "parking": null, "place": null, "population": null, "public_transport": null, "ref": null, "religion": null, "service": null, "shelter": null, "source": null, "source:old_ref": null, "source:ref": null, "sport": null, "surface": null, "tourism": null, "tower:type": null, "tunnel": null, "waterway": null, "wikidata": null, "wikipedia": null, "label": "building:yes" }, "geometry": { "type": "Polygon", "coordinates": [ [ [ 25.9368528, 35.1606457 ], [ 25.9370759, 35.1606351 ], [ 25.9370867, 35.1606632 ], [ 25.9372068, 35.160686 ], [ 25.9371836, 35.1607894 ], [ 25.9371832, 35.1608141 ], [ 25.937197, 35.1608101 ], [ 25.937347, 35.1607668 ], [ 25.9374171, 35.1607465 ], [ 25.9373903, 35.1606711 ], [ 25.9375383, 35.160629 ], [ 25.9374772, 35.1605772 ], [ 25.937327, 35.1605422 ], [ 25.9373163, 35.1607027 ], [ 25.9372841, 35.1607079 ], [ 25.9372862, 35.1605404 ], [ 25.9371811, 35.1605404 ], [ 25.9371435, 35.1605351 ], [ 25.9371543, 35.1605948 ], [ 25.9371274, 35.1605965 ], [ 25.9371146, 35.1605255 ], [ 25.9370845, 35.1604132 ], [ 25.9368807, 35.160429 ], [ 25.9368882, 35.1605667 ], [ 25.9368485, 35.1605983 ], [ 25.9368528, 35.1606457 ] ] ] } },
{ "type": "Feature", "properties": { "@type": "way", "@id": 918617086, "admin_level": null, "amenity": null, "boundary": null, "building": "yes", "castle_type": null, "cuisine": null, "disused": null, "ford": null, "highway": null, "historic": null, "historic:civilization": null, "image": null, "int_name": null, "int_ref": null, "landuse": null, "lanes": null, "layer": null, "leisure": null, "man_made": null, "maxspeed": null, "maxspeed:type": null, "name": null, "name:de": null, "name:el": null, "name:en": null, "name:ru": null, "name:uk": null, "natural": null, "noexit": null, "old_ref": null, "oneway": null, "parking": null, "place": null, "population": null, "public_transport": null, "ref": null, "religion": null, "service": null, "shelter": null, "source": null, "source:old_ref": null, "source:ref": null, "sport": null, "surface": null, "tourism": null, "tower:type": null, "tunnel": null, "waterway": null, "wikidata": null, "wikipedia": null, "label": "building:yes" }, "geometry": { "type": "Polygon", "coordinates": [ [ [ 25.9374171, 35.1607465 ], [ 25.9374418, 35.1608009 ], [ 25.9376446, 35.1607369 ], [ 25.9375383, 35.160629 ], [ 25.9373903, 35.1606711 ], [ 25.9374171, 35.1607465 ] ] ] } },
{ "type": "Feature", "properties": { "@type": "way", "@id": 918617087, "admin_level": null, "amenity": null, "boundary": null, "building": "yes", "castle_type": null, "cuisine": null, "disused": null, "ford": null, "highway": null, "historic": null, "historic:civilization": null, "image": null, "int_name": null, "int_ref": null, "landuse": null, "lanes": null, "layer": null, "leisure": null, "man_made": null, "maxspeed": null, "maxspeed:type": null, "name": null, "name:de": null, "name:el": null, "name:en": null, "name:ru": null, "name:uk": null, "natural": null, "noexit": null, "old_ref": null, "oneway": null, "parking": null, "place": null, "population": null, "public_transport": null, "ref": null, "religion": null, "service": null, "shelter": null, "source": null, "source:old_ref": null, "source:ref": null, "sport": null, "surface": null, "tourism": null, "tower:type": null, "tunnel": null, "waterway": null, "wikidata": null, "wikipedia": null, "label": "building:yes" }, "geometry": { "type": "Polygon", "coordinates": [ [ [ 25.9372176, 35.1608711 ], [ 25.9373345, 35.1608421 ], [ 25.9373452, 35.1608641 ], [ 25.9374257, 35.16085 ], [ 25.9373957, 35.1607895 ], [ 25.937357, 35.1607921 ], [ 25.937347, 35.1607668 ], [ 25.937197, 35.1608101 ], [ 25.9372176, 35.1608711 ] ] ] } },
{ "type": "Feature", "properties": { "@type": "way", "@id": 918617088, "admin_level": null, "amenity": null, "boundary": null, "building": "yes", "castle_type": null, "cuisine": null, "disused": null, "ford": null, "highway": null, "historic": null, "historic:civilization": null, "image": null, "int_name": null, "int_ref": null, "landuse": null, "lanes": null, "layer": null, "leisure": null, "man_made": null, "maxspeed": null, "maxspeed:type": null, "name": null, "name:de": null, "name:el": null, "name:en": null, "name:ru": null, "name:uk": null, "natural": null, "noexit": null, "old_ref": null, "oneway": null, "parking": null, "place": null, "population": null, "public_transport": null, "ref": null, "religion": null, "service": null, "shelter": null, "source": null, "source:old_ref": null, "source:ref": null, "sport": null, "surface": null, "tourism": null, "tower:type": null, "tunnel": null, "waterway": null, "wikidata": null, "wikipedia": null, "label": "building:yes" }, "geometry": { "type": "Polygon", "coordinates": [ [ [ 25.9372304, 35.1609895 ], [ 25.9375276, 35.1609658 ], [ 25.9375019, 35.1608614 ], [ 25.9372197, 35.1608878 ], [ 25.9372304, 35.1609895 ] ] ] } },
{ "type": "Feature", "properties": { "@type": "way", "@id": 918617089, "admin_level": null, "amenity": null, "boundary": null, "building": "yes", "castle_type": null, "cuisine": null, "disused": null, "ford": null, "highway": null, "historic": null, "historic:civilization": null, "image": null, "int_name": null, "int_ref": null, "landuse": null, "lanes": null, "layer": null, "leisure": null, "man_made": null, "maxspeed": null, "maxspeed:type": null, "name": null, "name:de": null, "name:el": null, "name:en": null, "name:ru": null, "name:uk": null, "natural": null, "noexit": null, "old_ref": null, "oneway": null, "parking": null, "place": null, "population": null, "public_transport": null, "ref": null, "religion": null, "service": null, "shelter": null, "source": null, "source:old_ref": null, "source:ref": null, "sport": null, "surface": null, "tourism": null, "tower:type": null, "tunnel": null, "waterway": null, "wikidata": null, "wikipedia": null, "label": "building:yes" }, "geometry": { "type": "Polygon", "coordinates": [ [ [ 25.937114, 35.1604244 ], [ 25.9371329, 35.1604883 ], [ 25.9371868, 35.1605125 ], [ 25.9373719, 35.1605187 ], [ 25.9374379, 35.1605118 ], [ 25.937274, 35.1602334 ], [ 25.9371329, 35.1602929 ], [ 25.9371071, 35.160319 ], [ 25.937095, 35.1603574 ], [ 25.937114, 35.1604244 ] ] ] } },
{ "type": "Feature", "properties": { "@type": "way", "@id": 918617090, "admin_level": null, "amenity": null, "boundary": null, "building": "yes", "castle_type": null, "cuisine": null, "disused": null, "ford": null, "highway": null, "historic": null, "historic:civilization": null, "image": null, "int_name": null, "int_ref": null, "landuse": null, "lanes": null, "layer": null, "leisure": null, "man_made": null, "maxspeed": null, "maxspeed:type": null, "name": null, "name:de": null, "name:el": null, "name:en": null, "name:ru": null, "name:uk": null, "natural": null, "noexit": null, "old_ref": null, "oneway": null, "parking": null, "place": null, "population": null, "public_transport": null, "ref": null, "religion": null, "service": null, "shelter": null, "source": null, "source:old_ref": null, "source:ref": null, "sport": null, "surface": null, "tourism": null, "tower:type": null, "tunnel": null, "waterway": null, "wikidata": null, "wikipedia": null, "label": "building:yes" }, "geometry": { "type": "Polygon", "coordinates": [ [ [ 25.9379282, 35.1609562 ], [ 25.9379237, 35.1612011 ], [ 25.9377793, 35.1611974 ], [ 25.937856, 35.1614283 ], [ 25.9379526, 35.1614393 ], [ 25.937958, 35.1614666 ], [ 25.9380416, 35.1614634 ], [ 25.9380419, 35.1613434 ], [ 25.9380518, 35.1612461 ], [ 25.9380626, 35.1610521 ], [ 25.9379977, 35.1609496 ], [ 25.9378966, 35.1608294 ], [ 25.9378272, 35.1607313 ], [ 25.9377685, 35.160763 ], [ 25.9379282, 35.1609562 ] ] ] } },
{ "type": "Feature", "properties": { "@type": "way", "@id": 918617091, "admin_level": null, "amenity": null, "boundary": null, "building": "yes", "castle_type": null, "cuisine": null, "disused": null, "ford": null, "highway": null, "historic": null, "historic:civilization": null, "image": null, "int_name": null, "int_ref": null, "landuse": null, "lanes": null, "layer": null, "leisure": null, "man_made": null, "maxspeed": null, "maxspeed:type": null, "name": null, "name:de": null, "name:el": null, "name:en": null, "name:ru": null, "name:uk": null, "natural": null, "noexit": null, "old_ref": null, "oneway": null, "parking": null, "place": null, "population": null, "public_transport": null, "ref": null, "religion": null, "service": null, "shelter": null, "source": null, "source:old_ref": null, "source:ref": null, "sport": null, "surface": null, "tourism": null, "tower:type": null, "tunnel": null, "waterway": null, "wikidata": null, "wikipedia": null, "label": "building:yes" }, "geometry": { "type": "Polygon", "coordinates": [ [ [ 25.9378894, 35.1615766 ], [ 25.9380482, 35.1615827 ], [ 25.938046, 35.1615073 ], [ 25.9379237, 35.1614853 ], [ 25.9379237, 35.1614564 ], [ 25.9378604, 35.1614503 ], [ 25.9378894, 35.1615766 ] ] ] } },
{ "type": "Feature", "properties": { "@type": "way", "@id": 918617092, "admin_level": null, "amenity": null, "boundary": null, "building": "yes", "castle_type": null, "cuisine": null, "disused": null, "ford": null, "highway": null, "historic": null, "historic:civilization": null, "image": null, "int_name": null, "int_ref": null, "landuse": null, "lanes": null, "layer": null, "leisure": null, "man_made": null, "maxspeed": null, "maxspeed:type": null, "name": null, "name:de": null, "name:el": null, "name:en": null, "name:ru": null, "name:uk": null, "natural": null, "noexit": null, "old_ref": null, "oneway": null, "parking": null, "place": null, "population": null, "public_transport": null, "ref": null, "religion": null, "service": null, "shelter": null, "source": null, "source:old_ref": null, "source:ref": null, "sport": null, "surface": null, "tourism": null, "tower:type": null, "tunnel": null, "waterway": null, "wikidata": null, "wikipedia": null, "label": "building:yes" }, "geometry": { "type": "Polygon", "coordinates": [ [ [ 25.9380793, 35.161673 ], [ 25.938163, 35.1616757 ], [ 25.9381759, 35.1614617 ], [ 25.9380682, 35.161459 ], [ 25.9380793, 35.161673 ] ] ] } },
{ "type": "Feature", "properties": { "@type": "way", "@id": 918617093, "admin_level": null, "amenity": null, "boundary": null, "building": "yes", "castle_type": null, "cuisine": null, "disused": null, "ford": null, "highway": null, "historic": null, "historic:civilization": null, "image": null, "int_name": null, "int_ref": null, "landuse": null, "lanes": null, "layer": null, "leisure": null, "man_made": null, "maxspeed": null, "maxspeed:type": null, "name": null, "name:de": null, "name:el": null, "name:en": null, "name:ru": null, "name:uk": null, "natural": null, "noexit": null, "old_ref": null, "oneway": null, "parking": null, "place": null, "population": null, "public_transport": null, "ref": null, "religion": null, "service": null, "shelter": null, "source": null, "source:old_ref": null, "source:ref": null, "sport": null, "surface": null, "tourism": null, "tower:type": null, "tunnel": null, "waterway": null, "wikidata": null, "wikipedia": null, "label": "building:yes" }, "geometry": { "type": "Polygon", "coordinates": [ [ [ 25.938149, 35.1609056 ], [ 25.9381844, 35.1609003 ], [ 25.9382145, 35.1609643 ], [ 25.9381608, 35.1609819 ], [ 25.9381222, 35.1609152 ], [ 25.9380332, 35.1609556 ], [ 25.9380943, 35.1610599 ], [ 25.9381866, 35.1610336 ], [ 25.9381995, 35.1611196 ], [ 25.9381019, 35.1611222 ], [ 25.93809, 35.1612843 ], [ 25.9380715, 35.1614232 ], [ 25.9381718, 35.1614182 ], [ 25.9381801, 35.1613371 ], [ 25.938266, 35.1613222 ], [ 25.9382692, 35.1612073 ], [ 25.9383025, 35.1610398 ], [ 25.9382971, 35.160895 ], [ 25.9382713, 35.1608056 ], [ 25.9382349, 35.1606889 ], [ 25.9381737, 35.1605687 ], [ 25.9380074, 35.160631 ], [ 25.938149, 35.1609056 ] ] ] } },
{ "type": "Feature", "properties": { "@type": "way", "@id": 918617094, "admin_level": null, "amenity": null, "boundary": null, "building": "yes", "castle_type": null, "cuisine": null, "disused": null, "ford": null, "highway": null, "historic": null, "historic:civilization": null, "image": null, "int_name": null, "int_ref": null, "landuse": null, "lanes": null, "layer": null, "leisure": null, "man_made": null, "maxspeed": null, "maxspeed:type": null, "name": null, "name:de": null, "name:el": null, "name:en": null, "name:ru": null, "name:uk": null, "natural": null, "noexit": null, "old_ref": null, "oneway": null, "parking": null, "place": null, "population": null, "public_transport": null, "ref": null, "religion": null, "service": null, "shelter": null, "source": null, "source:old_ref": null, "source:ref": null, "sport": null, "surface": null, "tourism": null, "tower:type": null, "tunnel": null, "waterway": null, "wikidata": null, "wikipedia": null, "label": "building:yes" }, "geometry": { "type": "Polygon", "coordinates": [ [ [ 25.9382746, 35.1607187 ], [ 25.9383625, 35.1606898 ], [ 25.9382703, 35.1605205 ], [ 25.938193, 35.1605573 ], [ 25.9382746, 35.1607187 ] ] ] } },
{ "type": "Feature", "properties": { "@type": "way", "@id": 918617095, "admin_level": null, "amenity": null, "boundary": null, "building": "yes", "castle_type": null, "cuisine": null, "disused": null, "ford": null, "highway": null, "historic": null, "historic:civilization": null, "image": null, "int_name": null, "int_ref": null, "landuse": null, "lanes": null, "layer": null, "leisure": null, "man_made": null, "maxspeed": null, "maxspeed:type": null, "name": null, "name:de": null, "name:el": null, "name:en": null, "name:ru": null, "name:uk": null, "natural": null, "noexit": null, "old_ref": null, "oneway": null, "parking": null, "place": null, "population": null, "public_transport": null, "ref": null, "religion": null, "service": null, "shelter": null, "source": null, "source:old_ref": null, "source:ref": null, "sport": null, "surface": null, "tourism": null, "tower:type": null, "tunnel": null, "waterway": null, "wikidata": null, "wikipedia": null, "label": "building:yes" }, "geometry": { "type": "Polygon", "coordinates": [ [ [ 25.9383057, 35.1608056 ], [ 25.9384033, 35.1607977 ], [ 25.9383894, 35.1607433 ], [ 25.9382917, 35.1607564 ], [ 25.9383057, 35.1608056 ] ] ] } },
{ "type": "Feature", "properties": { "@type": "way", "@id": 918617096, "admin_level": null, "amenity": null, "boundary": null, "building": "yes", "castle_type": null, "cuisine": null, "disused": null, "ford": null, "highway": null, "historic": null, "historic:civilization": null, "image": null, "int_name": null, "int_ref": null, "landuse": null, "lanes": null, "layer": null, "leisure": null, "man_made": null, "maxspeed": null, "maxspeed:type": null, "name": null, "name:de": null, "name:el": null, "name:en": null, "name:ru": null, "name:uk": null, "natural": null, "noexit": null, "old_ref": null, "oneway": null, "parking": null, "place": null, "population": null, "public_transport": null, "ref": null, "religion": null, "service": null, "shelter": null, "source": null, "source:old_ref": null, "source:ref": null, "sport": null, "surface": null, "tourism": null, "tower:type": null, "tunnel": null, "waterway": null, "wikidata": null, "wikipedia": null, "label": "building:yes" }, "geometry": { "type": "Polygon", "coordinates": [ [ [ 25.9383239, 35.1609126 ], [ 25.9383754, 35.1609126 ], [ 25.9383679, 35.1608407 ], [ 25.9383164, 35.1608415 ], [ 25.9383239, 35.1609126 ] ] ] } },
{ "type": "Feature", "properties": { "@type": "way", "@id": 918617097, "admin_level": null, "amenity": null, "boundary": null, "building": "yes", "castle_type": null, "cuisine": null, "disused": null, "ford": null, "highway": null, "historic": null, "historic:civilization": null, "image": null, "int_name": null, "int_ref": null, "landuse": null, "lanes": null, "layer": null, "leisure": null, "man_made": null, "maxspeed": null, "maxspeed:type": null, "name": null, "name:de": null, "name:el": null, "name:en": null, "name:ru": null, "name:uk": null, "natural": null, "noexit": null, "old_ref": null, "oneway": null, "parking": null, "place": null, "population": null, "public_transport": null, "ref": null, "religion": null, "service": null, "shelter": null, "source": null, "source:old_ref": null, "source:ref": null, "sport": null, "surface": null, "tourism": null, "tower:type": null, "tunnel": null, "waterway": null, "wikidata": null, "wikipedia": null, "label": "building:yes" }, "geometry": { "type": "Polygon", "coordinates": [ [ [ 25.9383314, 35.1610152 ], [ 25.9383658, 35.1610178 ], [ 25.9383593, 35.160967 ], [ 25.9383314, 35.160967 ], [ 25.9383314, 35.1610152 ] ] ] } },
{ "type": "Feature", "properties": { "@type": "way", "@id": 918617098, "admin_level": null, "amenity": null, "boundary": null, "building": "yes", "castle_type": null, "cuisine": null, "disused": null, "ford": null, "highway": null, "historic": null, "historic:civilization": null, "image": null, "int_name": null, "int_ref": null, "landuse": null, "lanes": null, "layer": null, "leisure": null, "man_made": null, "maxspeed": null, "maxspeed:type": null, "name": null, "name:de": null, "name:el": null, "name:en": null, "name:ru": null, "name:uk": null, "natural": null, "noexit": null, "old_ref": null, "oneway": null, "parking": null, "place": null, "population": null, "public_transport": null, "ref": null, "religion": null, "service": null, "shelter": null, "source": null, "source:old_ref": null, "source:ref": null, "sport": null, "surface": null, "tourism": null, "tower:type": null, "tunnel": null, "waterway": null, "wikidata": null, "wikipedia": null, "label": "building:yes" }, "geometry": { "type": "Polygon", "coordinates": [ [ [ 25.9379351, 35.160808 ], [ 25.9380306, 35.1609264 ], [ 25.9381197, 35.160887 ], [ 25.9380477, 35.1607729 ], [ 25.9379962, 35.1606448 ], [ 25.9378696, 35.1607089 ], [ 25.9379351, 35.160808 ] ] ] } },
{ "type": "Feature", "properties": { "@type": "way", "@id": 1088720493, "admin_level": null, "amenity": "parking", "boundary": null, "building": null, "castle_type": null, "cuisine": null, "disused": null, "ford": null, "highway": null, "historic": null, "historic:civilization": null, "image": null, "int_name": null, "int_ref": null, "landuse": null, "lanes": null, "layer": null, "leisure": null, "man_made": null, "maxspeed": null, "maxspeed:type": null, "name": null, "name:de": null, "name:el": null, "name:en": null, "name:ru": null, "name:uk": null, "natural": null, "noexit": null, "old_ref": null, "oneway": null, "parking": "surface", "place": null, "population": null, "public_transport": null, "ref": null, "religion": null, "service": null, "shelter": null, "source": null, "source:old_ref": null, "source:ref": null, "sport": null, "surface": null, "tourism": null, "tower:type": null, "tunnel": null, "waterway": null, "wikidata": null, "wikipedia": null, "label": "amenity:parking" }, "geometry": { "type": "Polygon", "coordinates": [ [ [ 25.9541734, 35.173062 ], [ 25.9544136, 35.1730727 ], [ 25.9545778, 35.1729653 ], [ 25.9544365, 35.1729433 ], [ 25.9541938, 35.1729271 ], [ 25.9540928, 35.1729142 ], [ 25.9541734, 35.173062 ] ] ] } },
{ "type": "Feature", "properties": { "@type": "way", "@id": 1088720496, "admin_level": null, "amenity": "parking", "boundary": null, "building": null, "castle_type": null, "cuisine": null, "disused": null, "ford": null, "highway": null, "historic": null, "historic:civilization": null, "image": null, "int_name": null, "int_ref": null, "landuse": null, "lanes": null, "layer": null, "leisure": null, "man_made": null, "maxspeed": null, "maxspeed:type": null, "name": null, "name:de": null, "name:el": null, "name:en": null, "name:ru": null, "name:uk": null, "natural": null, "noexit": null, "old_ref": null, "oneway": null, "parking": null, "place": null, "population": null, "public_transport": null, "ref": null, "religion": null, "service": null, "shelter": null, "source": null, "source:old_ref": null, "source:ref": null, "sport": null, "surface": null, "tourism": null, "tower:type": null, "tunnel": null, "waterway": null, "wikidata": null, "wikipedia": null, "label": "amenity:parking" }, "geometry": { "type": "Polygon", "coordinates": [ [ [ 25.9458006, 35.1655303 ], [ 25.9459212, 35.1655507 ], [ 25.9457931, 35.1653173 ], [ 25.9457334, 35.1654134 ], [ 25.9458006, 35.1655303 ] ] ] } }
]
}
