{
"type": "FeatureCollection",
"name": "patch_96771_features",
"crs": { "type": "name", "properties": { "name": "urn:ogc:def:crs:OGC:1.3:CRS84" } },
"features": [
{ "type": "Feature", "properties": { "element": "node", "id": 951583724, "name": null, "name:el": null, "name:en": null, "natural": null, "wikidata": null, "name:de": null, "tourism": "viewpoint", "alt_name": null, "wikipedia": null, "amenity": null, "name:mk": null, "seamark:harbour:category": null, "website": null, "leisure": null, "seamark:type": null, "check_date": null, "description": null, "name:ru": null, "religion": null, "addr:city": null, "cuisine": null, "payment:mastercard": null, "payment:visa": null, "shop": null, "internet_access": null, "internet_access:fee": null, "outdoor_seating": null, "wheelchair": null, "source": null, "air_conditioning": null, "bar": null, "payment:cash": null, "payment:credit_cards": null, "phone": null, "stars": null, "opening_hours": null, "dispensing": null, "healthcare": null, "denomination": null, "historic": null, "addr:street": null, "name:sr": null, "addr:postcode": null, "man_made": null, "drive_through": null, "laundry_service": null, "self_service": null, "name:fr": null, "sport": null, "leaf_type": null, "board_type": null, "boundary": null, "information": null, "supervised": null, "surface": null, "access": null, "fee": null, "parking": null, "building": null, "ref": null, "landuse": null, "area": null, "castle_type": null, "historic:civilization": null, "start_date": null, "lifeguard": null, "type": null, "alt_name:af": null, "alt_name:de": null, "alt_name:en": null, "alt_name:es": null, "alt_name:et": null, "alt_name:hu": null, "alt_name:it": null, "alt_name:ka": null, "alt_name:mk": null, "alt_name:nl": null, "alt_name:no": null, "alt_name:pl": null, "alt_name:ru": null, "alt_name:sh": null, "alt_name:sr": null, "alt_name:sv": null, "alt_name:sw": null, "alt_name:vi": null, "loc_name:no": null, "loc_name:ru": null, "name:ar": null, "name:ca": null, "name:cs": null, "name:eo": null, "name:es": null, "name:et": null, "name:fa": null, "name:fi": null, "name:he": null, "name:hu": null, "name:hy": null, "name:it": null, "name:ja": null, "name:ka": null, "name:kk": null, "name:ko": null, "name:la": null, "name:nl": null, "name:nn": null, "name:no": null, "name:pl": null, "name:pt": null, "name:ro": null, "name:sh": null, "name:sk": null, "name:sv": null, "name:sw": null, "name:tr": null, "name:uk": null, "name:ur": null, "name:vi": null, "name:war": null, "name:zh": null, "nat_name:af": null, "nat_name:ru": null, "old_name:fr": null, "old_name:pl": null, "old_name:sk": null, "alt_name:az": null, "alt_name:bg": null, "alt_name:hy": null, "alt_name:id": null, "alt_name:ko": null, "alt_name:pt": null, "alt_name:ro": null, "alt_name:sk": null, "alt_name:tr": null, "flag": null, "name:af": null, "name:az": null, "name:bg": null, "name:ceb": null, "name:da": null, "name:eu": null, "name:id": null, "name:lv": null, "name:rue": null, "name:sl": null, "name:io": null, "label": "tourism:viewpoint" }, "geometry": { "type": "Point", "coordinates": [ 23.4034211, 40.1337214 ] } },
{ "type": "Feature", "properties": { "element": "node", "id": 951583739, "name": "Hideout of apostel Paul", "name:el": null, "name:en": null, "natural": null, "wikidata": null, "name:de": null, "tourism": "attraction", "alt_name": null, "wikipedia": null, "amenity": "place_of_worship", "name:mk": null, "seamark:harbour:category": null, "website": null, "leisure": null, "seamark:type": null, "check_date": "2025-09-23", "description": "cave passage", "name:ru": "Пещера апостола Павла", "religion": "christian", "addr:city": null, "cuisine": null, "payment:mastercard": null, "payment:visa": null, "shop": null, "internet_access": null, "internet_access:fee": null, "outdoor_seating": null, "wheelchair": null, "source": null, "air_conditioning": null, "bar": null, "payment:cash": null, "payment:credit_cards": null, "phone": null, "stars": null, "opening_hours": null, "dispensing": null, "healthcare": null, "denomination": null, "historic": null, "addr:street": null, "name:sr": null, "addr:postcode": null, "man_made": null, "drive_through": null, "laundry_service": null, "self_service": null, "name:fr": null, "sport": null, "leaf_type": null, "board_type": null, "boundary": null, "information": null, "supervised": null, "surface": null, "access": null, "fee": null, "parking": null, "building": null, "ref": null, "landuse": null, "area": null, "castle_type": null, "historic:civilization": null, "start_date": null, "lifeguard": null, "type": null, "alt_name:af": null, "alt_name:de": null, "alt_name:en": null, "alt_name:es": null, "alt_name:et": null, "alt_name:hu": null, "alt_name:it": null, "alt_name:ka": null, "alt_name:mk": null, "alt_name:nl": null, "alt_name:no": null, "alt_name:pl": null, "alt_name:ru": null, "alt_name:sh": null, "alt_name:sr": null, "alt_name:sv": null, "alt_name:sw": null, "alt_name:vi": null, "loc_name:no": null, "loc_name:ru": null, "name:ar": null, "name:ca": null, "name:cs": null, "name:eo": null, "name:es": null, "name:et": null, "name:fa": null, "name:fi": null, "name:he": null, "name:hu": null, "name:hy": null, "name:it": null, "name:ja": null, "name:ka": null, "name:kk": null, "name:ko": null, "name:la": null, "name:nl": null, "name:nn": null, "name:no": null, "name:pl": null, "name:pt": null, "name:ro": null, "name:sh": null, "name:sk": null, "name:sv": null, "name:sw": null, "name:tr": null, "name:uk": null, "name:ur": null, "name:vi": null, "name:war": null, "name:zh": null, "nat_name:af": null, "nat_name:ru": null, "old_name:fr": null, "old_name:pl": null, "old_name:sk": null, "alt_name:az": null, "alt_name:bg": null, "alt_name:hy": null, "alt_name:id": null, "alt_name:ko": null, "alt_name:pt": null, "alt_name:ro": null, "alt_name:sk": null, "alt_name:tr": null, "flag": null, "name:af": null, "name:az": null, "name:bg": null, "name:ceb": null, "name:da": null, "name:eu": null, "name:id": null, "name:lv": null, "name:rue": null, "name:sl": null, "name:io": null, "label": "tourism:attraction;amenity:place_of_worship" }, "geometry": { "type": "Point", "coordinates": [ 23.4006621, 40.1332248 ] } },
{ "type": "Feature", "properties": { "element": "node", "id": 951583740, "name": null, "name:el": null, "name:en": null, "natural": null, "wikidata": null, "name:de": null, "tourism": null, "alt_name": null, "wikipedia": null, "amenity": null, "name:mk": null, "seamark:harbour:category": "marina", "website": null, "leisure": "marina", "seamark:type": "harbour", "check_date": null, "description": null, "name:ru": null, "religion": null, "addr:city": null, "cuisine": null, "payment:mastercard": null, "payment:visa": null, "shop": null, "internet_access": null, "internet_access:fee": null, "outdoor_seating": null, "wheelchair": null, "source": null, "air_conditioning": null, "bar": null, "payment:cash": null, "payment:credit_cards": null, "phone": null, "stars": null, "opening_hours": null, "dispensing": null, "healthcare": null, "denomination": null, "historic": null, "addr:street": null, "name:sr": null, "addr:postcode": null, "man_made": null, "drive_through": null, "laundry_service": null, "self_service": null, "name:fr": null, "sport": null, "leaf_type": null, "board_type": null, "boundary": null, "information": null, "supervised": null, "surface": null, "access": null, "fee": null, "parking": null, "building": null, "ref": null, "landuse": null, "area": null, "castle_type": null, "historic:civilization": null, "start_date": null, "lifeguard": null, "type": null, "alt_name:af": null, "alt_name:de": null, "alt_name:en": null, "alt_name:es": null, "alt_name:et": null, "alt_name:hu": null, "alt_name:it": null, "alt_name:ka": null, "alt_name:mk": null, "alt_name:nl": null, "alt_name:no": null, "alt_name:pl": null, "alt_name:ru": null, "alt_name:sh": null, "alt_name:sr": null, "alt_name:sv": null, "alt_name:sw": null, "alt_name:vi": null, "loc_name:no": null, "loc_name:ru": null, "name:ar": null, "name:ca": null, "name:cs": null, "name:eo": null, "name:es": null, "name:et": null, "name:fa": null, "name:fi": null, "name:he": null, "name:hu": null, "name:hy": null, "name:it": null, "name:ja": null, "name:ka": null, "name:kk": null, "name:ko": null, "name:la": null, "name:nl": null, "name:nn": null, "name:no": null, "name:pl": null, "name:pt": null, "name:ro": null, "name:sh": null, "name:sk": null, "name:sv": null, "name:sw": null, "name:tr": null, "name:uk": null, "name:ur": null, "name:vi": null, "name:war": null, "name:zh": null, "nat_name:af": null, "nat_name:ru": null, "old_name:fr": null, "old_name:pl": null, "old_name:sk": null, "alt_name:az": null, "alt_name:bg": null, "alt_name:hy": null, "alt_name:id": null, "alt_name:ko": null, "alt_name:pt": null, "alt_name:ro": null, "alt_name:sk": null, "alt_name:tr": null, "flag": null, "name:af": null, "name:az": null, "name:bg": null, "name:ceb": null, "name:da": null, "name:eu": null, "name:id": null, "name:lv": null, "name:rue": null, "name:sl": null, "name:io": null, "label": "leisure:marina" }, "geometry": { "type": "Point", "coordinates": [ 23.4023063, 40.1338938 ] } },
{ "type": "Feature", "properties": { "element": "node", "id": 2268086424, "name": "Villa Apollon Hotel **", "name:el": null, "name:en": null, "natural": null, "wikidata": null, "name:de": null, "tourism": "hotel", "alt_name": null, "wikipedia": null, "amenity": null, "name:mk": null, "seamark:harbour:category": null, "website": null, "leisure": null, "seamark:type": null, "check_date": null, "description": null, "name:ru": null, "religion": null, "addr:city": null, "cuisine": null, "payment:mastercard": null, "payment:visa": null, "shop": null, "internet_access": null, "internet_access:fee": null, "outdoor_seating": null, "wheelchair": null, "source": null, "air_conditioning": null, "bar": null, "payment:cash": null, "payment:credit_cards": null, "phone": null, "stars": null, "opening_hours": null, "dispensing": null, "healthcare": null, "denomination": null, "historic": null, "addr:street": null, "name:sr": null, "addr:postcode": null, "man_made": null, "drive_through": null, "laundry_service": null, "self_service": null, "name:fr": null, "sport": null, "leaf_type": null, "board_type": null, "boundary": null, "information": null, "supervised": null, "surface": null, "access": null, "fee": null, "parking": null, "building": null, "ref": null, "landuse": null, "area": null, "castle_type": null, "historic:civilization": null, "start_date": null, "lifeguard": null, "type": null, "alt_name:af": null, "alt_name:de": null, "alt_name:en": null, "alt_name:es": null, "alt_name:et": null, "alt_name:hu": null, "alt_name:it": null, "alt_name:ka": null, "alt_name:mk": null, "alt_name:nl": null, "alt_name:no": null, "alt_name:pl": null, "alt_name:ru": null, "alt_name:sh": null, "alt_name:sr": null, "alt_name:sv": null, "alt_name:sw": null, "alt_name:vi": null, "loc_name:no": null, "loc_name:ru": null, "name:ar": null, "name:ca": null, "name:cs": null, "name:eo": null, "name:es": null, "name:et": null, "name:fa": null, "name:fi": null, "name:he": null, "name:hu": null, "name:hy": null, "name:it": null, "name:ja": null, "name:ka": null, "name:kk": null, "name:ko": null, "name:la": null, "name:nl": null, "name:nn": null, "name:no": null, "name:pl": null, "name:pt": null, "name:ro": null, "name:sh": null, "name:sk": null, "name:sv": null, "name:sw": null, "name:tr": null, "name:uk": null, "name:ur": null, "name:vi": null, "name:war": null, "name:zh": null, "nat_name:af": null, "nat_name:ru": null, "old_name:fr": null, "old_name:pl": null, "old_name:sk": null, "alt_name:az": null, "alt_name:bg": null, "alt_name:hy": null, "alt_name:id": null, "alt_name:ko": null, "alt_name:pt": null, "alt_name:ro": null, "alt_name:sk": null, "alt_name:tr": null, "flag": null, "name:af": null, "name:az": null, "name:bg": null, "name:ceb": null, "name:da": null, "name:eu": null, "name:id": null, "name:lv": null, "name:rue": null, "name:sl": null, "name:io": null, "label": "tourism:hotel" }, "geometry": { "type": "Point", "coordinates": [ 23.395191, 40.136678 ] } },
{ "type": "Feature", "properties": { "element": "node", "id": 2474309036, "name": "Africa beach bar", "name:el": null, "name:en": null, "natural": null, "wikidata": null, "name:de": null, "tourism": null, "alt_name": null, "wikipedia": null, "amenity": "cafe", "name:mk": null, "seamark:harbour:category": null, "website": null, "leisure": null, "seamark:type": null, "check_date": "2023-10-07", "description": null, "name:ru": null, "religion": null, "addr:city": null, "cuisine": null, "payment:mastercard": null, "payment:visa": null, "shop": null, "internet_access": null, "internet_access:fee": null, "outdoor_seating": null, "wheelchair": null, "source": null, "air_conditioning": null, "bar": null, "payment:cash": null, "payment:credit_cards": null, "phone": null, "stars": null, "opening_hours": null, "dispensing": null, "healthcare": null, "denomination": null, "historic": null, "addr:street": null, "name:sr": null, "addr:postcode": null, "man_made": null, "drive_through": null, "laundry_service": null, "self_service": null, "name:fr": null, "sport": null, "leaf_type": null, "board_type": null, "boundary": null, "information": null, "supervised": null, "surface": null, "access": null, "fee": null, "parking": null, "building": null, "ref": null, "landuse": null, "area": null, "castle_type": null, "historic:civilization": null, "start_date": null, "lifeguard": null, "type": null, "alt_name:af": null, "alt_name:de": null, "alt_name:en": null, "alt_name:es": null, "alt_name:et": null, "alt_name:hu": null, "alt_name:it": null, "alt_name:ka": null, "alt_name:mk": null, "alt_name:nl": null, "alt_name:no": null, "alt_name:pl": null, "alt_name:ru": null, "alt_name:sh": null, "alt_name:sr": null, "alt_name:sv": null, "alt_name:sw": null, "alt_name:vi": null, "loc_name:no": null, "loc_name:ru": null, "name:ar": null, "name:ca": null, "name:cs": null, "name:eo": null, "name:es": null, "name:et": null, "name:fa": null, "name:fi": null, "name:he": null, "name:hu": null, "name:hy": null, "name:it": null, "name:ja": null, "name:ka": null, "name:kk": null, "name:ko": null, "name:la": null, "name:nl": null, "name:nn": null, "name:no": null, "name:pl": null, "name:pt": null, "name:ro": null, "name:sh": null, "name:sk": null, "name:sv": null, "name:sw": null, "name:tr": null, "name:uk": null, "name:ur": null, "name:vi": null, "name:war": null, "name:zh": null, "nat_name:af": null, "nat_name:ru": null, "old_name:fr": null, "old_name:pl": null, "old_name:sk": null, "alt_name:az": null, "alt_name:bg": null, "alt_name:hy": null, "alt_name:id": null, "alt_name:ko": null, "alt_name:pt": null, "alt_name:ro": null, "alt_name:sk": null, "alt_name:tr": null, "flag": null, "name:af": null, "name:az": null, "name:bg": null, "name:ceb": null, "name:da": null, "name:eu": null, "name:id": null, "name:lv": null, "name:rue": null, "name:sl": null, "name:io": null, "label": "amenity:cafe" }, "geometry": { "type": "Point", "coordinates": [ 23.400806, 40.1341556 ] } },
{ "type": "Feature", "properties": { "element": "node", "id": 2474309043, "name": "Vicky's", "name:el": null, "name:en": null, "natural": null, "wikidata": null, "name:de": null, "tourism": null, "alt_name": null, "wikipedia": null, "amenity": "restaurant", "name:mk": null, "seamark:harbour:category": null, "website": null, "leisure": null, "seamark:type": null, "check_date": null, "description": null, "name:ru": null, "religion": null, "addr:city": null, "cuisine": "greek", "payment:mastercard": null, "payment:visa": null, "shop": null, "internet_access": null, "internet_access:fee": null, "outdoor_seating": null, "wheelchair": null, "source": null, "air_conditioning": null, "bar": null, "payment:cash": null, "payment:credit_cards": null, "phone": null, "stars": null, "opening_hours": null, "dispensing": null, "healthcare": null, "denomination": null, "historic": null, "addr:street": null, "name:sr": null, "addr:postcode": null, "man_made": null, "drive_through": null, "laundry_service": null, "self_service": null, "name:fr": null, "sport": null, "leaf_type": null, "board_type": null, "boundary": null, "information": null, "supervised": null, "surface": null, "access": null, "fee": null, "parking": null, "building": null, "ref": null, "landuse": null, "area": null, "castle_type": null, "historic:civilization": null, "start_date": null, "lifeguard": null, "type": null, "alt_name:af": null, "alt_name:de": null, "alt_name:en": null, "alt_name:es": null, "alt_name:et": null, "alt_name:hu": null, "alt_name:it": null, "alt_name:ka": null, "alt_name:mk": null, "alt_name:nl": null, "alt_name:no": null, "alt_name:pl": null, "alt_name:ru": null, "alt_name:sh": null, "alt_name:sr": null, "alt_name:sv": null, "alt_name:sw": null, "alt_name:vi": null, "loc_name:no": null, "loc_name:ru": null, "name:ar": null, "name:ca": null, "name:cs": null, "name:eo": null, "name:es": null, "name:et": null, "name:fa": null, "name:fi": null, "name:he": null, "name:hu": null, "name:hy": null, "name:it": null, "name:ja": null, "name:ka": null, "name:kk": null, "name:ko": null, "name:la": null, "name:nl": null, "name:nn": null, "name:no": null, "name:pl": null, "name:pt": null, "name:ro": null, "name:sh": null, "name:sk": null, "name:sv": null, "name:sw": null, "name:tr": null, "name:uk": null, "name:ur": null, "name:vi": null, "name:war": null, "name:zh": null, "nat_name:af": null, "nat_name:ru": null, "old_name:fr": null, "old_name:pl": null, "old_name:sk": null, "alt_name:az": null, "alt_name:bg": null, "alt_name:hy": null, "alt_name:id": null, "alt_name:ko": null, "alt_name:pt": null, "alt_name:ro": null, "alt_name:sk": null, "alt_name:tr": null, "flag": null, "name:af": null, "name:az": null, "name:bg": null, "name:ceb": null, "name:da": null, "name:eu": null, "name:id": null, "name:lv": null, "name:rue": null, "name:sl": null, "name:io": null, "label": "amenity:restaurant" }, "geometry": { "type": "Point", "coordinates": [ 23.4009279, 40.1338014 ] } },
{ "type": "Feature", "properties": { "element": "node", "id": 2474309119, "name": null, "name:el": null, "name:en": null, "natural": null, "wikidata": null, "name:de": null, "tourism": null, "alt_name": null, "wikipedia": null, "amenity": null, "name:mk": null, "seamark:harbour:category": null, "website": null, "leisure": null, "seamark:type": null, "check_date": "2023-10-07", "description": null, "name:ru": null, "religion": null, "addr:city": null, "cuisine": null, "payment:mastercard": "yes", "payment:visa": "yes", "shop": "convenience", "internet_access": null, "internet_access:fee": null, "outdoor_seating": null, "wheelchair": null, "source": null, "air_conditioning": null, "bar": null, "payment:cash": null, "payment:credit_cards": null, "phone": null, "stars": null, "opening_hours": null, "dispensing": null, "healthcare": null, "denomination": null, "historic": null, "addr:street": null, "name:sr": null, "addr:postcode": null, "man_made": null, "drive_through": null, "laundry_service": null, "self_service": null, "name:fr": null, "sport": null, "leaf_type": null, "board_type": null, "boundary": null, "information": null, "supervised": null, "surface": null, "access": null, "fee": null, "parking": null, "building": null, "ref": null, "landuse": null, "area": null, "castle_type": null, "historic:civilization": null, "start_date": null, "lifeguard": null, "type": null, "alt_name:af": null, "alt_name:de": null, "alt_name:en": null, "alt_name:es": null, "alt_name:et": null, "alt_name:hu": null, "alt_name:it": null, "alt_name:ka": null, "alt_name:mk": null, "alt_name:nl": null, "alt_name:no": null, "alt_name:pl": null, "alt_name:ru": null, "alt_name:sh": null, "alt_name:sr": null, "alt_name:sv": null, "alt_name:sw": null, "alt_name:vi": null, "loc_name:no": null, "loc_name:ru": null, "name:ar": null, "name:ca": null, "name:cs": null, "name:eo": null, "name:es": null, "name:et": null, "name:fa": null, "name:fi": null, "name:he": null, "name:hu": null, "name:hy": null, "name:it": null, "name:ja": null, "name:ka": null, "name:kk": null, "name:ko": null, "name:la": null, "name:nl": null, "name:nn": null, "name:no": null, "name:pl": null, "name:pt": null, "name:ro": null, "name:sh": null, "name:sk": null, "name:sv": null, "name:sw": null, "name:tr": null, "name:uk": null, "name:ur": null, "name:vi": null, "name:war": null, "name:zh": null, "nat_name:af": null, "nat_name:ru": null, "old_name:fr": null, "old_name:pl": null, "old_name:sk": null, "alt_name:az": null, "alt_name:bg": null, "alt_name:hy": null, "alt_name:id": null, "alt_name:ko": null, "alt_name:pt": null, "alt_name:ro": null, "alt_name:sk": null, "alt_name:tr": null, "flag": null, "name:af": null, "name:az": null, "name:bg": null, "name:ceb": null, "name:da": null, "name:eu": null, "name:id": null, "name:lv": null, "name:rue": null, "name:sl": null, "name:io": null, "label": "shop:convenience" }, "geometry": { "type": "Point", "coordinates": [ 23.4006872, 40.1339455 ] } },
{ "type": "Feature", "properties": { "element": "node", "id": 2475520382, "name": "Thokos", "name:el": null, "name:en": null, "natural": null, "wikidata": null, "name:de": null, "tourism": null, "alt_name": null, "wikipedia": null, "amenity": "bar", "name:mk": null, "seamark:harbour:category": null, "website": null, "leisure": null, "seamark:type": null, "check_date": "2023-10-05", "description": "Cafe / restaurant overlooking the marina and the sea", "name:ru": null, "religion": null, "addr:city": null, "cuisine": null, "payment:mastercard": "yes", "payment:visa": "yes", "shop": null, "internet_access": "wlan", "internet_access:fee": "customers", "outdoor_seating": "yes", "wheelchair": "yes", "source": null, "air_conditioning": null, "bar": null, "payment:cash": null, "payment:credit_cards": null, "phone": null, "stars": null, "opening_hours": null, "dispensing": null, "healthcare": null, "denomination": null, "historic": null, "addr:street": null, "name:sr": null, "addr:postcode": null, "man_made": null, "drive_through": null, "laundry_service": null, "self_service": null, "name:fr": null, "sport": null, "leaf_type": null, "board_type": null, "boundary": null, "information": null, "supervised": null, "surface": null, "access": null, "fee": null, "parking": null, "building": null, "ref": null, "landuse": null, "area": null, "castle_type": null, "historic:civilization": null, "start_date": null, "lifeguard": null, "type": null, "alt_name:af": null, "alt_name:de": null, "alt_name:en": null, "alt_name:es": null, "alt_name:et": null, "alt_name:hu": null, "alt_name:it": null, "alt_name:ka": null, "alt_name:mk": null, "alt_name:nl": null, "alt_name:no": null, "alt_name:pl": null, "alt_name:ru": null, "alt_name:sh": null, "alt_name:sr": null, "alt_name:sv": null, "alt_name:sw": null, "alt_name:vi": null, "loc_name:no": null, "loc_name:ru": null, "name:ar": null, "name:ca": null, "name:cs": null, "name:eo": null, "name:es": null, "name:et": null, "name:fa": null, "name:fi": null, "name:he": null, "name:hu": null, "name:hy": null, "name:it": null, "name:ja": null, "name:ka": null, "name:kk": null, "name:ko": null, "name:la": null, "name:nl": null, "name:nn": null, "name:no": null, "name:pl": null, "name:pt": null, "name:ro": null, "name:sh": null, "name:sk": null, "name:sv": null, "name:sw": null, "name:tr": null, "name:uk": null, "name:ur": null, "name:vi": null, "name:war": null, "name:zh": null, "nat_name:af": null, "nat_name:ru": null, "old_name:fr": null, "old_name:pl": null, "old_name:sk": null, "alt_name:az": null, "alt_name:bg": null, "alt_name:hy": null, "alt_name:id": null, "alt_name:ko": null, "alt_name:pt": null, "alt_name:ro": null, "alt_name:sk": null, "alt_name:tr": null, "flag": null, "name:af": null, "name:az": null, "name:bg": null, "name:ceb": null, "name:da": null, "name:eu": null, "name:id": null, "name:lv": null, "name:rue": null, "name:sl": null, "name:io": null, "label": "amenity:bar" }, "geometry": { "type": "Point", "coordinates": [ 23.4027815, 40.1334154 ] } },
{ "type": "Feature", "properties": { "element": "node", "id": 2511256226, "name": "Alexandros Hotel **", "name:el": null, "name:en": null, "natural": null, "wikidata": null, "name:de": null, "tourism": "hotel", "alt_name": null, "wikipedia": null, "amenity": null, "name:mk": null, "seamark:harbour:category": null, "website": null, "leisure": null, "seamark:type": null, "check_date": null, "description": null, "name:ru": null, "religion": null, "addr:city": null, "cuisine": null, "payment:mastercard": null, "payment:visa": null, "shop": null, "internet_access": null, "internet_access:fee": null, "outdoor_seating": null, "wheelchair": null, "source": "Booking.com", "air_conditioning": null, "bar": null, "payment:cash": null, "payment:credit_cards": null, "phone": null, "stars": null, "opening_hours": null, "dispensing": null, "healthcare": null, "denomination": null, "historic": null, "addr:street": null, "name:sr": null, "addr:postcode": null, "man_made": null, "drive_through": null, "laundry_service": null, "self_service": null, "name:fr": null, "sport": null, "leaf_type": null, "board_type": null, "boundary": null, "information": null, "supervised": null, "surface": null, "access": null, "fee": null, "parking": null, "building": null, "ref": null, "landuse": null, "area": null, "castle_type": null, "historic:civilization": null, "start_date": null, "lifeguard": null, "type": null, "alt_name:af": null, "alt_name:de": null, "alt_name:en": null, "alt_name:es": null, "alt_name:et": null, "alt_name:hu": null, "alt_name:it": null, "alt_name:ka": null, "alt_name:mk": null, "alt_name:nl": null, "alt_name:no": null, "alt_name:pl": null, "alt_name:ru": null, "alt_name:sh": null, "alt_name:sr": null, "alt_name:sv": null, "alt_name:sw": null, "alt_name:vi": null, "loc_name:no": null, "loc_name:ru": null, "name:ar": null, "name:ca": null, "name:cs": null, "name:eo": null, "name:es": null, "name:et": null, "name:fa": null, "name:fi": null, "name:he": null, "name:hu": null, "name:hy": null, "name:it": null, "name:ja": null, "name:ka": null, "name:kk": null, "name:ko": null, "name:la": null, "name:nl": null, "name:nn": null, "name:no": null, "name:pl": null, "name:pt": null, "name:ro": null, "name:sh": null, "name:sk": null, "name:sv": null, "name:sw": null, "name:tr": null, "name:uk": null, "name:ur": null, "name:vi": null, "name:war": null, "name:zh": null, "nat_name:af": null, "nat_name:ru": null, "old_name:fr": null, "old_name:pl": null, "old_name:sk": null, "alt_name:az": null, "alt_name:bg": null, "alt_name:hy": null, "alt_name:id": null, "alt_name:ko": null, "alt_name:pt": null, "alt_name:ro": null, "alt_name:sk": null, "alt_name:tr": null, "flag": null, "name:af": null, "name:az": null, "name:bg": null, "name:ceb": null, "name:da": null, "name:eu": null, "name:id": null, "name:lv": null, "name:rue": null, "name:sl": null, "name:io": null, "label": "tourism:hotel" }, "geometry": { "type": "Point", "coordinates": [ 23.400252, 40.1338798 ] } },
{ "type": "Feature", "properties": { "element": "node", "id": 2511256227, "name": "Hotel Kiwi", "name:el": null, "name:en": null, "natural": null, "wikidata": null, "name:de": null, "tourism": "hotel", "alt_name": null, "wikipedia": null, "amenity": null, "name:mk": null, "seamark:harbour:category": null, "website": "https://www.hotelkiwi.gr/", "leisure": null, "seamark:type": null, "check_date": null, "description": null, "name:ru": null, "religion": null, "addr:city": null, "cuisine": null, "payment:mastercard": null, "payment:visa": null, "shop": null, "internet_access": "yes", "internet_access:fee": "no", "outdoor_seating": null, "wheelchair": null, "source": "local knowledge", "air_conditioning": "yes", "bar": "yes", "payment:cash": "yes", "payment:credit_cards": "yes", "phone": "+3023740 81855", "stars": "1", "opening_hours": null, "dispensing": null, "healthcare": null, "denomination": null, "historic": null, "addr:street": null, "name:sr": null, "addr:postcode": null, "man_made": null, "drive_through": null, "laundry_service": null, "self_service": null, "name:fr": null, "sport": null, "leaf_type": null, "board_type": null, "boundary": null, "information": null, "supervised": null, "surface": null, "access": null, "fee": null, "parking": null, "building": null, "ref": null, "landuse": null, "area": null, "castle_type": null, "historic:civilization": null, "start_date": null, "lifeguard": null, "type": null, "alt_name:af": null, "alt_name:de": null, "alt_name:en": null, "alt_name:es": null, "alt_name:et": null, "alt_name:hu": null, "alt_name:it": null, "alt_name:ka": null, "alt_name:mk": null, "alt_name:nl": null, "alt_name:no": null, "alt_name:pl": null, "alt_name:ru": null, "alt_name:sh": null, "alt_name:sr": null, "alt_name:sv": null, "alt_name:sw": null, "alt_name:vi": null, "loc_name:no": null, "loc_name:ru": null, "name:ar": null, "name:ca": null, "name:cs": null, "name:eo": null, "name:es": null, "name:et": null, "name:fa": null, "name:fi": null, "name:he": null, "name:hu": null, "name:hy": null, "name:it": null, "name:ja": null, "name:ka": null, "name:kk": null, "name:ko": null, "name:la": null, "name:nl": null, "name:nn": null, "name:no": null, "name:pl": null, "name:pt": null, "name:ro": null, "name:sh": null, "name:sk": null, "name:sv": null, "name:sw": null, "name:tr": null, "name:uk": null, "name:ur": null, "name:vi": null, "name:war": null, "name:zh": null, "nat_name:af": null, "nat_name:ru": null, "old_name:fr": null, "old_name:pl": null, "old_name:sk": null, "alt_name:az": null, "alt_name:bg": null, "alt_name:hy": null, "alt_name:id": null, "alt_name:ko": null, "alt_name:pt": null, "alt_name:ro": null, "alt_name:sk": null, "alt_name:tr": null, "flag": null, "name:af": null, "name:az": null, "name:bg": null, "name:ceb": null, "name:da": null, "name:eu": null, "name:id": null, "name:lv": null, "name:rue": null, "name:sl": null, "name:io": null, "label": "tourism:hotel" }, "geometry": { "type": "Point", "coordinates": [ 23.3984433, 40.1352763 ] } },
{ "type": "Feature", "properties": { "element": "node", "id": 2511256229, "name": "Villa Madeleine", "name:el": null, "name:en": null, "natural": null, "wikidata": null, "name:de": null, "tourism": "hotel", "alt_name": null, "wikipedia": null, "amenity": null, "name:mk": null, "seamark:harbour:category": null, "website": null, "leisure": null, "seamark:type": null, "check_date": null, "description": null, "name:ru": null, "religion": null, "addr:city": null, "cuisine": null, "payment:mastercard": null, "payment:visa": null, "shop": null, "internet_access": null, "internet_access:fee": null, "outdoor_seating": null, "wheelchair": null, "source": "Booking.com", "air_conditioning": null, "bar": null, "payment:cash": null, "payment:credit_cards": null, "phone": null, "stars": null, "opening_hours": null, "dispensing": null, "healthcare": null, "denomination": null, "historic": null, "addr:street": null, "name:sr": null, "addr:postcode": null, "man_made": null, "drive_through": null, "laundry_service": null, "self_service": null, "name:fr": null, "sport": null, "leaf_type": null, "board_type": null, "boundary": null, "information": null, "supervised": null, "surface": null, "access": null, "fee": null, "parking": null, "building": null, "ref": null, "landuse": null, "area": null, "castle_type": null, "historic:civilization": null, "start_date": null, "lifeguard": null, "type": null, "alt_name:af": null, "alt_name:de": null, "alt_name:en": null, "alt_name:es": null, "alt_name:et": null, "alt_name:hu": null, "alt_name:it": null, "alt_name:ka": null, "alt_name:mk": null, "alt_name:nl": null, "alt_name:no": null, "alt_name:pl": null, "alt_name:ru": null, "alt_name:sh": null, "alt_name:sr": null, "alt_name:sv": null, "alt_name:sw": null, "alt_name:vi": null, "loc_name:no": null, "loc_name:ru": null, "name:ar": null, "name:ca": null, "name:cs": null, "name:eo": null, "name:es": null, "name:et": null, "name:fa": null, "name:fi": null, "name:he": null, "name:hu": null, "name:hy": null, "name:it": null, "name:ja": null, "name:ka": null, "name:kk": null, "name:ko": null, "name:la": null, "name:nl": null, "name:nn": null, "name:no": null, "name:pl": null, "name:pt": null, "name:ro": null, "name:sh": null, "name:sk": null, "name:sv": null, "name:sw": null, "name:tr": null, "name:uk": null, "name:ur": null, "name:vi": null, "name:war": null, "name:zh": null, "nat_name:af": null, "nat_name:ru": null, "old_name:fr": null, "old_name:pl": null, "old_name:sk": null, "alt_name:az": null, "alt_name:bg": null, "alt_name:hy": null, "alt_name:id": null, "alt_name:ko": null, "alt_name:pt": null, "alt_name:ro": null, "alt_name:sk": null, "alt_name:tr": null, "flag": null, "name:af": null, "name:az": null, "name:bg": null, "name:ceb": null, "name:da": null, "name:eu": null, "name:id": null, "name:lv": null, "name:rue": null, "name:sl": null, "name:io": null, "label": "tourism:hotel" }, "geometry": { "type": "Point", "coordinates": [ 23.4034042, 40.1323387 ] } },
{ "type": "Feature", "properties": { "element": "node", "id": 2834815965, "name": "Cozzy", "name:el": null, "name:en": null, "natural": null, "wikidata": null, "name:de": null, "tourism": null, "alt_name": null, "wikipedia": null, "amenity": "cafe", "name:mk": null, "seamark:harbour:category": null, "website": null, "leisure": null, "seamark:type": null, "check_date": null, "description": null, "name:ru": null, "religion": null, "addr:city": null, "cuisine": null, "payment:mastercard": null, "payment:visa": null, "shop": null, "internet_access": null, "internet_access:fee": null, "outdoor_seating": null, "wheelchair": null, "source": null, "air_conditioning": null, "bar": null, "payment:cash": null, "payment:credit_cards": null, "phone": null, "stars": null, "opening_hours": null, "dispensing": null, "healthcare": null, "denomination": null, "historic": null, "addr:street": null, "name:sr": null, "addr:postcode": null, "man_made": null, "drive_through": null, "laundry_service": null, "self_service": null, "name:fr": null, "sport": null, "leaf_type": null, "board_type": null, "boundary": null, "information": null, "supervised": null, "surface": null, "access": null, "fee": null, "parking": null, "building": null, "ref": null, "landuse": null, "area": null, "castle_type": null, "historic:civilization": null, "start_date": null, "lifeguard": null, "type": null, "alt_name:af": null, "alt_name:de": null, "alt_name:en": null, "alt_name:es": null, "alt_name:et": null, "alt_name:hu": null, "alt_name:it": null, "alt_name:ka": null, "alt_name:mk": null, "alt_name:nl": null, "alt_name:no": null, "alt_name:pl": null, "alt_name:ru": null, "alt_name:sh": null, "alt_name:sr": null, "alt_name:sv": null, "alt_name:sw": null, "alt_name:vi": null, "loc_name:no": null, "loc_name:ru": null, "name:ar": null, "name:ca": null, "name:cs": null, "name:eo": null, "name:es": null, "name:et": null, "name:fa": null, "name:fi": null, "name:he": null, "name:hu": null, "name:hy": null, "name:it": null, "name:ja": null, "name:ka": null, "name:kk": null, "name:ko": null, "name:la": null, "name:nl": null, "name:nn": null, "name:no": null, "name:pl": null, "name:pt": null, "name:ro": null, "name:sh": null, "name:sk": null, "name:sv": null, "name:sw": null, "name:tr": null, "name:uk": null, "name:ur": null, "name:vi": null, "name:war": null, "name:zh": null, "nat_name:af": null, "nat_name:ru": null, "old_name:fr": null, "old_name:pl": null, "old_name:sk": null, "alt_name:az": null, "alt_name:bg": null, "alt_name:hy": null, "alt_name:id": null, "alt_name:ko": null, "alt_name:pt": null, "alt_name:ro": null, "alt_name:sk": null, "alt_name:tr": null, "flag": null, "name:af": null, "name:az": null, "name:bg": null, "name:ceb": null, "name:da": null, "name:eu": null, "name:id": null, "name:lv": null, "name:rue": null, "name:sl": null, "name:io": null, "label": "amenity:cafe" }, "geometry": { "type": "Point", "coordinates": [ 23.4006566, 40.1335747 ] } },
{ "type": "Feature", "properties": { "element": "node", "id": 2834815973, "name": "ψαροταβερνα ΤΑ ΚΥΜΑΤΑ", "name:el": null, "name:en": null, "natural": null, "wikidata": null, "name:de": null, "tourism": null, "alt_name": null, "wikipedia": null, "amenity": "restaurant", "name:mk": null, "seamark:harbour:category": null, "website": null, "leisure": null, "seamark:type": null, "check_date": "2023-10-07", "description": null, "name:ru": null, "religion": null, "addr:city": null, "cuisine": "grill;greek;deli", "payment:mastercard": null, "payment:visa": null, "shop": null, "internet_access": "wlan", "internet_access:fee": null, "outdoor_seating": null, "wheelchair": null, "source": null, "air_conditioning": null, "bar": null, "payment:cash": "yes", "payment:credit_cards": "yes", "phone": null, "stars": null, "opening_hours": "Mo-Su 10:00-22:00", "dispensing": null, "healthcare": null, "denomination": null, "historic": null, "addr:street": null, "name:sr": null, "addr:postcode": null, "man_made": null, "drive_through": null, "laundry_service": null, "self_service": null, "name:fr": null, "sport": null, "leaf_type": null, "board_type": null, "boundary": null, "information": null, "supervised": null, "surface": null, "access": null, "fee": null, "parking": null, "building": null, "ref": null, "landuse": null, "area": null, "castle_type": null, "historic:civilization": null, "start_date": null, "lifeguard": null, "type": null, "alt_name:af": null, "alt_name:de": null, "alt_name:en": null, "alt_name:es": null, "alt_name:et": null, "alt_name:hu": null, "alt_name:it": null, "alt_name:ka": null, "alt_name:mk": null, "alt_name:nl": null, "alt_name:no": null, "alt_name:pl": null, "alt_name:ru": null, "alt_name:sh": null, "alt_name:sr": null, "alt_name:sv": null, "alt_name:sw": null, "alt_name:vi": null, "loc_name:no": null, "loc_name:ru": null, "name:ar": null, "name:ca": null, "name:cs": null, "name:eo": null, "name:es": null, "name:et": null, "name:fa": null, "name:fi": null, "name:he": null, "name:hu": null, "name:hy": null, "name:it": null, "name:ja": null, "name:ka": null, "name:kk": null, "name:ko": null, "name:la": null, "name:nl": null, "name:nn": null, "name:no": null, "name:pl": null, "name:pt": null, "name:ro": null, "name:sh": null, "name:sk": null, "name:sv": null, "name:sw": null, "name:tr": null, "name:uk": null, "name:ur": null, "name:vi": null, "name:war": null, "name:zh": null, "nat_name:af": null, "nat_name:ru": null, "old_name:fr": null, "old_name:pl": null, "old_name:sk": null, "alt_name:az": null, "alt_name:bg": null, "alt_name:hy": null, "alt_name:id": null, "alt_name:ko": null, "alt_name:pt": null, "alt_name:ro": null, "alt_name:sk": null, "alt_name:tr": null, "flag": null, "name:af": null, "name:az": null, "name:bg": null, "name:ceb": null, "name:da": null, "name:eu": null, "name:id": null, "name:lv": null, "name:rue": null, "name:sl": null, "name:io": null, "label": "amenity:restaurant" }, "geometry": { "type": "Point", "coordinates": [ 23.4005408, 40.134112 ] } },
{ "type": "Feature", "properties": { "element": "node", "id": 2834818126, "name": null, "name:el": null, "name:en": null, "natural": null, "wikidata": null, "name:de": null, "tourism": null, "alt_name": null, "wikipedia": null, "amenity": "telephone", "name:mk": null, "seamark:harbour:category": null, "website": null, "leisure": null, "seamark:type": null, "check_date": null, "description": null, "name:ru": null, "religion": null, "addr:city": null, "cuisine": null, "payment:mastercard": null, "payment:visa": null, "shop": null, "internet_access": null, "internet_access:fee": null, "outdoor_seating": null, "wheelchair": null, "source": null, "air_conditioning": null, "bar": null, "payment:cash": null, "payment:credit_cards": null, "phone": null, "stars": null, "opening_hours": null, "dispensing": null, "healthcare": null, "denomination": null, "historic": null, "addr:street": null, "name:sr": null, "addr:postcode": null, "man_made": null, "drive_through": null, "laundry_service": null, "self_service": null, "name:fr": null, "sport": null, "leaf_type": null, "board_type": null, "boundary": null, "information": null, "supervised": null, "surface": null, "access": null, "fee": null, "parking": null, "building": null, "ref": null, "landuse": null, "area": null, "castle_type": null, "historic:civilization": null, "start_date": null, "lifeguard": null, "type": null, "alt_name:af": null, "alt_name:de": null, "alt_name:en": null, "alt_name:es": null, "alt_name:et": null, "alt_name:hu": null, "alt_name:it": null, "alt_name:ka": null, "alt_name:mk": null, "alt_name:nl": null, "alt_name:no": null, "alt_name:pl": null, "alt_name:ru": null, "alt_name:sh": null, "alt_name:sr": null, "alt_name:sv": null, "alt_name:sw": null, "alt_name:vi": null, "loc_name:no": null, "loc_name:ru": null, "name:ar": null, "name:ca": null, "name:cs": null, "name:eo": null, "name:es": null, "name:et": null, "name:fa": null, "name:fi": null, "name:he": null, "name:hu": null, "name:hy": null, "name:it": null, "name:ja": null, "name:ka": null, "name:kk": null, "name:ko": null, "name:la": null, "name:nl": null, "name:nn": null, "name:no": null, "name:pl": null, "name:pt": null, "name:ro": null, "name:sh": null, "name:sk": null, "name:sv": null, "name:sw": null, "name:tr": null, "name:uk": null, "name:ur": null, "name:vi": null, "name:war": null, "name:zh": null, "nat_name:af": null, "nat_name:ru": null, "old_name:fr": null, "old_name:pl": null, "old_name:sk": null, "alt_name:az": null, "alt_name:bg": null, "alt_name:hy": null, "alt_name:id": null, "alt_name:ko": null, "alt_name:pt": null, "alt_name:ro": null, "alt_name:sk": null, "alt_name:tr": null, "flag": null, "name:af": null, "name:az": null, "name:bg": null, "name:ceb": null, "name:da": null, "name:eu": null, "name:id": null, "name:lv": null, "name:rue": null, "name:sl": null, "name:io": null, "label": "amenity:telephone" }, "geometry": { "type": "Point", "coordinates": [ 23.4009951, 40.1332936 ] } },
{ "type": "Feature", "properties": { "element": "node", "id": 2834818130, "name": null, "name:el": null, "name:en": null, "natural": null, "wikidata": null, "name:de": null, "tourism": null, "alt_name": null, "wikipedia": null, "amenity": "taxi", "name:mk": null, "seamark:harbour:category": null, "website": null, "leisure": null, "seamark:type": null, "check_date": null, "description": null, "name:ru": null, "religion": null, "addr:city": null, "cuisine": null, "payment:mastercard": null, "payment:visa": null, "shop": null, "internet_access": null, "internet_access:fee": null, "outdoor_seating": null, "wheelchair": null, "source": null, "air_conditioning": null, "bar": null, "payment:cash": null, "payment:credit_cards": null, "phone": null, "stars": null, "opening_hours": null, "dispensing": null, "healthcare": null, "denomination": null, "historic": null, "addr:street": null, "name:sr": null, "addr:postcode": null, "man_made": null, "drive_through": null, "laundry_service": null, "self_service": null, "name:fr": null, "sport": null, "leaf_type": null, "board_type": null, "boundary": null, "information": null, "supervised": null, "surface": null, "access": null, "fee": null, "parking": null, "building": null, "ref": null, "landuse": null, "area": null, "castle_type": null, "historic:civilization": null, "start_date": null, "lifeguard": null, "type": null, "alt_name:af": null, "alt_name:de": null, "alt_name:en": null, "alt_name:es": null, "alt_name:et": null, "alt_name:hu": null, "alt_name:it": null, "alt_name:ka": null, "alt_name:mk": null, "alt_name:nl": null, "alt_name:no": null, "alt_name:pl": null, "alt_name:ru": null, "alt_name:sh": null, "alt_name:sr": null, "alt_name:sv": null, "alt_name:sw": null, "alt_name:vi": null, "loc_name:no": null, "loc_name:ru": null, "name:ar": null, "name:ca": null, "name:cs": null, "name:eo": null, "name:es": null, "name:et": null, "name:fa": null, "name:fi": null, "name:he": null, "name:hu": null, "name:hy": null, "name:it": null, "name:ja": null, "name:ka": null, "name:kk": null, "name:ko": null, "name:la": null, "name:nl": null, "name:nn": null, "name:no": null, "name:pl": null, "name:pt": null, "name:ro": null, "name:sh": null, "name:sk": null, "name:sv": null, "name:sw": null, "name:tr": null, "name:uk": null, "name:ur": null, "name:vi": null, "name:war": null, "name:zh": null, "nat_name:af": null, "nat_name:ru": null, "old_name:fr": null, "old_name:pl": null, "old_name:sk": null, "alt_name:az": null, "alt_name:bg": null, "alt_name:hy": null, "alt_name:id": null, "alt_name:ko": null, "alt_name:pt": null, "alt_name:ro": null, "alt_name:sk": null, "alt_name:tr": null, "flag": null, "name:af": null, "name:az": null, "name:bg": null, "name:ceb": null, "name:da": null, "name:eu": null, "name:id": null, "name:lv": null, "name:rue": null, "name:sl": null, "name:io": null, "label": "amenity:taxi" }, "geometry": { "type": "Point", "coordinates": [ 23.4000765, 40.1341 ] } },
{ "type": "Feature", "properties": { "element": "node", "id": 2834818132, "name": null, "name:el": null, "name:en": null, "natural": null, "wikidata": null, "name:de": null, "tourism": null, "alt_name": null, "wikipedia": null, "amenity": "pharmacy", "name:mk": null, "seamark:harbour:category": null, "website": null, "leisure": null, "seamark:type": null, "check_date": null, "description": null, "name:ru": null, "religion": null, "addr:city": null, "cuisine": null, "payment:mastercard": null, "payment:visa": null, "shop": null, "internet_access": null, "internet_access:fee": null, "outdoor_seating": null, "wheelchair": null, "source": null, "air_conditioning": null, "bar": null, "payment:cash": null, "payment:credit_cards": null, "phone": null, "stars": null, "opening_hours": null, "dispensing": "no", "healthcare": "pharmacy", "denomination": null, "historic": null, "addr:street": null, "name:sr": null, "addr:postcode": null, "man_made": null, "drive_through": null, "laundry_service": null, "self_service": null, "name:fr": null, "sport": null, "leaf_type": null, "board_type": null, "boundary": null, "information": null, "supervised": null, "surface": null, "access": null, "fee": null, "parking": null, "building": null, "ref": null, "landuse": null, "area": null, "castle_type": null, "historic:civilization": null, "start_date": null, "lifeguard": null, "type": null, "alt_name:af": null, "alt_name:de": null, "alt_name:en": null, "alt_name:es": null, "alt_name:et": null, "alt_name:hu": null, "alt_name:it": null, "alt_name:ka": null, "alt_name:mk": null, "alt_name:nl": null, "alt_name:no": null, "alt_name:pl": null, "alt_name:ru": null, "alt_name:sh": null, "alt_name:sr": null, "alt_name:sv": null, "alt_name:sw": null, "alt_name:vi": null, "loc_name:no": null, "loc_name:ru": null, "name:ar": null, "name:ca": null, "name:cs": null, "name:eo": null, "name:es": null, "name:et": null, "name:fa": null, "name:fi": null, "name:he": null, "name:hu": null, "name:hy": null, "name:it": null, "name:ja": null, "name:ka": null, "name:kk": null, "name:ko": null, "name:la": null, "name:nl": null, "name:nn": null, "name:no": null, "name:pl": null, "name:pt": null, "name:ro": null, "name:sh": null, "name:sk": null, "name:sv": null, "name:sw": null, "name:tr": null, "name:uk": null, "name:ur": null, "name:vi": null, "name:war": null, "name:zh": null, "nat_name:af": null, "nat_name:ru": null, "old_name:fr": null, "old_name:pl": null, "old_name:sk": null, "alt_name:az": null, "alt_name:bg": null, "alt_name:hy": null, "alt_name:id": null, "alt_name:ko": null, "alt_name:pt": null, "alt_name:ro": null, "alt_name:sk": null, "alt_name:tr": null, "flag": null, "name:af": null, "name:az": null, "name:bg": null, "name:ceb": null, "name:da": null, "name:eu": null, "name:id": null, "name:lv": null, "name:rue": null, "name:sl": null, "name:io": null, "label": "amenity:pharmacy" }, "geometry": { "type": "Point", "coordinates": [ 23.4003425, 40.1338406 ] } },
{ "type": "Feature", "properties": { "element": "node", "id": 2834818154, "name": null, "name:el": null, "name:en": null, "natural": null, "wikidata": null, "name:de": null, "tourism": null, "alt_name": null, "wikipedia": null, "amenity": null, "name:mk": null, "seamark:harbour:category": null, "website": null, "leisure": null, "seamark:type": null, "check_date": null, "description": null, "name:ru": null, "religion": "christian", "addr:city": null, "cuisine": null, "payment:mastercard": null, "payment:visa": null, "shop": null, "internet_access": null, "internet_access:fee": null, "outdoor_seating": null, "wheelchair": null, "source": null, "air_conditioning": null, "bar": null, "payment:cash": null, "payment:credit_cards": null, "phone": null, "stars": null, "opening_hours": null, "dispensing": null, "healthcare": null, "denomination": "greek_orthodox", "historic": "wayside_shrine", "addr:street": null, "name:sr": null, "addr:postcode": null, "man_made": null, "drive_through": null, "laundry_service": null, "self_service": null, "name:fr": null, "sport": null, "leaf_type": null, "board_type": null, "boundary": null, "information": null, "supervised": null, "surface": null, "access": null, "fee": null, "parking": null, "building": null, "ref": null, "landuse": null, "area": null, "castle_type": null, "historic:civilization": null, "start_date": null, "lifeguard": null, "type": null, "alt_name:af": null, "alt_name:de": null, "alt_name:en": null, "alt_name:es": null, "alt_name:et": null, "alt_name:hu": null, "alt_name:it": null, "alt_name:ka": null, "alt_name:mk": null, "alt_name:nl": null, "alt_name:no": null, "alt_name:pl": null, "alt_name:ru": null, "alt_name:sh": null, "alt_name:sr": null, "alt_name:sv": null, "alt_name:sw": null, "alt_name:vi": null, "loc_name:no": null, "loc_name:ru": null, "name:ar": null, "name:ca": null, "name:cs": null, "name:eo": null, "name:es": null, "name:et": null, "name:fa": null, "name:fi": null, "name:he": null, "name:hu": null, "name:hy": null, "name:it": null, "name:ja": null, "name:ka": null, "name:kk": null, "name:ko": null, "name:la": null, "name:nl": null, "name:nn": null, "name:no": null, "name:pl": null, "name:pt": null, "name:ro": null, "name:sh": null, "name:sk": null, "name:sv": null, "name:sw": null, "name:tr": null, "name:uk": null, "name:ur": null, "name:vi": null, "name:war": null, "name:zh": null, "nat_name:af": null, "nat_name:ru": null, "old_name:fr": null, "old_name:pl": null, "old_name:sk": null, "alt_name:az": null, "alt_name:bg": null, "alt_name:hy": null, "alt_name:id": null, "alt_name:ko": null, "alt_name:pt": null, "alt_name:ro": null, "alt_name:sk": null, "alt_name:tr": null, "flag": null, "name:af": null, "name:az": null, "name:bg": null, "name:ceb": null, "name:da": null, "name:eu": null, "name:id": null, "name:lv": null, "name:rue": null, "name:sl": null, "name:io": null, "label": "historic:wayside_shrine" }, "geometry": { "type": "Point", "coordinates": [ 23.3968976, 40.1361628 ] } },
{ "type": "Feature", "properties": { "element": "node", "id": 3287906390, "name": null, "name:el": null, "name:en": null, "natural": null, "wikidata": null, "name:de": null, "tourism": null, "alt_name": null, "wikipedia": null, "amenity": "atm", "name:mk": null, "seamark:harbour:category": null, "website": null, "leisure": null, "seamark:type": null, "check_date": null, "description": null, "name:ru": null, "religion": null, "addr:city": null, "cuisine": null, "payment:mastercard": null, "payment:visa": null, "shop": null, "internet_access": null, "internet_access:fee": null, "outdoor_seating": null, "wheelchair": null, "source": null, "air_conditioning": null, "bar": null, "payment:cash": null, "payment:credit_cards": null, "phone": null, "stars": null, "opening_hours": null, "dispensing": null, "healthcare": null, "denomination": null, "historic": null, "addr:street": null, "name:sr": null, "addr:postcode": null, "man_made": null, "drive_through": null, "laundry_service": null, "self_service": null, "name:fr": null, "sport": null, "leaf_type": null, "board_type": null, "boundary": null, "information": null, "supervised": null, "surface": null, "access": null, "fee": null, "parking": null, "building": null, "ref": null, "landuse": null, "area": null, "castle_type": null, "historic:civilization": null, "start_date": null, "lifeguard": null, "type": null, "alt_name:af": null, "alt_name:de": null, "alt_name:en": null, "alt_name:es": null, "alt_name:et": null, "alt_name:hu": null, "alt_name:it": null, "alt_name:ka": null, "alt_name:mk": null, "alt_name:nl": null, "alt_name:no": null, "alt_name:pl": null, "alt_name:ru": null, "alt_name:sh": null, "alt_name:sr": null, "alt_name:sv": null, "alt_name:sw": null, "alt_name:vi": null, "loc_name:no": null, "loc_name:ru": null, "name:ar": null, "name:ca": null, "name:cs": null, "name:eo": null, "name:es": null, "name:et": null, "name:fa": null, "name:fi": null, "name:he": null, "name:hu": null, "name:hy": null, "name:it": null, "name:ja": null, "name:ka": null, "name:kk": null, "name:ko": null, "name:la": null, "name:nl": null, "name:nn": null, "name:no": null, "name:pl": null, "name:pt": null, "name:ro": null, "name:sh": null, "name:sk": null, "name:sv": null, "name:sw": null, "name:tr": null, "name:uk": null, "name:ur": null, "name:vi": null, "name:war": null, "name:zh": null, "nat_name:af": null, "nat_name:ru": null, "old_name:fr": null, "old_name:pl": null, "old_name:sk": null, "alt_name:az": null, "alt_name:bg": null, "alt_name:hy": null, "alt_name:id": null, "alt_name:ko": null, "alt_name:pt": null, "alt_name:ro": null, "alt_name:sk": null, "alt_name:tr": null, "flag": null, "name:af": null, "name:az": null, "name:bg": null, "name:ceb": null, "name:da": null, "name:eu": null, "name:id": null, "name:lv": null, "name:rue": null, "name:sl": null, "name:io": null, "label": "amenity:atm" }, "geometry": { "type": "Point", "coordinates": [ 23.3975387, 40.1329994 ] } },
{ "type": "Feature", "properties": { "element": "node", "id": 3287906391, "name": null, "name:el": null, "name:en": null, "natural": null, "wikidata": null, "name:de": null, "tourism": null, "alt_name": null, "wikipedia": null, "amenity": null, "name:mk": null, "seamark:harbour:category": null, "website": null, "leisure": null, "seamark:type": null, "check_date": null, "description": null, "name:ru": null, "religion": null, "addr:city": null, "cuisine": null, "payment:mastercard": null, "payment:visa": null, "shop": "seafood", "internet_access": null, "internet_access:fee": null, "outdoor_seating": null, "wheelchair": null, "source": null, "air_conditioning": null, "bar": null, "payment:cash": null, "payment:credit_cards": null, "phone": null, "stars": null, "opening_hours": null, "dispensing": null, "healthcare": null, "denomination": null, "historic": null, "addr:street": null, "name:sr": null, "addr:postcode": null, "man_made": null, "drive_through": null, "laundry_service": null, "self_service": null, "name:fr": null, "sport": null, "leaf_type": null, "board_type": null, "boundary": null, "information": null, "supervised": null, "surface": null, "access": null, "fee": null, "parking": null, "building": null, "ref": null, "landuse": null, "area": null, "castle_type": null, "historic:civilization": null, "start_date": null, "lifeguard": null, "type": null, "alt_name:af": null, "alt_name:de": null, "alt_name:en": null, "alt_name:es": null, "alt_name:et": null, "alt_name:hu": null, "alt_name:it": null, "alt_name:ka": null, "alt_name:mk": null, "alt_name:nl": null, "alt_name:no": null, "alt_name:pl": null, "alt_name:ru": null, "alt_name:sh": null, "alt_name:sr": null, "alt_name:sv": null, "alt_name:sw": null, "alt_name:vi": null, "loc_name:no": null, "loc_name:ru": null, "name:ar": null, "name:ca": null, "name:cs": null, "name:eo": null, "name:es": null, "name:et": null, "name:fa": null, "name:fi": null, "name:he": null, "name:hu": null, "name:hy": null, "name:it": null, "name:ja": null, "name:ka": null, "name:kk": null, "name:ko": null, "name:la": null, "name:nl": null, "name:nn": null, "name:no": null, "name:pl": null, "name:pt": null, "name:ro": null, "name:sh": null, "name:sk": null, "name:sv": null, "name:sw": null, "name:tr": null, "name:uk": null, "name:ur": null, "name:vi": null, "name:war": null, "name:zh": null, "nat_name:af": null, "nat_name:ru": null, "old_name:fr": null, "old_name:pl": null, "old_name:sk": null, "alt_name:az": null, "alt_name:bg": null, "alt_name:hy": null, "alt_name:id": null, "alt_name:ko": null, "alt_name:pt": null, "alt_name:ro": null, "alt_name:sk": null, "alt_name:tr": null, "flag": null, "name:af": null, "name:az": null, "name:bg": null, "name:ceb": null, "name:da": null, "name:eu": null, "name:id": null, "name:lv": null, "name:rue": null, "name:sl": null, "name:io": null, "label": "shop:seafood" }, "geometry": { "type": "Point", "coordinates": [ 23.3972226, 40.1336205 ] } },
{ "type": "Feature", "properties": { "element": "node", "id": 4393900892, "name": "Mavos", "name:el": "Mavos", "name:en": null, "natural": null, "wikidata": null, "name:de": null, "tourism": null, "alt_name": null, "wikipedia": null, "amenity": "restaurant", "name:mk": null, "seamark:harbour:category": null, "website": null, "leisure": null, "seamark:type": null, "check_date": null, "description": null, "name:ru": null, "religion": null, "addr:city": null, "cuisine": "greek;fish", "payment:mastercard": null, "payment:visa": null, "shop": null, "internet_access": null, "internet_access:fee": null, "outdoor_seating": null, "wheelchair": null, "source": null, "air_conditioning": null, "bar": null, "payment:cash": null, "payment:credit_cards": null, "phone": null, "stars": null, "opening_hours": null, "dispensing": null, "healthcare": null, "denomination": null, "historic": null, "addr:street": "Pallene,, Pallini 630 77", "name:sr": null, "addr:postcode": null, "man_made": null, "drive_through": null, "laundry_service": null, "self_service": null, "name:fr": null, "sport": null, "leaf_type": null, "board_type": null, "boundary": null, "information": null, "supervised": null, "surface": null, "access": null, "fee": null, "parking": null, "building": null, "ref": null, "landuse": null, "area": null, "castle_type": null, "historic:civilization": null, "start_date": null, "lifeguard": null, "type": null, "alt_name:af": null, "alt_name:de": null, "alt_name:en": null, "alt_name:es": null, "alt_name:et": null, "alt_name:hu": null, "alt_name:it": null, "alt_name:ka": null, "alt_name:mk": null, "alt_name:nl": null, "alt_name:no": null, "alt_name:pl": null, "alt_name:ru": null, "alt_name:sh": null, "alt_name:sr": null, "alt_name:sv": null, "alt_name:sw": null, "alt_name:vi": null, "loc_name:no": null, "loc_name:ru": null, "name:ar": null, "name:ca": null, "name:cs": null, "name:eo": null, "name:es": null, "name:et": null, "name:fa": null, "name:fi": null, "name:he": null, "name:hu": null, "name:hy": null, "name:it": null, "name:ja": null, "name:ka": null, "name:kk": null, "name:ko": null, "name:la": null, "name:nl": null, "name:nn": null, "name:no": null, "name:pl": null, "name:pt": null, "name:ro": null, "name:sh": null, "name:sk": null, "name:sv": null, "name:sw": null, "name:tr": null, "name:uk": null, "name:ur": null, "name:vi": null, "name:war": null, "name:zh": null, "nat_name:af": null, "nat_name:ru": null, "old_name:fr": null, "old_name:pl": null, "old_name:sk": null, "alt_name:az": null, "alt_name:bg": null, "alt_name:hy": null, "alt_name:id": null, "alt_name:ko": null, "alt_name:pt": null, "alt_name:ro": null, "alt_name:sk": null, "alt_name:tr": null, "flag": null, "name:af": null, "name:az": null, "name:bg": null, "name:ceb": null, "name:da": null, "name:eu": null, "name:id": null, "name:lv": null, "name:rue": null, "name:sl": null, "name:io": null, "label": "amenity:restaurant" }, "geometry": { "type": "Point", "coordinates": [ 23.4008823, 40.1339504 ] } },
{ "type": "Feature", "properties": { "element": "node", "id": 4416274084, "name": null, "name:el": null, "name:en": null, "natural": null, "wikidata": null, "name:de": null, "tourism": null, "alt_name": null, "wikipedia": null, "amenity": null, "name:mk": null, "seamark:harbour:category": null, "website": null, "leisure": null, "seamark:type": null, "check_date": null, "description": null, "name:ru": null, "religion": null, "addr:city": null, "cuisine": null, "payment:mastercard": null, "payment:visa": null, "shop": "greengrocer", "internet_access": null, "internet_access:fee": null, "outdoor_seating": null, "wheelchair": null, "source": null, "air_conditioning": null, "bar": null, "payment:cash": null, "payment:credit_cards": null, "phone": null, "stars": null, "opening_hours": null, "dispensing": null, "healthcare": null, "denomination": null, "historic": null, "addr:street": null, "name:sr": null, "addr:postcode": null, "man_made": null, "drive_through": null, "laundry_service": null, "self_service": null, "name:fr": null, "sport": null, "leaf_type": null, "board_type": null, "boundary": null, "information": null, "supervised": null, "surface": null, "access": null, "fee": null, "parking": null, "building": null, "ref": null, "landuse": null, "area": null, "castle_type": null, "historic:civilization": null, "start_date": null, "lifeguard": null, "type": null, "alt_name:af": null, "alt_name:de": null, "alt_name:en": null, "alt_name:es": null, "alt_name:et": null, "alt_name:hu": null, "alt_name:it": null, "alt_name:ka": null, "alt_name:mk": null, "alt_name:nl": null, "alt_name:no": null, "alt_name:pl": null, "alt_name:ru": null, "alt_name:sh": null, "alt_name:sr": null, "alt_name:sv": null, "alt_name:sw": null, "alt_name:vi": null, "loc_name:no": null, "loc_name:ru": null, "name:ar": null, "name:ca": null, "name:cs": null, "name:eo": null, "name:es": null, "name:et": null, "name:fa": null, "name:fi": null, "name:he": null, "name:hu": null, "name:hy": null, "name:it": null, "name:ja": null, "name:ka": null, "name:kk": null, "name:ko": null, "name:la": null, "name:nl": null, "name:nn": null, "name:no": null, "name:pl": null, "name:pt": null, "name:ro": null, "name:sh": null, "name:sk": null, "name:sv": null, "name:sw": null, "name:tr": null, "name:uk": null, "name:ur": null, "name:vi": null, "name:war": null, "name:zh": null, "nat_name:af": null, "nat_name:ru": null, "old_name:fr": null, "old_name:pl": null, "old_name:sk": null, "alt_name:az": null, "alt_name:bg": null, "alt_name:hy": null, "alt_name:id": null, "alt_name:ko": null, "alt_name:pt": null, "alt_name:ro": null, "alt_name:sk": null, "alt_name:tr": null, "flag": null, "name:af": null, "name:az": null, "name:bg": null, "name:ceb": null, "name:da": null, "name:eu": null, "name:id": null, "name:lv": null, "name:rue": null, "name:sl": null, "name:io": null, "label": "shop:greengrocer" }, "geometry": { "type": "Point", "coordinates": [ 23.4080012, 40.1231285 ] } },
{ "type": "Feature", "properties": { "element": "node", "id": 5059034521, "name": null, "name:el": null, "name:en": "Massahia", "natural": null, "wikidata": null, "name:de": null, "tourism": null, "alt_name": null, "wikipedia": null, "amenity": "restaurant", "name:mk": null, "seamark:harbour:category": null, "website": null, "leisure": null, "seamark:type": null, "check_date": null, "description": null, "name:ru": null, "religion": null, "addr:city": null, "cuisine": null, "payment:mastercard": null, "payment:visa": null, "shop": null, "internet_access": null, "internet_access:fee": null, "outdoor_seating": null, "wheelchair": null, "source": null, "air_conditioning": null, "bar": null, "payment:cash": null, "payment:credit_cards": null, "phone": null, "stars": null, "opening_hours": null, "dispensing": null, "healthcare": null, "denomination": null, "historic": null, "addr:street": null, "name:sr": null, "addr:postcode": null, "man_made": null, "drive_through": null, "laundry_service": null, "self_service": null, "name:fr": null, "sport": null, "leaf_type": null, "board_type": null, "boundary": null, "information": null, "supervised": null, "surface": null, "access": null, "fee": null, "parking": null, "building": null, "ref": null, "landuse": null, "area": null, "castle_type": null, "historic:civilization": null, "start_date": null, "lifeguard": null, "type": null, "alt_name:af": null, "alt_name:de": null, "alt_name:en": null, "alt_name:es": null, "alt_name:et": null, "alt_name:hu": null, "alt_name:it": null, "alt_name:ka": null, "alt_name:mk": null, "alt_name:nl": null, "alt_name:no": null, "alt_name:pl": null, "alt_name:ru": null, "alt_name:sh": null, "alt_name:sr": null, "alt_name:sv": null, "alt_name:sw": null, "alt_name:vi": null, "loc_name:no": null, "loc_name:ru": null, "name:ar": null, "name:ca": null, "name:cs": null, "name:eo": null, "name:es": null, "name:et": null, "name:fa": null, "name:fi": null, "name:he": null, "name:hu": null, "name:hy": null, "name:it": null, "name:ja": null, "name:ka": null, "name:kk": null, "name:ko": null, "name:la": null, "name:nl": null, "name:nn": null, "name:no": null, "name:pl": null, "name:pt": null, "name:ro": null, "name:sh": null, "name:sk": null, "name:sv": null, "name:sw": null, "name:tr": null, "name:uk": null, "name:ur": null, "name:vi": null, "name:war": null, "name:zh": null, "nat_name:af": null, "nat_name:ru": null, "old_name:fr": null, "old_name:pl": null, "old_name:sk": null, "alt_name:az": null, "alt_name:bg": null, "alt_name:hy": null, "alt_name:id": null, "alt_name:ko": null, "alt_name:pt": null, "alt_name:ro": null, "alt_name:sk": null, "alt_name:tr": null, "flag": null, "name:af": null, "name:az": null, "name:bg": null, "name:ceb": null, "name:da": null, "name:eu": null, "name:id": null, "name:lv": null, "name:rue": null, "name:sl": null, "name:io": null, "label": "amenity:restaurant" }, "geometry": { "type": "Point", "coordinates": [ 23.3955744, 40.1333456 ] } },
{ "type": "Feature", "properties": { "element": "node", "id": 5633596421, "name": null, "name:el": null, "name:en": "Nea Fokea", "natural": null, "wikidata": null, "name:de": null, "tourism": "attraction", "alt_name": null, "wikipedia": null, "amenity": null, "name:mk": null, "seamark:harbour:category": null, "website": "http://elramd.com/nea-fokea-xalkidiki/", "leisure": null, "seamark:type": null, "check_date": null, "description": null, "name:ru": "Неа Фокеа", "religion": null, "addr:city": null, "cuisine": null, "payment:mastercard": null, "payment:visa": null, "shop": null, "internet_access": null, "internet_access:fee": null, "outdoor_seating": null, "wheelchair": null, "source": null, "air_conditioning": null, "bar": null, "payment:cash": null, "payment:credit_cards": null, "phone": null, "stars": null, "opening_hours": null, "dispensing": null, "healthcare": null, "denomination": null, "historic": null, "addr:street": null, "name:sr": null, "addr:postcode": null, "man_made": null, "drive_through": null, "laundry_service": null, "self_service": null, "name:fr": null, "sport": null, "leaf_type": null, "board_type": null, "boundary": null, "information": null, "supervised": null, "surface": null, "access": null, "fee": null, "parking": null, "building": null, "ref": null, "landuse": null, "area": null, "castle_type": null, "historic:civilization": null, "start_date": null, "lifeguard": null, "type": null, "alt_name:af": null, "alt_name:de": null, "alt_name:en": null, "alt_name:es": null, "alt_name:et": null, "alt_name:hu": null, "alt_name:it": null, "alt_name:ka": null, "alt_name:mk": null, "alt_name:nl": null, "alt_name:no": null, "alt_name:pl": null, "alt_name:ru": null, "alt_name:sh": null, "alt_name:sr": null, "alt_name:sv": null, "alt_name:sw": null, "alt_name:vi": null, "loc_name:no": null, "loc_name:ru": null, "name:ar": null, "name:ca": null, "name:cs": null, "name:eo": null, "name:es": null, "name:et": null, "name:fa": null, "name:fi": null, "name:he": null, "name:hu": null, "name:hy": null, "name:it": null, "name:ja": null, "name:ka": null, "name:kk": null, "name:ko": null, "name:la": null, "name:nl": null, "name:nn": null, "name:no": null, "name:pl": null, "name:pt": null, "name:ro": null, "name:sh": null, "name:sk": null, "name:sv": null, "name:sw": null, "name:tr": null, "name:uk": null, "name:ur": null, "name:vi": null, "name:war": null, "name:zh": null, "nat_name:af": null, "nat_name:ru": null, "old_name:fr": null, "old_name:pl": null, "old_name:sk": null, "alt_name:az": null, "alt_name:bg": null, "alt_name:hy": null, "alt_name:id": null, "alt_name:ko": null, "alt_name:pt": null, "alt_name:ro": null, "alt_name:sk": null, "alt_name:tr": null, "flag": null, "name:af": null, "name:az": null, "name:bg": null, "name:ceb": null, "name:da": null, "name:eu": null, "name:id": null, "name:lv": null, "name:rue": null, "name:sl": null, "name:io": null, "label": "tourism:attraction" }, "geometry": { "type": "Point", "coordinates": [ 23.397784, 40.1350824 ] } },
{ "type": "Feature", "properties": { "element": "node", "id": 9935390525, "name": null, "name:el": null, "name:en": null, "natural": null, "wikidata": null, "name:de": null, "tourism": null, "alt_name": null, "wikipedia": null, "amenity": "drinking_water", "name:mk": null, "seamark:harbour:category": null, "website": null, "leisure": null, "seamark:type": null, "check_date": null, "description": null, "name:ru": null, "religion": null, "addr:city": null, "cuisine": null, "payment:mastercard": null, "payment:visa": null, "shop": null, "internet_access": null, "internet_access:fee": null, "outdoor_seating": null, "wheelchair": null, "source": null, "air_conditioning": null, "bar": null, "payment:cash": null, "payment:credit_cards": null, "phone": null, "stars": null, "opening_hours": null, "dispensing": null, "healthcare": null, "denomination": null, "historic": null, "addr:street": null, "name:sr": null, "addr:postcode": null, "man_made": "water_tap", "drive_through": null, "laundry_service": null, "self_service": null, "name:fr": null, "sport": null, "leaf_type": null, "board_type": null, "boundary": null, "information": null, "supervised": null, "surface": null, "access": null, "fee": null, "parking": null, "building": null, "ref": null, "landuse": null, "area": null, "castle_type": null, "historic:civilization": null, "start_date": null, "lifeguard": null, "type": null, "alt_name:af": null, "alt_name:de": null, "alt_name:en": null, "alt_name:es": null, "alt_name:et": null, "alt_name:hu": null, "alt_name:it": null, "alt_name:ka": null, "alt_name:mk": null, "alt_name:nl": null, "alt_name:no": null, "alt_name:pl": null, "alt_name:ru": null, "alt_name:sh": null, "alt_name:sr": null, "alt_name:sv": null, "alt_name:sw": null, "alt_name:vi": null, "loc_name:no": null, "loc_name:ru": null, "name:ar": null, "name:ca": null, "name:cs": null, "name:eo": null, "name:es": null, "name:et": null, "name:fa": null, "name:fi": null, "name:he": null, "name:hu": null, "name:hy": null, "name:it": null, "name:ja": null, "name:ka": null, "name:kk": null, "name:ko": null, "name:la": null, "name:nl": null, "name:nn": null, "name:no": null, "name:pl": null, "name:pt": null, "name:ro": null, "name:sh": null, "name:sk": null, "name:sv": null, "name:sw": null, "name:tr": null, "name:uk": null, "name:ur": null, "name:vi": null, "name:war": null, "name:zh": null, "nat_name:af": null, "nat_name:ru": null, "old_name:fr": null, "old_name:pl": null, "old_name:sk": null, "alt_name:az": null, "alt_name:bg": null, "alt_name:hy": null, "alt_name:id": null, "alt_name:ko": null, "alt_name:pt": null, "alt_name:ro": null, "alt_name:sk": null, "alt_name:tr": null, "flag": null, "name:af": null, "name:az": null, "name:bg": null, "name:ceb": null, "name:da": null, "name:eu": null, "name:id": null, "name:lv": null, "name:rue": null, "name:sl": null, "name:io": null, "label": "amenity:drinking_water" }, "geometry": { "type": "Point", "coordinates": [ 23.4006087, 40.1331956 ] } },
{ "type": "Feature", "properties": { "element": "node", "id": 9958694296, "name": null, "name:el": null, "name:en": null, "natural": null, "wikidata": null, "name:de": null, "tourism": null, "alt_name": null, "wikipedia": null, "amenity": null, "name:mk": null, "seamark:harbour:category": null, "website": null, "leisure": null, "seamark:type": null, "check_date": null, "description": null, "name:ru": null, "religion": null, "addr:city": null, "cuisine": null, "payment:mastercard": null, "payment:visa": null, "shop": "pastry", "internet_access": null, "internet_access:fee": null, "outdoor_seating": null, "wheelchair": null, "source": null, "air_conditioning": null, "bar": null, "payment:cash": "yes", "payment:credit_cards": "yes", "phone": null, "stars": null, "opening_hours": null, "dispensing": null, "healthcare": null, "denomination": null, "historic": null, "addr:street": null, "name:sr": null, "addr:postcode": null, "man_made": null, "drive_through": null, "laundry_service": null, "self_service": null, "name:fr": null, "sport": null, "leaf_type": null, "board_type": null, "boundary": null, "information": null, "supervised": null, "surface": null, "access": null, "fee": null, "parking": null, "building": null, "ref": null, "landuse": null, "area": null, "castle_type": null, "historic:civilization": null, "start_date": null, "lifeguard": null, "type": null, "alt_name:af": null, "alt_name:de": null, "alt_name:en": null, "alt_name:es": null, "alt_name:et": null, "alt_name:hu": null, "alt_name:it": null, "alt_name:ka": null, "alt_name:mk": null, "alt_name:nl": null, "alt_name:no": null, "alt_name:pl": null, "alt_name:ru": null, "alt_name:sh": null, "alt_name:sr": null, "alt_name:sv": null, "alt_name:sw": null, "alt_name:vi": null, "loc_name:no": null, "loc_name:ru": null, "name:ar": null, "name:ca": null, "name:cs": null, "name:eo": null, "name:es": null, "name:et": null, "name:fa": null, "name:fi": null, "name:he": null, "name:hu": null, "name:hy": null, "name:it": null, "name:ja": null, "name:ka": null, "name:kk": null, "name:ko": null, "name:la": null, "name:nl": null, "name:nn": null, "name:no": null, "name:pl": null, "name:pt": null, "name:ro": null, "name:sh": null, "name:sk": null, "name:sv": null, "name:sw": null, "name:tr": null, "name:uk": null, "name:ur": null, "name:vi": null, "name:war": null, "name:zh": null, "nat_name:af": null, "nat_name:ru": null, "old_name:fr": null, "old_name:pl": null, "old_name:sk": null, "alt_name:az": null, "alt_name:bg": null, "alt_name:hy": null, "alt_name:id": null, "alt_name:ko": null, "alt_name:pt": null, "alt_name:ro": null, "alt_name:sk": null, "alt_name:tr": null, "flag": null, "name:af": null, "name:az": null, "name:bg": null, "name:ceb": null, "name:da": null, "name:eu": null, "name:id": null, "name:lv": null, "name:rue": null, "name:sl": null, "name:io": null, "label": "shop:pastry" }, "geometry": { "type": "Point", "coordinates": [ 23.3969915, 40.1335352 ] } },
{ "type": "Feature", "properties": { "element": "node", "id": 9958750580, "name": null, "name:el": null, "name:en": null, "natural": null, "wikidata": null, "name:de": null, "tourism": null, "alt_name": null, "wikipedia": null, "amenity": null, "name:mk": null, "seamark:harbour:category": null, "website": null, "leisure": "playground", "seamark:type": null, "check_date": null, "description": null, "name:ru": null, "religion": null, "addr:city": null, "cuisine": null, "payment:mastercard": null, "payment:visa": null, "shop": null, "internet_access": null, "internet_access:fee": null, "outdoor_seating": null, "wheelchair": null, "source": null, "air_conditioning": null, "bar": null, "payment:cash": null, "payment:credit_cards": null, "phone": null, "stars": null, "opening_hours": null, "dispensing": null, "healthcare": null, "denomination": null, "historic": null, "addr:street": null, "name:sr": null, "addr:postcode": null, "man_made": null, "drive_through": null, "laundry_service": null, "self_service": null, "name:fr": null, "sport": null, "leaf_type": null, "board_type": null, "boundary": null, "information": null, "supervised": null, "surface": null, "access": null, "fee": null, "parking": null, "building": null, "ref": null, "landuse": null, "area": null, "castle_type": null, "historic:civilization": null, "start_date": null, "lifeguard": null, "type": null, "alt_name:af": null, "alt_name:de": null, "alt_name:en": null, "alt_name:es": null, "alt_name:et": null, "alt_name:hu": null, "alt_name:it": null, "alt_name:ka": null, "alt_name:mk": null, "alt_name:nl": null, "alt_name:no": null, "alt_name:pl": null, "alt_name:ru": null, "alt_name:sh": null, "alt_name:sr": null, "alt_name:sv": null, "alt_name:sw": null, "alt_name:vi": null, "loc_name:no": null, "loc_name:ru": null, "name:ar": null, "name:ca": null, "name:cs": null, "name:eo": null, "name:es": null, "name:et": null, "name:fa": null, "name:fi": null, "name:he": null, "name:hu": null, "name:hy": null, "name:it": null, "name:ja": null, "name:ka": null, "name:kk": null, "name:ko": null, "name:la": null, "name:nl": null, "name:nn": null, "name:no": null, "name:pl": null, "name:pt": null, "name:ro": null, "name:sh": null, "name:sk": null, "name:sv": null, "name:sw": null, "name:tr": null, "name:uk": null, "name:ur": null, "name:vi": null, "name:war": null, "name:zh": null, "nat_name:af": null, "nat_name:ru": null, "old_name:fr": null, "old_name:pl": null, "old_name:sk": null, "alt_name:az": null, "alt_name:bg": null, "alt_name:hy": null, "alt_name:id": null, "alt_name:ko": null, "alt_name:pt": null, "alt_name:ro": null, "alt_name:sk": null, "alt_name:tr": null, "flag": null, "name:af": null, "name:az": null, "name:bg": null, "name:ceb": null, "name:da": null, "name:eu": null, "name:id": null, "name:lv": null, "name:rue": null, "name:sl": null, "name:io": null, "label": "leisure:playground" }, "geometry": { "type": "Point", "coordinates": [ 23.3977667, 40.1331927 ] } },
{ "type": "Feature", "properties": { "element": "node", "id": 9958752656, "name": null, "name:el": null, "name:en": null, "natural": null, "wikidata": null, "name:de": null, "tourism": null, "alt_name": null, "wikipedia": null, "amenity": null, "name:mk": null, "seamark:harbour:category": null, "website": null, "leisure": null, "seamark:type": null, "check_date": null, "description": null, "name:ru": null, "religion": null, "addr:city": null, "cuisine": null, "payment:mastercard": null, "payment:visa": null, "shop": "supermarket", "internet_access": null, "internet_access:fee": null, "outdoor_seating": null, "wheelchair": null, "source": null, "air_conditioning": null, "bar": null, "payment:cash": "yes", "payment:credit_cards": "yes", "phone": null, "stars": null, "opening_hours": null, "dispensing": null, "healthcare": null, "denomination": null, "historic": null, "addr:street": null, "name:sr": null, "addr:postcode": null, "man_made": null, "drive_through": null, "laundry_service": null, "self_service": null, "name:fr": null, "sport": null, "leaf_type": null, "board_type": null, "boundary": null, "information": null, "supervised": null, "surface": null, "access": null, "fee": null, "parking": null, "building": null, "ref": null, "landuse": null, "area": null, "castle_type": null, "historic:civilization": null, "start_date": null, "lifeguard": null, "type": null, "alt_name:af": null, "alt_name:de": null, "alt_name:en": null, "alt_name:es": null, "alt_name:et": null, "alt_name:hu": null, "alt_name:it": null, "alt_name:ka": null, "alt_name:mk": null, "alt_name:nl": null, "alt_name:no": null, "alt_name:pl": null, "alt_name:ru": null, "alt_name:sh": null, "alt_name:sr": null, "alt_name:sv": null, "alt_name:sw": null, "alt_name:vi": null, "loc_name:no": null, "loc_name:ru": null, "name:ar": null, "name:ca": null, "name:cs": null, "name:eo": null, "name:es": null, "name:et": null, "name:fa": null, "name:fi": null, "name:he": null, "name:hu": null, "name:hy": null, "name:it": null, "name:ja": null, "name:ka": null, "name:kk": null, "name:ko": null, "name:la": null, "name:nl": null, "name:nn": null, "name:no": null, "name:pl": null, "name:pt": null, "name:ro": null, "name:sh": null, "name:sk": null, "name:sv": null, "name:sw": null, "name:tr": null, "name:uk": null, "name:ur": null, "name:vi": null, "name:war": null, "name:zh": null, "nat_name:af": null, "nat_name:ru": null, "old_name:fr": null, "old_name:pl": null, "old_name:sk": null, "alt_name:az": null, "alt_name:bg": null, "alt_name:hy": null, "alt_name:id": null, "alt_name:ko": null, "alt_name:pt": null, "alt_name:ro": null, "alt_name:sk": null, "alt_name:tr": null, "flag": null, "name:af": null, "name:az": null, "name:bg": null, "name:ceb": null, "name:da": null, "name:eu": null, "name:id": null, "name:lv": null, "name:rue": null, "name:sl": null, "name:io": null, "label": "shop:supermarket" }, "geometry": { "type": "Point", "coordinates": [ 23.3966831, 40.1352659 ] } },
{ "type": "Feature", "properties": { "element": "node", "id": 9958769140, "name": "Kiwi Kastle", "name:el": null, "name:en": null, "natural": null, "wikidata": null, "name:de": null, "tourism": "hotel", "alt_name": null, "wikipedia": null, "amenity": null, "name:mk": null, "seamark:harbour:category": null, "website": null, "leisure": null, "seamark:type": null, "check_date": null, "description": null, "name:ru": null, "religion": null, "addr:city": null, "cuisine": null, "payment:mastercard": null, "payment:visa": null, "shop": null, "internet_access": null, "internet_access:fee": null, "outdoor_seating": null, "wheelchair": null, "source": null, "air_conditioning": null, "bar": null, "payment:cash": null, "payment:credit_cards": null, "phone": null, "stars": null, "opening_hours": null, "dispensing": null, "healthcare": null, "denomination": null, "historic": null, "addr:street": null, "name:sr": null, "addr:postcode": null, "man_made": null, "drive_through": null, "laundry_service": null, "self_service": null, "name:fr": null, "sport": null, "leaf_type": null, "board_type": null, "boundary": null, "information": null, "supervised": null, "surface": null, "access": null, "fee": null, "parking": null, "building": null, "ref": null, "landuse": null, "area": null, "castle_type": null, "historic:civilization": null, "start_date": null, "lifeguard": null, "type": null, "alt_name:af": null, "alt_name:de": null, "alt_name:en": null, "alt_name:es": null, "alt_name:et": null, "alt_name:hu": null, "alt_name:it": null, "alt_name:ka": null, "alt_name:mk": null, "alt_name:nl": null, "alt_name:no": null, "alt_name:pl": null, "alt_name:ru": null, "alt_name:sh": null, "alt_name:sr": null, "alt_name:sv": null, "alt_name:sw": null, "alt_name:vi": null, "loc_name:no": null, "loc_name:ru": null, "name:ar": null, "name:ca": null, "name:cs": null, "name:eo": null, "name:es": null, "name:et": null, "name:fa": null, "name:fi": null, "name:he": null, "name:hu": null, "name:hy": null, "name:it": null, "name:ja": null, "name:ka": null, "name:kk": null, "name:ko": null, "name:la": null, "name:nl": null, "name:nn": null, "name:no": null, "name:pl": null, "name:pt": null, "name:ro": null, "name:sh": null, "name:sk": null, "name:sv": null, "name:sw": null, "name:tr": null, "name:uk": null, "name:ur": null, "name:vi": null, "name:war": null, "name:zh": null, "nat_name:af": null, "nat_name:ru": null, "old_name:fr": null, "old_name:pl": null, "old_name:sk": null, "alt_name:az": null, "alt_name:bg": null, "alt_name:hy": null, "alt_name:id": null, "alt_name:ko": null, "alt_name:pt": null, "alt_name:ro": null, "alt_name:sk": null, "alt_name:tr": null, "flag": null, "name:af": null, "name:az": null, "name:bg": null, "name:ceb": null, "name:da": null, "name:eu": null, "name:id": null, "name:lv": null, "name:rue": null, "name:sl": null, "name:io": null, "label": "tourism:hotel" }, "geometry": { "type": "Point", "coordinates": [ 23.3981744, 40.135551 ] } },
{ "type": "Feature", "properties": { "element": "node", "id": 9964112142, "name": null, "name:el": null, "name:en": null, "natural": null, "wikidata": null, "name:de": null, "tourism": null, "alt_name": null, "wikipedia": null, "amenity": "pharmacy", "name:mk": null, "seamark:harbour:category": null, "website": null, "leisure": null, "seamark:type": null, "check_date": null, "description": null, "name:ru": null, "religion": null, "addr:city": null, "cuisine": null, "payment:mastercard": null, "payment:visa": null, "shop": null, "internet_access": null, "internet_access:fee": null, "outdoor_seating": null, "wheelchair": null, "source": null, "air_conditioning": null, "bar": null, "payment:cash": null, "payment:credit_cards": null, "phone": null, "stars": null, "opening_hours": null, "dispensing": "yes", "healthcare": "pharmacy", "denomination": null, "historic": null, "addr:street": null, "name:sr": null, "addr:postcode": null, "man_made": null, "drive_through": "no", "laundry_service": null, "self_service": null, "name:fr": null, "sport": null, "leaf_type": null, "board_type": null, "boundary": null, "information": null, "supervised": null, "surface": null, "access": null, "fee": null, "parking": null, "building": null, "ref": null, "landuse": null, "area": null, "castle_type": null, "historic:civilization": null, "start_date": null, "lifeguard": null, "type": null, "alt_name:af": null, "alt_name:de": null, "alt_name:en": null, "alt_name:es": null, "alt_name:et": null, "alt_name:hu": null, "alt_name:it": null, "alt_name:ka": null, "alt_name:mk": null, "alt_name:nl": null, "alt_name:no": null, "alt_name:pl": null, "alt_name:ru": null, "alt_name:sh": null, "alt_name:sr": null, "alt_name:sv": null, "alt_name:sw": null, "alt_name:vi": null, "loc_name:no": null, "loc_name:ru": null, "name:ar": null, "name:ca": null, "name:cs": null, "name:eo": null, "name:es": null, "name:et": null, "name:fa": null, "name:fi": null, "name:he": null, "name:hu": null, "name:hy": null, "name:it": null, "name:ja": null, "name:ka": null, "name:kk": null, "name:ko": null, "name:la": null, "name:nl": null, "name:nn": null, "name:no": null, "name:pl": null, "name:pt": null, "name:ro": null, "name:sh": null, "name:sk": null, "name:sv": null, "name:sw": null, "name:tr": null, "name:uk": null, "name:ur": null, "name:vi": null, "name:war": null, "name:zh": null, "nat_name:af": null, "nat_name:ru": null, "old_name:fr": null, "old_name:pl": null, "old_name:sk": null, "alt_name:az": null, "alt_name:bg": null, "alt_name:hy": null, "alt_name:id": null, "alt_name:ko": null, "alt_name:pt": null, "alt_name:ro": null, "alt_name:sk": null, "alt_name:tr": null, "flag": null, "name:af": null, "name:az": null, "name:bg": null, "name:ceb": null, "name:da": null, "name:eu": null, "name:id": null, "name:lv": null, "name:rue": null, "name:sl": null, "name:io": null, "label": "amenity:pharmacy" }, "geometry": { "type": "Point", "coordinates": [ 23.397504, 40.1338607 ] } },
{ "type": "Feature", "properties": { "element": "node", "id": 9964119988, "name": null, "name:el": null, "name:en": null, "natural": null, "wikidata": null, "name:de": null, "tourism": null, "alt_name": null, "wikipedia": null, "amenity": null, "name:mk": null, "seamark:harbour:category": null, "website": null, "leisure": null, "seamark:type": null, "check_date": null, "description": null, "name:ru": null, "religion": null, "addr:city": null, "cuisine": null, "payment:mastercard": null, "payment:visa": null, "shop": "supermarket", "internet_access": null, "internet_access:fee": null, "outdoor_seating": null, "wheelchair": null, "source": null, "air_conditioning": null, "bar": null, "payment:cash": null, "payment:credit_cards": null, "phone": null, "stars": null, "opening_hours": null, "dispensing": null, "healthcare": null, "denomination": null, "historic": null, "addr:street": null, "name:sr": null, "addr:postcode": null, "man_made": null, "drive_through": null, "laundry_service": null, "self_service": null, "name:fr": null, "sport": null, "leaf_type": null, "board_type": null, "boundary": null, "information": null, "supervised": null, "surface": null, "access": null, "fee": null, "parking": null, "building": null, "ref": null, "landuse": null, "area": null, "castle_type": null, "historic:civilization": null, "start_date": null, "lifeguard": null, "type": null, "alt_name:af": null, "alt_name:de": null, "alt_name:en": null, "alt_name:es": null, "alt_name:et": null, "alt_name:hu": null, "alt_name:it": null, "alt_name:ka": null, "alt_name:mk": null, "alt_name:nl": null, "alt_name:no": null, "alt_name:pl": null, "alt_name:ru": null, "alt_name:sh": null, "alt_name:sr": null, "alt_name:sv": null, "alt_name:sw": null, "alt_name:vi": null, "loc_name:no": null, "loc_name:ru": null, "name:ar": null, "name:ca": null, "name:cs": null, "name:eo": null, "name:es": null, "name:et": null, "name:fa": null, "name:fi": null, "name:he": null, "name:hu": null, "name:hy": null, "name:it": null, "name:ja": null, "name:ka": null, "name:kk": null, "name:ko": null, "name:la": null, "name:nl": null, "name:nn": null, "name:no": null, "name:pl": null, "name:pt": null, "name:ro": null, "name:sh": null, "name:sk": null, "name:sv": null, "name:sw": null, "name:tr": null, "name:uk": null, "name:ur": null, "name:vi": null, "name:war": null, "name:zh": null, "nat_name:af": null, "nat_name:ru": null, "old_name:fr": null, "old_name:pl": null, "old_name:sk": null, "alt_name:az": null, "alt_name:bg": null, "alt_name:hy": null, "alt_name:id": null, "alt_name:ko": null, "alt_name:pt": null, "alt_name:ro": null, "alt_name:sk": null, "alt_name:tr": null, "flag": null, "name:af": null, "name:az": null, "name:bg": null, "name:ceb": null, "name:da": null, "name:eu": null, "name:id": null, "name:lv": null, "name:rue": null, "name:sl": null, "name:io": null, "label": "shop:supermarket" }, "geometry": { "type": "Point", "coordinates": [ 23.3961221, 40.133451 ] } },
{ "type": "Feature", "properties": { "element": "node", "id": 9964752000, "name": "Savva's Corner Creperie", "name:el": null, "name:en": null, "natural": null, "wikidata": null, "name:de": null, "tourism": null, "alt_name": null, "wikipedia": null, "amenity": "restaurant", "name:mk": null, "seamark:harbour:category": null, "website": null, "leisure": null, "seamark:type": null, "check_date": null, "description": null, "name:ru": null, "religion": null, "addr:city": null, "cuisine": null, "payment:mastercard": null, "payment:visa": null, "shop": null, "internet_access": null, "internet_access:fee": null, "outdoor_seating": null, "wheelchair": null, "source": null, "air_conditioning": null, "bar": null, "payment:cash": null, "payment:credit_cards": null, "phone": null, "stars": null, "opening_hours": null, "dispensing": null, "healthcare": null, "denomination": null, "historic": null, "addr:street": null, "name:sr": null, "addr:postcode": null, "man_made": null, "drive_through": null, "laundry_service": null, "self_service": null, "name:fr": null, "sport": null, "leaf_type": null, "board_type": null, "boundary": null, "information": null, "supervised": null, "surface": null, "access": null, "fee": null, "parking": null, "building": null, "ref": null, "landuse": null, "area": null, "castle_type": null, "historic:civilization": null, "start_date": null, "lifeguard": null, "type": null, "alt_name:af": null, "alt_name:de": null, "alt_name:en": null, "alt_name:es": null, "alt_name:et": null, "alt_name:hu": null, "alt_name:it": null, "alt_name:ka": null, "alt_name:mk": null, "alt_name:nl": null, "alt_name:no": null, "alt_name:pl": null, "alt_name:ru": null, "alt_name:sh": null, "alt_name:sr": null, "alt_name:sv": null, "alt_name:sw": null, "alt_name:vi": null, "loc_name:no": null, "loc_name:ru": null, "name:ar": null, "name:ca": null, "name:cs": null, "name:eo": null, "name:es": null, "name:et": null, "name:fa": null, "name:fi": null, "name:he": null, "name:hu": null, "name:hy": null, "name:it": null, "name:ja": null, "name:ka": null, "name:kk": null, "name:ko": null, "name:la": null, "name:nl": null, "name:nn": null, "name:no": null, "name:pl": null, "name:pt": null, "name:ro": null, "name:sh": null, "name:sk": null, "name:sv": null, "name:sw": null, "name:tr": null, "name:uk": null, "name:ur": null, "name:vi": null, "name:war": null, "name:zh": null, "nat_name:af": null, "nat_name:ru": null, "old_name:fr": null, "old_name:pl": null, "old_name:sk": null, "alt_name:az": null, "alt_name:bg": null, "alt_name:hy": null, "alt_name:id": null, "alt_name:ko": null, "alt_name:pt": null, "alt_name:ro": null, "alt_name:sk": null, "alt_name:tr": null, "flag": null, "name:af": null, "name:az": null, "name:bg": null, "name:ceb": null, "name:da": null, "name:eu": null, "name:id": null, "name:lv": null, "name:rue": null, "name:sl": null, "name:io": null, "label": "amenity:restaurant" }, "geometry": { "type": "Point", "coordinates": [ 23.4000721, 40.1339847 ] } },
{ "type": "Feature", "properties": { "element": "node", "id": 10098440322, "name": "VillaGiannisAnna", "name:el": null, "name:en": null, "natural": null, "wikidata": null, "name:de": null, "tourism": "apartment", "alt_name": null, "wikipedia": null, "amenity": null, "name:mk": null, "seamark:harbour:category": null, "website": "http://villagiannis.gr", "leisure": null, "seamark:type": null, "check_date": null, "description": null, "name:ru": null, "religion": null, "addr:city": null, "cuisine": null, "payment:mastercard": null, "payment:visa": null, "shop": null, "internet_access": "wlan", "internet_access:fee": null, "outdoor_seating": null, "wheelchair": null, "source": null, "air_conditioning": null, "bar": null, "payment:cash": null, "payment:credit_cards": null, "phone": "+30 693 484 6128", "stars": null, "opening_hours": null, "dispensing": null, "healthcare": null, "denomination": null, "historic": null, "addr:street": "Nea Fokea, Kassandria, Greece", "name:sr": null, "addr:postcode": "63077", "man_made": null, "drive_through": null, "laundry_service": null, "self_service": null, "name:fr": null, "sport": null, "leaf_type": null, "board_type": null, "boundary": null, "information": null, "supervised": null, "surface": null, "access": null, "fee": null, "parking": null, "building": null, "ref": null, "landuse": null, "area": null, "castle_type": null, "historic:civilization": null, "start_date": null, "lifeguard": null, "type": null, "alt_name:af": null, "alt_name:de": null, "alt_name:en": null, "alt_name:es": null, "alt_name:et": null, "alt_name:hu": null, "alt_name:it": null, "alt_name:ka": null, "alt_name:mk": null, "alt_name:nl": null, "alt_name:no": null, "alt_name:pl": null, "alt_name:ru": null, "alt_name:sh": null, "alt_name:sr": null, "alt_name:sv": null, "alt_name:sw": null, "alt_name:vi": null, "loc_name:no": null, "loc_name:ru": null, "name:ar": null, "name:ca": null, "name:cs": null, "name:eo": null, "name:es": null, "name:et": null, "name:fa": null, "name:fi": null, "name:he": null, "name:hu": null, "name:hy": null, "name:it": null, "name:ja": null, "name:ka": null, "name:kk": null, "name:ko": null, "name:la": null, "name:nl": null, "name:nn": null, "name:no": null, "name:pl": null, "name:pt": null, "name:ro": null, "name:sh": null, "name:sk": null, "name:sv": null, "name:sw": null, "name:tr": null, "name:uk": null, "name:ur": null, "name:vi": null, "name:war": null, "name:zh": null, "nat_name:af": null, "nat_name:ru": null, "old_name:fr": null, "old_name:pl": null, "old_name:sk": null, "alt_name:az": null, "alt_name:bg": null, "alt_name:hy": null, "alt_name:id": null, "alt_name:ko": null, "alt_name:pt": null, "alt_name:ro": null, "alt_name:sk": null, "alt_name:tr": null, "flag": null, "name:af": null, "name:az": null, "name:bg": null, "name:ceb": null, "name:da": null, "name:eu": null, "name:id": null, "name:lv": null, "name:rue": null, "name:sl": null, "name:io": null, "label": "tourism:apartment" }, "geometry": { "type": "Point", "coordinates": [ 23.3859229, 40.1239164 ] } },
{ "type": "Feature", "properties": { "element": "node", "id": 10120751117, "name": "The Laundry Room", "name:el": null, "name:en": null, "natural": null, "wikidata": null, "name:de": null, "tourism": null, "alt_name": null, "wikipedia": null, "amenity": null, "name:mk": null, "seamark:harbour:category": null, "website": null, "leisure": null, "seamark:type": null, "check_date": "2023-10-07", "description": null, "name:ru": null, "religion": null, "addr:city": null, "cuisine": null, "payment:mastercard": null, "payment:visa": null, "shop": "laundry", "internet_access": null, "internet_access:fee": null, "outdoor_seating": null, "wheelchair": null, "source": null, "air_conditioning": null, "bar": null, "payment:cash": null, "payment:credit_cards": null, "phone": null, "stars": null, "opening_hours": null, "dispensing": null, "healthcare": null, "denomination": null, "historic": null, "addr:street": null, "name:sr": null, "addr:postcode": null, "man_made": null, "drive_through": null, "laundry_service": "no", "self_service": "yes", "name:fr": null, "sport": null, "leaf_type": null, "board_type": null, "boundary": null, "information": null, "supervised": null, "surface": null, "access": null, "fee": null, "parking": null, "building": null, "ref": null, "landuse": null, "area": null, "castle_type": null, "historic:civilization": null, "start_date": null, "lifeguard": null, "type": null, "alt_name:af": null, "alt_name:de": null, "alt_name:en": null, "alt_name:es": null, "alt_name:et": null, "alt_name:hu": null, "alt_name:it": null, "alt_name:ka": null, "alt_name:mk": null, "alt_name:nl": null, "alt_name:no": null, "alt_name:pl": null, "alt_name:ru": null, "alt_name:sh": null, "alt_name:sr": null, "alt_name:sv": null, "alt_name:sw": null, "alt_name:vi": null, "loc_name:no": null, "loc_name:ru": null, "name:ar": null, "name:ca": null, "name:cs": null, "name:eo": null, "name:es": null, "name:et": null, "name:fa": null, "name:fi": null, "name:he": null, "name:hu": null, "name:hy": null, "name:it": null, "name:ja": null, "name:ka": null, "name:kk": null, "name:ko": null, "name:la": null, "name:nl": null, "name:nn": null, "name:no": null, "name:pl": null, "name:pt": null, "name:ro": null, "name:sh": null, "name:sk": null, "name:sv": null, "name:sw": null, "name:tr": null, "name:uk": null, "name:ur": null, "name:vi": null, "name:war": null, "name:zh": null, "nat_name:af": null, "nat_name:ru": null, "old_name:fr": null, "old_name:pl": null, "old_name:sk": null, "alt_name:az": null, "alt_name:bg": null, "alt_name:hy": null, "alt_name:id": null, "alt_name:ko": null, "alt_name:pt": null, "alt_name:ro": null, "alt_name:sk": null, "alt_name:tr": null, "flag": null, "name:af": null, "name:az": null, "name:bg": null, "name:ceb": null, "name:da": null, "name:eu": null, "name:id": null, "name:lv": null, "name:rue": null, "name:sl": null, "name:io": null, "label": "shop:laundry" }, "geometry": { "type": "Point", "coordinates": [ 23.39999, 40.1341673 ] } },
{ "type": "Feature", "properties": { "element": "node", "id": 11107654518, "name": null, "name:el": null, "name:en": null, "natural": null, "wikidata": null, "name:de": null, "tourism": null, "alt_name": null, "wikipedia": null, "amenity": "restaurant", "name:mk": null, "seamark:harbour:category": null, "website": null, "leisure": null, "seamark:type": null, "check_date": null, "description": null, "name:ru": null, "religion": null, "addr:city": null, "cuisine": "greek", "payment:mastercard": null, "payment:visa": null, "shop": null, "internet_access": null, "internet_access:fee": null, "outdoor_seating": null, "wheelchair": null, "source": null, "air_conditioning": null, "bar": null, "payment:cash": null, "payment:credit_cards": null, "phone": null, "stars": null, "opening_hours": null, "dispensing": null, "healthcare": null, "denomination": null, "historic": null, "addr:street": null, "name:sr": null, "addr:postcode": null, "man_made": null, "drive_through": null, "laundry_service": null, "self_service": null, "name:fr": null, "sport": null, "leaf_type": null, "board_type": null, "boundary": null, "information": null, "supervised": null, "surface": null, "access": null, "fee": null, "parking": null, "building": null, "ref": null, "landuse": null, "area": null, "castle_type": null, "historic:civilization": null, "start_date": null, "lifeguard": null, "type": null, "alt_name:af": null, "alt_name:de": null, "alt_name:en": null, "alt_name:es": null, "alt_name:et": null, "alt_name:hu": null, "alt_name:it": null, "alt_name:ka": null, "alt_name:mk": null, "alt_name:nl": null, "alt_name:no": null, "alt_name:pl": null, "alt_name:ru": null, "alt_name:sh": null, "alt_name:sr": null, "alt_name:sv": null, "alt_name:sw": null, "alt_name:vi": null, "loc_name:no": null, "loc_name:ru": null, "name:ar": null, "name:ca": null, "name:cs": null, "name:eo": null, "name:es": null, "name:et": null, "name:fa": null, "name:fi": null, "name:he": null, "name:hu": null, "name:hy": null, "name:it": null, "name:ja": null, "name:ka": null, "name:kk": null, "name:ko": null, "name:la": null, "name:nl": null, "name:nn": null, "name:no": null, "name:pl": null, "name:pt": null, "name:ro": null, "name:sh": null, "name:sk": null, "name:sv": null, "name:sw": null, "name:tr": null, "name:uk": null, "name:ur": null, "name:vi": null, "name:war": null, "name:zh": null, "nat_name:af": null, "nat_name:ru": null, "old_name:fr": null, "old_name:pl": null, "old_name:sk": null, "alt_name:az": null, "alt_name:bg": null, "alt_name:hy": null, "alt_name:id": null, "alt_name:ko": null, "alt_name:pt": null, "alt_name:ro": null, "alt_name:sk": null, "alt_name:tr": null, "flag": null, "name:af": null, "name:az": null, "name:bg": null, "name:ceb": null, "name:da": null, "name:eu": null, "name:id": null, "name:lv": null, "name:rue": null, "name:sl": null, "name:io": null, "label": "amenity:restaurant" }, "geometry": { "type": "Point", "coordinates": [ 23.397164, 40.1333903 ] } },
{ "type": "Feature", "properties": { "element": "node", "id": 11233054192, "name": "Small beach", "name:el": null, "name:en": null, "natural": "beach", "wikidata": null, "name:de": null, "tourism": null, "alt_name": null, "wikipedia": null, "amenity": null, "name:mk": null, "seamark:harbour:category": null, "website": null, "leisure": null, "seamark:type": null, "check_date": null, "description": "Small sandy cove, access via track with steps", "name:ru": null, "religion": null, "addr:city": null, "cuisine": null, "payment:mastercard": null, "payment:visa": null, "shop": null, "internet_access": null, "internet_access:fee": null, "outdoor_seating": null, "wheelchair": null, "source": null, "air_conditioning": null, "bar": null, "payment:cash": null, "payment:credit_cards": null, "phone": null, "stars": null, "opening_hours": null, "dispensing": null, "healthcare": null, "denomination": null, "historic": null, "addr:street": null, "name:sr": null, "addr:postcode": null, "man_made": null, "drive_through": null, "laundry_service": null, "self_service": null, "name:fr": null, "sport": null, "leaf_type": null, "board_type": null, "boundary": null, "information": null, "supervised": null, "surface": null, "access": null, "fee": null, "parking": null, "building": null, "ref": null, "landuse": null, "area": null, "castle_type": null, "historic:civilization": null, "start_date": null, "lifeguard": null, "type": null, "alt_name:af": null, "alt_name:de": null, "alt_name:en": null, "alt_name:es": null, "alt_name:et": null, "alt_name:hu": null, "alt_name:it": null, "alt_name:ka": null, "alt_name:mk": null, "alt_name:nl": null, "alt_name:no": null, "alt_name:pl": null, "alt_name:ru": null, "alt_name:sh": null, "alt_name:sr": null, "alt_name:sv": null, "alt_name:sw": null, "alt_name:vi": null, "loc_name:no": null, "loc_name:ru": null, "name:ar": null, "name:ca": null, "name:cs": null, "name:eo": null, "name:es": null, "name:et": null, "name:fa": null, "name:fi": null, "name:he": null, "name:hu": null, "name:hy": null, "name:it": null, "name:ja": null, "name:ka": null, "name:kk": null, "name:ko": null, "name:la": null, "name:nl": null, "name:nn": null, "name:no": null, "name:pl": null, "name:pt": null, "name:ro": null, "name:sh": null, "name:sk": null, "name:sv": null, "name:sw": null, "name:tr": null, "name:uk": null, "name:ur": null, "name:vi": null, "name:war": null, "name:zh": null, "nat_name:af": null, "nat_name:ru": null, "old_name:fr": null, "old_name:pl": null, "old_name:sk": null, "alt_name:az": null, "alt_name:bg": null, "alt_name:hy": null, "alt_name:id": null, "alt_name:ko": null, "alt_name:pt": null, "alt_name:ro": null, "alt_name:sk": null, "alt_name:tr": null, "flag": null, "name:af": null, "name:az": null, "name:bg": null, "name:ceb": null, "name:da": null, "name:eu": null, "name:id": null, "name:lv": null, "name:rue": null, "name:sl": null, "name:io": null, "label": "natural:beach" }, "geometry": { "type": "Point", "coordinates": [ 23.406681, 40.1317277 ] } },
{ "type": "Feature", "properties": { "element": "node", "id": 11243148583, "name": "Ikonio", "name:el": null, "name:en": null, "natural": null, "wikidata": null, "name:de": null, "tourism": null, "alt_name": null, "wikipedia": null, "amenity": "cafe", "name:mk": null, "seamark:harbour:category": null, "website": null, "leisure": null, "seamark:type": null, "check_date": "2023-10-07", "description": null, "name:ru": null, "religion": null, "addr:city": null, "cuisine": null, "payment:mastercard": null, "payment:visa": null, "shop": null, "internet_access": "wlan", "internet_access:fee": "customers", "outdoor_seating": "yes", "wheelchair": null, "source": null, "air_conditioning": null, "bar": null, "payment:cash": null, "payment:credit_cards": "yes", "phone": null, "stars": null, "opening_hours": null, "dispensing": null, "healthcare": null, "denomination": null, "historic": null, "addr:street": null, "name:sr": null, "addr:postcode": null, "man_made": null, "drive_through": null, "laundry_service": null, "self_service": null, "name:fr": null, "sport": null, "leaf_type": null, "board_type": null, "boundary": null, "information": null, "supervised": null, "surface": null, "access": null, "fee": null, "parking": null, "building": null, "ref": null, "landuse": null, "area": null, "castle_type": null, "historic:civilization": null, "start_date": null, "lifeguard": null, "type": null, "alt_name:af": null, "alt_name:de": null, "alt_name:en": null, "alt_name:es": null, "alt_name:et": null, "alt_name:hu": null, "alt_name:it": null, "alt_name:ka": null, "alt_name:mk": null, "alt_name:nl": null, "alt_name:no": null, "alt_name:pl": null, "alt_name:ru": null, "alt_name:sh": null, "alt_name:sr": null, "alt_name:sv": null, "alt_name:sw": null, "alt_name:vi": null, "loc_name:no": null, "loc_name:ru": null, "name:ar": null, "name:ca": null, "name:cs": null, "name:eo": null, "name:es": null, "name:et": null, "name:fa": null, "name:fi": null, "name:he": null, "name:hu": null, "name:hy": null, "name:it": null, "name:ja": null, "name:ka": null, "name:kk": null, "name:ko": null, "name:la": null, "name:nl": null, "name:nn": null, "name:no": null, "name:pl": null, "name:pt": null, "name:ro": null, "name:sh": null, "name:sk": null, "name:sv": null, "name:sw": null, "name:tr": null, "name:uk": null, "name:ur": null, "name:vi": null, "name:war": null, "name:zh": null, "nat_name:af": null, "nat_name:ru": null, "old_name:fr": null, "old_name:pl": null, "old_name:sk": null, "alt_name:az": null, "alt_name:bg": null, "alt_name:hy": null, "alt_name:id": null, "alt_name:ko": null, "alt_name:pt": null, "alt_name:ro": null, "alt_name:sk": null, "alt_name:tr": null, "flag": null, "name:af": null, "name:az": null, "name:bg": null, "name:ceb": null, "name:da": null, "name:eu": null, "name:id": null, "name:lv": null, "name:rue": null, "name:sl": null, "name:io": null, "label": "amenity:cafe" }, "geometry": { "type": "Point", "coordinates": [ 23.4001948, 40.1343735 ] } },
{ "type": "Feature", "properties": { "element": "node", "id": 11244218931, "name": "Apyupw", "name:el": null, "name:en": null, "natural": null, "wikidata": null, "name:de": null, "tourism": null, "alt_name": null, "wikipedia": null, "amenity": "restaurant", "name:mk": null, "seamark:harbour:category": null, "website": null, "leisure": null, "seamark:type": null, "check_date": "2023-10-06", "description": null, "name:ru": null, "religion": null, "addr:city": null, "cuisine": "greek", "payment:mastercard": "yes", "payment:visa": "yes", "shop": null, "internet_access": null, "internet_access:fee": null, "outdoor_seating": null, "wheelchair": null, "source": null, "air_conditioning": null, "bar": null, "payment:cash": null, "payment:credit_cards": null, "phone": "+30698294395", "stars": null, "opening_hours": null, "dispensing": null, "healthcare": null, "denomination": null, "historic": null, "addr:street": null, "name:sr": null, "addr:postcode": null, "man_made": null, "drive_through": null, "laundry_service": null, "self_service": null, "name:fr": null, "sport": null, "leaf_type": null, "board_type": null, "boundary": null, "information": null, "supervised": null, "surface": null, "access": null, "fee": null, "parking": null, "building": null, "ref": null, "landuse": null, "area": null, "castle_type": null, "historic:civilization": null, "start_date": null, "lifeguard": null, "type": null, "alt_name:af": null, "alt_name:de": null, "alt_name:en": null, "alt_name:es": null, "alt_name:et": null, "alt_name:hu": null, "alt_name:it": null, "alt_name:ka": null, "alt_name:mk": null, "alt_name:nl": null, "alt_name:no": null, "alt_name:pl": null, "alt_name:ru": null, "alt_name:sh": null, "alt_name:sr": null, "alt_name:sv": null, "alt_name:sw": null, "alt_name:vi": null, "loc_name:no": null, "loc_name:ru": null, "name:ar": null, "name:ca": null, "name:cs": null, "name:eo": null, "name:es": null, "name:et": null, "name:fa": null, "name:fi": null, "name:he": null, "name:hu": null, "name:hy": null, "name:it": null, "name:ja": null, "name:ka": null, "name:kk": null, "name:ko": null, "name:la": null, "name:nl": null, "name:nn": null, "name:no": null, "name:pl": null, "name:pt": null, "name:ro": null, "name:sh": null, "name:sk": null, "name:sv": null, "name:sw": null, "name:tr": null, "name:uk": null, "name:ur": null, "name:vi": null, "name:war": null, "name:zh": null, "nat_name:af": null, "nat_name:ru": null, "old_name:fr": null, "old_name:pl": null, "old_name:sk": null, "alt_name:az": null, "alt_name:bg": null, "alt_name:hy": null, "alt_name:id": null, "alt_name:ko": null, "alt_name:pt": null, "alt_name:ro": null, "alt_name:sk": null, "alt_name:tr": null, "flag": null, "name:af": null, "name:az": null, "name:bg": null, "name:ceb": null, "name:da": null, "name:eu": null, "name:id": null, "name:lv": null, "name:rue": null, "name:sl": null, "name:io": null, "label": "amenity:restaurant" }, "geometry": { "type": "Point", "coordinates": [ 23.3975938, 40.1339025 ] } },
{ "type": "Feature", "properties": { "element": "node", "id": 11246119983, "name": "Fratello di Thokos Pizza", "name:el": null, "name:en": null, "natural": null, "wikidata": null, "name:de": null, "tourism": null, "alt_name": null, "wikipedia": null, "amenity": "fast_food", "name:mk": null, "seamark:harbour:category": null, "website": null, "leisure": null, "seamark:type": null, "check_date": "2023-10-07", "description": null, "name:ru": null, "religion": null, "addr:city": null, "cuisine": "pizza;pasta", "payment:mastercard": null, "payment:visa": null, "shop": null, "internet_access": "wlan", "internet_access:fee": "customers", "outdoor_seating": null, "wheelchair": null, "source": null, "air_conditioning": null, "bar": null, "payment:cash": null, "payment:credit_cards": "yes", "phone": null, "stars": null, "opening_hours": null, "dispensing": null, "healthcare": null, "denomination": null, "historic": null, "addr:street": null, "name:sr": null, "addr:postcode": null, "man_made": null, "drive_through": "no", "laundry_service": null, "self_service": null, "name:fr": null, "sport": null, "leaf_type": null, "board_type": null, "boundary": null, "information": null, "supervised": null, "surface": null, "access": null, "fee": null, "parking": null, "building": null, "ref": null, "landuse": null, "area": null, "castle_type": null, "historic:civilization": null, "start_date": null, "lifeguard": null, "type": null, "alt_name:af": null, "alt_name:de": null, "alt_name:en": null, "alt_name:es": null, "alt_name:et": null, "alt_name:hu": null, "alt_name:it": null, "alt_name:ka": null, "alt_name:mk": null, "alt_name:nl": null, "alt_name:no": null, "alt_name:pl": null, "alt_name:ru": null, "alt_name:sh": null, "alt_name:sr": null, "alt_name:sv": null, "alt_name:sw": null, "alt_name:vi": null, "loc_name:no": null, "loc_name:ru": null, "name:ar": null, "name:ca": null, "name:cs": null, "name:eo": null, "name:es": null, "name:et": null, "name:fa": null, "name:fi": null, "name:he": null, "name:hu": null, "name:hy": null, "name:it": null, "name:ja": null, "name:ka": null, "name:kk": null, "name:ko": null, "name:la": null, "name:nl": null, "name:nn": null, "name:no": null, "name:pl": null, "name:pt": null, "name:ro": null, "name:sh": null, "name:sk": null, "name:sv": null, "name:sw": null, "name:tr": null, "name:uk": null, "name:ur": null, "name:vi": null, "name:war": null, "name:zh": null, "nat_name:af": null, "nat_name:ru": null, "old_name:fr": null, "old_name:pl": null, "old_name:sk": null, "alt_name:az": null, "alt_name:bg": null, "alt_name:hy": null, "alt_name:id": null, "alt_name:ko": null, "alt_name:pt": null, "alt_name:ro": null, "alt_name:sk": null, "alt_name:tr": null, "flag": null, "name:af": null, "name:az": null, "name:bg": null, "name:ceb": null, "name:da": null, "name:eu": null, "name:id": null, "name:lv": null, "name:rue": null, "name:sl": null, "name:io": null, "label": "amenity:fast_food" }, "geometry": { "type": "Point", "coordinates": [ 23.4004831, 40.1337049 ] } },
{ "type": "Feature", "properties": { "element": "node", "id": 11246119984, "name": "Africa cafe", "name:el": null, "name:en": null, "natural": null, "wikidata": null, "name:de": null, "tourism": null, "alt_name": null, "wikipedia": null, "amenity": "ice_cream", "name:mk": null, "seamark:harbour:category": null, "website": null, "leisure": null, "seamark:type": null, "check_date": "2023-10-07", "description": null, "name:ru": null, "religion": null, "addr:city": null, "cuisine": null, "payment:mastercard": null, "payment:visa": null, "shop": null, "internet_access": null, "internet_access:fee": null, "outdoor_seating": null, "wheelchair": null, "source": null, "air_conditioning": null, "bar": null, "payment:cash": null, "payment:credit_cards": null, "phone": null, "stars": null, "opening_hours": null, "dispensing": null, "healthcare": null, "denomination": null, "historic": null, "addr:street": null, "name:sr": null, "addr:postcode": null, "man_made": null, "drive_through": null, "laundry_service": null, "self_service": null, "name:fr": null, "sport": null, "leaf_type": null, "board_type": null, "boundary": null, "information": null, "supervised": null, "surface": null, "access": null, "fee": null, "parking": null, "building": null, "ref": null, "landuse": null, "area": null, "castle_type": null, "historic:civilization": null, "start_date": null, "lifeguard": null, "type": null, "alt_name:af": null, "alt_name:de": null, "alt_name:en": null, "alt_name:es": null, "alt_name:et": null, "alt_name:hu": null, "alt_name:it": null, "alt_name:ka": null, "alt_name:mk": null, "alt_name:nl": null, "alt_name:no": null, "alt_name:pl": null, "alt_name:ru": null, "alt_name:sh": null, "alt_name:sr": null, "alt_name:sv": null, "alt_name:sw": null, "alt_name:vi": null, "loc_name:no": null, "loc_name:ru": null, "name:ar": null, "name:ca": null, "name:cs": null, "name:eo": null, "name:es": null, "name:et": null, "name:fa": null, "name:fi": null, "name:he": null, "name:hu": null, "name:hy": null, "name:it": null, "name:ja": null, "name:ka": null, "name:kk": null, "name:ko": null, "name:la": null, "name:nl": null, "name:nn": null, "name:no": null, "name:pl": null, "name:pt": null, "name:ro": null, "name:sh": null, "name:sk": null, "name:sv": null, "name:sw": null, "name:tr": null, "name:uk": null, "name:ur": null, "name:vi": null, "name:war": null, "name:zh": null, "nat_name:af": null, "nat_name:ru": null, "old_name:fr": null, "old_name:pl": null, "old_name:sk": null, "alt_name:az": null, "alt_name:bg": null, "alt_name:hy": null, "alt_name:id": null, "alt_name:ko": null, "alt_name:pt": null, "alt_name:ro": null, "alt_name:sk": null, "alt_name:tr": null, "flag": null, "name:af": null, "name:az": null, "name:bg": null, "name:ceb": null, "name:da": null, "name:eu": null, "name:id": null, "name:lv": null, "name:rue": null, "name:sl": null, "name:io": null, "label": "amenity:ice_cream" }, "geometry": { "type": "Point", "coordinates": [ 23.4006264, 40.1340148 ] } },
{ "type": "Feature", "properties": { "element": "node", "id": 11246119985, "name": "Nostimi Talassa", "name:el": null, "name:en": null, "natural": null, "wikidata": null, "name:de": null, "tourism": null, "alt_name": null, "wikipedia": null, "amenity": "restaurant", "name:mk": null, "seamark:harbour:category": null, "website": null, "leisure": null, "seamark:type": null, "check_date": "2023-10-07", "description": null, "name:ru": null, "religion": null, "addr:city": null, "cuisine": "seafood", "payment:mastercard": null, "payment:visa": null, "shop": null, "internet_access": null, "internet_access:fee": null, "outdoor_seating": null, "wheelchair": null, "source": null, "air_conditioning": null, "bar": null, "payment:cash": null, "payment:credit_cards": "yes", "phone": null, "stars": null, "opening_hours": null, "dispensing": null, "healthcare": null, "denomination": null, "historic": null, "addr:street": null, "name:sr": null, "addr:postcode": null, "man_made": null, "drive_through": null, "laundry_service": null, "self_service": null, "name:fr": null, "sport": null, "leaf_type": null, "board_type": null, "boundary": null, "information": null, "supervised": null, "surface": null, "access": null, "fee": null, "parking": null, "building": null, "ref": null, "landuse": null, "area": null, "castle_type": null, "historic:civilization": null, "start_date": null, "lifeguard": null, "type": null, "alt_name:af": null, "alt_name:de": null, "alt_name:en": null, "alt_name:es": null, "alt_name:et": null, "alt_name:hu": null, "alt_name:it": null, "alt_name:ka": null, "alt_name:mk": null, "alt_name:nl": null, "alt_name:no": null, "alt_name:pl": null, "alt_name:ru": null, "alt_name:sh": null, "alt_name:sr": null, "alt_name:sv": null, "alt_name:sw": null, "alt_name:vi": null, "loc_name:no": null, "loc_name:ru": null, "name:ar": null, "name:ca": null, "name:cs": null, "name:eo": null, "name:es": null, "name:et": null, "name:fa": null, "name:fi": null, "name:he": null, "name:hu": null, "name:hy": null, "name:it": null, "name:ja": null, "name:ka": null, "name:kk": null, "name:ko": null, "name:la": null, "name:nl": null, "name:nn": null, "name:no": null, "name:pl": null, "name:pt": null, "name:ro": null, "name:sh": null, "name:sk": null, "name:sv": null, "name:sw": null, "name:tr": null, "name:uk": null, "name:ur": null, "name:vi": null, "name:war": null, "name:zh": null, "nat_name:af": null, "nat_name:ru": null, "old_name:fr": null, "old_name:pl": null, "old_name:sk": null, "alt_name:az": null, "alt_name:bg": null, "alt_name:hy": null, "alt_name:id": null, "alt_name:ko": null, "alt_name:pt": null, "alt_name:ro": null, "alt_name:sk": null, "alt_name:tr": null, "flag": null, "name:af": null, "name:az": null, "name:bg": null, "name:ceb": null, "name:da": null, "name:eu": null, "name:id": null, "name:lv": null, "name:rue": null, "name:sl": null, "name:io": null, "label": "amenity:restaurant" }, "geometry": { "type": "Point", "coordinates": [ 23.4003432, 40.1342089 ] } },
{ "type": "Feature", "properties": { "element": "relation", "id": 5695352, "name": "Χαλκιδική", "name:el": "Χαλκιδική", "name:en": "Chalcidice", "natural": "peninsula", "wikidata": "Q204728", "name:de": "Chalkidiki", "tourism": null, "alt_name": null, "wikipedia": "el:Χαλκιδική", "amenity": null, "name:mk": "Халкидик", "seamark:harbour:category": null, "website": null, "leisure": null, "seamark:type": null, "check_date": null, "description": null, "name:ru": "Халкидики́", "religion": null, "addr:city": null, "cuisine": null, "payment:mastercard": null, "payment:visa": null, "shop": null, "internet_access": null, "internet_access:fee": null, "outdoor_seating": null, "wheelchair": null, "source": null, "air_conditioning": null, "bar": null, "payment:cash": null, "payment:credit_cards": null, "phone": null, "stars": null, "opening_hours": null, "dispensing": null, "healthcare": null, "denomination": null, "historic": null, "addr:street": null, "name:sr": "Халкидики", "addr:postcode": null, "man_made": null, "drive_through": null, "laundry_service": null, "self_service": null, "name:fr": "Chalcidique", "sport": null, "leaf_type": null, "board_type": null, "boundary": null, "information": null, "supervised": null, "surface": null, "access": null, "fee": null, "parking": null, "building": null, "ref": null, "landuse": null, "area": null, "castle_type": null, "historic:civilization": null, "start_date": null, "lifeguard": null, "type": "multipolygon", "alt_name:af": "Halkidiki", "alt_name:de": "Halkidiki", "alt_name:en": "Chalkidiki", "alt_name:es": "Halkidiki", "alt_name:et": "Chalkidikí poolsaar", "alt_name:hu": "Khalkidiké", "alt_name:it": "Calcidica", "alt_name:ka": "ქალკიდიკე", "alt_name:mk": "Халкидички Полуостров", "alt_name:nl": "Chalkidiki", "alt_name:no": "Halkidiki", "alt_name:pl": "Chalkidiki", "alt_name:ru": "Халкидонски полуостров", "alt_name:sh": "Halkidik", "alt_name:sr": "Халкидик", "alt_name:sv": "Halkidikí", "alt_name:sw": "Chalkidiki", "alt_name:vi": "Chalkidiki", "loc_name:no": "Khalkidike", "loc_name:ru": "Халкидика", "name:ar": "خالكيذيكي", "name:ca": "península Calcídica", "name:cs": "Chalkidiki", "name:eo": "Ĥalkidiko", "name:es": "Calcídica", "name:et": "Chalkidike poolsaar", "name:fa": "خالکیدیکه", "name:fi": "Chalkidikí", "name:he": "כלקידיקי", "name:hu": "Halkidikí", "name:hy": "Խալկիդի", "name:it": "penisola Calcidica", "name:ja": "ハルキディキ県", "name:ka": "ქალკედონის ნახევარკუნძული", "name:kk": "Халкидики", "name:ko": "할키디키", "name:la": "Chalcidice", "name:nl": "Chalcidice", "name:nn": "Khalkidikí", "name:no": "Khalkidiki", "name:pl": "Półwysep Chalcydycki", "name:pt": "Calcídica", "name:ro": "Halkidiki", "name:sh": "Halkidiki", "name:sk": "Chalkidiki", "name:sv": "Chalkidike", "name:sw": "Halkidiki", "name:tr": "Halkidiki", "name:uk": "Халкідіки́", "name:ur": "خالکیدیکی", "name:vi": "Halkidiki", "name:war": "Khalkidiki", "name:zh": "哈爾基季基州", "nat_name:af": "Chalcidice", "nat_name:ru": "Халкидики", "old_name:fr": "Chersonèse Chalcidique", "old_name:pl": "Chalkidyka", "old_name:sk": "Chalkidiké", "alt_name:az": null, "alt_name:bg": null, "alt_name:hy": null, "alt_name:id": null, "alt_name:ko": null, "alt_name:pt": null, "alt_name:ro": null, "alt_name:sk": null, "alt_name:tr": null, "flag": null, "name:af": null, "name:az": null, "name:bg": null, "name:ceb": null, "name:da": null, "name:eu": null, "name:id": null, "name:lv": null, "name:rue": null, "name:sl": null, "name:io": null, "label": "natural:peninsula" }, "geometry": { "type": "Polygon", "coordinates": [ [ [ 23.3834669, 40.1385729 ], [ 23.3836708, 40.1385905 ], [ 23.3837497, 40.1386383 ], [ 23.383821232345539, 40.13878018913897 ], [ 23.384183413272691, 40.13878018913897 ], [ 23.3843549, 40.138754 ], [ 23.3848022, 40.1387112 ], [ 23.3852429, 40.1387263 ], [ 23.3858448, 40.1386584 ], [ 23.3863414, 40.1385252 ], [ 23.3867591, 40.1384472 ], [ 23.3871505, 40.1384045 ], [ 23.3875451, 40.1384221 ], [ 23.3883805, 40.1385503 ], [ 23.389032441625726, 40.13878018913897 ], [ 23.396949842258177, 40.13878018913897 ], [ 23.3970007, 40.1386911 ], [ 23.3973494, 40.138319 ], [ 23.3975862, 40.1380424 ], [ 23.3977243, 40.1379745 ], [ 23.3979611, 40.1380474 ], [ 23.3981321, 40.1381153 ], [ 23.3979249, 40.1379368 ], [ 23.3979151, 40.1377834 ], [ 23.3980663, 40.1373862 ], [ 23.3983327, 40.1368079 ], [ 23.3985893, 40.136315 ], [ 23.398711, 40.1362597 ], [ 23.3987932, 40.1363075 ], [ 23.3988031, 40.1362094 ], [ 23.3988708, 40.1361183 ], [ 23.3991648, 40.1357971 ], [ 23.3993457, 40.1356361 ], [ 23.3995069, 40.1356135 ], [ 23.3996286, 40.1356688 ], [ 23.3997766, 40.135694 ], [ 23.3996286, 40.1355808 ], [ 23.3996023, 40.1354953 ], [ 23.3996845, 40.1353998 ], [ 23.3998489, 40.1352866 ], [ 23.4003456, 40.1347083 ], [ 23.4004424, 40.1346158 ], [ 23.4006087, 40.1344569 ], [ 23.4008849, 40.1342859 ], [ 23.4012821, 40.1340659 ], [ 23.401695, 40.1345428 ], [ 23.4017599, 40.1346177 ], [ 23.4018518, 40.1345712 ], [ 23.4017881, 40.1344977 ], [ 23.4017443, 40.1345199 ], [ 23.401427, 40.1341535 ], [ 23.4014185, 40.1341578 ], [ 23.4013077, 40.1340299 ], [ 23.4015871, 40.1338257 ], [ 23.4016907, 40.1337603 ], [ 23.4018979, 40.1336799 ], [ 23.402166, 40.1336233 ], [ 23.4025935, 40.1336396 ], [ 23.4028369, 40.1336862 ], [ 23.4029339, 40.1337528 ], [ 23.4030392, 40.1339452 ], [ 23.4031477, 40.1339841 ], [ 23.4033911, 40.1338949 ], [ 23.4035654, 40.1338521 ], [ 23.4037085, 40.1338584 ], [ 23.4038055, 40.1338911 ], [ 23.4038203, 40.1338157 ], [ 23.403863, 40.1337239 ], [ 23.4039272, 40.1336648 ], [ 23.4042002, 40.1334787 ], [ 23.4048218, 40.1330739 ], [ 23.4060306, 40.1326826 ], [ 23.4062409, 40.1325483 ], [ 23.4065583, 40.132102 ], [ 23.4067556, 40.1318015 ], [ 23.4068609, 40.1316443 ], [ 23.406997, 40.1316355 ], [ 23.4071552, 40.1316154 ], [ 23.4074052, 40.131545 ], [ 23.4076617, 40.1313916 ], [ 23.4078936, 40.1313451 ], [ 23.4082274, 40.1311062 ], [ 23.4093226, 40.1303292 ], [ 23.4096055, 40.1301658 ], [ 23.4100347, 40.1300752 ], [ 23.410676, 40.1299797 ], [ 23.411393, 40.1298665 ], [ 23.4119044, 40.1297898 ], [ 23.412207, 40.1297018 ], [ 23.4123879, 40.1295308 ], [ 23.4125622, 40.129224 ], [ 23.4127908, 40.1290191 ], [ 23.4130819, 40.1286431 ], [ 23.4133269, 40.1285136 ], [ 23.413442, 40.1284583 ], [ 23.4137347, 40.1284671 ], [ 23.4139436, 40.128408 ], [ 23.4141919, 40.1284155 ], [ 23.414282205656843, 40.128371096197661 ], [ 23.414282205656843, 40.116358048440368 ], [ 23.383451339603294, 40.116358048440368 ], [ 23.383451339603294, 40.138572235480154 ], [ 23.3834669, 40.1385729 ] ] ] } },
{ "type": "Feature", "properties": { "element": "relation", "id": 9864680, "name": "Τορωναίος Κόλπος", "name:el": "Τορωναίος Κόλπος", "name:en": "Toronean Gulf", "natural": "bay", "wikidata": "Q2444383", "name:de": null, "tourism": null, "alt_name": "Κόλπος Κασσανδρείας", "wikipedia": "el:Τορωναίος κόλπος", "amenity": null, "name:mk": null, "seamark:harbour:category": null, "website": null, "leisure": null, "seamark:type": null, "check_date": null, "description": null, "name:ru": null, "religion": null, "addr:city": null, "cuisine": null, "payment:mastercard": null, "payment:visa": null, "shop": null, "internet_access": null, "internet_access:fee": null, "outdoor_seating": null, "wheelchair": null, "source": null, "air_conditioning": null, "bar": null, "payment:cash": null, "payment:credit_cards": null, "phone": null, "stars": null, "opening_hours": null, "dispensing": null, "healthcare": null, "denomination": null, "historic": null, "addr:street": null, "name:sr": null, "addr:postcode": null, "man_made": null, "drive_through": null, "laundry_service": null, "self_service": null, "name:fr": null, "sport": null, "leaf_type": null, "board_type": null, "boundary": null, "information": null, "supervised": null, "surface": null, "access": null, "fee": null, "parking": null, "building": null, "ref": null, "landuse": null, "area": null, "castle_type": null, "historic:civilization": null, "start_date": null, "lifeguard": null, "type": "multipolygon", "alt_name:af": null, "alt_name:de": null, "alt_name:en": null, "alt_name:es": null, "alt_name:et": null, "alt_name:hu": null, "alt_name:it": null, "alt_name:ka": null, "alt_name:mk": null, "alt_name:nl": null, "alt_name:no": null, "alt_name:pl": null, "alt_name:ru": null, "alt_name:sh": null, "alt_name:sr": null, "alt_name:sv": null, "alt_name:sw": null, "alt_name:vi": null, "loc_name:no": null, "loc_name:ru": null, "name:ar": null, "name:ca": null, "name:cs": null, "name:eo": null, "name:es": null, "name:et": null, "name:fa": null, "name:fi": null, "name:he": null, "name:hu": null, "name:hy": null, "name:it": null, "name:ja": null, "name:ka": null, "name:kk": null, "name:ko": null, "name:la": null, "name:nl": null, "name:nn": null, "name:no": null, "name:pl": null, "name:pt": null, "name:ro": null, "name:sh": null, "name:sk": null, "name:sv": null, "name:sw": null, "name:tr": null, "name:uk": null, "name:ur": null, "name:vi": null, "name:war": null, "name:zh": null, "nat_name:af": null, "nat_name:ru": null, "old_name:fr": null, "old_name:pl": null, "old_name:sk": null, "alt_name:az": null, "alt_name:bg": null, "alt_name:hy": null, "alt_name:id": null, "alt_name:ko": null, "alt_name:pt": null, "alt_name:ro": null, "alt_name:sk": null, "alt_name:tr": null, "flag": null, "name:af": null, "name:az": null, "name:bg": null, "name:ceb": null, "name:da": null, "name:eu": null, "name:id": null, "name:lv": null, "name:rue": null, "name:sl": null, "name:io": null, "label": "natural:bay" }, "geometry": { "type": "MultiPolygon", "coordinates": [ [ [ [ 23.4141919, 40.1284155 ], [ 23.4139436, 40.128408 ], [ 23.4137347, 40.1284671 ], [ 23.413442, 40.1284583 ], [ 23.4133269, 40.1285136 ], [ 23.4130819, 40.1286431 ], [ 23.4127908, 40.1290191 ], [ 23.4125622, 40.129224 ], [ 23.4123879, 40.1295308 ], [ 23.412207, 40.1297018 ], [ 23.4119044, 40.1297898 ], [ 23.411393, 40.1298665 ], [ 23.410676, 40.1299797 ], [ 23.4100347, 40.1300752 ], [ 23.4096055, 40.1301658 ], [ 23.4093226, 40.1303292 ], [ 23.4082274, 40.1311062 ], [ 23.4078936, 40.1313451 ], [ 23.4076617, 40.1313916 ], [ 23.4074052, 40.131545 ], [ 23.4071552, 40.1316154 ], [ 23.406997, 40.1316355 ], [ 23.4068609, 40.1316443 ], [ 23.4067556, 40.1318015 ], [ 23.4065583, 40.132102 ], [ 23.4062409, 40.1325483 ], [ 23.4060306, 40.1326826 ], [ 23.4048218, 40.1330739 ], [ 23.4042002, 40.1334787 ], [ 23.4039272, 40.1336648 ], [ 23.403863, 40.1337239 ], [ 23.4038203, 40.1338157 ], [ 23.4038055, 40.1338911 ], [ 23.4037085, 40.1338584 ], [ 23.4035654, 40.1338521 ], [ 23.4033911, 40.1338949 ], [ 23.4031477, 40.1339841 ], [ 23.4030392, 40.1339452 ], [ 23.4029339, 40.1337528 ], [ 23.4028369, 40.1336862 ], [ 23.4025935, 40.1336396 ], [ 23.402166, 40.1336233 ], [ 23.4018979, 40.1336799 ], [ 23.4016907, 40.1337603 ], [ 23.4015871, 40.1338257 ], [ 23.4013077, 40.1340299 ], [ 23.4014185, 40.1341578 ], [ 23.401427, 40.1341535 ], [ 23.4017443, 40.1345199 ], [ 23.4017881, 40.1344977 ], [ 23.4018518, 40.1345712 ], [ 23.4017599, 40.1346177 ], [ 23.401695, 40.1345428 ], [ 23.4012821, 40.1340659 ], [ 23.4008849, 40.1342859 ], [ 23.4006087, 40.1344569 ], [ 23.4004424, 40.1346158 ], [ 23.4003456, 40.1347083 ], [ 23.3998489, 40.1352866 ], [ 23.3996845, 40.1353998 ], [ 23.3996023, 40.1354953 ], [ 23.3996286, 40.1355808 ], [ 23.3997766, 40.135694 ], [ 23.3996286, 40.1356688 ], [ 23.3995069, 40.1356135 ], [ 23.3993457, 40.1356361 ], [ 23.3991648, 40.1357971 ], [ 23.3988708, 40.1361183 ], [ 23.3988031, 40.1362094 ], [ 23.3987932, 40.1363075 ], [ 23.398711, 40.1362597 ], [ 23.3985893, 40.136315 ], [ 23.3983327, 40.1368079 ], [ 23.3980663, 40.1373862 ], [ 23.3979151, 40.1377834 ], [ 23.3979249, 40.1379368 ], [ 23.3981321, 40.1381153 ], [ 23.3979611, 40.1380474 ], [ 23.3977243, 40.1379745 ], [ 23.3975862, 40.1380424 ], [ 23.3973494, 40.138319 ], [ 23.3970007, 40.1386911 ], [ 23.396949842258177, 40.13878018913897 ], [ 23.414282205656843, 40.13878018913897 ], [ 23.414282205656843, 40.128371096197661 ], [ 23.4141919, 40.1284155 ] ] ], [ [ [ 23.3883805, 40.1385503 ], [ 23.3875451, 40.1384221 ], [ 23.3871505, 40.1384045 ], [ 23.3867591, 40.1384472 ], [ 23.3863414, 40.1385252 ], [ 23.3858448, 40.1386584 ], [ 23.3852429, 40.1387263 ], [ 23.3848022, 40.1387112 ], [ 23.3843549, 40.138754 ], [ 23.384183413272691, 40.13878018913897 ], [ 23.389032441625726, 40.13878018913897 ], [ 23.3883805, 40.1385503 ] ] ], [ [ [ 23.3837497, 40.1386383 ], [ 23.3836708, 40.1385905 ], [ 23.3834669, 40.1385729 ], [ 23.383451339603294, 40.138572235480154 ], [ 23.383451339603294, 40.13878018913897 ], [ 23.383821232345539, 40.13878018913897 ], [ 23.3837497, 40.1386383 ] ] ] ] } },
{ "type": "Feature", "properties": { "element": "relation", "id": 17347937, "name": "Χαλκιδική", "name:el": "Χαλκιδική", "name:en": "Chalkidiki", "natural": "peninsula", "wikidata": "Q204728", "name:de": "Chalkidiki", "tourism": null, "alt_name": null, "wikipedia": "el:Χαλκιδική", "amenity": null, "name:mk": "Халкидик", "seamark:harbour:category": null, "website": null, "leisure": null, "seamark:type": null, "check_date": null, "description": null, "name:ru": "Халкидики́", "religion": null, "addr:city": null, "cuisine": null, "payment:mastercard": null, "payment:visa": null, "shop": null, "internet_access": null, "internet_access:fee": null, "outdoor_seating": null, "wheelchair": null, "source": null, "air_conditioning": null, "bar": null, "payment:cash": null, "payment:credit_cards": null, "phone": null, "stars": null, "opening_hours": null, "dispensing": null, "healthcare": null, "denomination": null, "historic": null, "addr:street": null, "name:sr": "Халкидики", "addr:postcode": null, "man_made": null, "drive_through": null, "laundry_service": null, "self_service": null, "name:fr": "Chalcidique", "sport": null, "leaf_type": null, "board_type": null, "boundary": null, "information": null, "supervised": null, "surface": null, "access": null, "fee": null, "parking": null, "building": null, "ref": null, "landuse": null, "area": null, "castle_type": null, "historic:civilization": null, "start_date": null, "lifeguard": null, "type": "multipolygon", "alt_name:af": "Chalcidice", "alt_name:de": "Halkidiki", "alt_name:en": "Chalcidice", "alt_name:es": "Halkidiki", "alt_name:et": "Chalkidikí", "alt_name:hu": "Khalkidiké", "alt_name:it": null, "alt_name:ka": "ქალკედონის ნახევარკუნძული", "alt_name:mk": "Халкидички Полуостров", "alt_name:nl": "Halkidiki", "alt_name:no": "Halkidiki", "alt_name:pl": "Półwysep Chalcydycki", "alt_name:ru": "Халкидика", "alt_name:sh": "Halkidik", "alt_name:sr": null, "alt_name:sv": "Halkidiki", "alt_name:sw": "Chalkidiki", "alt_name:vi": "Chalkidiki;Chalcidice;Chalkidike", "loc_name:no": null, "loc_name:ru": null, "name:ar": "خالكيذيكي", "name:ca": "Calcídica", "name:cs": "Chalkidiki", "name:eo": "Ĥalkidiko", "name:es": "Calcídica", "name:et": "Chalkidik", "name:fa": "خالکیدیکه", "name:fi": "Chalkidikí", "name:he": "כלקידיקי", "name:hu": "Halkidikí", "name:hy": "Խալկիդիկի", "name:it": "Calcidica", "name:ja": null, "name:ka": "ქალკიდიკე", "name:kk": "Халкидики", "name:ko": "할키디키반도", "name:la": "Chalcidice", "name:nl": "Chalkidiki", "name:nn": "Khalkidikí", "name:no": "Khalkidiki", "name:pl": "Chalkidiki", "name:pt": "Calcídica", "name:ro": "Calcidică", "name:sh": "Halkidiki", "name:sk": "Chalkidiki", "name:sv": "Chalkidike", "name:sw": "Halkidiki", "name:tr": "Halkidikya", "name:uk": "Халкідіки́", "name:ur": "خالکیدیکی", "name:vi": "Halkidiki", "name:war": "Khalkidiki", "name:zh": "哈尔基季基半岛", "nat_name:af": null, "nat_name:ru": null, "old_name:fr": "Chersonèse Chalcidique", "old_name:pl": null, "old_name:sk": null, "alt_name:az": "Xaldiki", "alt_name:bg": "Халкидонски", "alt_name:hy": "Քաղկեդոնյան թերակղզի", "alt_name:id": "Chalkidike;Chalcidice;Khalkidhiki;Halkidiki", "alt_name:ko": "칼키디케반도", "alt_name:pt": "Halkidikí;Khalkidiki;halkidikis;Chalkidiki;Khalkidhikí", "alt_name:ro": "Halkidiki", "alt_name:sk": "Chalkidiké", "alt_name:tr": "Üç Parmak", "flag": "File:Chalkidiki-flag.jpg", "name:af": "Halkidiki", "name:az": "Halkidiki", "name:bg": "Халкидическият", "name:ceb": "Chersónisos Chalkidikís", "name:da": "Chalkidiki", "name:eu": "Kaltzidika", "name:id": "Chalkidiki", "name:lv": "Halkidikes", "name:rue": "Халкідікі", "name:sl": "Halkidika", "name:io": null, "label": "natural:peninsula" }, "geometry": { "type": "Polygon", "coordinates": [ [ [ 23.3834669, 40.1385729 ], [ 23.3836708, 40.1385905 ], [ 23.3837497, 40.1386383 ], [ 23.383821232345539, 40.13878018913897 ], [ 23.384183413272691, 40.13878018913897 ], [ 23.3843549, 40.138754 ], [ 23.3848022, 40.1387112 ], [ 23.3852429, 40.1387263 ], [ 23.3858448, 40.1386584 ], [ 23.3863414, 40.1385252 ], [ 23.3867591, 40.1384472 ], [ 23.3871505, 40.1384045 ], [ 23.3875451, 40.1384221 ], [ 23.3883805, 40.1385503 ], [ 23.389032441625726, 40.13878018913897 ], [ 23.396949842258177, 40.13878018913897 ], [ 23.3970007, 40.1386911 ], [ 23.3973494, 40.138319 ], [ 23.3975862, 40.1380424 ], [ 23.3977243, 40.1379745 ], [ 23.3979611, 40.1380474 ], [ 23.3981321, 40.1381153 ], [ 23.3979249, 40.1379368 ], [ 23.3979151, 40.1377834 ], [ 23.3980663, 40.1373862 ], [ 23.3983327, 40.1368079 ], [ 23.3985893, 40.136315 ], [ 23.398711, 40.1362597 ], [ 23.3987932, 40.1363075 ], [ 23.3988031, 40.1362094 ], [ 23.3988708, 40.1361183 ], [ 23.3991648, 40.1357971 ], [ 23.3993457, 40.1356361 ], [ 23.3995069, 40.1356135 ], [ 23.3996286, 40.1356688 ], [ 23.3997766, 40.135694 ], [ 23.3996286, 40.1355808 ], [ 23.3996023, 40.1354953 ], [ 23.3996845, 40.1353998 ], [ 23.3998489, 40.1352866 ], [ 23.4003456, 40.1347083 ], [ 23.4004424, 40.1346158 ], [ 23.4006087, 40.1344569 ], [ 23.4008849, 40.1342859 ], [ 23.4012821, 40.1340659 ], [ 23.401695, 40.1345428 ], [ 23.4017599, 40.1346177 ], [ 23.4018518, 40.1345712 ], [ 23.4017881, 40.1344977 ], [ 23.4017443, 40.1345199 ], [ 23.401427, 40.1341535 ], [ 23.4014185, 40.1341578 ], [ 23.4013077, 40.1340299 ], [ 23.4015871, 40.1338257 ], [ 23.4016907, 40.1337603 ], [ 23.4018979, 40.1336799 ], [ 23.402166, 40.1336233 ], [ 23.4025935, 40.1336396 ], [ 23.4028369, 40.1336862 ], [ 23.4029339, 40.1337528 ], [ 23.4030392, 40.1339452 ], [ 23.4031477, 40.1339841 ], [ 23.4033911, 40.1338949 ], [ 23.4035654, 40.1338521 ], [ 23.4037085, 40.1338584 ], [ 23.4038055, 40.1338911 ], [ 23.4038203, 40.1338157 ], [ 23.403863, 40.1337239 ], [ 23.4039272, 40.1336648 ], [ 23.4042002, 40.1334787 ], [ 23.4048218, 40.1330739 ], [ 23.4060306, 40.1326826 ], [ 23.4062409, 40.1325483 ], [ 23.4065583, 40.132102 ], [ 23.4067556, 40.1318015 ], [ 23.4068609, 40.1316443 ], [ 23.406997, 40.1316355 ], [ 23.4071552, 40.1316154 ], [ 23.4074052, 40.131545 ], [ 23.4076617, 40.1313916 ], [ 23.4078936, 40.1313451 ], [ 23.4082274, 40.1311062 ], [ 23.4093226, 40.1303292 ], [ 23.4096055, 40.1301658 ], [ 23.4100347, 40.1300752 ], [ 23.410676, 40.1299797 ], [ 23.411393, 40.1298665 ], [ 23.4119044, 40.1297898 ], [ 23.412207, 40.1297018 ], [ 23.4123879, 40.1295308 ], [ 23.4125622, 40.129224 ], [ 23.4127908, 40.1290191 ], [ 23.4130819, 40.1286431 ], [ 23.4133269, 40.1285136 ], [ 23.413442, 40.1284583 ], [ 23.4137347, 40.1284671 ], [ 23.4139436, 40.128408 ], [ 23.4141919, 40.1284155 ], [ 23.414282205656843, 40.128371096197661 ], [ 23.414282205656843, 40.116358048440368 ], [ 23.383451339603294, 40.116358048440368 ], [ 23.383451339603294, 40.138572235480154 ], [ 23.3834669, 40.1385729 ] ] ] } },
{ "type": "Feature", "properties": { "element": "relation", "id": 20581436, "name": "Κασσάνδρας", "name:el": "Κασσάνδρας", "name:en": "Kassandra", "natural": "peninsula", "wikidata": null, "name:de": "Kassandra", "tourism": null, "alt_name": null, "wikipedia": null, "amenity": null, "name:mk": "Касандра", "seamark:harbour:category": null, "website": null, "leisure": null, "seamark:type": null, "check_date": null, "description": null, "name:ru": "Каса́ндра", "religion": null, "addr:city": null, "cuisine": null, "payment:mastercard": null, "payment:visa": null, "shop": null, "internet_access": null, "internet_access:fee": null, "outdoor_seating": null, "wheelchair": null, "source": null, "air_conditioning": null, "bar": null, "payment:cash": null, "payment:credit_cards": null, "phone": null, "stars": null, "opening_hours": null, "dispensing": null, "healthcare": null, "denomination": null, "historic": null, "addr:street": null, "name:sr": "Касандра", "addr:postcode": null, "man_made": null, "drive_through": null, "laundry_service": null, "self_service": null, "name:fr": "Kassándra", "sport": null, "leaf_type": null, "board_type": null, "boundary": null, "information": null, "supervised": null, "surface": null, "access": null, "fee": null, "parking": null, "building": null, "ref": null, "landuse": null, "area": null, "castle_type": null, "historic:civilization": null, "start_date": null, "lifeguard": null, "type": "multipolygon", "alt_name:af": null, "alt_name:de": null, "alt_name:en": null, "alt_name:es": "Casandra", "alt_name:et": null, "alt_name:hu": null, "alt_name:it": null, "alt_name:ka": null, "alt_name:mk": null, "alt_name:nl": null, "alt_name:no": null, "alt_name:pl": null, "alt_name:ru": null, "alt_name:sh": null, "alt_name:sr": null, "alt_name:sv": null, "alt_name:sw": null, "alt_name:vi": null, "loc_name:no": null, "loc_name:ru": null, "name:ar": "كسندرا", "name:ca": null, "name:cs": null, "name:eo": "Kasandra", "name:es": "Kassandra", "name:et": null, "name:fa": null, "name:fi": "Kassándra", "name:he": null, "name:hu": null, "name:hy": null, "name:it": "Kassandra", "name:ja": null, "name:ka": null, "name:kk": null, "name:ko": null, "name:la": null, "name:nl": "Kassandra", "name:nn": "Kassándra", "name:no": null, "name:pl": "Kasandra", "name:pt": null, "name:ro": "Kassandria", "name:sh": null, "name:sk": null, "name:sv": "Kassandra", "name:sw": null, "name:tr": "Kesendire", "name:uk": null, "name:ur": null, "name:vi": null, "name:war": null, "name:zh": "卡桑德拉", "nat_name:af": null, "nat_name:ru": null, "old_name:fr": null, "old_name:pl": null, "old_name:sk": null, "alt_name:az": null, "alt_name:bg": null, "alt_name:hy": null, "alt_name:id": null, "alt_name:ko": null, "alt_name:pt": null, "alt_name:ro": null, "alt_name:sk": null, "alt_name:tr": null, "flag": null, "name:af": null, "name:az": null, "name:bg": "Касандра", "name:ceb": "Kassandra", "name:da": null, "name:eu": null, "name:id": null, "name:lv": null, "name:rue": null, "name:sl": null, "name:io": "Kasandra", "label": "natural:peninsula" }, "geometry": { "type": "Polygon", "coordinates": [ [ [ 23.3834669, 40.1385729 ], [ 23.3836708, 40.1385905 ], [ 23.3837497, 40.1386383 ], [ 23.383821232345539, 40.13878018913897 ], [ 23.384183413272691, 40.13878018913897 ], [ 23.3843549, 40.138754 ], [ 23.3848022, 40.1387112 ], [ 23.3852429, 40.1387263 ], [ 23.3858448, 40.1386584 ], [ 23.3863414, 40.1385252 ], [ 23.3867591, 40.1384472 ], [ 23.3871505, 40.1384045 ], [ 23.3875451, 40.1384221 ], [ 23.3883805, 40.1385503 ], [ 23.389032441625726, 40.13878018913897 ], [ 23.396949842258177, 40.13878018913897 ], [ 23.3970007, 40.1386911 ], [ 23.3973494, 40.138319 ], [ 23.3975862, 40.1380424 ], [ 23.3977243, 40.1379745 ], [ 23.3979611, 40.1380474 ], [ 23.3981321, 40.1381153 ], [ 23.3979249, 40.1379368 ], [ 23.3979151, 40.1377834 ], [ 23.3980663, 40.1373862 ], [ 23.3983327, 40.1368079 ], [ 23.3985893, 40.136315 ], [ 23.398711, 40.1362597 ], [ 23.3987932, 40.1363075 ], [ 23.3988031, 40.1362094 ], [ 23.3988708, 40.1361183 ], [ 23.3991648, 40.1357971 ], [ 23.3993457, 40.1356361 ], [ 23.3995069, 40.1356135 ], [ 23.3996286, 40.1356688 ], [ 23.3997766, 40.135694 ], [ 23.3996286, 40.1355808 ], [ 23.3996023, 40.1354953 ], [ 23.3996845, 40.1353998 ], [ 23.3998489, 40.1352866 ], [ 23.4003456, 40.1347083 ], [ 23.4004424, 40.1346158 ], [ 23.4006087, 40.1344569 ], [ 23.4008849, 40.1342859 ], [ 23.4012821, 40.1340659 ], [ 23.401695, 40.1345428 ], [ 23.4017599, 40.1346177 ], [ 23.4018518, 40.1345712 ], [ 23.4017881, 40.1344977 ], [ 23.4017443, 40.1345199 ], [ 23.401427, 40.1341535 ], [ 23.4014185, 40.1341578 ], [ 23.4013077, 40.1340299 ], [ 23.4015871, 40.1338257 ], [ 23.4016907, 40.1337603 ], [ 23.4018979, 40.1336799 ], [ 23.402166, 40.1336233 ], [ 23.4025935, 40.1336396 ], [ 23.4028369, 40.1336862 ], [ 23.4029339, 40.1337528 ], [ 23.4030392, 40.1339452 ], [ 23.4031477, 40.1339841 ], [ 23.4033911, 40.1338949 ], [ 23.4035654, 40.1338521 ], [ 23.4037085, 40.1338584 ], [ 23.4038055, 40.1338911 ], [ 23.4038203, 40.1338157 ], [ 23.403863, 40.1337239 ], [ 23.4039272, 40.1336648 ], [ 23.4042002, 40.1334787 ], [ 23.4048218, 40.1330739 ], [ 23.4060306, 40.1326826 ], [ 23.4062409, 40.1325483 ], [ 23.4065583, 40.132102 ], [ 23.4067556, 40.1318015 ], [ 23.4068609, 40.1316443 ], [ 23.406997, 40.1316355 ], [ 23.4071552, 40.1316154 ], [ 23.4074052, 40.131545 ], [ 23.4076617, 40.1313916 ], [ 23.4078936, 40.1313451 ], [ 23.4082274, 40.1311062 ], [ 23.4093226, 40.1303292 ], [ 23.4096055, 40.1301658 ], [ 23.4100347, 40.1300752 ], [ 23.410676, 40.1299797 ], [ 23.411393, 40.1298665 ], [ 23.4119044, 40.1297898 ], [ 23.412207, 40.1297018 ], [ 23.4123879, 40.1295308 ], [ 23.4125622, 40.129224 ], [ 23.4127908, 40.1290191 ], [ 23.4130819, 40.1286431 ], [ 23.4133269, 40.1285136 ], [ 23.413442, 40.1284583 ], [ 23.4137347, 40.1284671 ], [ 23.4139436, 40.128408 ], [ 23.4141919, 40.1284155 ], [ 23.414282205656843, 40.128371096197661 ], [ 23.414282205656843, 40.116358048440368 ], [ 23.383451339603294, 40.116358048440368 ], [ 23.383451339603294, 40.138572235480154 ], [ 23.3834669, 40.1385729 ] ] ] } },
{ "type": "Feature", "properties": { "element": "way", "id": 8815475, "name": null, "name:el": null, "name:en": null, "natural": "coastline", "wikidata": null, "name:de": null, "tourism": null, "alt_name": null, "wikipedia": null, "amenity": null, "name:mk": null, "seamark:harbour:category": null, "website": null, "leisure": null, "seamark:type": null, "check_date": null, "description": null, "name:ru": null, "religion": null, "addr:city": null, "cuisine": null, "payment:mastercard": null, "payment:visa": null, "shop": null, "internet_access": null, "internet_access:fee": null, "outdoor_seating": null, "wheelchair": null, "source": "PGS", "air_conditioning": null, "bar": null, "payment:cash": null, "payment:credit_cards": null, "phone": null, "stars": null, "opening_hours": null, "dispensing": null, "healthcare": null, "denomination": null, "historic": null, "addr:street": null, "name:sr": null, "addr:postcode": null, "man_made": null, "drive_through": null, "laundry_service": null, "self_service": null, "name:fr": null, "sport": null, "leaf_type": null, "board_type": null, "boundary": null, "information": null, "supervised": null, "surface": null, "access": null, "fee": null, "parking": null, "building": null, "ref": null, "landuse": null, "area": null, "castle_type": null, "historic:civilization": null, "start_date": null, "lifeguard": null, "type": null, "alt_name:af": null, "alt_name:de": null, "alt_name:en": null, "alt_name:es": null, "alt_name:et": null, "alt_name:hu": null, "alt_name:it": null, "alt_name:ka": null, "alt_name:mk": null, "alt_name:nl": null, "alt_name:no": null, "alt_name:pl": null, "alt_name:ru": null, "alt_name:sh": null, "alt_name:sr": null, "alt_name:sv": null, "alt_name:sw": null, "alt_name:vi": null, "loc_name:no": null, "loc_name:ru": null, "name:ar": null, "name:ca": null, "name:cs": null, "name:eo": null, "name:es": null, "name:et": null, "name:fa": null, "name:fi": null, "name:he": null, "name:hu": null, "name:hy": null, "name:it": null, "name:ja": null, "name:ka": null, "name:kk": null, "name:ko": null, "name:la": null, "name:nl": null, "name:nn": null, "name:no": null, "name:pl": null, "name:pt": null, "name:ro": null, "name:sh": null, "name:sk": null, "name:sv": null, "name:sw": null, "name:tr": null, "name:uk": null, "name:ur": null, "name:vi": null, "name:war": null, "name:zh": null, "nat_name:af": null, "nat_name:ru": null, "old_name:fr": null, "old_name:pl": null, "old_name:sk": null, "alt_name:az": null, "alt_name:bg": null, "alt_name:hy": null, "alt_name:id": null, "alt_name:ko": null, "alt_name:pt": null, "alt_name:ro": null, "alt_name:sk": null, "alt_name:tr": null, "flag": null, "name:af": null, "name:az": null, "name:bg": null, "name:ceb": null, "name:da": null, "name:eu": null, "name:id": null, "name:lv": null, "name:rue": null, "name:sl": null, "name:io": null, "label": "natural:coastline" }, "geometry": { "type": "MultiLineString", "coordinates": [ [ [ 23.414282205656843, 40.128371096197661 ], [ 23.4141919, 40.1284155 ], [ 23.4139436, 40.128408 ], [ 23.4137347, 40.1284671 ], [ 23.413442, 40.1284583 ], [ 23.4133269, 40.1285136 ], [ 23.4130819, 40.1286431 ], [ 23.4127908, 40.1290191 ], [ 23.4125622, 40.129224 ], [ 23.4123879, 40.1295308 ], [ 23.412207, 40.1297018 ], [ 23.4119044, 40.1297898 ], [ 23.411393, 40.1298665 ], [ 23.410676, 40.1299797 ], [ 23.4100347, 40.1300752 ], [ 23.4096055, 40.1301658 ], [ 23.4093226, 40.1303292 ], [ 23.4082274, 40.1311062 ], [ 23.4078936, 40.1313451 ], [ 23.4076617, 40.1313916 ], [ 23.4074052, 40.131545 ], [ 23.4071552, 40.1316154 ], [ 23.406997, 40.1316355 ], [ 23.4068609, 40.1316443 ], [ 23.4067556, 40.1318015 ], [ 23.4065583, 40.132102 ], [ 23.4062409, 40.1325483 ], [ 23.4060306, 40.1326826 ], [ 23.4048218, 40.1330739 ], [ 23.4042002, 40.1334787 ], [ 23.4039272, 40.1336648 ], [ 23.403863, 40.1337239 ], [ 23.4038203, 40.1338157 ], [ 23.4038055, 40.1338911 ], [ 23.4037085, 40.1338584 ], [ 23.4035654, 40.1338521 ], [ 23.4033911, 40.1338949 ], [ 23.4031477, 40.1339841 ], [ 23.4030392, 40.1339452 ], [ 23.4029339, 40.1337528 ], [ 23.4028369, 40.1336862 ], [ 23.4025935, 40.1336396 ], [ 23.402166, 40.1336233 ], [ 23.4018979, 40.1336799 ], [ 23.4016907, 40.1337603 ], [ 23.4015871, 40.1338257 ], [ 23.4013077, 40.1340299 ], [ 23.4014185, 40.1341578 ], [ 23.401427, 40.1341535 ], [ 23.4017443, 40.1345199 ], [ 23.4017881, 40.1344977 ], [ 23.4018518, 40.1345712 ], [ 23.4017599, 40.1346177 ], [ 23.401695, 40.1345428 ], [ 23.4012821, 40.1340659 ], [ 23.4008849, 40.1342859 ], [ 23.4006087, 40.1344569 ], [ 23.4004424, 40.1346158 ], [ 23.4003456, 40.1347083 ], [ 23.3998489, 40.1352866 ], [ 23.3996845, 40.1353998 ], [ 23.3996023, 40.1354953 ], [ 23.3996286, 40.1355808 ], [ 23.3997766, 40.135694 ], [ 23.3996286, 40.1356688 ], [ 23.3995069, 40.1356135 ], [ 23.3993457, 40.1356361 ], [ 23.3991648, 40.1357971 ], [ 23.3988708, 40.1361183 ], [ 23.3988031, 40.1362094 ], [ 23.3987932, 40.1363075 ], [ 23.398711, 40.1362597 ], [ 23.3985893, 40.136315 ], [ 23.3983327, 40.1368079 ], [ 23.3980663, 40.1373862 ], [ 23.3979151, 40.1377834 ], [ 23.3979249, 40.1379368 ], [ 23.3981321, 40.1381153 ], [ 23.3979611, 40.1380474 ], [ 23.3977243, 40.1379745 ], [ 23.3975862, 40.1380424 ], [ 23.3973494, 40.138319 ], [ 23.3970007, 40.1386911 ], [ 23.396949842258177, 40.13878018913897 ] ], [ [ 23.389032441625726, 40.13878018913897 ], [ 23.3883805, 40.1385503 ], [ 23.3875451, 40.1384221 ], [ 23.3871505, 40.1384045 ], [ 23.3867591, 40.1384472 ], [ 23.3863414, 40.1385252 ], [ 23.3858448, 40.1386584 ], [ 23.3852429, 40.1387263 ], [ 23.3848022, 40.1387112 ], [ 23.3843549, 40.138754 ], [ 23.384183413272691, 40.13878018913897 ] ], [ [ 23.383821232345539, 40.13878018913897 ], [ 23.3837497, 40.1386383 ], [ 23.3836708, 40.1385905 ], [ 23.3834669, 40.1385729 ], [ 23.383451339603294, 40.138572235480154 ] ] ] } },
{ "type": "Feature", "properties": { "element": "way", "id": 81651253, "name": null, "name:el": null, "name:en": null, "natural": null, "wikidata": null, "name:de": null, "tourism": null, "alt_name": null, "wikipedia": null, "amenity": null, "name:mk": null, "seamark:harbour:category": null, "website": null, "leisure": "park", "seamark:type": null, "check_date": null, "description": null, "name:ru": null, "religion": null, "addr:city": null, "cuisine": null, "payment:mastercard": null, "payment:visa": null, "shop": null, "internet_access": null, "internet_access:fee": null, "outdoor_seating": null, "wheelchair": null, "source": null, "air_conditioning": null, "bar": null, "payment:cash": null, "payment:credit_cards": null, "phone": null, "stars": null, "opening_hours": null, "dispensing": null, "healthcare": null, "denomination": null, "historic": null, "addr:street": null, "name:sr": null, "addr:postcode": null, "man_made": null, "drive_through": null, "laundry_service": null, "self_service": null, "name:fr": null, "sport": null, "leaf_type": null, "board_type": null, "boundary": null, "information": null, "supervised": null, "surface": null, "access": null, "fee": null, "parking": null, "building": null, "ref": null, "landuse": null, "area": null, "castle_type": null, "historic:civilization": null, "start_date": null, "lifeguard": null, "type": null, "alt_name:af": null, "alt_name:de": null, "alt_name:en": null, "alt_name:es": null, "alt_name:et": null, "alt_name:hu": null, "alt_name:it": null, "alt_name:ka": null, "alt_name:mk": null, "alt_name:nl": null, "alt_name:no": null, "alt_name:pl": null, "alt_name:ru": null, "alt_name:sh": null, "alt_name:sr": null, "alt_name:sv": null, "alt_name:sw": null, "alt_name:vi": null, "loc_name:no": null, "loc_name:ru": null, "name:ar": null, "name:ca": null, "name:cs": null, "name:eo": null, "name:es": null, "name:et": null, "name:fa": null, "name:fi": null, "name:he": null, "name:hu": null, "name:hy": null, "name:it": null, "name:ja": null, "name:ka": null, "name:kk": null, "name:ko": null, "name:la": null, "name:nl": null, "name:nn": null, "name:no": null, "name:pl": null, "name:pt": null, "name:ro": null, "name:sh": null, "name:sk": null, "name:sv": null, "name:sw": null, "name:tr": null, "name:uk": null, "name:ur": null, "name:vi": null, "name:war": null, "name:zh": null, "nat_name:af": null, "nat_name:ru": null, "old_name:fr": null, "old_name:pl": null, "old_name:sk": null, "alt_name:az": null, "alt_name:bg": null, "alt_name:hy": null, "alt_name:id": null, "alt_name:ko": null, "alt_name:pt": null, "alt_name:ro": null, "alt_name:sk": null, "alt_name:tr": null, "flag": null, "name:af": null, "name:az": null, "name:bg": null, "name:ceb": null, "name:da": null, "name:eu": null, "name:id": null, "name:lv": null, "name:rue": null, "name:sl": null, "name:io": null, "label": "leisure:park" }, "geometry": { "type": "Polygon", "coordinates": [ [ [ 23.4006965, 40.1333441 ], [ 23.4007638, 40.1333166 ], [ 23.4008408, 40.1332851 ], [ 23.4007019, 40.132973 ], [ 23.4004337, 40.1330058 ], [ 23.4006965, 40.1333441 ] ] ] } },
{ "type": "Feature", "properties": { "element": "way", "id": 129368510, "name": null, "name:el": null, "name:en": null, "natural": null, "wikidata": null, "name:de": null, "tourism": null, "alt_name": null, "wikipedia": null, "amenity": null, "name:mk": null, "seamark:harbour:category": null, "website": null, "leisure": null, "seamark:type": null, "check_date": null, "description": null, "name:ru": null, "religion": null, "addr:city": null, "cuisine": null, "payment:mastercard": null, "payment:visa": null, "shop": null, "internet_access": null, "internet_access:fee": null, "outdoor_seating": null, "wheelchair": null, "source": null, "air_conditioning": null, "bar": null, "payment:cash": null, "payment:credit_cards": null, "phone": null, "stars": null, "opening_hours": null, "dispensing": null, "healthcare": null, "denomination": null, "historic": "memorial", "addr:street": null, "name:sr": null, "addr:postcode": null, "man_made": null, "drive_through": null, "laundry_service": null, "self_service": null, "name:fr": null, "sport": null, "leaf_type": null, "board_type": null, "boundary": null, "information": null, "supervised": null, "surface": null, "access": null, "fee": null, "parking": null, "building": null, "ref": null, "landuse": null, "area": null, "castle_type": null, "historic:civilization": null, "start_date": null, "lifeguard": null, "type": null, "alt_name:af": null, "alt_name:de": null, "alt_name:en": null, "alt_name:es": null, "alt_name:et": null, "alt_name:hu": null, "alt_name:it": null, "alt_name:ka": null, "alt_name:mk": null, "alt_name:nl": null, "alt_name:no": null, "alt_name:pl": null, "alt_name:ru": null, "alt_name:sh": null, "alt_name:sr": null, "alt_name:sv": null, "alt_name:sw": null, "alt_name:vi": null, "loc_name:no": null, "loc_name:ru": null, "name:ar": null, "name:ca": null, "name:cs": null, "name:eo": null, "name:es": null, "name:et": null, "name:fa": null, "name:fi": null, "name:he": null, "name:hu": null, "name:hy": null, "name:it": null, "name:ja": null, "name:ka": null, "name:kk": null, "name:ko": null, "name:la": null, "name:nl": null, "name:nn": null, "name:no": null, "name:pl": null, "name:pt": null, "name:ro": null, "name:sh": null, "name:sk": null, "name:sv": null, "name:sw": null, "name:tr": null, "name:uk": null, "name:ur": null, "name:vi": null, "name:war": null, "name:zh": null, "nat_name:af": null, "nat_name:ru": null, "old_name:fr": null, "old_name:pl": null, "old_name:sk": null, "alt_name:az": null, "alt_name:bg": null, "alt_name:hy": null, "alt_name:id": null, "alt_name:ko": null, "alt_name:pt": null, "alt_name:ro": null, "alt_name:sk": null, "alt_name:tr": null, "flag": null, "name:af": null, "name:az": null, "name:bg": null, "name:ceb": null, "name:da": null, "name:eu": null, "name:id": null, "name:lv": null, "name:rue": null, "name:sl": null, "name:io": null, "label": "historic:memorial" }, "geometry": { "type": "Polygon", "coordinates": [ [ [ 23.39699, 40.1333386 ], [ 23.3969948, 40.1333335 ], [ 23.3969974, 40.1333275 ], [ 23.3969974, 40.1333211 ], [ 23.3969948, 40.1333151 ], [ 23.3969899, 40.13331 ], [ 23.3969824, 40.133306 ], [ 23.3969736, 40.1333042 ], [ 23.3969644, 40.1333048 ], [ 23.3969561, 40.1333077 ], [ 23.3969496, 40.1333127 ], [ 23.3969457, 40.1333191 ], [ 23.3969449, 40.1333261 ], [ 23.3969473, 40.1333328 ], [ 23.3969526, 40.1333386 ], [ 23.3969593, 40.1333423 ], [ 23.3969671, 40.1333443 ], [ 23.3969754, 40.1333443 ], [ 23.3969833, 40.1333423 ], [ 23.39699, 40.1333386 ] ] ] } },
{ "type": "Feature", "properties": { "element": "way", "id": 129465888, "name": null, "name:el": null, "name:en": null, "natural": null, "wikidata": null, "name:de": null, "tourism": null, "alt_name": null, "wikipedia": null, "amenity": null, "name:mk": null, "seamark:harbour:category": null, "website": null, "leisure": "pitch", "seamark:type": null, "check_date": null, "description": null, "name:ru": null, "religion": null, "addr:city": null, "cuisine": null, "payment:mastercard": null, "payment:visa": null, "shop": null, "internet_access": null, "internet_access:fee": null, "outdoor_seating": null, "wheelchair": null, "source": null, "air_conditioning": null, "bar": null, "payment:cash": null, "payment:credit_cards": null, "phone": null, "stars": null, "opening_hours": null, "dispensing": null, "healthcare": null, "denomination": null, "historic": null, "addr:street": null, "name:sr": null, "addr:postcode": null, "man_made": null, "drive_through": null, "laundry_service": null, "self_service": null, "name:fr": null, "sport": "soccer", "leaf_type": null, "board_type": null, "boundary": null, "information": null, "supervised": null, "surface": null, "access": null, "fee": null, "parking": null, "building": null, "ref": null, "landuse": null, "area": null, "castle_type": null, "historic:civilization": null, "start_date": null, "lifeguard": null, "type": null, "alt_name:af": null, "alt_name:de": null, "alt_name:en": null, "alt_name:es": null, "alt_name:et": null, "alt_name:hu": null, "alt_name:it": null, "alt_name:ka": null, "alt_name:mk": null, "alt_name:nl": null, "alt_name:no": null, "alt_name:pl": null, "alt_name:ru": null, "alt_name:sh": null, "alt_name:sr": null, "alt_name:sv": null, "alt_name:sw": null, "alt_name:vi": null, "loc_name:no": null, "loc_name:ru": null, "name:ar": null, "name:ca": null, "name:cs": null, "name:eo": null, "name:es": null, "name:et": null, "name:fa": null, "name:fi": null, "name:he": null, "name:hu": null, "name:hy": null, "name:it": null, "name:ja": null, "name:ka": null, "name:kk": null, "name:ko": null, "name:la": null, "name:nl": null, "name:nn": null, "name:no": null, "name:pl": null, "name:pt": null, "name:ro": null, "name:sh": null, "name:sk": null, "name:sv": null, "name:sw": null, "name:tr": null, "name:uk": null, "name:ur": null, "name:vi": null, "name:war": null, "name:zh": null, "nat_name:af": null, "nat_name:ru": null, "old_name:fr": null, "old_name:pl": null, "old_name:sk": null, "alt_name:az": null, "alt_name:bg": null, "alt_name:hy": null, "alt_name:id": null, "alt_name:ko": null, "alt_name:pt": null, "alt_name:ro": null, "alt_name:sk": null, "alt_name:tr": null, "flag": null, "name:af": null, "name:az": null, "name:bg": null, "name:ceb": null, "name:da": null, "name:eu": null, "name:id": null, "name:lv": null, "name:rue": null, "name:sl": null, "name:io": null, "label": "sport:soccer;leisure:pitch" }, "geometry": { "type": "Polygon", "coordinates": [ [ [ 23.3950288, 40.1361666 ], [ 23.394152, 40.1357804 ], [ 23.3936941, 40.1363881 ], [ 23.3945708, 40.1367742 ], [ 23.3950288, 40.1361666 ] ] ] } },
{ "type": "Feature", "properties": { "element": "way", "id": 136725053, "name": null, "name:el": null, "name:en": null, "natural": "wood", "wikidata": null, "name:de": null, "tourism": null, "alt_name": null, "wikipedia": null, "amenity": null, "name:mk": null, "seamark:harbour:category": null, "website": null, "leisure": null, "seamark:type": null, "check_date": null, "description": null, "name:ru": null, "religion": null, "addr:city": null, "cuisine": null, "payment:mastercard": null, "payment:visa": null, "shop": null, "internet_access": null, "internet_access:fee": null, "outdoor_seating": null, "wheelchair": null, "source": "http://geodata.gov.gr/", "air_conditioning": null, "bar": null, "payment:cash": null, "payment:credit_cards": null, "phone": null, "stars": null, "opening_hours": null, "dispensing": null, "healthcare": null, "denomination": null, "historic": null, "addr:street": null, "name:sr": null, "addr:postcode": null, "man_made": null, "drive_through": null, "laundry_service": null, "self_service": null, "name:fr": null, "sport": null, "leaf_type": "needleleaved", "board_type": null, "boundary": null, "information": null, "supervised": null, "surface": null, "access": null, "fee": null, "parking": null, "building": null, "ref": null, "landuse": null, "area": null, "castle_type": null, "historic:civilization": null, "start_date": null, "lifeguard": null, "type": null, "alt_name:af": null, "alt_name:de": null, "alt_name:en": null, "alt_name:es": null, "alt_name:et": null, "alt_name:hu": null, "alt_name:it": null, "alt_name:ka": null, "alt_name:mk": null, "alt_name:nl": null, "alt_name:no": null, "alt_name:pl": null, "alt_name:ru": null, "alt_name:sh": null, "alt_name:sr": null, "alt_name:sv": null, "alt_name:sw": null, "alt_name:vi": null, "loc_name:no": null, "loc_name:ru": null, "name:ar": null, "name:ca": null, "name:cs": null, "name:eo": null, "name:es": null, "name:et": null, "name:fa": null, "name:fi": null, "name:he": null, "name:hu": null, "name:hy": null, "name:it": null, "name:ja": null, "name:ka": null, "name:kk": null, "name:ko": null, "name:la": null, "name:nl": null, "name:nn": null, "name:no": null, "name:pl": null, "name:pt": null, "name:ro": null, "name:sh": null, "name:sk": null, "name:sv": null, "name:sw": null, "name:tr": null, "name:uk": null, "name:ur": null, "name:vi": null, "name:war": null, "name:zh": null, "nat_name:af": null, "nat_name:ru": null, "old_name:fr": null, "old_name:pl": null, "old_name:sk": null, "alt_name:az": null, "alt_name:bg": null, "alt_name:hy": null, "alt_name:id": null, "alt_name:ko": null, "alt_name:pt": null, "alt_name:ro": null, "alt_name:sk": null, "alt_name:tr": null, "flag": null, "name:af": null, "name:az": null, "name:bg": null, "name:ceb": null, "name:da": null, "name:eu": null, "name:id": null, "name:lv": null, "name:rue": null, "name:sl": null, "name:io": null, "label": "natural:wood" }, "geometry": { "type": "MultiPolygon", "coordinates": [ [ [ [ 23.4099543, 40.1299897 ], [ 23.410384, 40.1300059 ], [ 23.4106672, 40.1299472 ], [ 23.4110461, 40.1298885 ], [ 23.4114489, 40.1298058 ], [ 23.4116879, 40.129746 ], [ 23.4119843, 40.1295107 ], [ 23.4122533, 40.1290797 ], [ 23.4125699, 40.1288132 ], [ 23.4126144, 40.1288164 ], [ 23.4126699, 40.128782 ], [ 23.4127478, 40.1287795 ], [ 23.4128146, 40.1287513 ], [ 23.4128608, 40.1287207 ], [ 23.4128359, 40.128687 ], [ 23.4127887, 40.128717 ], [ 23.412757, 40.1287021 ], [ 23.4127301, 40.1287178 ], [ 23.4127399, 40.1287368 ], [ 23.4127254, 40.1287476 ], [ 23.4127003, 40.1287198 ], [ 23.4127193, 40.1286978 ], [ 23.4127614, 40.1286884 ], [ 23.4127779, 40.1286682 ], [ 23.4128148, 40.1286476 ], [ 23.4128156, 40.1286346 ], [ 23.4128492, 40.1286144 ], [ 23.4128701, 40.1286272 ], [ 23.4129078, 40.1285981 ], [ 23.4129539, 40.1285838 ], [ 23.4130144, 40.1285888 ], [ 23.4130327, 40.1285972 ], [ 23.4130653, 40.1285903 ], [ 23.4130927, 40.1285698 ], [ 23.4131136, 40.1285384 ], [ 23.4131742, 40.1285374 ], [ 23.4132244, 40.128514 ], [ 23.413272, 40.1284776 ], [ 23.4133183, 40.1284461 ], [ 23.4133353, 40.1284332 ], [ 23.4133777, 40.1284322 ], [ 23.4134266, 40.1284352 ], [ 23.4137031, 40.1284186 ], [ 23.4139376, 40.1283668 ], [ 23.4141302, 40.1283691 ], [ 23.414282205656843, 40.128294747296842 ], [ 23.414282205656843, 40.126762321376873 ], [ 23.4141393, 40.1267727 ], [ 23.4137813, 40.1267717 ], [ 23.4134833, 40.1267027 ], [ 23.4131853, 40.1264727 ], [ 23.4130663, 40.1262247 ], [ 23.4129483, 40.1259947 ], [ 23.4127993, 40.1256977 ], [ 23.4127403, 40.1254457 ], [ 23.4125023, 40.1251707 ], [ 23.4121753, 40.1248277 ], [ 23.4117583, 40.1247367 ], [ 23.4114603, 40.1247127 ], [ 23.4110723, 40.1247387 ], [ 23.4107443, 40.1248277 ], [ 23.4102363, 40.1249427 ], [ 23.4099673, 40.1250547 ], [ 23.4096993, 40.1251937 ], [ 23.4092803, 40.1255117 ], [ 23.4089813, 40.1258567 ], [ 23.4086223, 40.1263107 ], [ 23.4085023, 40.1265617 ], [ 23.4083523, 40.1269307 ], [ 23.4083213, 40.1272267 ], [ 23.4083793, 40.1275467 ], [ 23.4084393, 40.1277717 ], [ 23.4084683, 40.1280237 ], [ 23.4085573, 40.1282537 ], [ 23.4086463, 40.1285507 ], [ 23.4087643, 40.1288257 ], [ 23.4089123, 40.1291907 ], [ 23.4090613, 40.1295327 ], [ 23.4092093, 40.1297627 ], [ 23.4094173, 40.1300607 ], [ 23.4099543, 40.1299897 ] ] ], [ [ [ 23.414274057754433, 40.116358048440368 ], [ 23.413363182148689, 40.116358048440368 ], [ 23.4133543, 40.1164397 ], [ 23.4130833, 40.1169377 ], [ 23.4128123, 40.1172587 ], [ 23.4120873, 40.1171377 ], [ 23.4120163, 40.1170877 ], [ 23.4116113, 40.1174627 ], [ 23.4115153, 40.1176767 ], [ 23.4104853, 40.1181017 ], [ 23.4096423, 40.1184557 ], [ 23.4089913, 40.1182377 ], [ 23.4090893, 40.1176647 ], [ 23.4088143, 40.1170187 ], [ 23.4098433, 40.1168087 ], [ 23.4105903, 40.1168127 ], [ 23.4112473, 40.1165417 ], [ 23.4112133, 40.1165167 ], [ 23.411163004080031, 40.116358048440368 ], [ 23.405083418090083, 40.116358048440368 ], [ 23.4046523, 40.1164177 ], [ 23.4040853, 40.1167397 ], [ 23.4037863, 40.1168967 ], [ 23.4033983, 40.1171017 ], [ 23.4029503, 40.1173077 ], [ 23.4024423, 40.1174907 ], [ 23.4021143, 40.1175837 ], [ 23.4015473, 40.1177397 ], [ 23.4011893, 40.1177877 ], [ 23.4008603, 40.1178767 ], [ 23.4005033, 40.1178537 ], [ 23.4002643, 40.1176947 ], [ 23.4001463, 40.1172857 ], [ 23.4001773, 40.1169657 ], [ 23.4002083, 40.1167137 ], [ 23.4002383, 40.1164397 ], [ 23.400284372980359, 40.116358048440368 ], [ 23.3882760285674, 40.116358048440368 ], [ 23.3885173, 40.1164107 ], [ 23.3889053, 40.1164567 ], [ 23.3895013, 40.1166167 ], [ 23.3898883, 40.1167307 ], [ 23.3901863, 40.1168667 ], [ 23.3904543, 40.1170017 ], [ 23.3908413, 40.1173677 ], [ 23.3907803, 40.1176417 ], [ 23.3904223, 40.1178027 ], [ 23.3899443, 40.1179637 ], [ 23.3895273, 40.1180567 ], [ 23.3890193, 40.1181447 ], [ 23.3886913, 40.1182377 ], [ 23.3883923, 40.1183497 ], [ 23.3881233, 40.1184657 ], [ 23.3879733, 40.1188297 ], [ 23.3878823, 40.1193107 ], [ 23.3878523, 40.1195397 ], [ 23.3878513, 40.1198367 ], [ 23.3878803, 40.1200617 ], [ 23.3879083, 40.1205437 ], [ 23.3879373, 40.1208177 ], [ 23.3879363, 40.1211377 ], [ 23.3878763, 40.1214347 ], [ 23.3876663, 40.1217307 ], [ 23.3872493, 40.1215717 ], [ 23.3869213, 40.1214357 ], [ 23.3866243, 40.1213177 ], [ 23.3863263, 40.1211597 ], [ 23.3859393, 40.1210007 ], [ 23.3855223, 40.1208367 ], [ 23.3851343, 40.1207007 ], [ 23.3847763, 40.1208837 ], [ 23.3847753, 40.1211587 ], [ 23.3850723, 40.1215917 ], [ 23.3853693, 40.1217997 ], [ 23.3856973, 40.1220257 ], [ 23.3859653, 40.1221887 ], [ 23.3864113, 40.1224597 ], [ 23.3867693, 40.1226677 ], [ 23.3869773, 40.1229207 ], [ 23.3876333, 40.1226887 ], [ 23.3879023, 40.1225097 ], [ 23.3882313, 40.1223937 ], [ 23.3885593, 40.1223497 ], [ 23.3888573, 40.1223237 ], [ 23.3890663, 40.1225087 ], [ 23.3892143, 40.1227837 ], [ 23.3892733, 40.1230357 ], [ 23.3894813, 40.1233567 ], [ 23.3897193, 40.1236267 ], [ 23.3900463, 40.1238347 ], [ 23.3903143, 40.1240607 ], [ 23.3906713, 40.1242687 ], [ 23.3910883, 40.1244507 ], [ 23.3914763, 40.1246137 ], [ 23.3917733, 40.1247497 ], [ 23.3921013, 40.1249077 ], [ 23.3924893, 40.1249097 ], [ 23.3928183, 40.1245907 ], [ 23.3928783, 40.1243167 ], [ 23.3927903, 40.1238577 ], [ 23.3926423, 40.1235827 ], [ 23.3925243, 40.1231947 ], [ 23.3925253, 40.1228987 ], [ 23.3926453, 40.1226237 ], [ 23.3929133, 40.1225127 ], [ 23.3932123, 40.1224417 ], [ 23.3935703, 40.1223977 ], [ 23.3941673, 40.1223277 ], [ 23.3944653, 40.1223287 ], [ 23.3948833, 40.1223527 ], [ 23.3951803, 40.1224437 ], [ 23.3953893, 40.1226507 ], [ 23.3954183, 40.1228757 ], [ 23.3950893, 40.1230817 ], [ 23.3947013, 40.1231757 ], [ 23.3942523, 40.1234937 ], [ 23.3941923, 40.1237447 ], [ 23.3943413, 40.1239747 ], [ 23.3945793, 40.1241327 ], [ 23.3949073, 40.1242687 ], [ 23.3952653, 40.1243157 ], [ 23.3956523, 40.1242937 ], [ 23.3960103, 40.1242957 ], [ 23.3965473, 40.1243647 ], [ 23.3968453, 40.1243207 ], [ 23.3969663, 40.1239747 ], [ 23.3972053, 40.1235437 ], [ 23.3973553, 40.1232917 ], [ 23.3975053, 40.1230627 ], [ 23.3977153, 40.1227217 ], [ 23.3979543, 40.1225377 ], [ 23.3982833, 40.1223097 ], [ 23.3986113, 40.1222657 ], [ 23.3989093, 40.1222397 ], [ 23.3994163, 40.1223307 ], [ 23.3998033, 40.1224447 ], [ 23.4000423, 40.1226297 ], [ 23.4001003, 40.1229047 ], [ 23.3998613, 40.1230887 ], [ 23.3995633, 40.1232227 ], [ 23.3992943, 40.1234057 ], [ 23.3989953, 40.1236567 ], [ 23.3989343, 40.1239757 ], [ 23.3990233, 40.1242287 ], [ 23.3993813, 40.1243647 ], [ 23.4000363, 40.1245737 ], [ 23.4006333, 40.1245707 ], [ 23.4010503, 40.1245727 ], [ 23.4013793, 40.1245737 ], [ 23.4017663, 40.1246417 ], [ 23.4022433, 40.1248237 ], [ 23.4025713, 40.1248917 ], [ 23.4029293, 40.1247087 ], [ 23.4030493, 40.1244567 ], [ 23.4031403, 40.1241827 ], [ 23.4032003, 40.1239587 ], [ 23.4032603, 40.1236837 ], [ 23.4033203, 40.1234547 ], [ 23.4034713, 40.1230187 ], [ 23.4036503, 40.1227447 ], [ 23.4040393, 40.1225387 ], [ 23.4043673, 40.1225177 ], [ 23.4049033, 40.1226547 ], [ 23.4052313, 40.1227677 ], [ 23.4056183, 40.1229537 ], [ 23.4059463, 40.1230217 ], [ 23.4065733, 40.1229747 ], [ 23.4068423, 40.1228177 ], [ 23.4071413, 40.1225397 ], [ 23.4073503, 40.1222657 ], [ 23.4075603, 40.1219027 ], [ 23.4075313, 40.1216507 ], [ 23.4074423, 40.1213977 ], [ 23.4069953, 40.1212837 ], [ 23.4066673, 40.1212157 ], [ 23.4065483, 40.1209407 ], [ 23.4067583, 40.1207167 ], [ 23.4072063, 40.1205107 ], [ 23.4075343, 40.1204177 ], [ 23.4080123, 40.1203017 ], [ 23.4083103, 40.1202357 ], [ 23.4086083, 40.1201467 ], [ 23.4088783, 40.1199857 ], [ 23.4090873, 40.1196437 ], [ 23.4090583, 40.1193467 ], [ 23.4090433, 40.1193017 ], [ 23.4093923, 40.1192667 ], [ 23.4097753, 40.1192397 ], [ 23.4104663, 40.1189497 ], [ 23.4113873, 40.1184847 ], [ 23.4124623, 40.1179907 ], [ 23.4128523, 40.1177947 ], [ 23.4131183, 40.1180457 ], [ 23.4135343, 40.1184337 ], [ 23.4142793, 40.1189577 ], [ 23.414282205656843, 40.118959467246512 ], [ 23.414282205656843, 40.116370596897667 ], [ 23.414274057754433, 40.116358048440368 ] ] ], [ [ [ 23.4031313, 40.1163947 ], [ 23.4035493, 40.1163967 ], [ 23.403613667935964, 40.116358048440368 ], [ 23.403087717963636, 40.116358048440368 ], [ 23.4031313, 40.1163947 ] ] ], [ [ [ 23.3837063, 40.1195357 ], [ 23.3840643, 40.1196937 ], [ 23.3847493, 40.1199487 ], [ 23.3851373, 40.1198327 ], [ 23.3854653, 40.1196497 ], [ 23.3858843, 40.1193087 ], [ 23.3860043, 40.1190347 ], [ 23.3860653, 40.1186927 ], [ 23.3860063, 40.1184407 ], [ 23.3858583, 40.1182107 ], [ 23.3855603, 40.1178907 ], [ 23.3853823, 40.1176877 ], [ 23.3851743, 40.1174567 ], [ 23.3849363, 40.1171817 ], [ 23.3848773, 40.1169567 ], [ 23.3849383, 40.1165657 ], [ 23.385043174525066, 40.116358048440368 ], [ 23.383451339603294, 40.116358048440368 ], [ 23.383451339603294, 40.119406434364699 ], [ 23.3837063, 40.1195357 ] ] ], [ [ [ 23.4141813, 40.1218827 ], [ 23.4135553, 40.1220197 ], [ 23.4129873, 40.1222027 ], [ 23.4124803, 40.1224307 ], [ 23.4121813, 40.1225197 ], [ 23.4115553, 40.1227017 ], [ 23.4109573, 40.1229117 ], [ 23.4103313, 40.1230667 ], [ 23.4098833, 40.1230927 ], [ 23.4095853, 40.1230697 ], [ 23.4091003, 40.1230367 ], [ 23.4094653, 40.1235237 ], [ 23.4097023, 40.1237987 ], [ 23.4099413, 40.1240067 ], [ 23.4104173, 40.1241657 ], [ 23.4108353, 40.1241217 ], [ 23.4111333, 40.1240507 ], [ 23.4115213, 40.1239847 ], [ 23.4118803, 40.1238907 ], [ 23.4123573, 40.1238027 ], [ 23.4128953, 40.1236197 ], [ 23.4131333, 40.1234587 ], [ 23.4134023, 40.1233197 ], [ 23.4137913, 40.1230467 ], [ 23.414282205656843, 40.122838270782573 ], [ 23.414282205656843, 40.121838388207976 ], [ 23.4141813, 40.1218827 ] ] ] ] } },
{ "type": "Feature", "properties": { "element": "way", "id": 138269480, "name": "'Αγ. Δημήτριος (Ν. Φώκαιας-Αφύτου)", "name:el": null, "name:en": null, "natural": null, "wikidata": null, "name:de": null, "tourism": "information", "alt_name": null, "wikipedia": null, "amenity": null, "name:mk": null, "seamark:harbour:category": null, "website": null, "leisure": "nature_reserve", "seamark:type": null, "check_date": null, "description": null, "name:ru": null, "religion": null, "addr:city": null, "cuisine": null, "payment:mastercard": null, "payment:visa": null, "shop": null, "internet_access": null, "internet_access:fee": null, "outdoor_seating": null, "wheelchair": null, "source": "http://geodata.gov.gr/", "air_conditioning": null, "bar": null, "payment:cash": null, "payment:credit_cards": null, "phone": null, "stars": null, "opening_hours": null, "dispensing": null, "healthcare": null, "denomination": null, "historic": null, "addr:street": null, "name:sr": null, "addr:postcode": null, "man_made": null, "drive_through": null, "laundry_service": null, "self_service": null, "name:fr": null, "sport": null, "leaf_type": null, "board_type": "wildlife", "boundary": "protected_area", "information": "board", "supervised": null, "surface": null, "access": null, "fee": null, "parking": null, "building": null, "ref": null, "landuse": null, "area": null, "castle_type": null, "historic:civilization": null, "start_date": null, "lifeguard": null, "type": null, "alt_name:af": null, "alt_name:de": null, "alt_name:en": null, "alt_name:es": null, "alt_name:et": null, "alt_name:hu": null, "alt_name:it": null, "alt_name:ka": null, "alt_name:mk": null, "alt_name:nl": null, "alt_name:no": null, "alt_name:pl": null, "alt_name:ru": null, "alt_name:sh": null, "alt_name:sr": null, "alt_name:sv": null, "alt_name:sw": null, "alt_name:vi": null, "loc_name:no": null, "loc_name:ru": null, "name:ar": null, "name:ca": null, "name:cs": null, "name:eo": null, "name:es": null, "name:et": null, "name:fa": null, "name:fi": null, "name:he": null, "name:hu": null, "name:hy": null, "name:it": null, "name:ja": null, "name:ka": null, "name:kk": null, "name:ko": null, "name:la": null, "name:nl": null, "name:nn": null, "name:no": null, "name:pl": null, "name:pt": null, "name:ro": null, "name:sh": null, "name:sk": null, "name:sv": null, "name:sw": null, "name:tr": null, "name:uk": null, "name:ur": null, "name:vi": null, "name:war": null, "name:zh": null, "nat_name:af": null, "nat_name:ru": null, "old_name:fr": null, "old_name:pl": null, "old_name:sk": null, "alt_name:az": null, "alt_name:bg": null, "alt_name:hy": null, "alt_name:id": null, "alt_name:ko": null, "alt_name:pt": null, "alt_name:ro": null, "alt_name:sk": null, "alt_name:tr": null, "flag": null, "name:af": null, "name:az": null, "name:bg": null, "name:ceb": null, "name:da": null, "name:eu": null, "name:id": null, "name:lv": null, "name:rue": null, "name:sl": null, "name:io": null, "label": "tourism:information;leisure:nature_reserve" }, "geometry": { "type": "Polygon", "coordinates": [ [ [ 23.3840751, 40.127893 ], [ 23.388963, 40.1277477 ], [ 23.3926312, 40.127812 ], [ 23.3949089, 40.127851 ], [ 23.3977041, 40.1274421 ], [ 23.4016092, 40.1265974 ], [ 23.4043002, 40.1266383 ], [ 23.4082125, 40.1264782 ], [ 23.4119833, 40.126083 ], [ 23.414282205656843, 40.125529854802615 ], [ 23.414282205656843, 40.116358048440368 ], [ 23.383451339603294, 40.116358048440368 ], [ 23.383451339603294, 40.127881402191491 ], [ 23.3840751, 40.127893 ] ] ] } },
{ "type": "Feature", "properties": { "element": "way", "id": 169388621, "name": null, "name:el": null, "name:en": null, "natural": "wood", "wikidata": null, "name:de": null, "tourism": null, "alt_name": null, "wikipedia": null, "amenity": null, "name:mk": null, "seamark:harbour:category": null, "website": null, "leisure": null, "seamark:type": null, "check_date": null, "description": null, "name:ru": null, "religion": null, "addr:city": null, "cuisine": null, "payment:mastercard": null, "payment:visa": null, "shop": null, "internet_access": null, "internet_access:fee": null, "outdoor_seating": null, "wheelchair": null, "source": "http://geodata.gov.gr/", "air_conditioning": null, "bar": null, "payment:cash": null, "payment:credit_cards": null, "phone": null, "stars": null, "opening_hours": null, "dispensing": null, "healthcare": null, "denomination": null, "historic": null, "addr:street": null, "name:sr": null, "addr:postcode": null, "man_made": null, "drive_through": null, "laundry_service": null, "self_service": null, "name:fr": null, "sport": null, "leaf_type": "needleleaved", "board_type": null, "boundary": null, "information": null, "supervised": null, "surface": null, "access": null, "fee": null, "parking": null, "building": null, "ref": null, "landuse": null, "area": null, "castle_type": null, "historic:civilization": null, "start_date": null, "lifeguard": null, "type": null, "alt_name:af": null, "alt_name:de": null, "alt_name:en": null, "alt_name:es": null, "alt_name:et": null, "alt_name:hu": null, "alt_name:it": null, "alt_name:ka": null, "alt_name:mk": null, "alt_name:nl": null, "alt_name:no": null, "alt_name:pl": null, "alt_name:ru": null, "alt_name:sh": null, "alt_name:sr": null, "alt_name:sv": null, "alt_name:sw": null, "alt_name:vi": null, "loc_name:no": null, "loc_name:ru": null, "name:ar": null, "name:ca": null, "name:cs": null, "name:eo": null, "name:es": null, "name:et": null, "name:fa": null, "name:fi": null, "name:he": null, "name:hu": null, "name:hy": null, "name:it": null, "name:ja": null, "name:ka": null, "name:kk": null, "name:ko": null, "name:la": null, "name:nl": null, "name:nn": null, "name:no": null, "name:pl": null, "name:pt": null, "name:ro": null, "name:sh": null, "name:sk": null, "name:sv": null, "name:sw": null, "name:tr": null, "name:uk": null, "name:ur": null, "name:vi": null, "name:war": null, "name:zh": null, "nat_name:af": null, "nat_name:ru": null, "old_name:fr": null, "old_name:pl": null, "old_name:sk": null, "alt_name:az": null, "alt_name:bg": null, "alt_name:hy": null, "alt_name:id": null, "alt_name:ko": null, "alt_name:pt": null, "alt_name:ro": null, "alt_name:sk": null, "alt_name:tr": null, "flag": null, "name:af": null, "name:az": null, "name:bg": null, "name:ceb": null, "name:da": null, "name:eu": null, "name:id": null, "name:lv": null, "name:rue": null, "name:sl": null, "name:io": null, "label": "natural:wood" }, "geometry": { "type": "Polygon", "coordinates": [ [ [ 23.383724, 40.138571 ], [ 23.3875614, 40.1382372 ], [ 23.3891225, 40.1380465 ], [ 23.3908796, 40.1386993 ], [ 23.39095517467247, 40.13878018913897 ], [ 23.396400901985857, 40.13878018913897 ], [ 23.396565, 40.138529 ], [ 23.396715, 40.1383 ], [ 23.396418, 40.138047 ], [ 23.39603, 40.138028 ], [ 23.395732, 40.137932 ], [ 23.395374, 40.137864 ], [ 23.395076, 40.137773 ], [ 23.394658, 40.137637 ], [ 23.394493, 40.137585 ], [ 23.394152, 40.137477 ], [ 23.393705, 40.137224 ], [ 23.3933663, 40.1370958 ], [ 23.3926157, 40.1369189 ], [ 23.392364, 40.136585 ], [ 23.391529, 40.136767 ], [ 23.39117, 40.136833 ], [ 23.390693, 40.136949 ], [ 23.390365, 40.137015 ], [ 23.389857, 40.137041 ], [ 23.389469, 40.136994 ], [ 23.38896, 40.1366534 ], [ 23.3884465, 40.1365107 ], [ 23.3877946, 40.1363358 ], [ 23.387294, 40.136168 ], [ 23.386937, 40.135897 ], [ 23.3863934, 40.1356974 ], [ 23.3862403, 40.1354874 ], [ 23.3860463, 40.1352543 ], [ 23.3855509, 40.1351292 ], [ 23.3849515, 40.1356894 ], [ 23.3844498, 40.1357887 ], [ 23.3840789, 40.1361094 ], [ 23.383705, 40.1365477 ], [ 23.3835928, 40.1366773 ], [ 23.3840996, 40.1372581 ], [ 23.383451339603294, 40.137797742533373 ], [ 23.383451339603294, 40.138558921281515 ], [ 23.383724, 40.138571 ] ] ] } },
{ "type": "Feature", "properties": { "element": "way", "id": 169410041, "name": null, "name:el": null, "name:en": null, "natural": "scrub", "wikidata": null, "name:de": null, "tourism": null, "alt_name": null, "wikipedia": null, "amenity": null, "name:mk": null, "seamark:harbour:category": null, "website": null, "leisure": null, "seamark:type": null, "check_date": null, "description": null, "name:ru": null, "religion": null, "addr:city": null, "cuisine": null, "payment:mastercard": null, "payment:visa": null, "shop": null, "internet_access": null, "internet_access:fee": null, "outdoor_seating": null, "wheelchair": null, "source": null, "air_conditioning": null, "bar": null, "payment:cash": null, "payment:credit_cards": null, "phone": null, "stars": null, "opening_hours": null, "dispensing": null, "healthcare": null, "denomination": null, "historic": null, "addr:street": null, "name:sr": null, "addr:postcode": null, "man_made": null, "drive_through": null, "laundry_service": null, "self_service": null, "name:fr": null, "sport": null, "leaf_type": null, "board_type": null, "boundary": null, "information": null, "supervised": null, "surface": null, "access": null, "fee": null, "parking": null, "building": null, "ref": null, "landuse": null, "area": null, "castle_type": null, "historic:civilization": null, "start_date": null, "lifeguard": null, "type": null, "alt_name:af": null, "alt_name:de": null, "alt_name:en": null, "alt_name:es": null, "alt_name:et": null, "alt_name:hu": null, "alt_name:it": null, "alt_name:ka": null, "alt_name:mk": null, "alt_name:nl": null, "alt_name:no": null, "alt_name:pl": null, "alt_name:ru": null, "alt_name:sh": null, "alt_name:sr": null, "alt_name:sv": null, "alt_name:sw": null, "alt_name:vi": null, "loc_name:no": null, "loc_name:ru": null, "name:ar": null, "name:ca": null, "name:cs": null, "name:eo": null, "name:es": null, "name:et": null, "name:fa": null, "name:fi": null, "name:he": null, "name:hu": null, "name:hy": null, "name:it": null, "name:ja": null, "name:ka": null, "name:kk": null, "name:ko": null, "name:la": null, "name:nl": null, "name:nn": null, "name:no": null, "name:pl": null, "name:pt": null, "name:ro": null, "name:sh": null, "name:sk": null, "name:sv": null, "name:sw": null, "name:tr": null, "name:uk": null, "name:ur": null, "name:vi": null, "name:war": null, "name:zh": null, "nat_name:af": null, "nat_name:ru": null, "old_name:fr": null, "old_name:pl": null, "old_name:sk": null, "alt_name:az": null, "alt_name:bg": null, "alt_name:hy": null, "alt_name:id": null, "alt_name:ko": null, "alt_name:pt": null, "alt_name:ro": null, "alt_name:sk": null, "alt_name:tr": null, "flag": null, "name:af": null, "name:az": null, "name:bg": null, "name:ceb": null, "name:da": null, "name:eu": null, "name:id": null, "name:lv": null, "name:rue": null, "name:sl": null, "name:io": null, "label": "natural:scrub" }, "geometry": { "type": "Polygon", "coordinates": [ [ [ 23.3972105, 40.136314 ], [ 23.3972956, 40.1363841 ], [ 23.3974191, 40.1364992 ], [ 23.3975451, 40.136614 ], [ 23.3977328, 40.1362529 ], [ 23.3978561, 40.1360335 ], [ 23.3976791, 40.1361093 ], [ 23.3975049, 40.1361731 ], [ 23.3973386, 40.1362162 ], [ 23.3971373, 40.1362549 ], [ 23.3972105, 40.136314 ] ] ] } },
{ "type": "Feature", "properties": { "element": "way", "id": 169410460, "name": null, "name:el": null, "name:en": null, "natural": null, "wikidata": null, "name:de": null, "tourism": null, "alt_name": null, "wikipedia": null, "amenity": null, "name:mk": null, "seamark:harbour:category": null, "website": null, "leisure": "pitch", "seamark:type": null, "check_date": null, "description": null, "name:ru": null, "religion": null, "addr:city": null, "cuisine": null, "payment:mastercard": null, "payment:visa": null, "shop": null, "internet_access": null, "internet_access:fee": null, "outdoor_seating": null, "wheelchair": null, "source": "Bing", "air_conditioning": null, "bar": null, "payment:cash": null, "payment:credit_cards": null, "phone": null, "stars": null, "opening_hours": null, "dispensing": null, "healthcare": null, "denomination": null, "historic": null, "addr:street": null, "name:sr": null, "addr:postcode": null, "man_made": null, "drive_through": null, "laundry_service": null, "self_service": null, "name:fr": null, "sport": "team_handball", "leaf_type": null, "board_type": null, "boundary": null, "information": null, "supervised": null, "surface": null, "access": null, "fee": null, "parking": null, "building": null, "ref": null, "landuse": null, "area": null, "castle_type": null, "historic:civilization": null, "start_date": null, "lifeguard": null, "type": null, "alt_name:af": null, "alt_name:de": null, "alt_name:en": null, "alt_name:es": null, "alt_name:et": null, "alt_name:hu": null, "alt_name:it": null, "alt_name:ka": null, "alt_name:mk": null, "alt_name:nl": null, "alt_name:no": null, "alt_name:pl": null, "alt_name:ru": null, "alt_name:sh": null, "alt_name:sr": null, "alt_name:sv": null, "alt_name:sw": null, "alt_name:vi": null, "loc_name:no": null, "loc_name:ru": null, "name:ar": null, "name:ca": null, "name:cs": null, "name:eo": null, "name:es": null, "name:et": null, "name:fa": null, "name:fi": null, "name:he": null, "name:hu": null, "name:hy": null, "name:it": null, "name:ja": null, "name:ka": null, "name:kk": null, "name:ko": null, "name:la": null, "name:nl": null, "name:nn": null, "name:no": null, "name:pl": null, "name:pt": null, "name:ro": null, "name:sh": null, "name:sk": null, "name:sv": null, "name:sw": null, "name:tr": null, "name:uk": null, "name:ur": null, "name:vi": null, "name:war": null, "name:zh": null, "nat_name:af": null, "nat_name:ru": null, "old_name:fr": null, "old_name:pl": null, "old_name:sk": null, "alt_name:az": null, "alt_name:bg": null, "alt_name:hy": null, "alt_name:id": null, "alt_name:ko": null, "alt_name:pt": null, "alt_name:ro": null, "alt_name:sk": null, "alt_name:tr": null, "flag": null, "name:af": null, "name:az": null, "name:bg": null, "name:ceb": null, "name:da": null, "name:eu": null, "name:id": null, "name:lv": null, "name:rue": null, "name:sl": null, "name:io": null, "label": "leisure:pitch" }, "geometry": { "type": "Polygon", "coordinates": [ [ [ 23.4138993, 40.1245212 ], [ 23.4138966, 40.1247027 ], [ 23.414282205656843, 40.124706039634965 ], [ 23.414282205656843, 40.124524516250936 ], [ 23.4138993, 40.1245212 ] ] ] } },
{ "type": "Feature", "properties": { "element": "way", "id": 169410467, "name": null, "name:el": null, "name:en": null, "natural": null, "wikidata": null, "name:de": null, "tourism": null, "alt_name": null, "wikipedia": null, "amenity": null, "name:mk": null, "seamark:harbour:category": null, "website": null, "leisure": "pitch", "seamark:type": null, "check_date": null, "description": null, "name:ru": null, "religion": null, "addr:city": null, "cuisine": null, "payment:mastercard": null, "payment:visa": null, "shop": null, "internet_access": null, "internet_access:fee": null, "outdoor_seating": null, "wheelchair": null, "source": "Bing", "air_conditioning": null, "bar": null, "payment:cash": null, "payment:credit_cards": null, "phone": null, "stars": null, "opening_hours": null, "dispensing": null, "healthcare": null, "denomination": null, "historic": null, "addr:street": null, "name:sr": null, "addr:postcode": null, "man_made": null, "drive_through": null, "laundry_service": null, "self_service": null, "name:fr": null, "sport": "team_handball", "leaf_type": null, "board_type": null, "boundary": null, "information": null, "supervised": null, "surface": null, "access": null, "fee": null, "parking": null, "building": null, "ref": null, "landuse": null, "area": null, "castle_type": null, "historic:civilization": null, "start_date": null, "lifeguard": null, "type": null, "alt_name:af": null, "alt_name:de": null, "alt_name:en": null, "alt_name:es": null, "alt_name:et": null, "alt_name:hu": null, "alt_name:it": null, "alt_name:ka": null, "alt_name:mk": null, "alt_name:nl": null, "alt_name:no": null, "alt_name:pl": null, "alt_name:ru": null, "alt_name:sh": null, "alt_name:sr": null, "alt_name:sv": null, "alt_name:sw": null, "alt_name:vi": null, "loc_name:no": null, "loc_name:ru": null, "name:ar": null, "name:ca": null, "name:cs": null, "name:eo": null, "name:es": null, "name:et": null, "name:fa": null, "name:fi": null, "name:he": null, "name:hu": null, "name:hy": null, "name:it": null, "name:ja": null, "name:ka": null, "name:kk": null, "name:ko": null, "name:la": null, "name:nl": null, "name:nn": null, "name:no": null, "name:pl": null, "name:pt": null, "name:ro": null, "name:sh": null, "name:sk": null, "name:sv": null, "name:sw": null, "name:tr": null, "name:uk": null, "name:ur": null, "name:vi": null, "name:war": null, "name:zh": null, "nat_name:af": null, "nat_name:ru": null, "old_name:fr": null, "old_name:pl": null, "old_name:sk": null, "alt_name:az": null, "alt_name:bg": null, "alt_name:hy": null, "alt_name:id": null, "alt_name:ko": null, "alt_name:pt": null, "alt_name:ro": null, "alt_name:sk": null, "alt_name:tr": null, "flag": null, "name:af": null, "name:az": null, "name:bg": null, "name:ceb": null, "name:da": null, "name:eu": null, "name:id": null, "name:lv": null, "name:rue": null, "name:sl": null, "name:io": null, "label": "leisure:pitch" }, "geometry": { "type": "Polygon", "coordinates": [ [ [ 23.4139071, 40.1243221 ], [ 23.4139048, 40.1245036 ], [ 23.414282205656843, 40.124506349473393 ], [ 23.414282205656843, 40.124324832717448 ], [ 23.4139071, 40.1243221 ] ] ] } },
{ "type": "Feature", "properties": { "element": "way", "id": 222632696, "name": null, "name:el": null, "name:en": null, "natural": "coastline", "wikidata": null, "name:de": null, "tourism": null, "alt_name": null, "wikipedia": null, "amenity": null, "name:mk": null, "seamark:harbour:category": null, "website": null, "leisure": null, "seamark:type": null, "check_date": null, "description": null, "name:ru": null, "religion": null, "addr:city": null, "cuisine": null, "payment:mastercard": null, "payment:visa": null, "shop": null, "internet_access": null, "internet_access:fee": null, "outdoor_seating": null, "wheelchair": null, "source": null, "air_conditioning": null, "bar": null, "payment:cash": null, "payment:credit_cards": null, "phone": null, "stars": null, "opening_hours": null, "dispensing": null, "healthcare": null, "denomination": null, "historic": null, "addr:street": null, "name:sr": null, "addr:postcode": null, "man_made": "breakwater", "drive_through": null, "laundry_service": null, "self_service": null, "name:fr": null, "sport": null, "leaf_type": null, "board_type": null, "boundary": null, "information": null, "supervised": null, "surface": null, "access": null, "fee": null, "parking": null, "building": null, "ref": null, "landuse": null, "area": null, "castle_type": null, "historic:civilization": null, "start_date": null, "lifeguard": null, "type": null, "alt_name:af": null, "alt_name:de": null, "alt_name:en": null, "alt_name:es": null, "alt_name:et": null, "alt_name:hu": null, "alt_name:it": null, "alt_name:ka": null, "alt_name:mk": null, "alt_name:nl": null, "alt_name:no": null, "alt_name:pl": null, "alt_name:ru": null, "alt_name:sh": null, "alt_name:sr": null, "alt_name:sv": null, "alt_name:sw": null, "alt_name:vi": null, "loc_name:no": null, "loc_name:ru": null, "name:ar": null, "name:ca": null, "name:cs": null, "name:eo": null, "name:es": null, "name:et": null, "name:fa": null, "name:fi": null, "name:he": null, "name:hu": null, "name:hy": null, "name:it": null, "name:ja": null, "name:ka": null, "name:kk": null, "name:ko": null, "name:la": null, "name:nl": null, "name:nn": null, "name:no": null, "name:pl": null, "name:pt": null, "name:ro": null, "name:sh": null, "name:sk": null, "name:sv": null, "name:sw": null, "name:tr": null, "name:uk": null, "name:ur": null, "name:vi": null, "name:war": null, "name:zh": null, "nat_name:af": null, "nat_name:ru": null, "old_name:fr": null, "old_name:pl": null, "old_name:sk": null, "alt_name:az": null, "alt_name:bg": null, "alt_name:hy": null, "alt_name:id": null, "alt_name:ko": null, "alt_name:pt": null, "alt_name:ro": null, "alt_name:sk": null, "alt_name:tr": null, "flag": null, "name:af": null, "name:az": null, "name:bg": null, "name:ceb": null, "name:da": null, "name:eu": null, "name:id": null, "name:lv": null, "name:rue": null, "name:sl": null, "name:io": null, "label": "natural:coastline" }, "geometry": { "type": "Polygon", "coordinates": [ [ [ 23.4020295, 40.1350078 ], [ 23.40207, 40.1350448 ], [ 23.4021567, 40.135057 ], [ 23.4023274, 40.1349836 ], [ 23.40288, 40.1346022 ], [ 23.4029858, 40.1343784 ], [ 23.4030527, 40.1342237 ], [ 23.4030616, 40.1341668 ], [ 23.4030099, 40.1341493 ], [ 23.4029712, 40.134147 ], [ 23.4027247, 40.1345241 ], [ 23.4023732, 40.1347674 ], [ 23.4020217, 40.1349672 ], [ 23.4020295, 40.1350078 ] ] ] } },
{ "type": "Feature", "properties": { "element": "way", "id": 239652297, "name": null, "name:el": null, "name:en": null, "natural": "beach", "wikidata": null, "name:de": null, "tourism": null, "alt_name": null, "wikipedia": null, "amenity": null, "name:mk": null, "seamark:harbour:category": null, "website": null, "leisure": null, "seamark:type": null, "check_date": null, "description": null, "name:ru": null, "religion": null, "addr:city": null, "cuisine": null, "payment:mastercard": null, "payment:visa": null, "shop": null, "internet_access": null, "internet_access:fee": null, "outdoor_seating": null, "wheelchair": null, "source": null, "air_conditioning": null, "bar": null, "payment:cash": null, "payment:credit_cards": null, "phone": null, "stars": null, "opening_hours": null, "dispensing": null, "healthcare": null, "denomination": null, "historic": null, "addr:street": null, "name:sr": null, "addr:postcode": null, "man_made": null, "drive_through": null, "laundry_service": null, "self_service": null, "name:fr": null, "sport": null, "leaf_type": null, "board_type": null, "boundary": null, "information": null, "supervised": null, "surface": null, "access": null, "fee": null, "parking": null, "building": null, "ref": null, "landuse": null, "area": null, "castle_type": null, "historic:civilization": null, "start_date": null, "lifeguard": null, "type": null, "alt_name:af": null, "alt_name:de": null, "alt_name:en": null, "alt_name:es": null, "alt_name:et": null, "alt_name:hu": null, "alt_name:it": null, "alt_name:ka": null, "alt_name:mk": null, "alt_name:nl": null, "alt_name:no": null, "alt_name:pl": null, "alt_name:ru": null, "alt_name:sh": null, "alt_name:sr": null, "alt_name:sv": null, "alt_name:sw": null, "alt_name:vi": null, "loc_name:no": null, "loc_name:ru": null, "name:ar": null, "name:ca": null, "name:cs": null, "name:eo": null, "name:es": null, "name:et": null, "name:fa": null, "name:fi": null, "name:he": null, "name:hu": null, "name:hy": null, "name:it": null, "name:ja": null, "name:ka": null, "name:kk": null, "name:ko": null, "name:la": null, "name:nl": null, "name:nn": null, "name:no": null, "name:pl": null, "name:pt": null, "name:ro": null, "name:sh": null, "name:sk": null, "name:sv": null, "name:sw": null, "name:tr": null, "name:uk": null, "name:ur": null, "name:vi": null, "name:war": null, "name:zh": null, "nat_name:af": null, "nat_name:ru": null, "old_name:fr": null, "old_name:pl": null, "old_name:sk": null, "alt_name:az": null, "alt_name:bg": null, "alt_name:hy": null, "alt_name:id": null, "alt_name:ko": null, "alt_name:pt": null, "alt_name:ro": null, "alt_name:sk": null, "alt_name:tr": null, "flag": null, "name:af": null, "name:az": null, "name:bg": null, "name:ceb": null, "name:da": null, "name:eu": null, "name:id": null, "name:lv": null, "name:rue": null, "name:sl": null, "name:io": null, "label": "natural:beach" }, "geometry": { "type": "Polygon", "coordinates": [ [ [ 23.4011393, 40.1338818 ], [ 23.4008874, 40.1340724 ], [ 23.4008792, 40.1341531 ], [ 23.4007898, 40.1342298 ], [ 23.4006544, 40.1343375 ], [ 23.4005677, 40.1344141 ], [ 23.4004837, 40.1344907 ], [ 23.4004323, 40.1345653 ], [ 23.4004424, 40.1346158 ], [ 23.4006087, 40.1344569 ], [ 23.4008849, 40.1342859 ], [ 23.4012821, 40.1340659 ], [ 23.4011393, 40.1338818 ] ] ] } },
{ "type": "Feature", "properties": { "element": "way", "id": 239652298, "name": null, "name:el": null, "name:en": "white sand", "natural": "beach", "wikidata": null, "name:de": null, "tourism": null, "alt_name": null, "wikipedia": null, "amenity": null, "name:mk": null, "seamark:harbour:category": null, "website": null, "leisure": null, "seamark:type": null, "check_date": null, "description": null, "name:ru": null, "religion": null, "addr:city": null, "cuisine": null, "payment:mastercard": null, "payment:visa": null, "shop": null, "internet_access": null, "internet_access:fee": null, "outdoor_seating": null, "wheelchair": null, "source": null, "air_conditioning": null, "bar": null, "payment:cash": null, "payment:credit_cards": null, "phone": null, "stars": null, "opening_hours": null, "dispensing": null, "healthcare": null, "denomination": null, "historic": null, "addr:street": null, "name:sr": null, "addr:postcode": null, "man_made": null, "drive_through": null, "laundry_service": null, "self_service": null, "name:fr": null, "sport": null, "leaf_type": null, "board_type": null, "boundary": null, "information": null, "supervised": null, "surface": null, "access": null, "fee": null, "parking": null, "building": null, "ref": null, "landuse": null, "area": null, "castle_type": null, "historic:civilization": null, "start_date": null, "lifeguard": null, "type": null, "alt_name:af": null, "alt_name:de": null, "alt_name:en": null, "alt_name:es": null, "alt_name:et": null, "alt_name:hu": null, "alt_name:it": null, "alt_name:ka": null, "alt_name:mk": null, "alt_name:nl": null, "alt_name:no": null, "alt_name:pl": null, "alt_name:ru": null, "alt_name:sh": null, "alt_name:sr": null, "alt_name:sv": null, "alt_name:sw": null, "alt_name:vi": null, "loc_name:no": null, "loc_name:ru": null, "name:ar": null, "name:ca": null, "name:cs": null, "name:eo": null, "name:es": null, "name:et": null, "name:fa": null, "name:fi": null, "name:he": null, "name:hu": null, "name:hy": null, "name:it": null, "name:ja": null, "name:ka": null, "name:kk": null, "name:ko": null, "name:la": null, "name:nl": null, "name:nn": null, "name:no": null, "name:pl": null, "name:pt": null, "name:ro": null, "name:sh": null, "name:sk": null, "name:sv": null, "name:sw": null, "name:tr": null, "name:uk": null, "name:ur": null, "name:vi": null, "name:war": null, "name:zh": null, "nat_name:af": null, "nat_name:ru": null, "old_name:fr": null, "old_name:pl": null, "old_name:sk": null, "alt_name:az": null, "alt_name:bg": null, "alt_name:hy": null, "alt_name:id": null, "alt_name:ko": null, "alt_name:pt": null, "alt_name:ro": null, "alt_name:sk": null, "alt_name:tr": null, "flag": null, "name:af": null, "name:az": null, "name:bg": null, "name:ceb": null, "name:da": null, "name:eu": null, "name:id": null, "name:lv": null, "name:rue": null, "name:sl": null, "name:io": null, "label": "natural:beach" }, "geometry": { "type": "Polygon", "coordinates": [ [ [ 23.4015871, 40.1338257 ], [ 23.4016907, 40.1337603 ], [ 23.4018979, 40.1336799 ], [ 23.402166, 40.1336233 ], [ 23.4025935, 40.1336396 ], [ 23.4028369, 40.1336862 ], [ 23.4028134, 40.1336105 ], [ 23.4027132, 40.1335587 ], [ 23.4024694, 40.1335049 ], [ 23.4022391, 40.1334966 ], [ 23.4018382, 40.1335194 ], [ 23.4015998, 40.1335463 ], [ 23.4014671, 40.1335939 ], [ 23.4011688, 40.1338437 ], [ 23.4013077, 40.1340299 ], [ 23.4015871, 40.1338257 ] ] ] } },
{ "type": "Feature", "properties": { "element": "way", "id": 239652299, "name": null, "name:el": null, "name:en": null, "natural": "beach", "wikidata": null, "name:de": null, "tourism": null, "alt_name": null, "wikipedia": null, "amenity": null, "name:mk": null, "seamark:harbour:category": null, "website": null, "leisure": null, "seamark:type": null, "check_date": null, "description": null, "name:ru": null, "religion": null, "addr:city": null, "cuisine": null, "payment:mastercard": null, "payment:visa": null, "shop": null, "internet_access": null, "internet_access:fee": null, "outdoor_seating": null, "wheelchair": null, "source": null, "air_conditioning": null, "bar": null, "payment:cash": null, "payment:credit_cards": null, "phone": null, "stars": null, "opening_hours": null, "dispensing": null, "healthcare": null, "denomination": null, "historic": null, "addr:street": null, "name:sr": null, "addr:postcode": null, "man_made": null, "drive_through": null, "laundry_service": null, "self_service": null, "name:fr": null, "sport": null, "leaf_type": null, "board_type": null, "boundary": null, "information": null, "supervised": "no", "surface": "unpaved", "access": null, "fee": null, "parking": null, "building": null, "ref": null, "landuse": null, "area": null, "castle_type": null, "historic:civilization": null, "start_date": null, "lifeguard": null, "type": null, "alt_name:af": null, "alt_name:de": null, "alt_name:en": null, "alt_name:es": null, "alt_name:et": null, "alt_name:hu": null, "alt_name:it": null, "alt_name:ka": null, "alt_name:mk": null, "alt_name:nl": null, "alt_name:no": null, "alt_name:pl": null, "alt_name:ru": null, "alt_name:sh": null, "alt_name:sr": null, "alt_name:sv": null, "alt_name:sw": null, "alt_name:vi": null, "loc_name:no": null, "loc_name:ru": null, "name:ar": null, "name:ca": null, "name:cs": null, "name:eo": null, "name:es": null, "name:et": null, "name:fa": null, "name:fi": null, "name:he": null, "name:hu": null, "name:hy": null, "name:it": null, "name:ja": null, "name:ka": null, "name:kk": null, "name:ko": null, "name:la": null, "name:nl": null, "name:nn": null, "name:no": null, "name:pl": null, "name:pt": null, "name:ro": null, "name:sh": null, "name:sk": null, "name:sv": null, "name:sw": null, "name:tr": null, "name:uk": null, "name:ur": null, "name:vi": null, "name:war": null, "name:zh": null, "nat_name:af": null, "nat_name:ru": null, "old_name:fr": null, "old_name:pl": null, "old_name:sk": null, "alt_name:az": null, "alt_name:bg": null, "alt_name:hy": null, "alt_name:id": null, "alt_name:ko": null, "alt_name:pt": null, "alt_name:ro": null, "alt_name:sk": null, "alt_name:tr": null, "flag": null, "name:af": null, "name:az": null, "name:bg": null, "name:ceb": null, "name:da": null, "name:eu": null, "name:id": null, "name:lv": null, "name:rue": null, "name:sl": null, "name:io": null, "label": "natural:beach" }, "geometry": { "type": "Polygon", "coordinates": [ [ [ 23.3977243, 40.1379745 ], [ 23.3979611, 40.1380474 ], [ 23.3981321, 40.1381153 ], [ 23.3979249, 40.1379368 ], [ 23.3979151, 40.1377834 ], [ 23.3980663, 40.1373862 ], [ 23.3983327, 40.1368079 ], [ 23.3985893, 40.136315 ], [ 23.398711, 40.1362597 ], [ 23.3987932, 40.1363075 ], [ 23.3988031, 40.1362094 ], [ 23.3988708, 40.1361183 ], [ 23.3991648, 40.1357971 ], [ 23.3993457, 40.1356361 ], [ 23.399307, 40.1356164 ], [ 23.3990656, 40.1357775 ], [ 23.3986902, 40.136047 ], [ 23.3983761, 40.1363077 ], [ 23.398196, 40.1364688 ], [ 23.3980466, 40.1366855 ], [ 23.3979202, 40.1370487 ], [ 23.3978052, 40.1373035 ], [ 23.3977286, 40.1376374 ], [ 23.397606, 40.1379127 ], [ 23.3975862, 40.1380424 ], [ 23.3977243, 40.1379745 ] ] ] } },
{ "type": "Feature", "properties": { "element": "way", "id": 287832387, "name": null, "name:el": null, "name:en": null, "natural": null, "wikidata": null, "name:de": null, "tourism": null, "alt_name": null, "wikipedia": null, "amenity": null, "name:mk": null, "seamark:harbour:category": null, "website": null, "leisure": "pitch", "seamark:type": null, "check_date": null, "description": null, "name:ru": null, "religion": null, "addr:city": null, "cuisine": null, "payment:mastercard": null, "payment:visa": null, "shop": null, "internet_access": null, "internet_access:fee": null, "outdoor_seating": null, "wheelchair": null, "source": null, "air_conditioning": null, "bar": null, "payment:cash": null, "payment:credit_cards": null, "phone": null, "stars": null, "opening_hours": null, "dispensing": null, "healthcare": null, "denomination": null, "historic": null, "addr:street": null, "name:sr": null, "addr:postcode": null, "man_made": null, "drive_through": null, "laundry_service": null, "self_service": null, "name:fr": null, "sport": "soccer", "leaf_type": null, "board_type": null, "boundary": null, "information": null, "supervised": null, "surface": null, "access": null, "fee": null, "parking": null, "building": null, "ref": null, "landuse": null, "area": null, "castle_type": null, "historic:civilization": null, "start_date": null, "lifeguard": null, "type": null, "alt_name:af": null, "alt_name:de": null, "alt_name:en": null, "alt_name:es": null, "alt_name:et": null, "alt_name:hu": null, "alt_name:it": null, "alt_name:ka": null, "alt_name:mk": null, "alt_name:nl": null, "alt_name:no": null, "alt_name:pl": null, "alt_name:ru": null, "alt_name:sh": null, "alt_name:sr": null, "alt_name:sv": null, "alt_name:sw": null, "alt_name:vi": null, "loc_name:no": null, "loc_name:ru": null, "name:ar": null, "name:ca": null, "name:cs": null, "name:eo": null, "name:es": null, "name:et": null, "name:fa": null, "name:fi": null, "name:he": null, "name:hu": null, "name:hy": null, "name:it": null, "name:ja": null, "name:ka": null, "name:kk": null, "name:ko": null, "name:la": null, "name:nl": null, "name:nn": null, "name:no": null, "name:pl": null, "name:pt": null, "name:ro": null, "name:sh": null, "name:sk": null, "name:sv": null, "name:sw": null, "name:tr": null, "name:uk": null, "name:ur": null, "name:vi": null, "name:war": null, "name:zh": null, "nat_name:af": null, "nat_name:ru": null, "old_name:fr": null, "old_name:pl": null, "old_name:sk": null, "alt_name:az": null, "alt_name:bg": null, "alt_name:hy": null, "alt_name:id": null, "alt_name:ko": null, "alt_name:pt": null, "alt_name:ro": null, "alt_name:sk": null, "alt_name:tr": null, "flag": null, "name:af": null, "name:az": null, "name:bg": null, "name:ceb": null, "name:da": null, "name:eu": null, "name:id": null, "name:lv": null, "name:rue": null, "name:sl": null, "name:io": null, "label": "sport:soccer;leisure:pitch" }, "geometry": { "type": "Polygon", "coordinates": [ [ [ 23.4138586, 40.1247837 ], [ 23.4131227, 40.1247784 ], [ 23.4131179, 40.1251598 ], [ 23.4138538, 40.1251652 ], [ 23.4138586, 40.1247837 ] ] ] } },
{ "type": "Feature", "properties": { "element": "way", "id": 444132168, "name": null, "name:el": null, "name:en": null, "natural": null, "wikidata": null, "name:de": null, "tourism": null, "alt_name": null, "wikipedia": null, "amenity": "parking", "name:mk": null, "seamark:harbour:category": null, "website": null, "leisure": null, "seamark:type": null, "check_date": null, "description": null, "name:ru": null, "religion": null, "addr:city": null, "cuisine": null, "payment:mastercard": null, "payment:visa": null, "shop": null, "internet_access": null, "internet_access:fee": null, "outdoor_seating": null, "wheelchair": null, "source": null, "air_conditioning": null, "bar": null, "payment:cash": null, "payment:credit_cards": null, "phone": null, "stars": null, "opening_hours": null, "dispensing": null, "healthcare": null, "denomination": null, "historic": null, "addr:street": null, "name:sr": null, "addr:postcode": null, "man_made": null, "drive_through": null, "laundry_service": null, "self_service": null, "name:fr": null, "sport": null, "leaf_type": null, "board_type": null, "boundary": null, "information": null, "supervised": null, "surface": "ground", "access": null, "fee": null, "parking": null, "building": null, "ref": null, "landuse": null, "area": null, "castle_type": null, "historic:civilization": null, "start_date": null, "lifeguard": null, "type": null, "alt_name:af": null, "alt_name:de": null, "alt_name:en": null, "alt_name:es": null, "alt_name:et": null, "alt_name:hu": null, "alt_name:it": null, "alt_name:ka": null, "alt_name:mk": null, "alt_name:nl": null, "alt_name:no": null, "alt_name:pl": null, "alt_name:ru": null, "alt_name:sh": null, "alt_name:sr": null, "alt_name:sv": null, "alt_name:sw": null, "alt_name:vi": null, "loc_name:no": null, "loc_name:ru": null, "name:ar": null, "name:ca": null, "name:cs": null, "name:eo": null, "name:es": null, "name:et": null, "name:fa": null, "name:fi": null, "name:he": null, "name:hu": null, "name:hy": null, "name:it": null, "name:ja": null, "name:ka": null, "name:kk": null, "name:ko": null, "name:la": null, "name:nl": null, "name:nn": null, "name:no": null, "name:pl": null, "name:pt": null, "name:ro": null, "name:sh": null, "name:sk": null, "name:sv": null, "name:sw": null, "name:tr": null, "name:uk": null, "name:ur": null, "name:vi": null, "name:war": null, "name:zh": null, "nat_name:af": null, "nat_name:ru": null, "old_name:fr": null, "old_name:pl": null, "old_name:sk": null, "alt_name:az": null, "alt_name:bg": null, "alt_name:hy": null, "alt_name:id": null, "alt_name:ko": null, "alt_name:pt": null, "alt_name:ro": null, "alt_name:sk": null, "alt_name:tr": null, "flag": null, "name:af": null, "name:az": null, "name:bg": null, "name:ceb": null, "name:da": null, "name:eu": null, "name:id": null, "name:lv": null, "name:rue": null, "name:sl": null, "name:io": null, "label": "amenity:parking" }, "geometry": { "type": "Polygon", "coordinates": [ [ [ 23.3978855, 40.1366765 ], [ 23.3978321, 40.1368718 ], [ 23.3979433, 40.1369546 ], [ 23.3980214, 40.1366925 ], [ 23.3978855, 40.1366765 ] ] ] } },
{ "type": "Feature", "properties": { "element": "way", "id": 444132169, "name": null, "name:el": null, "name:en": null, "natural": null, "wikidata": null, "name:de": null, "tourism": null, "alt_name": null, "wikipedia": null, "amenity": "parking", "name:mk": null, "seamark:harbour:category": null, "website": null, "leisure": null, "seamark:type": null, "check_date": null, "description": null, "name:ru": null, "religion": null, "addr:city": null, "cuisine": null, "payment:mastercard": null, "payment:visa": null, "shop": null, "internet_access": null, "internet_access:fee": null, "outdoor_seating": null, "wheelchair": null, "source": null, "air_conditioning": null, "bar": null, "payment:cash": null, "payment:credit_cards": null, "phone": null, "stars": null, "opening_hours": null, "dispensing": null, "healthcare": null, "denomination": null, "historic": null, "addr:street": null, "name:sr": null, "addr:postcode": null, "man_made": null, "drive_through": null, "laundry_service": null, "self_service": null, "name:fr": null, "sport": null, "leaf_type": null, "board_type": null, "boundary": null, "information": null, "supervised": null, "surface": null, "access": "yes", "fee": "no", "parking": "surface", "building": null, "ref": null, "landuse": null, "area": null, "castle_type": null, "historic:civilization": null, "start_date": null, "lifeguard": null, "type": null, "alt_name:af": null, "alt_name:de": null, "alt_name:en": null, "alt_name:es": null, "alt_name:et": null, "alt_name:hu": null, "alt_name:it": null, "alt_name:ka": null, "alt_name:mk": null, "alt_name:nl": null, "alt_name:no": null, "alt_name:pl": null, "alt_name:ru": null, "alt_name:sh": null, "alt_name:sr": null, "alt_name:sv": null, "alt_name:sw": null, "alt_name:vi": null, "loc_name:no": null, "loc_name:ru": null, "name:ar": null, "name:ca": null, "name:cs": null, "name:eo": null, "name:es": null, "name:et": null, "name:fa": null, "name:fi": null, "name:he": null, "name:hu": null, "name:hy": null, "name:it": null, "name:ja": null, "name:ka": null, "name:kk": null, "name:ko": null, "name:la": null, "name:nl": null, "name:nn": null, "name:no": null, "name:pl": null, "name:pt": null, "name:ro": null, "name:sh": null, "name:sk": null, "name:sv": null, "name:sw": null, "name:tr": null, "name:uk": null, "name:ur": null, "name:vi": null, "name:war": null, "name:zh": null, "nat_name:af": null, "nat_name:ru": null, "old_name:fr": null, "old_name:pl": null, "old_name:sk": null, "alt_name:az": null, "alt_name:bg": null, "alt_name:hy": null, "alt_name:id": null, "alt_name:ko": null, "alt_name:pt": null, "alt_name:ro": null, "alt_name:sk": null, "alt_name:tr": null, "flag": null, "name:af": null, "name:az": null, "name:bg": null, "name:ceb": null, "name:da": null, "name:eu": null, "name:id": null, "name:lv": null, "name:rue": null, "name:sl": null, "name:io": null, "label": "amenity:parking" }, "geometry": { "type": "Polygon", "coordinates": [ [ [ 23.4014529, 40.1335872 ], [ 23.4013429, 40.133499 ], [ 23.4012018, 40.1335189 ], [ 23.400946, 40.1337492 ], [ 23.401123, 40.1338701 ], [ 23.4014529, 40.1335872 ] ] ] } },
{ "type": "Feature", "properties": { "element": "way", "id": 497700802, "name": "12 Απόστολοι", "name:el": null, "name:en": null, "natural": null, "wikidata": null, "name:de": null, "tourism": null, "alt_name": null, "wikipedia": null, "amenity": "place_of_worship", "name:mk": null, "seamark:harbour:category": null, "website": null, "leisure": null, "seamark:type": null, "check_date": "2024-09-19", "description": null, "name:ru": null, "religion": "christian", "addr:city": null, "cuisine": null, "payment:mastercard": null, "payment:visa": null, "shop": null, "internet_access": null, "internet_access:fee": null, "outdoor_seating": null, "wheelchair": null, "source": null, "air_conditioning": null, "bar": null, "payment:cash": null, "payment:credit_cards": null, "phone": null, "stars": null, "opening_hours": null, "dispensing": null, "healthcare": null, "denomination": null, "historic": null, "addr:street": null, "name:sr": null, "addr:postcode": null, "man_made": null, "drive_through": null, "laundry_service": null, "self_service": null, "name:fr": null, "sport": null, "leaf_type": null, "board_type": null, "boundary": null, "information": null, "supervised": null, "surface": null, "access": null, "fee": null, "parking": null, "building": "yes", "ref": null, "landuse": null, "area": null, "castle_type": null, "historic:civilization": null, "start_date": null, "lifeguard": null, "type": null, "alt_name:af": null, "alt_name:de": null, "alt_name:en": null, "alt_name:es": null, "alt_name:et": null, "alt_name:hu": null, "alt_name:it": null, "alt_name:ka": null, "alt_name:mk": null, "alt_name:nl": null, "alt_name:no": null, "alt_name:pl": null, "alt_name:ru": null, "alt_name:sh": null, "alt_name:sr": null, "alt_name:sv": null, "alt_name:sw": null, "alt_name:vi": null, "loc_name:no": null, "loc_name:ru": null, "name:ar": null, "name:ca": null, "name:cs": null, "name:eo": null, "name:es": null, "name:et": null, "name:fa": null, "name:fi": null, "name:he": null, "name:hu": null, "name:hy": null, "name:it": null, "name:ja": null, "name:ka": null, "name:kk": null, "name:ko": null, "name:la": null, "name:nl": null, "name:nn": null, "name:no": null, "name:pl": null, "name:pt": null, "name:ro": null, "name:sh": null, "name:sk": null, "name:sv": null, "name:sw": null, "name:tr": null, "name:uk": null, "name:ur": null, "name:vi": null, "name:war": null, "name:zh": null, "nat_name:af": null, "nat_name:ru": null, "old_name:fr": null, "old_name:pl": null, "old_name:sk": null, "alt_name:az": null, "alt_name:bg": null, "alt_name:hy": null, "alt_name:id": null, "alt_name:ko": null, "alt_name:pt": null, "alt_name:ro": null, "alt_name:sk": null, "alt_name:tr": null, "flag": null, "name:af": null, "name:az": null, "name:bg": null, "name:ceb": null, "name:da": null, "name:eu": null, "name:id": null, "name:lv": null, "name:rue": null, "name:sl": null, "name:io": null, "label": "building:yes;amenity:place_of_worship" }, "geometry": { "type": "Polygon", "coordinates": [ [ [ 23.4034779, 40.1335342 ], [ 23.4034779, 40.1334733 ], [ 23.4033421, 40.1334733 ], [ 23.403342, 40.1335341 ], [ 23.4034779, 40.1335342 ] ] ] } },
{ "type": "Feature", "properties": { "element": "way", "id": 497701806, "name": null, "name:el": null, "name:en": null, "natural": null, "wikidata": null, "name:de": null, "tourism": null, "alt_name": null, "wikipedia": null, "amenity": null, "name:mk": null, "seamark:harbour:category": null, "website": null, "leisure": null, "seamark:type": null, "check_date": null, "description": null, "name:ru": null, "religion": null, "addr:city": null, "cuisine": null, "payment:mastercard": null, "payment:visa": null, "shop": null, "internet_access": null, "internet_access:fee": null, "outdoor_seating": null, "wheelchair": null, "source": null, "air_conditioning": null, "bar": null, "payment:cash": null, "payment:credit_cards": null, "phone": null, "stars": null, "opening_hours": null, "dispensing": null, "healthcare": null, "denomination": null, "historic": null, "addr:street": null, "name:sr": null, "addr:postcode": null, "man_made": null, "drive_through": null, "laundry_service": null, "self_service": null, "name:fr": null, "sport": null, "leaf_type": null, "board_type": null, "boundary": null, "information": null, "supervised": null, "surface": null, "access": null, "fee": null, "parking": null, "building": "yes", "ref": null, "landuse": null, "area": null, "castle_type": null, "historic:civilization": null, "start_date": null, "lifeguard": null, "type": null, "alt_name:af": null, "alt_name:de": null, "alt_name:en": null, "alt_name:es": null, "alt_name:et": null, "alt_name:hu": null, "alt_name:it": null, "alt_name:ka": null, "alt_name:mk": null, "alt_name:nl": null, "alt_name:no": null, "alt_name:pl": null, "alt_name:ru": null, "alt_name:sh": null, "alt_name:sr": null, "alt_name:sv": null, "alt_name:sw": null, "alt_name:vi": null, "loc_name:no": null, "loc_name:ru": null, "name:ar": null, "name:ca": null, "name:cs": null, "name:eo": null, "name:es": null, "name:et": null, "name:fa": null, "name:fi": null, "name:he": null, "name:hu": null, "name:hy": null, "name:it": null, "name:ja": null, "name:ka": null, "name:kk": null, "name:ko": null, "name:la": null, "name:nl": null, "name:nn": null, "name:no": null, "name:pl": null, "name:pt": null, "name:ro": null, "name:sh": null, "name:sk": null, "name:sv": null, "name:sw": null, "name:tr": null, "name:uk": null, "name:ur": null, "name:vi": null, "name:war": null, "name:zh": null, "nat_name:af": null, "nat_name:ru": null, "old_name:fr": null, "old_name:pl": null, "old_name:sk": null, "alt_name:az": null, "alt_name:bg": null, "alt_name:hy": null, "alt_name:id": null, "alt_name:ko": null, "alt_name:pt": null, "alt_name:ro": null, "alt_name:sk": null, "alt_name:tr": null, "flag": null, "name:af": null, "name:az": null, "name:bg": null, "name:ceb": null, "name:da": null, "name:eu": null, "name:id": null, "name:lv": null, "name:rue": null, "name:sl": null, "name:io": null, "label": "building:yes" }, "geometry": { "type": "Polygon", "coordinates": [ [ [ 23.4036774, 40.1333854 ], [ 23.4036871, 40.1332133 ], [ 23.4035746, 40.1332133 ], [ 23.4035668, 40.1333854 ], [ 23.4036774, 40.1333854 ] ] ] } },
{ "type": "Feature", "properties": { "element": "way", "id": 655475109, "name": null, "name:el": null, "name:en": null, "natural": null, "wikidata": null, "name:de": null, "tourism": null, "alt_name": null, "wikipedia": null, "amenity": null, "name:mk": null, "seamark:harbour:category": null, "website": null, "leisure": "pitch", "seamark:type": null, "check_date": null, "description": null, "name:ru": null, "religion": null, "addr:city": null, "cuisine": null, "payment:mastercard": null, "payment:visa": null, "shop": null, "internet_access": null, "internet_access:fee": null, "outdoor_seating": null, "wheelchair": null, "source": null, "air_conditioning": null, "bar": null, "payment:cash": null, "payment:credit_cards": null, "phone": null, "stars": null, "opening_hours": null, "dispensing": null, "healthcare": null, "denomination": null, "historic": null, "addr:street": null, "name:sr": null, "addr:postcode": null, "man_made": null, "drive_through": null, "laundry_service": null, "self_service": null, "name:fr": null, "sport": "volleyball", "leaf_type": null, "board_type": null, "boundary": null, "information": null, "supervised": null, "surface": null, "access": null, "fee": null, "parking": null, "building": null, "ref": null, "landuse": null, "area": null, "castle_type": null, "historic:civilization": null, "start_date": null, "lifeguard": null, "type": null, "alt_name:af": null, "alt_name:de": null, "alt_name:en": null, "alt_name:es": null, "alt_name:et": null, "alt_name:hu": null, "alt_name:it": null, "alt_name:ka": null, "alt_name:mk": null, "alt_name:nl": null, "alt_name:no": null, "alt_name:pl": null, "alt_name:ru": null, "alt_name:sh": null, "alt_name:sr": null, "alt_name:sv": null, "alt_name:sw": null, "alt_name:vi": null, "loc_name:no": null, "loc_name:ru": null, "name:ar": null, "name:ca": null, "name:cs": null, "name:eo": null, "name:es": null, "name:et": null, "name:fa": null, "name:fi": null, "name:he": null, "name:hu": null, "name:hy": null, "name:it": null, "name:ja": null, "name:ka": null, "name:kk": null, "name:ko": null, "name:la": null, "name:nl": null, "name:nn": null, "name:no": null, "name:pl": null, "name:pt": null, "name:ro": null, "name:sh": null, "name:sk": null, "name:sv": null, "name:sw": null, "name:tr": null, "name:uk": null, "name:ur": null, "name:vi": null, "name:war": null, "name:zh": null, "nat_name:af": null, "nat_name:ru": null, "old_name:fr": null, "old_name:pl": null, "old_name:sk": null, "alt_name:az": null, "alt_name:bg": null, "alt_name:hy": null, "alt_name:id": null, "alt_name:ko": null, "alt_name:pt": null, "alt_name:ro": null, "alt_name:sk": null, "alt_name:tr": null, "flag": null, "name:af": null, "name:az": null, "name:bg": null, "name:ceb": null, "name:da": null, "name:eu": null, "name:id": null, "name:lv": null, "name:rue": null, "name:sl": null, "name:io": null, "label": "sport:volleyball;leisure:pitch" }, "geometry": { "type": "Polygon", "coordinates": [ [ [ 23.3937567, 40.1313165 ], [ 23.3938252, 40.1313539 ], [ 23.3938973, 40.1312768 ], [ 23.3938289, 40.1312394 ], [ 23.3937567, 40.1313165 ] ] ] } },
{ "type": "Feature", "properties": { "element": "way", "id": 655475110, "name": null, "name:el": null, "name:en": null, "natural": null, "wikidata": null, "name:de": null, "tourism": null, "alt_name": null, "wikipedia": null, "amenity": null, "name:mk": null, "seamark:harbour:category": null, "website": null, "leisure": "pitch", "seamark:type": null, "check_date": null, "description": null, "name:ru": null, "religion": null, "addr:city": null, "cuisine": null, "payment:mastercard": null, "payment:visa": null, "shop": null, "internet_access": null, "internet_access:fee": null, "outdoor_seating": null, "wheelchair": null, "source": null, "air_conditioning": null, "bar": null, "payment:cash": null, "payment:credit_cards": null, "phone": null, "stars": null, "opening_hours": null, "dispensing": null, "healthcare": null, "denomination": null, "historic": null, "addr:street": null, "name:sr": null, "addr:postcode": null, "man_made": null, "drive_through": null, "laundry_service": null, "self_service": null, "name:fr": null, "sport": null, "leaf_type": null, "board_type": null, "boundary": null, "information": null, "supervised": null, "surface": null, "access": null, "fee": null, "parking": null, "building": null, "ref": null, "landuse": null, "area": null, "castle_type": null, "historic:civilization": null, "start_date": null, "lifeguard": null, "type": null, "alt_name:af": null, "alt_name:de": null, "alt_name:en": null, "alt_name:es": null, "alt_name:et": null, "alt_name:hu": null, "alt_name:it": null, "alt_name:ka": null, "alt_name:mk": null, "alt_name:nl": null, "alt_name:no": null, "alt_name:pl": null, "alt_name:ru": null, "alt_name:sh": null, "alt_name:sr": null, "alt_name:sv": null, "alt_name:sw": null, "alt_name:vi": null, "loc_name:no": null, "loc_name:ru": null, "name:ar": null, "name:ca": null, "name:cs": null, "name:eo": null, "name:es": null, "name:et": null, "name:fa": null, "name:fi": null, "name:he": null, "name:hu": null, "name:hy": null, "name:it": null, "name:ja": null, "name:ka": null, "name:kk": null, "name:ko": null, "name:la": null, "name:nl": null, "name:nn": null, "name:no": null, "name:pl": null, "name:pt": null, "name:ro": null, "name:sh": null, "name:sk": null, "name:sv": null, "name:sw": null, "name:tr": null, "name:uk": null, "name:ur": null, "name:vi": null, "name:war": null, "name:zh": null, "nat_name:af": null, "nat_name:ru": null, "old_name:fr": null, "old_name:pl": null, "old_name:sk": null, "alt_name:az": null, "alt_name:bg": null, "alt_name:hy": null, "alt_name:id": null, "alt_name:ko": null, "alt_name:pt": null, "alt_name:ro": null, "alt_name:sk": null, "alt_name:tr": null, "flag": null, "name:af": null, "name:az": null, "name:bg": null, "name:ceb": null, "name:da": null, "name:eu": null, "name:id": null, "name:lv": null, "name:rue": null, "name:sl": null, "name:io": null, "label": "leisure:pitch" }, "geometry": { "type": "Polygon", "coordinates": [ [ [ 23.3946517, 40.1315061 ], [ 23.394813, 40.1316542 ], [ 23.3949079, 40.1315937 ], [ 23.3947465, 40.1314457 ], [ 23.3946517, 40.1315061 ] ] ] } },
{ "type": "Feature", "properties": { "element": "way", "id": 655475112, "name": null, "name:el": null, "name:en": null, "natural": null, "wikidata": null, "name:de": null, "tourism": null, "alt_name": null, "wikipedia": null, "amenity": null, "name:mk": null, "seamark:harbour:category": null, "website": null, "leisure": null, "seamark:type": null, "check_date": null, "description": null, "name:ru": null, "religion": null, "addr:city": null, "cuisine": null, "payment:mastercard": null, "payment:visa": null, "shop": null, "internet_access": null, "internet_access:fee": null, "outdoor_seating": null, "wheelchair": null, "source": null, "air_conditioning": null, "bar": null, "payment:cash": null, "payment:credit_cards": null, "phone": null, "stars": null, "opening_hours": null, "dispensing": null, "healthcare": null, "denomination": null, "historic": null, "addr:street": null, "name:sr": null, "addr:postcode": null, "man_made": null, "drive_through": null, "laundry_service": null, "self_service": null, "name:fr": null, "sport": null, "leaf_type": null, "board_type": null, "boundary": null, "information": null, "supervised": null, "surface": null, "access": null, "fee": null, "parking": null, "building": "school", "ref": null, "landuse": null, "area": null, "castle_type": null, "historic:civilization": null, "start_date": null, "lifeguard": null, "type": null, "alt_name:af": null, "alt_name:de": null, "alt_name:en": null, "alt_name:es": null, "alt_name:et": null, "alt_name:hu": null, "alt_name:it": null, "alt_name:ka": null, "alt_name:mk": null, "alt_name:nl": null, "alt_name:no": null, "alt_name:pl": null, "alt_name:ru": null, "alt_name:sh": null, "alt_name:sr": null, "alt_name:sv": null, "alt_name:sw": null, "alt_name:vi": null, "loc_name:no": null, "loc_name:ru": null, "name:ar": null, "name:ca": null, "name:cs": null, "name:eo": null, "name:es": null, "name:et": null, "name:fa": null, "name:fi": null, "name:he": null, "name:hu": null, "name:hy": null, "name:it": null, "name:ja": null, "name:ka": null, "name:kk": null, "name:ko": null, "name:la": null, "name:nl": null, "name:nn": null, "name:no": null, "name:pl": null, "name:pt": null, "name:ro": null, "name:sh": null, "name:sk": null, "name:sv": null, "name:sw": null, "name:tr": null, "name:uk": null, "name:ur": null, "name:vi": null, "name:war": null, "name:zh": null, "nat_name:af": null, "nat_name:ru": null, "old_name:fr": null, "old_name:pl": null, "old_name:sk": null, "alt_name:az": null, "alt_name:bg": null, "alt_name:hy": null, "alt_name:id": null, "alt_name:ko": null, "alt_name:pt": null, "alt_name:ro": null, "alt_name:sk": null, "alt_name:tr": null, "flag": null, "name:af": null, "name:az": null, "name:bg": null, "name:ceb": null, "name:da": null, "name:eu": null, "name:id": null, "name:lv": null, "name:rue": null, "name:sl": null, "name:io": null, "label": "building:school" }, "geometry": { "type": "Polygon", "coordinates": [ [ [ 23.3938784, 40.1313649 ], [ 23.3939808, 40.1313909 ], [ 23.3940335, 40.1312701 ], [ 23.3939311, 40.131244 ], [ 23.3938784, 40.1313649 ] ] ] } },
{ "type": "Feature", "properties": { "element": "way", "id": 655475114, "name": null, "name:el": null, "name:en": null, "natural": null, "wikidata": null, "name:de": null, "tourism": null, "alt_name": null, "wikipedia": null, "amenity": null, "name:mk": null, "seamark:harbour:category": null, "website": null, "leisure": null, "seamark:type": null, "check_date": null, "description": null, "name:ru": null, "religion": null, "addr:city": null, "cuisine": null, "payment:mastercard": null, "payment:visa": null, "shop": null, "internet_access": null, "internet_access:fee": null, "outdoor_seating": null, "wheelchair": null, "source": null, "air_conditioning": null, "bar": null, "payment:cash": null, "payment:credit_cards": null, "phone": null, "stars": null, "opening_hours": null, "dispensing": null, "healthcare": null, "denomination": null, "historic": null, "addr:street": null, "name:sr": null, "addr:postcode": null, "man_made": null, "drive_through": null, "laundry_service": null, "self_service": null, "name:fr": null, "sport": null, "leaf_type": null, "board_type": null, "boundary": null, "information": null, "supervised": null, "surface": null, "access": null, "fee": null, "parking": null, "building": "school", "ref": null, "landuse": null, "area": null, "castle_type": null, "historic:civilization": null, "start_date": null, "lifeguard": null, "type": null, "alt_name:af": null, "alt_name:de": null, "alt_name:en": null, "alt_name:es": null, "alt_name:et": null, "alt_name:hu": null, "alt_name:it": null, "alt_name:ka": null, "alt_name:mk": null, "alt_name:nl": null, "alt_name:no": null, "alt_name:pl": null, "alt_name:ru": null, "alt_name:sh": null, "alt_name:sr": null, "alt_name:sv": null, "alt_name:sw": null, "alt_name:vi": null, "loc_name:no": null, "loc_name:ru": null, "name:ar": null, "name:ca": null, "name:cs": null, "name:eo": null, "name:es": null, "name:et": null, "name:fa": null, "name:fi": null, "name:he": null, "name:hu": null, "name:hy": null, "name:it": null, "name:ja": null, "name:ka": null, "name:kk": null, "name:ko": null, "name:la": null, "name:nl": null, "name:nn": null, "name:no": null, "name:pl": null, "name:pt": null, "name:ro": null, "name:sh": null, "name:sk": null, "name:sv": null, "name:sw": null, "name:tr": null, "name:uk": null, "name:ur": null, "name:vi": null, "name:war": null, "name:zh": null, "nat_name:af": null, "nat_name:ru": null, "old_name:fr": null, "old_name:pl": null, "old_name:sk": null, "alt_name:az": null, "alt_name:bg": null, "alt_name:hy": null, "alt_name:id": null, "alt_name:ko": null, "alt_name:pt": null, "alt_name:ro": null, "alt_name:sk": null, "alt_name:tr": null, "flag": null, "name:af": null, "name:az": null, "name:bg": null, "name:ceb": null, "name:da": null, "name:eu": null, "name:id": null, "name:lv": null, "name:rue": null, "name:sl": null, "name:io": null, "label": "building:school" }, "geometry": { "type": "Polygon", "coordinates": [ [ [ 23.3940976, 40.1314124 ], [ 23.3941334, 40.131322 ], [ 23.394036, 40.1312995 ], [ 23.3940002, 40.1313898 ], [ 23.3940976, 40.1314124 ] ] ] } },
{ "type": "Feature", "properties": { "element": "way", "id": 655475115, "name": null, "name:el": null, "name:en": null, "natural": null, "wikidata": null, "name:de": null, "tourism": null, "alt_name": null, "wikipedia": null, "amenity": null, "name:mk": null, "seamark:harbour:category": null, "website": null, "leisure": null, "seamark:type": null, "check_date": null, "description": null, "name:ru": null, "religion": null, "addr:city": null, "cuisine": null, "payment:mastercard": null, "payment:visa": null, "shop": null, "internet_access": null, "internet_access:fee": null, "outdoor_seating": null, "wheelchair": null, "source": null, "air_conditioning": null, "bar": null, "payment:cash": null, "payment:credit_cards": null, "phone": null, "stars": null, "opening_hours": null, "dispensing": null, "healthcare": null, "denomination": null, "historic": null, "addr:street": null, "name:sr": null, "addr:postcode": null, "man_made": null, "drive_through": null, "laundry_service": null, "self_service": null, "name:fr": null, "sport": null, "leaf_type": null, "board_type": null, "boundary": null, "information": null, "supervised": null, "surface": null, "access": null, "fee": null, "parking": null, "building": "school", "ref": null, "landuse": null, "area": null, "castle_type": null, "historic:civilization": null, "start_date": null, "lifeguard": null, "type": null, "alt_name:af": null, "alt_name:de": null, "alt_name:en": null, "alt_name:es": null, "alt_name:et": null, "alt_name:hu": null, "alt_name:it": null, "alt_name:ka": null, "alt_name:mk": null, "alt_name:nl": null, "alt_name:no": null, "alt_name:pl": null, "alt_name:ru": null, "alt_name:sh": null, "alt_name:sr": null, "alt_name:sv": null, "alt_name:sw": null, "alt_name:vi": null, "loc_name:no": null, "loc_name:ru": null, "name:ar": null, "name:ca": null, "name:cs": null, "name:eo": null, "name:es": null, "name:et": null, "name:fa": null, "name:fi": null, "name:he": null, "name:hu": null, "name:hy": null, "name:it": null, "name:ja": null, "name:ka": null, "name:kk": null, "name:ko": null, "name:la": null, "name:nl": null, "name:nn": null, "name:no": null, "name:pl": null, "name:pt": null, "name:ro": null, "name:sh": null, "name:sk": null, "name:sv": null, "name:sw": null, "name:tr": null, "name:uk": null, "name:ur": null, "name:vi": null, "name:war": null, "name:zh": null, "nat_name:af": null, "nat_name:ru": null, "old_name:fr": null, "old_name:pl": null, "old_name:sk": null, "alt_name:az": null, "alt_name:bg": null, "alt_name:hy": null, "alt_name:id": null, "alt_name:ko": null, "alt_name:pt": null, "alt_name:ro": null, "alt_name:sk": null, "alt_name:tr": null, "flag": null, "name:af": null, "name:az": null, "name:bg": null, "name:ceb": null, "name:da": null, "name:eu": null, "name:id": null, "name:lv": null, "name:rue": null, "name:sl": null, "name:io": null, "label": "building:school" }, "geometry": { "type": "Polygon", "coordinates": [ [ [ 23.3941446, 40.1313318 ], [ 23.3943139, 40.1313699 ], [ 23.3943473, 40.131283 ], [ 23.394178, 40.1312449 ], [ 23.3941446, 40.1313318 ] ] ] } },
{ "type": "Feature", "properties": { "element": "way", "id": 655475117, "name": null, "name:el": null, "name:en": null, "natural": null, "wikidata": null, "name:de": null, "tourism": null, "alt_name": null, "wikipedia": null, "amenity": null, "name:mk": null, "seamark:harbour:category": null, "website": null, "leisure": null, "seamark:type": null, "check_date": null, "description": null, "name:ru": null, "religion": null, "addr:city": null, "cuisine": null, "payment:mastercard": null, "payment:visa": null, "shop": null, "internet_access": null, "internet_access:fee": null, "outdoor_seating": null, "wheelchair": null, "source": null, "air_conditioning": null, "bar": null, "payment:cash": null, "payment:credit_cards": null, "phone": null, "stars": null, "opening_hours": null, "dispensing": null, "healthcare": null, "denomination": null, "historic": null, "addr:street": null, "name:sr": null, "addr:postcode": null, "man_made": null, "drive_through": null, "laundry_service": null, "self_service": null, "name:fr": null, "sport": null, "leaf_type": null, "board_type": null, "boundary": null, "information": null, "supervised": null, "surface": null, "access": null, "fee": null, "parking": null, "building": "school", "ref": null, "landuse": null, "area": null, "castle_type": null, "historic:civilization": null, "start_date": null, "lifeguard": null, "type": null, "alt_name:af": null, "alt_name:de": null, "alt_name:en": null, "alt_name:es": null, "alt_name:et": null, "alt_name:hu": null, "alt_name:it": null, "alt_name:ka": null, "alt_name:mk": null, "alt_name:nl": null, "alt_name:no": null, "alt_name:pl": null, "alt_name:ru": null, "alt_name:sh": null, "alt_name:sr": null, "alt_name:sv": null, "alt_name:sw": null, "alt_name:vi": null, "loc_name:no": null, "loc_name:ru": null, "name:ar": null, "name:ca": null, "name:cs": null, "name:eo": null, "name:es": null, "name:et": null, "name:fa": null, "name:fi": null, "name:he": null, "name:hu": null, "name:hy": null, "name:it": null, "name:ja": null, "name:ka": null, "name:kk": null, "name:ko": null, "name:la": null, "name:nl": null, "name:nn": null, "name:no": null, "name:pl": null, "name:pt": null, "name:ro": null, "name:sh": null, "name:sk": null, "name:sv": null, "name:sw": null, "name:tr": null, "name:uk": null, "name:ur": null, "name:vi": null, "name:war": null, "name:zh": null, "nat_name:af": null, "nat_name:ru": null, "old_name:fr": null, "old_name:pl": null, "old_name:sk": null, "alt_name:az": null, "alt_name:bg": null, "alt_name:hy": null, "alt_name:id": null, "alt_name:ko": null, "alt_name:pt": null, "alt_name:ro": null, "alt_name:sk": null, "alt_name:tr": null, "flag": null, "name:af": null, "name:az": null, "name:bg": null, "name:ceb": null, "name:da": null, "name:eu": null, "name:id": null, "name:lv": null, "name:rue": null, "name:sl": null, "name:io": null, "label": "building:school" }, "geometry": { "type": "Polygon", "coordinates": [ [ [ 23.3942435, 40.1315156 ], [ 23.3942729, 40.1314416 ], [ 23.3941156, 40.1314051 ], [ 23.3940862, 40.1314791 ], [ 23.3942435, 40.1315156 ] ] ] } },
{ "type": "Feature", "properties": { "element": "way", "id": 655475118, "name": null, "name:el": null, "name:en": null, "natural": null, "wikidata": null, "name:de": null, "tourism": null, "alt_name": null, "wikipedia": null, "amenity": null, "name:mk": null, "seamark:harbour:category": null, "website": null, "leisure": null, "seamark:type": null, "check_date": null, "description": null, "name:ru": null, "religion": null, "addr:city": null, "cuisine": null, "payment:mastercard": null, "payment:visa": null, "shop": null, "internet_access": null, "internet_access:fee": null, "outdoor_seating": null, "wheelchair": null, "source": null, "air_conditioning": null, "bar": null, "payment:cash": null, "payment:credit_cards": null, "phone": null, "stars": null, "opening_hours": null, "dispensing": null, "healthcare": null, "denomination": null, "historic": null, "addr:street": null, "name:sr": null, "addr:postcode": null, "man_made": null, "drive_through": null, "laundry_service": null, "self_service": null, "name:fr": null, "sport": null, "leaf_type": null, "board_type": null, "boundary": null, "information": null, "supervised": null, "surface": null, "access": null, "fee": null, "parking": null, "building": "school", "ref": null, "landuse": null, "area": null, "castle_type": null, "historic:civilization": null, "start_date": null, "lifeguard": null, "type": null, "alt_name:af": null, "alt_name:de": null, "alt_name:en": null, "alt_name:es": null, "alt_name:et": null, "alt_name:hu": null, "alt_name:it": null, "alt_name:ka": null, "alt_name:mk": null, "alt_name:nl": null, "alt_name:no": null, "alt_name:pl": null, "alt_name:ru": null, "alt_name:sh": null, "alt_name:sr": null, "alt_name:sv": null, "alt_name:sw": null, "alt_name:vi": null, "loc_name:no": null, "loc_name:ru": null, "name:ar": null, "name:ca": null, "name:cs": null, "name:eo": null, "name:es": null, "name:et": null, "name:fa": null, "name:fi": null, "name:he": null, "name:hu": null, "name:hy": null, "name:it": null, "name:ja": null, "name:ka": null, "name:kk": null, "name:ko": null, "name:la": null, "name:nl": null, "name:nn": null, "name:no": null, "name:pl": null, "name:pt": null, "name:ro": null, "name:sh": null, "name:sk": null, "name:sv": null, "name:sw": null, "name:tr": null, "name:uk": null, "name:ur": null, "name:vi": null, "name:war": null, "name:zh": null, "nat_name:af": null, "nat_name:ru": null, "old_name:fr": null, "old_name:pl": null, "old_name:sk": null, "alt_name:az": null, "alt_name:bg": null, "alt_name:hy": null, "alt_name:id": null, "alt_name:ko": null, "alt_name:pt": null, "alt_name:ro": null, "alt_name:sk": null, "alt_name:tr": null, "flag": null, "name:af": null, "name:az": null, "name:bg": null, "name:ceb": null, "name:da": null, "name:eu": null, "name:id": null, "name:lv": null, "name:rue": null, "name:sl": null, "name:io": null, "label": "building:school" }, "geometry": { "type": "Polygon", "coordinates": [ [ [ 23.3944654, 40.1316128 ], [ 23.3945224, 40.1314816 ], [ 23.3943206, 40.1314304 ], [ 23.3942636, 40.1315616 ], [ 23.3944654, 40.1316128 ] ] ] } },
{ "type": "Feature", "properties": { "element": "way", "id": 655475120, "name": null, "name:el": null, "name:en": null, "natural": null, "wikidata": null, "name:de": null, "tourism": null, "alt_name": null, "wikipedia": null, "amenity": null, "name:mk": null, "seamark:harbour:category": null, "website": null, "leisure": null, "seamark:type": null, "check_date": null, "description": null, "name:ru": null, "religion": null, "addr:city": null, "cuisine": null, "payment:mastercard": null, "payment:visa": null, "shop": null, "internet_access": null, "internet_access:fee": null, "outdoor_seating": null, "wheelchair": null, "source": null, "air_conditioning": null, "bar": null, "payment:cash": null, "payment:credit_cards": null, "phone": null, "stars": null, "opening_hours": null, "dispensing": null, "healthcare": null, "denomination": null, "historic": null, "addr:street": null, "name:sr": null, "addr:postcode": null, "man_made": null, "drive_through": null, "laundry_service": null, "self_service": null, "name:fr": null, "sport": null, "leaf_type": null, "board_type": null, "boundary": null, "information": null, "supervised": null, "surface": null, "access": null, "fee": null, "parking": null, "building": "school", "ref": null, "landuse": null, "area": null, "castle_type": null, "historic:civilization": null, "start_date": null, "lifeguard": null, "type": null, "alt_name:af": null, "alt_name:de": null, "alt_name:en": null, "alt_name:es": null, "alt_name:et": null, "alt_name:hu": null, "alt_name:it": null, "alt_name:ka": null, "alt_name:mk": null, "alt_name:nl": null, "alt_name:no": null, "alt_name:pl": null, "alt_name:ru": null, "alt_name:sh": null, "alt_name:sr": null, "alt_name:sv": null, "alt_name:sw": null, "alt_name:vi": null, "loc_name:no": null, "loc_name:ru": null, "name:ar": null, "name:ca": null, "name:cs": null, "name:eo": null, "name:es": null, "name:et": null, "name:fa": null, "name:fi": null, "name:he": null, "name:hu": null, "name:hy": null, "name:it": null, "name:ja": null, "name:ka": null, "name:kk": null, "name:ko": null, "name:la": null, "name:nl": null, "name:nn": null, "name:no": null, "name:pl": null, "name:pt": null, "name:ro": null, "name:sh": null, "name:sk": null, "name:sv": null, "name:sw": null, "name:tr": null, "name:uk": null, "name:ur": null, "name:vi": null, "name:war": null, "name:zh": null, "nat_name:af": null, "nat_name:ru": null, "old_name:fr": null, "old_name:pl": null, "old_name:sk": null, "alt_name:az": null, "alt_name:bg": null, "alt_name:hy": null, "alt_name:id": null, "alt_name:ko": null, "alt_name:pt": null, "alt_name:ro": null, "alt_name:sk": null, "alt_name:tr": null, "flag": null, "name:af": null, "name:az": null, "name:bg": null, "name:ceb": null, "name:da": null, "name:eu": null, "name:id": null, "name:lv": null, "name:rue": null, "name:sl": null, "name:io": null, "label": "building:school" }, "geometry": { "type": "Polygon", "coordinates": [ [ [ 23.3943552, 40.1313657 ], [ 23.3945214, 40.1314031 ], [ 23.3945549, 40.1313164 ], [ 23.3943887, 40.1312789 ], [ 23.3943552, 40.1313657 ] ] ] } },
{ "type": "Feature", "properties": { "element": "way", "id": 655475121, "name": "Δημοτικό Σχολείο Ν. Φώκαιας", "name:el": null, "name:en": null, "natural": null, "wikidata": null, "name:de": null, "tourism": null, "alt_name": null, "wikipedia": null, "amenity": "school", "name:mk": null, "seamark:harbour:category": null, "website": null, "leisure": null, "seamark:type": null, "check_date": null, "description": null, "name:ru": null, "religion": null, "addr:city": null, "cuisine": null, "payment:mastercard": null, "payment:visa": null, "shop": null, "internet_access": null, "internet_access:fee": null, "outdoor_seating": null, "wheelchair": null, "source": null, "air_conditioning": null, "bar": null, "payment:cash": null, "payment:credit_cards": null, "phone": null, "stars": null, "opening_hours": null, "dispensing": null, "healthcare": null, "denomination": null, "historic": null, "addr:street": null, "name:sr": null, "addr:postcode": null, "man_made": null, "drive_through": null, "laundry_service": null, "self_service": null, "name:fr": null, "sport": null, "leaf_type": null, "board_type": null, "boundary": null, "information": null, "supervised": null, "surface": null, "access": null, "fee": null, "parking": null, "building": null, "ref": "Δημοτικό Σχολείο Νέας Φώκαιας", "landuse": null, "area": null, "castle_type": null, "historic:civilization": null, "start_date": null, "lifeguard": null, "type": null, "alt_name:af": null, "alt_name:de": null, "alt_name:en": null, "alt_name:es": null, "alt_name:et": null, "alt_name:hu": null, "alt_name:it": null, "alt_name:ka": null, "alt_name:mk": null, "alt_name:nl": null, "alt_name:no": null, "alt_name:pl": null, "alt_name:ru": null, "alt_name:sh": null, "alt_name:sr": null, "alt_name:sv": null, "alt_name:sw": null, "alt_name:vi": null, "loc_name:no": null, "loc_name:ru": null, "name:ar": null, "name:ca": null, "name:cs": null, "name:eo": null, "name:es": null, "name:et": null, "name:fa": null, "name:fi": null, "name:he": null, "name:hu": null, "name:hy": null, "name:it": null, "name:ja": null, "name:ka": null, "name:kk": null, "name:ko": null, "name:la": null, "name:nl": null, "name:nn": null, "name:no": null, "name:pl": null, "name:pt": null, "name:ro": null, "name:sh": null, "name:sk": null, "name:sv": null, "name:sw": null, "name:tr": null, "name:uk": null, "name:ur": null, "name:vi": null, "name:war": null, "name:zh": null, "nat_name:af": null, "nat_name:ru": null, "old_name:fr": null, "old_name:pl": null, "old_name:sk": null, "alt_name:az": null, "alt_name:bg": null, "alt_name:hy": null, "alt_name:id": null, "alt_name:ko": null, "alt_name:pt": null, "alt_name:ro": null, "alt_name:sk": null, "alt_name:tr": null, "flag": null, "name:af": null, "name:az": null, "name:bg": null, "name:ceb": null, "name:da": null, "name:eu": null, "name:id": null, "name:lv": null, "name:rue": null, "name:sl": null, "name:io": null, "label": "amenity:school" }, "geometry": { "type": "Polygon", "coordinates": [ [ [ 23.3951117, 40.1316789 ], [ 23.3945822, 40.1312152 ], [ 23.3939103, 40.1311568 ], [ 23.3937145, 40.131326 ], [ 23.3948142, 40.1319063 ], [ 23.3951117, 40.1316789 ] ] ] } },
{ "type": "Feature", "properties": { "element": "way", "id": 655475721, "name": null, "name:el": null, "name:en": null, "natural": null, "wikidata": null, "name:de": null, "tourism": null, "alt_name": null, "wikipedia": null, "amenity": null, "name:mk": null, "seamark:harbour:category": null, "website": null, "leisure": null, "seamark:type": null, "check_date": null, "description": null, "name:ru": null, "religion": null, "addr:city": null, "cuisine": null, "payment:mastercard": null, "payment:visa": null, "shop": null, "internet_access": null, "internet_access:fee": null, "outdoor_seating": null, "wheelchair": null, "source": null, "air_conditioning": null, "bar": null, "payment:cash": null, "payment:credit_cards": null, "phone": null, "stars": null, "opening_hours": null, "dispensing": null, "healthcare": null, "denomination": null, "historic": null, "addr:street": null, "name:sr": null, "addr:postcode": null, "man_made": null, "drive_through": null, "laundry_service": null, "self_service": null, "name:fr": null, "sport": null, "leaf_type": null, "board_type": null, "boundary": null, "information": null, "supervised": null, "surface": null, "access": null, "fee": null, "parking": null, "building": "church", "ref": null, "landuse": null, "area": null, "castle_type": null, "historic:civilization": null, "start_date": null, "lifeguard": null, "type": null, "alt_name:af": null, "alt_name:de": null, "alt_name:en": null, "alt_name:es": null, "alt_name:et": null, "alt_name:hu": null, "alt_name:it": null, "alt_name:ka": null, "alt_name:mk": null, "alt_name:nl": null, "alt_name:no": null, "alt_name:pl": null, "alt_name:ru": null, "alt_name:sh": null, "alt_name:sr": null, "alt_name:sv": null, "alt_name:sw": null, "alt_name:vi": null, "loc_name:no": null, "loc_name:ru": null, "name:ar": null, "name:ca": null, "name:cs": null, "name:eo": null, "name:es": null, "name:et": null, "name:fa": null, "name:fi": null, "name:he": null, "name:hu": null, "name:hy": null, "name:it": null, "name:ja": null, "name:ka": null, "name:kk": null, "name:ko": null, "name:la": null, "name:nl": null, "name:nn": null, "name:no": null, "name:pl": null, "name:pt": null, "name:ro": null, "name:sh": null, "name:sk": null, "name:sv": null, "name:sw": null, "name:tr": null, "name:uk": null, "name:ur": null, "name:vi": null, "name:war": null, "name:zh": null, "nat_name:af": null, "nat_name:ru": null, "old_name:fr": null, "old_name:pl": null, "old_name:sk": null, "alt_name:az": null, "alt_name:bg": null, "alt_name:hy": null, "alt_name:id": null, "alt_name:ko": null, "alt_name:pt": null, "alt_name:ro": null, "alt_name:sk": null, "alt_name:tr": null, "flag": null, "name:af": null, "name:az": null, "name:bg": null, "name:ceb": null, "name:da": null, "name:eu": null, "name:id": null, "name:lv": null, "name:rue": null, "name:sl": null, "name:io": null, "label": "building:church" }, "geometry": { "type": "Polygon", "coordinates": [ [ [ 23.3971168, 40.1328537 ], [ 23.3973708, 40.1328574 ], [ 23.3973739, 40.1327354 ], [ 23.3971198, 40.1327317 ], [ 23.3971168, 40.1328537 ] ] ] } },
{ "type": "Feature", "properties": { "element": "way", "id": 655478301, "name": null, "name:el": null, "name:en": null, "natural": null, "wikidata": null, "name:de": null, "tourism": null, "alt_name": null, "wikipedia": null, "amenity": null, "name:mk": null, "seamark:harbour:category": null, "website": null, "leisure": null, "seamark:type": null, "check_date": null, "description": null, "name:ru": null, "religion": null, "addr:city": null, "cuisine": null, "payment:mastercard": null, "payment:visa": null, "shop": null, "internet_access": null, "internet_access:fee": null, "outdoor_seating": null, "wheelchair": null, "source": null, "air_conditioning": null, "bar": null, "payment:cash": null, "payment:credit_cards": null, "phone": null, "stars": null, "opening_hours": null, "dispensing": null, "healthcare": null, "denomination": null, "historic": null, "addr:street": null, "name:sr": null, "addr:postcode": null, "man_made": null, "drive_through": null, "laundry_service": null, "self_service": null, "name:fr": null, "sport": null, "leaf_type": null, "board_type": null, "boundary": null, "information": null, "supervised": null, "surface": null, "access": null, "fee": null, "parking": null, "building": null, "ref": null, "landuse": "village_green", "area": null, "castle_type": null, "historic:civilization": null, "start_date": null, "lifeguard": null, "type": null, "alt_name:af": null, "alt_name:de": null, "alt_name:en": null, "alt_name:es": null, "alt_name:et": null, "alt_name:hu": null, "alt_name:it": null, "alt_name:ka": null, "alt_name:mk": null, "alt_name:nl": null, "alt_name:no": null, "alt_name:pl": null, "alt_name:ru": null, "alt_name:sh": null, "alt_name:sr": null, "alt_name:sv": null, "alt_name:sw": null, "alt_name:vi": null, "loc_name:no": null, "loc_name:ru": null, "name:ar": null, "name:ca": null, "name:cs": null, "name:eo": null, "name:es": null, "name:et": null, "name:fa": null, "name:fi": null, "name:he": null, "name:hu": null, "name:hy": null, "name:it": null, "name:ja": null, "name:ka": null, "name:kk": null, "name:ko": null, "name:la": null, "name:nl": null, "name:nn": null, "name:no": null, "name:pl": null, "name:pt": null, "name:ro": null, "name:sh": null, "name:sk": null, "name:sv": null, "name:sw": null, "name:tr": null, "name:uk": null, "name:ur": null, "name:vi": null, "name:war": null, "name:zh": null, "nat_name:af": null, "nat_name:ru": null, "old_name:fr": null, "old_name:pl": null, "old_name:sk": null, "alt_name:az": null, "alt_name:bg": null, "alt_name:hy": null, "alt_name:id": null, "alt_name:ko": null, "alt_name:pt": null, "alt_name:ro": null, "alt_name:sk": null, "alt_name:tr": null, "flag": null, "name:af": null, "name:az": null, "name:bg": null, "name:ceb": null, "name:da": null, "name:eu": null, "name:id": null, "name:lv": null, "name:rue": null, "name:sl": null, "name:io": null, "label": "landuse:village_green" }, "geometry": { "type": "Polygon", "coordinates": [ [ [ 23.3971006, 40.1330071 ], [ 23.3972605, 40.1330084 ], [ 23.3973188, 40.1330492 ], [ 23.3973725, 40.1330055 ], [ 23.3972875, 40.132945 ], [ 23.3971015, 40.1329431 ], [ 23.3971006, 40.1330071 ] ] ] } },
{ "type": "Feature", "properties": { "element": "way", "id": 655478302, "name": null, "name:el": null, "name:en": null, "natural": null, "wikidata": null, "name:de": null, "tourism": null, "alt_name": null, "wikipedia": null, "amenity": null, "name:mk": null, "seamark:harbour:category": null, "website": null, "leisure": null, "seamark:type": null, "check_date": null, "description": null, "name:ru": null, "religion": null, "addr:city": null, "cuisine": null, "payment:mastercard": null, "payment:visa": null, "shop": null, "internet_access": null, "internet_access:fee": null, "outdoor_seating": null, "wheelchair": null, "source": null, "air_conditioning": null, "bar": null, "payment:cash": null, "payment:credit_cards": null, "phone": null, "stars": null, "opening_hours": null, "dispensing": null, "healthcare": null, "denomination": null, "historic": null, "addr:street": null, "name:sr": null, "addr:postcode": null, "man_made": null, "drive_through": null, "laundry_service": null, "self_service": null, "name:fr": null, "sport": null, "leaf_type": null, "board_type": null, "boundary": null, "information": null, "supervised": null, "surface": null, "access": null, "fee": null, "parking": null, "building": null, "ref": null, "landuse": "village_green", "area": null, "castle_type": null, "historic:civilization": null, "start_date": null, "lifeguard": null, "type": null, "alt_name:af": null, "alt_name:de": null, "alt_name:en": null, "alt_name:es": null, "alt_name:et": null, "alt_name:hu": null, "alt_name:it": null, "alt_name:ka": null, "alt_name:mk": null, "alt_name:nl": null, "alt_name:no": null, "alt_name:pl": null, "alt_name:ru": null, "alt_name:sh": null, "alt_name:sr": null, "alt_name:sv": null, "alt_name:sw": null, "alt_name:vi": null, "loc_name:no": null, "loc_name:ru": null, "name:ar": null, "name:ca": null, "name:cs": null, "name:eo": null, "name:es": null, "name:et": null, "name:fa": null, "name:fi": null, "name:he": null, "name:hu": null, "name:hy": null, "name:it": null, "name:ja": null, "name:ka": null, "name:kk": null, "name:ko": null, "name:la": null, "name:nl": null, "name:nn": null, "name:no": null, "name:pl": null, "name:pt": null, "name:ro": null, "name:sh": null, "name:sk": null, "name:sv": null, "name:sw": null, "name:tr": null, "name:uk": null, "name:ur": null, "name:vi": null, "name:war": null, "name:zh": null, "nat_name:af": null, "nat_name:ru": null, "old_name:fr": null, "old_name:pl": null, "old_name:sk": null, "alt_name:az": null, "alt_name:bg": null, "alt_name:hy": null, "alt_name:id": null, "alt_name:ko": null, "alt_name:pt": null, "alt_name:ro": null, "alt_name:sk": null, "alt_name:tr": null, "flag": null, "name:af": null, "name:az": null, "name:bg": null, "name:ceb": null, "name:da": null, "name:eu": null, "name:id": null, "name:lv": null, "name:rue": null, "name:sl": null, "name:io": null, "label": "landuse:village_green" }, "geometry": { "type": "Polygon", "coordinates": [ [ [ 23.3969993, 40.1332164 ], [ 23.3969994, 40.1331733 ], [ 23.3969995, 40.1331536 ], [ 23.3969397, 40.1331535 ], [ 23.3969395, 40.133217 ], [ 23.3969993, 40.1332164 ] ] ] } },
{ "type": "Feature", "properties": { "element": "way", "id": 655478303, "name": null, "name:el": null, "name:en": null, "natural": null, "wikidata": null, "name:de": null, "tourism": null, "alt_name": null, "wikipedia": null, "amenity": null, "name:mk": null, "seamark:harbour:category": null, "website": null, "leisure": null, "seamark:type": null, "check_date": null, "description": null, "name:ru": null, "religion": null, "addr:city": null, "cuisine": null, "payment:mastercard": null, "payment:visa": null, "shop": null, "internet_access": null, "internet_access:fee": null, "outdoor_seating": null, "wheelchair": null, "source": null, "air_conditioning": null, "bar": null, "payment:cash": null, "payment:credit_cards": null, "phone": null, "stars": null, "opening_hours": null, "dispensing": null, "healthcare": null, "denomination": null, "historic": null, "addr:street": null, "name:sr": null, "addr:postcode": null, "man_made": null, "drive_through": null, "laundry_service": null, "self_service": null, "name:fr": null, "sport": null, "leaf_type": null, "board_type": null, "boundary": null, "information": null, "supervised": null, "surface": null, "access": null, "fee": null, "parking": null, "building": null, "ref": null, "landuse": "village_green", "area": null, "castle_type": null, "historic:civilization": null, "start_date": null, "lifeguard": null, "type": null, "alt_name:af": null, "alt_name:de": null, "alt_name:en": null, "alt_name:es": null, "alt_name:et": null, "alt_name:hu": null, "alt_name:it": null, "alt_name:ka": null, "alt_name:mk": null, "alt_name:nl": null, "alt_name:no": null, "alt_name:pl": null, "alt_name:ru": null, "alt_name:sh": null, "alt_name:sr": null, "alt_name:sv": null, "alt_name:sw": null, "alt_name:vi": null, "loc_name:no": null, "loc_name:ru": null, "name:ar": null, "name:ca": null, "name:cs": null, "name:eo": null, "name:es": null, "name:et": null, "name:fa": null, "name:fi": null, "name:he": null, "name:hu": null, "name:hy": null, "name:it": null, "name:ja": null, "name:ka": null, "name:kk": null, "name:ko": null, "name:la": null, "name:nl": null, "name:nn": null, "name:no": null, "name:pl": null, "name:pt": null, "name:ro": null, "name:sh": null, "name:sk": null, "name:sv": null, "name:sw": null, "name:tr": null, "name:uk": null, "name:ur": null, "name:vi": null, "name:war": null, "name:zh": null, "nat_name:af": null, "nat_name:ru": null, "old_name:fr": null, "old_name:pl": null, "old_name:sk": null, "alt_name:az": null, "alt_name:bg": null, "alt_name:hy": null, "alt_name:id": null, "alt_name:ko": null, "alt_name:pt": null, "alt_name:ro": null, "alt_name:sk": null, "alt_name:tr": null, "flag": null, "name:af": null, "name:az": null, "name:bg": null, "name:ceb": null, "name:da": null, "name:eu": null, "name:id": null, "name:lv": null, "name:rue": null, "name:sl": null, "name:io": null, "label": "landuse:village_green" }, "geometry": { "type": "Polygon", "coordinates": [ [ [ 23.3970761, 40.1332166 ], [ 23.3971253, 40.1332169 ], [ 23.3972495, 40.1331072 ], [ 23.3972236, 40.1330973 ], [ 23.3971003, 40.133097 ], [ 23.3971001, 40.1331524 ], [ 23.3970764, 40.1331523 ], [ 23.3970761, 40.1332166 ] ] ] } },
{ "type": "Feature", "properties": { "element": "way", "id": 655478304, "name": null, "name:el": null, "name:en": null, "natural": null, "wikidata": null, "name:de": null, "tourism": null, "alt_name": null, "wikipedia": null, "amenity": null, "name:mk": null, "seamark:harbour:category": null, "website": null, "leisure": null, "seamark:type": null, "check_date": null, "description": null, "name:ru": null, "religion": null, "addr:city": null, "cuisine": null, "payment:mastercard": null, "payment:visa": null, "shop": null, "internet_access": null, "internet_access:fee": null, "outdoor_seating": null, "wheelchair": null, "source": null, "air_conditioning": null, "bar": null, "payment:cash": null, "payment:credit_cards": null, "phone": null, "stars": null, "opening_hours": null, "dispensing": null, "healthcare": null, "denomination": null, "historic": null, "addr:street": null, "name:sr": null, "addr:postcode": null, "man_made": null, "drive_through": null, "laundry_service": null, "self_service": null, "name:fr": null, "sport": null, "leaf_type": null, "board_type": null, "boundary": null, "information": null, "supervised": null, "surface": null, "access": null, "fee": null, "parking": null, "building": "yes", "ref": null, "landuse": null, "area": null, "castle_type": null, "historic:civilization": null, "start_date": null, "lifeguard": null, "type": null, "alt_name:af": null, "alt_name:de": null, "alt_name:en": null, "alt_name:es": null, "alt_name:et": null, "alt_name:hu": null, "alt_name:it": null, "alt_name:ka": null, "alt_name:mk": null, "alt_name:nl": null, "alt_name:no": null, "alt_name:pl": null, "alt_name:ru": null, "alt_name:sh": null, "alt_name:sr": null, "alt_name:sv": null, "alt_name:sw": null, "alt_name:vi": null, "loc_name:no": null, "loc_name:ru": null, "name:ar": null, "name:ca": null, "name:cs": null, "name:eo": null, "name:es": null, "name:et": null, "name:fa": null, "name:fi": null, "name:he": null, "name:hu": null, "name:hy": null, "name:it": null, "name:ja": null, "name:ka": null, "name:kk": null, "name:ko": null, "name:la": null, "name:nl": null, "name:nn": null, "name:no": null, "name:pl": null, "name:pt": null, "name:ro": null, "name:sh": null, "name:sk": null, "name:sv": null, "name:sw": null, "name:tr": null, "name:uk": null, "name:ur": null, "name:vi": null, "name:war": null, "name:zh": null, "nat_name:af": null, "nat_name:ru": null, "old_name:fr": null, "old_name:pl": null, "old_name:sk": null, "alt_name:az": null, "alt_name:bg": null, "alt_name:hy": null, "alt_name:id": null, "alt_name:ko": null, "alt_name:pt": null, "alt_name:ro": null, "alt_name:sk": null, "alt_name:tr": null, "flag": null, "name:af": null, "name:az": null, "name:bg": null, "name:ceb": null, "name:da": null, "name:eu": null, "name:id": null, "name:lv": null, "name:rue": null, "name:sl": null, "name:io": null, "label": "building:yes" }, "geometry": { "type": "Polygon", "coordinates": [ [ [ 23.3966903, 40.1331356 ], [ 23.3966865, 40.1331461 ], [ 23.3966875, 40.1331569 ], [ 23.3966932, 40.1331669 ], [ 23.3967023, 40.1331746 ], [ 23.3967141, 40.1331796 ], [ 23.3967274, 40.1331815 ], [ 23.3967408, 40.1331801 ], [ 23.396753, 40.1331756 ], [ 23.3967626, 40.1331683 ], [ 23.3967687, 40.133159 ], [ 23.3967707, 40.1331488 ], [ 23.3967683, 40.1331386 ], [ 23.3967614, 40.1331291 ], [ 23.3967508, 40.1331219 ], [ 23.3967377, 40.1331178 ], [ 23.3967235, 40.1331173 ], [ 23.3967099, 40.1331203 ], [ 23.3966984, 40.1331267 ], [ 23.3966903, 40.1331356 ] ] ] } },
{ "type": "Feature", "properties": { "element": "way", "id": 655478305, "name": null, "name:el": null, "name:en": null, "natural": null, "wikidata": null, "name:de": null, "tourism": null, "alt_name": null, "wikipedia": null, "amenity": null, "name:mk": null, "seamark:harbour:category": null, "website": null, "leisure": null, "seamark:type": null, "check_date": null, "description": null, "name:ru": null, "religion": null, "addr:city": null, "cuisine": null, "payment:mastercard": null, "payment:visa": null, "shop": null, "internet_access": null, "internet_access:fee": null, "outdoor_seating": null, "wheelchair": null, "source": null, "air_conditioning": null, "bar": null, "payment:cash": null, "payment:credit_cards": null, "phone": null, "stars": null, "opening_hours": null, "dispensing": null, "healthcare": null, "denomination": null, "historic": null, "addr:street": null, "name:sr": null, "addr:postcode": null, "man_made": null, "drive_through": null, "laundry_service": null, "self_service": null, "name:fr": null, "sport": null, "leaf_type": null, "board_type": null, "boundary": null, "information": null, "supervised": null, "surface": null, "access": null, "fee": null, "parking": null, "building": null, "ref": null, "landuse": "village_green", "area": null, "castle_type": null, "historic:civilization": null, "start_date": null, "lifeguard": null, "type": null, "alt_name:af": null, "alt_name:de": null, "alt_name:en": null, "alt_name:es": null, "alt_name:et": null, "alt_name:hu": null, "alt_name:it": null, "alt_name:ka": null, "alt_name:mk": null, "alt_name:nl": null, "alt_name:no": null, "alt_name:pl": null, "alt_name:ru": null, "alt_name:sh": null, "alt_name:sr": null, "alt_name:sv": null, "alt_name:sw": null, "alt_name:vi": null, "loc_name:no": null, "loc_name:ru": null, "name:ar": null, "name:ca": null, "name:cs": null, "name:eo": null, "name:es": null, "name:et": null, "name:fa": null, "name:fi": null, "name:he": null, "name:hu": null, "name:hy": null, "name:it": null, "name:ja": null, "name:ka": null, "name:kk": null, "name:ko": null, "name:la": null, "name:nl": null, "name:nn": null, "name:no": null, "name:pl": null, "name:pt": null, "name:ro": null, "name:sh": null, "name:sk": null, "name:sv": null, "name:sw": null, "name:tr": null, "name:uk": null, "name:ur": null, "name:vi": null, "name:war": null, "name:zh": null, "nat_name:af": null, "nat_name:ru": null, "old_name:fr": null, "old_name:pl": null, "old_name:sk": null, "alt_name:az": null, "alt_name:bg": null, "alt_name:hy": null, "alt_name:id": null, "alt_name:ko": null, "alt_name:pt": null, "alt_name:ro": null, "alt_name:sk": null, "alt_name:tr": null, "flag": null, "name:af": null, "name:az": null, "name:bg": null, "name:ceb": null, "name:da": null, "name:eu": null, "name:id": null, "name:lv": null, "name:rue": null, "name:sl": null, "name:io": null, "label": "landuse:village_green" }, "geometry": { "type": "Polygon", "coordinates": [ [ [ 23.3967032, 40.133023 ], [ 23.3968266, 40.133024 ], [ 23.3968277, 40.1329409 ], [ 23.3967215, 40.1329403 ], [ 23.3965484, 40.1330826 ], [ 23.3965914, 40.133114 ], [ 23.3967032, 40.133023 ] ] ] } },
{ "type": "Feature", "properties": { "element": "way", "id": 655478306, "name": null, "name:el": null, "name:en": null, "natural": null, "wikidata": null, "name:de": null, "tourism": null, "alt_name": null, "wikipedia": null, "amenity": null, "name:mk": null, "seamark:harbour:category": null, "website": null, "leisure": null, "seamark:type": null, "check_date": null, "description": null, "name:ru": null, "religion": null, "addr:city": null, "cuisine": null, "payment:mastercard": null, "payment:visa": null, "shop": null, "internet_access": null, "internet_access:fee": null, "outdoor_seating": null, "wheelchair": null, "source": null, "air_conditioning": null, "bar": null, "payment:cash": null, "payment:credit_cards": null, "phone": null, "stars": null, "opening_hours": null, "dispensing": null, "healthcare": null, "denomination": null, "historic": null, "addr:street": null, "name:sr": null, "addr:postcode": null, "man_made": null, "drive_through": null, "laundry_service": null, "self_service": null, "name:fr": null, "sport": null, "leaf_type": null, "board_type": null, "boundary": null, "information": null, "supervised": null, "surface": null, "access": null, "fee": null, "parking": null, "building": null, "ref": null, "landuse": "village_green", "area": null, "castle_type": null, "historic:civilization": null, "start_date": null, "lifeguard": null, "type": null, "alt_name:af": null, "alt_name:de": null, "alt_name:en": null, "alt_name:es": null, "alt_name:et": null, "alt_name:hu": null, "alt_name:it": null, "alt_name:ka": null, "alt_name:mk": null, "alt_name:nl": null, "alt_name:no": null, "alt_name:pl": null, "alt_name:ru": null, "alt_name:sh": null, "alt_name:sr": null, "alt_name:sv": null, "alt_name:sw": null, "alt_name:vi": null, "loc_name:no": null, "loc_name:ru": null, "name:ar": null, "name:ca": null, "name:cs": null, "name:eo": null, "name:es": null, "name:et": null, "name:fa": null, "name:fi": null, "name:he": null, "name:hu": null, "name:hy": null, "name:it": null, "name:ja": null, "name:ka": null, "name:kk": null, "name:ko": null, "name:la": null, "name:nl": null, "name:nn": null, "name:no": null, "name:pl": null, "name:pt": null, "name:ro": null, "name:sh": null, "name:sk": null, "name:sv": null, "name:sw": null, "name:tr": null, "name:uk": null, "name:ur": null, "name:vi": null, "name:war": null, "name:zh": null, "nat_name:af": null, "nat_name:ru": null, "old_name:fr": null, "old_name:pl": null, "old_name:sk": null, "alt_name:az": null, "alt_name:bg": null, "alt_name:hy": null, "alt_name:id": null, "alt_name:ko": null, "alt_name:pt": null, "alt_name:ro": null, "alt_name:sk": null, "alt_name:tr": null, "flag": null, "name:af": null, "name:az": null, "name:bg": null, "name:ceb": null, "name:da": null, "name:eu": null, "name:id": null, "name:lv": null, "name:rue": null, "name:sl": null, "name:io": null, "label": "landuse:village_green" }, "geometry": { "type": "Polygon", "coordinates": [ [ [ 23.3967343, 40.1332172 ], [ 23.3968727, 40.1332168 ], [ 23.396873, 40.13315 ], [ 23.3968259, 40.1331499 ], [ 23.3968262, 40.1330858 ], [ 23.3967396, 40.1330856 ], [ 23.396651, 40.133157 ], [ 23.3967343, 40.1332172 ] ] ] } },
{ "type": "Feature", "properties": { "element": "way", "id": 655478775, "name": "Ι.Ν. Αγ. Νικολάου", "name:el": null, "name:en": null, "natural": null, "wikidata": null, "name:de": null, "tourism": null, "alt_name": null, "wikipedia": null, "amenity": "place_of_worship", "name:mk": null, "seamark:harbour:category": null, "website": null, "leisure": null, "seamark:type": null, "check_date": "2024-09-19", "description": null, "name:ru": null, "religion": "christian", "addr:city": "Νέα Φώκαια Χαλκιδικής", "cuisine": null, "payment:mastercard": null, "payment:visa": null, "shop": null, "internet_access": null, "internet_access:fee": null, "outdoor_seating": null, "wheelchair": null, "source": null, "air_conditioning": null, "bar": null, "payment:cash": null, "payment:credit_cards": null, "phone": "+30 23740 81858", "stars": null, "opening_hours": null, "dispensing": null, "healthcare": null, "denomination": null, "historic": null, "addr:street": null, "name:sr": null, "addr:postcode": "63077", "man_made": null, "drive_through": null, "laundry_service": null, "self_service": null, "name:fr": null, "sport": null, "leaf_type": null, "board_type": null, "boundary": null, "information": null, "supervised": null, "surface": null, "access": null, "fee": null, "parking": null, "building": null, "ref": "Ιερός Ναός Αγίου Νικολάου (Νέα Φώκαια Χαλκιδικής)", "landuse": null, "area": null, "castle_type": null, "historic:civilization": null, "start_date": null, "lifeguard": null, "type": null, "alt_name:af": null, "alt_name:de": null, "alt_name:en": null, "alt_name:es": null, "alt_name:et": null, "alt_name:hu": null, "alt_name:it": null, "alt_name:ka": null, "alt_name:mk": null, "alt_name:nl": null, "alt_name:no": null, "alt_name:pl": null, "alt_name:ru": null, "alt_name:sh": null, "alt_name:sr": null, "alt_name:sv": null, "alt_name:sw": null, "alt_name:vi": null, "loc_name:no": null, "loc_name:ru": null, "name:ar": null, "name:ca": null, "name:cs": null, "name:eo": null, "name:es": null, "name:et": null, "name:fa": null, "name:fi": null, "name:he": null, "name:hu": null, "name:hy": null, "name:it": null, "name:ja": null, "name:ka": null, "name:kk": null, "name:ko": null, "name:la": null, "name:nl": null, "name:nn": null, "name:no": null, "name:pl": null, "name:pt": null, "name:ro": null, "name:sh": null, "name:sk": null, "name:sv": null, "name:sw": null, "name:tr": null, "name:uk": null, "name:ur": null, "name:vi": null, "name:war": null, "name:zh": null, "nat_name:af": null, "nat_name:ru": null, "old_name:fr": null, "old_name:pl": null, "old_name:sk": null, "alt_name:az": null, "alt_name:bg": null, "alt_name:hy": null, "alt_name:id": null, "alt_name:ko": null, "alt_name:pt": null, "alt_name:ro": null, "alt_name:sk": null, "alt_name:tr": null, "flag": null, "name:af": null, "name:az": null, "name:bg": null, "name:ceb": null, "name:da": null, "name:eu": null, "name:id": null, "name:lv": null, "name:rue": null, "name:sl": null, "name:io": null, "label": "amenity:place_of_worship" }, "geometry": { "type": "Polygon", "coordinates": [ [ [ 23.3973888, 40.1329922 ], [ 23.3975903, 40.132824 ], [ 23.3971936, 40.1325462 ], [ 23.3967215, 40.1329403 ], [ 23.3968277, 40.1329409 ], [ 23.3971015, 40.1329431 ], [ 23.3972875, 40.132945 ], [ 23.3973725, 40.1330055 ], [ 23.3973888, 40.1329922 ] ] ] } },
{ "type": "Feature", "properties": { "element": "way", "id": 960688160, "name": "Πύργος Φώκαιας", "name:el": "Πύργος Φώκαιας", "name:en": "Tower of Fokea", "natural": null, "wikidata": null, "name:de": null, "tourism": null, "alt_name": null, "wikipedia": null, "amenity": null, "name:mk": null, "seamark:harbour:category": null, "website": null, "leisure": null, "seamark:type": null, "check_date": null, "description": null, "name:ru": null, "religion": null, "addr:city": null, "cuisine": null, "payment:mastercard": null, "payment:visa": null, "shop": null, "internet_access": null, "internet_access:fee": null, "outdoor_seating": null, "wheelchair": null, "source": "https://www.kastra.eu/castlegr.php?kastro=fokea", "air_conditioning": null, "bar": null, "payment:cash": null, "payment:credit_cards": null, "phone": null, "stars": null, "opening_hours": null, "dispensing": null, "healthcare": null, "denomination": null, "historic": "castle", "addr:street": null, "name:sr": null, "addr:postcode": null, "man_made": null, "drive_through": null, "laundry_service": null, "self_service": null, "name:fr": null, "sport": null, "leaf_type": null, "board_type": null, "boundary": null, "information": null, "supervised": null, "surface": null, "access": null, "fee": null, "parking": null, "building": "yes", "ref": null, "landuse": null, "area": "yes", "castle_type": "tower", "historic:civilization": "byzantine", "start_date": "1407", "lifeguard": null, "type": null, "alt_name:af": null, "alt_name:de": null, "alt_name:en": null, "alt_name:es": null, "alt_name:et": null, "alt_name:hu": null, "alt_name:it": null, "alt_name:ka": null, "alt_name:mk": null, "alt_name:nl": null, "alt_name:no": null, "alt_name:pl": null, "alt_name:ru": null, "alt_name:sh": null, "alt_name:sr": null, "alt_name:sv": null, "alt_name:sw": null, "alt_name:vi": null, "loc_name:no": null, "loc_name:ru": null, "name:ar": null, "name:ca": null, "name:cs": null, "name:eo": null, "name:es": null, "name:et": null, "name:fa": null, "name:fi": null, "name:he": null, "name:hu": null, "name:hy": null, "name:it": null, "name:ja": null, "name:ka": null, "name:kk": null, "name:ko": null, "name:la": null, "name:nl": null, "name:nn": null, "name:no": null, "name:pl": null, "name:pt": null, "name:ro": null, "name:sh": null, "name:sk": null, "name:sv": null, "name:sw": null, "name:tr": null, "name:uk": null, "name:ur": null, "name:vi": null, "name:war": null, "name:zh": null, "nat_name:af": null, "nat_name:ru": null, "old_name:fr": null, "old_name:pl": null, "old_name:sk": null, "alt_name:az": null, "alt_name:bg": null, "alt_name:hy": null, "alt_name:id": null, "alt_name:ko": null, "alt_name:pt": null, "alt_name:ro": null, "alt_name:sk": null, "alt_name:tr": null, "flag": null, "name:af": null, "name:az": null, "name:bg": null, "name:ceb": null, "name:da": null, "name:eu": null, "name:id": null, "name:lv": null, "name:rue": null, "name:sl": null, "name:io": null, "label": "building:yes;historic:castle" }, "geometry": { "type": "Polygon", "coordinates": [ [ [ 23.4035239, 40.1335311 ], [ 23.4035242, 40.1335991 ], [ 23.403609, 40.1335989 ], [ 23.4036087, 40.1335308 ], [ 23.4035239, 40.1335311 ] ] ] } },
{ "type": "Feature", "properties": { "element": "way", "id": 1071007397, "name": "Νέα Φώκαια", "name:el": null, "name:en": null, "natural": null, "wikidata": null, "name:de": null, "tourism": null, "alt_name": null, "wikipedia": null, "amenity": null, "name:mk": null, "seamark:harbour:category": null, "website": null, "leisure": null, "seamark:type": null, "check_date": null, "description": null, "name:ru": null, "religion": null, "addr:city": null, "cuisine": null, "payment:mastercard": null, "payment:visa": null, "shop": null, "internet_access": null, "internet_access:fee": null, "outdoor_seating": null, "wheelchair": null, "source": null, "air_conditioning": null, "bar": null, "payment:cash": null, "payment:credit_cards": null, "phone": null, "stars": null, "opening_hours": null, "dispensing": null, "healthcare": null, "denomination": null, "historic": null, "addr:street": null, "name:sr": null, "addr:postcode": null, "man_made": null, "drive_through": null, "laundry_service": null, "self_service": null, "name:fr": null, "sport": null, "leaf_type": null, "board_type": null, "boundary": null, "information": null, "supervised": null, "surface": null, "access": null, "fee": null, "parking": null, "building": null, "ref": null, "landuse": "residential", "area": null, "castle_type": null, "historic:civilization": null, "start_date": null, "lifeguard": null, "type": null, "alt_name:af": null, "alt_name:de": null, "alt_name:en": null, "alt_name:es": null, "alt_name:et": null, "alt_name:hu": null, "alt_name:it": null, "alt_name:ka": null, "alt_name:mk": null, "alt_name:nl": null, "alt_name:no": null, "alt_name:pl": null, "alt_name:ru": null, "alt_name:sh": null, "alt_name:sr": null, "alt_name:sv": null, "alt_name:sw": null, "alt_name:vi": null, "loc_name:no": null, "loc_name:ru": null, "name:ar": null, "name:ca": null, "name:cs": null, "name:eo": null, "name:es": null, "name:et": null, "name:fa": null, "name:fi": null, "name:he": null, "name:hu": null, "name:hy": null, "name:it": null, "name:ja": null, "name:ka": null, "name:kk": null, "name:ko": null, "name:la": null, "name:nl": null, "name:nn": null, "name:no": null, "name:pl": null, "name:pt": null, "name:ro": null, "name:sh": null, "name:sk": null, "name:sv": null, "name:sw": null, "name:tr": null, "name:uk": null, "name:ur": null, "name:vi": null, "name:war": null, "name:zh": null, "nat_name:af": null, "nat_name:ru": null, "old_name:fr": null, "old_name:pl": null, "old_name:sk": null, "alt_name:az": null, "alt_name:bg": null, "alt_name:hy": null, "alt_name:id": null, "alt_name:ko": null, "alt_name:pt": null, "alt_name:ro": null, "alt_name:sk": null, "alt_name:tr": null, "flag": null, "name:af": null, "name:az": null, "name:bg": null, "name:ceb": null, "name:da": null, "name:eu": null, "name:id": null, "name:lv": null, "name:rue": null, "name:sl": null, "name:io": null, "label": "landuse:residential" }, "geometry": { "type": "Polygon", "coordinates": [ [ [ 23.4003482, 40.1311251 ], [ 23.4003311, 40.1308166 ], [ 23.3998762, 40.1306198 ], [ 23.3994556, 40.1306854 ], [ 23.3991462, 40.1309335 ], [ 23.3966857, 40.1311223 ], [ 23.3949606, 40.1314175 ], [ 23.3946133, 40.1311663 ], [ 23.3939899, 40.1311079 ], [ 23.3937567, 40.1313165 ], [ 23.3910077, 40.1303697 ], [ 23.3906923, 40.1309282 ], [ 23.3912244, 40.1311841 ], [ 23.390864, 40.1314204 ], [ 23.3926603, 40.1325024 ], [ 23.3922181, 40.1329965 ], [ 23.3917823, 40.1325622 ], [ 23.3911443, 40.1331414 ], [ 23.3901645, 40.1338881 ], [ 23.3926209, 40.1345694 ], [ 23.3946054, 40.1354759 ], [ 23.3940715, 40.1356008 ], [ 23.3930936, 40.136275 ], [ 23.3926713, 40.1369097 ], [ 23.3947434, 40.137495 ], [ 23.3950738, 40.1375883 ], [ 23.3953536, 40.1377191 ], [ 23.3966959, 40.1379252 ], [ 23.3980569, 40.1358755 ], [ 23.3987003, 40.1358367 ], [ 23.4014671, 40.1335939 ], [ 23.4024597, 40.1334087 ], [ 23.4020649, 40.1326541 ], [ 23.402572, 40.1321811 ], [ 23.4020628, 40.1319553 ], [ 23.4013457, 40.1318732 ], [ 23.4002498, 40.1313437 ], [ 23.4003482, 40.1311251 ] ] ] } },
{ "type": "Feature", "properties": { "element": "way", "id": 1212600307, "name": null, "name:el": null, "name:en": null, "natural": "beach", "wikidata": null, "name:de": null, "tourism": null, "alt_name": null, "wikipedia": null, "amenity": null, "name:mk": null, "seamark:harbour:category": null, "website": null, "leisure": null, "seamark:type": null, "check_date": null, "description": null, "name:ru": null, "religion": null, "addr:city": null, "cuisine": null, "payment:mastercard": null, "payment:visa": null, "shop": null, "internet_access": null, "internet_access:fee": null, "outdoor_seating": null, "wheelchair": null, "source": null, "air_conditioning": null, "bar": null, "payment:cash": null, "payment:credit_cards": null, "phone": null, "stars": null, "opening_hours": null, "dispensing": null, "healthcare": null, "denomination": null, "historic": null, "addr:street": null, "name:sr": null, "addr:postcode": null, "man_made": null, "drive_through": null, "laundry_service": null, "self_service": null, "name:fr": null, "sport": null, "leaf_type": null, "board_type": null, "boundary": null, "information": null, "supervised": null, "surface": null, "access": null, "fee": null, "parking": null, "building": null, "ref": null, "landuse": null, "area": null, "castle_type": null, "historic:civilization": null, "start_date": null, "lifeguard": null, "type": null, "alt_name:af": null, "alt_name:de": null, "alt_name:en": null, "alt_name:es": null, "alt_name:et": null, "alt_name:hu": null, "alt_name:it": null, "alt_name:ka": null, "alt_name:mk": null, "alt_name:nl": null, "alt_name:no": null, "alt_name:pl": null, "alt_name:ru": null, "alt_name:sh": null, "alt_name:sr": null, "alt_name:sv": null, "alt_name:sw": null, "alt_name:vi": null, "loc_name:no": null, "loc_name:ru": null, "name:ar": null, "name:ca": null, "name:cs": null, "name:eo": null, "name:es": null, "name:et": null, "name:fa": null, "name:fi": null, "name:he": null, "name:hu": null, "name:hy": null, "name:it": null, "name:ja": null, "name:ka": null, "name:kk": null, "name:ko": null, "name:la": null, "name:nl": null, "name:nn": null, "name:no": null, "name:pl": null, "name:pt": null, "name:ro": null, "name:sh": null, "name:sk": null, "name:sv": null, "name:sw": null, "name:tr": null, "name:uk": null, "name:ur": null, "name:vi": null, "name:war": null, "name:zh": null, "nat_name:af": null, "nat_name:ru": null, "old_name:fr": null, "old_name:pl": null, "old_name:sk": null, "alt_name:az": null, "alt_name:bg": null, "alt_name:hy": null, "alt_name:id": null, "alt_name:ko": null, "alt_name:pt": null, "alt_name:ro": null, "alt_name:sk": null, "alt_name:tr": null, "flag": null, "name:af": null, "name:az": null, "name:bg": null, "name:ceb": null, "name:da": null, "name:eu": null, "name:id": null, "name:lv": null, "name:rue": null, "name:sl": null, "name:io": null, "label": "natural:beach" }, "geometry": { "type": "Polygon", "coordinates": [ [ [ 23.4066896, 40.13169 ], [ 23.4066633, 40.1317113 ], [ 23.4066458, 40.1317254 ], [ 23.4066252, 40.1317796 ], [ 23.4066078, 40.1318072 ], [ 23.4066258, 40.1318176 ], [ 23.4066877, 40.1318432 ], [ 23.4067547, 40.1317617 ], [ 23.4067944, 40.1316844 ], [ 23.4067908, 40.1316491 ], [ 23.4066896, 40.13169 ] ] ] } },
{ "type": "Feature", "properties": { "element": "way", "id": 1212682336, "name": null, "name:el": null, "name:en": null, "natural": null, "wikidata": null, "name:de": null, "tourism": null, "alt_name": null, "wikipedia": null, "amenity": "parking", "name:mk": null, "seamark:harbour:category": null, "website": null, "leisure": null, "seamark:type": null, "check_date": null, "description": "Somewhat uneven informal parking area", "name:ru": null, "religion": null, "addr:city": null, "cuisine": null, "payment:mastercard": null, "payment:visa": null, "shop": null, "internet_access": null, "internet_access:fee": null, "outdoor_seating": null, "wheelchair": null, "source": null, "air_conditioning": null, "bar": null, "payment:cash": null, "payment:credit_cards": null, "phone": null, "stars": null, "opening_hours": null, "dispensing": null, "healthcare": null, "denomination": null, "historic": null, "addr:street": null, "name:sr": null, "addr:postcode": null, "man_made": null, "drive_through": null, "laundry_service": null, "self_service": null, "name:fr": null, "sport": null, "leaf_type": null, "board_type": null, "boundary": null, "information": null, "supervised": null, "surface": "dirt", "access": "unknown", "fee": "no", "parking": "surface", "building": null, "ref": null, "landuse": null, "area": null, "castle_type": null, "historic:civilization": null, "start_date": null, "lifeguard": null, "type": null, "alt_name:af": null, "alt_name:de": null, "alt_name:en": null, "alt_name:es": null, "alt_name:et": null, "alt_name:hu": null, "alt_name:it": null, "alt_name:ka": null, "alt_name:mk": null, "alt_name:nl": null, "alt_name:no": null, "alt_name:pl": null, "alt_name:ru": null, "alt_name:sh": null, "alt_name:sr": null, "alt_name:sv": null, "alt_name:sw": null, "alt_name:vi": null, "loc_name:no": null, "loc_name:ru": null, "name:ar": null, "name:ca": null, "name:cs": null, "name:eo": null, "name:es": null, "name:et": null, "name:fa": null, "name:fi": null, "name:he": null, "name:hu": null, "name:hy": null, "name:it": null, "name:ja": null, "name:ka": null, "name:kk": null, "name:ko": null, "name:la": null, "name:nl": null, "name:nn": null, "name:no": null, "name:pl": null, "name:pt": null, "name:ro": null, "name:sh": null, "name:sk": null, "name:sv": null, "name:sw": null, "name:tr": null, "name:uk": null, "name:ur": null, "name:vi": null, "name:war": null, "name:zh": null, "nat_name:af": null, "nat_name:ru": null, "old_name:fr": null, "old_name:pl": null, "old_name:sk": null, "alt_name:az": null, "alt_name:bg": null, "alt_name:hy": null, "alt_name:id": null, "alt_name:ko": null, "alt_name:pt": null, "alt_name:ro": null, "alt_name:sk": null, "alt_name:tr": null, "flag": null, "name:af": null, "name:az": null, "name:bg": null, "name:ceb": null, "name:da": null, "name:eu": null, "name:id": null, "name:lv": null, "name:rue": null, "name:sl": null, "name:io": null, "label": "amenity:parking" }, "geometry": { "type": "Polygon", "coordinates": [ [ [ 23.4117253, 40.1289725 ], [ 23.4117574, 40.1290197 ], [ 23.4118674, 40.1290874 ], [ 23.4119559, 40.1290976 ], [ 23.4121356, 40.1290381 ], [ 23.4122242, 40.1289807 ], [ 23.4122993, 40.1289171 ], [ 23.4123261, 40.1288884 ], [ 23.4123033, 40.1288688 ], [ 23.4122832, 40.1288515 ], [ 23.4122027, 40.1288413 ], [ 23.4121088, 40.1288884 ], [ 23.4120364, 40.1288495 ], [ 23.4119559, 40.1288105 ], [ 23.4118815, 40.1287642 ], [ 23.4117827, 40.1288125 ], [ 23.4115717, 40.1289069 ], [ 23.4117253, 40.1289725 ] ] ] } },
{ "type": "Feature", "properties": { "element": "way", "id": 1212682338, "name": null, "name:el": null, "name:en": null, "natural": "beach", "wikidata": null, "name:de": null, "tourism": null, "alt_name": null, "wikipedia": null, "amenity": null, "name:mk": null, "seamark:harbour:category": null, "website": null, "leisure": null, "seamark:type": null, "check_date": null, "description": null, "name:ru": null, "religion": null, "addr:city": null, "cuisine": null, "payment:mastercard": null, "payment:visa": null, "shop": null, "internet_access": null, "internet_access:fee": null, "outdoor_seating": null, "wheelchair": null, "source": null, "air_conditioning": null, "bar": null, "payment:cash": null, "payment:credit_cards": null, "phone": null, "stars": null, "opening_hours": null, "dispensing": null, "healthcare": null, "denomination": null, "historic": null, "addr:street": null, "name:sr": null, "addr:postcode": null, "man_made": null, "drive_through": null, "laundry_service": null, "self_service": null, "name:fr": null, "sport": null, "leaf_type": null, "board_type": null, "boundary": null, "information": null, "supervised": "no", "surface": null, "access": null, "fee": null, "parking": null, "building": null, "ref": null, "landuse": null, "area": null, "castle_type": null, "historic:civilization": null, "start_date": null, "lifeguard": "no", "type": null, "alt_name:af": null, "alt_name:de": null, "alt_name:en": null, "alt_name:es": null, "alt_name:et": null, "alt_name:hu": null, "alt_name:it": null, "alt_name:ka": null, "alt_name:mk": null, "alt_name:nl": null, "alt_name:no": null, "alt_name:pl": null, "alt_name:ru": null, "alt_name:sh": null, "alt_name:sr": null, "alt_name:sv": null, "alt_name:sw": null, "alt_name:vi": null, "loc_name:no": null, "loc_name:ru": null, "name:ar": null, "name:ca": null, "name:cs": null, "name:eo": null, "name:es": null, "name:et": null, "name:fa": null, "name:fi": null, "name:he": null, "name:hu": null, "name:hy": null, "name:it": null, "name:ja": null, "name:ka": null, "name:kk": null, "name:ko": null, "name:la": null, "name:nl": null, "name:nn": null, "name:no": null, "name:pl": null, "name:pt": null, "name:ro": null, "name:sh": null, "name:sk": null, "name:sv": null, "name:sw": null, "name:tr": null, "name:uk": null, "name:ur": null, "name:vi": null, "name:war": null, "name:zh": null, "nat_name:af": null, "nat_name:ru": null, "old_name:fr": null, "old_name:pl": null, "old_name:sk": null, "alt_name:az": null, "alt_name:bg": null, "alt_name:hy": null, "alt_name:id": null, "alt_name:ko": null, "alt_name:pt": null, "alt_name:ro": null, "alt_name:sk": null, "alt_name:tr": null, "flag": null, "name:af": null, "name:az": null, "name:bg": null, "name:ceb": null, "name:da": null, "name:eu": null, "name:id": null, "name:lv": null, "name:rue": null, "name:sl": null, "name:io": null, "label": "natural:beach" }, "geometry": { "type": "Polygon", "coordinates": [ [ [ 23.4130049, 40.128606 ], [ 23.4129424, 40.1286142 ], [ 23.4128495, 40.1286771 ], [ 23.4129165, 40.1286992 ], [ 23.4129088, 40.1287544 ], [ 23.4129074, 40.1287645 ], [ 23.4128921, 40.1287983 ], [ 23.4128738, 40.1288239 ], [ 23.4129256, 40.1288414 ], [ 23.4129833, 40.1287699 ], [ 23.4129896, 40.1287621 ], [ 23.4130475, 40.1286853 ], [ 23.4130887, 40.1286328 ], [ 23.4130475, 40.1286282 ], [ 23.4130049, 40.128606 ] ] ] } },
{ "type": "Feature", "properties": { "element": "way", "id": 1212682339, "name": null, "name:el": null, "name:en": null, "natural": "cliff", "wikidata": null, "name:de": null, "tourism": null, "alt_name": null, "wikipedia": null, "amenity": null, "name:mk": null, "seamark:harbour:category": null, "website": null, "leisure": null, "seamark:type": null, "check_date": null, "description": null, "name:ru": null, "religion": null, "addr:city": null, "cuisine": null, "payment:mastercard": null, "payment:visa": null, "shop": null, "internet_access": null, "internet_access:fee": null, "outdoor_seating": null, "wheelchair": null, "source": null, "air_conditioning": null, "bar": null, "payment:cash": null, "payment:credit_cards": null, "phone": null, "stars": null, "opening_hours": null, "dispensing": null, "healthcare": null, "denomination": null, "historic": null, "addr:street": null, "name:sr": null, "addr:postcode": null, "man_made": null, "drive_through": null, "laundry_service": null, "self_service": null, "name:fr": null, "sport": null, "leaf_type": null, "board_type": null, "boundary": null, "information": null, "supervised": null, "surface": null, "access": null, "fee": null, "parking": null, "building": null, "ref": null, "landuse": null, "area": null, "castle_type": null, "historic:civilization": null, "start_date": null, "lifeguard": null, "type": null, "alt_name:af": null, "alt_name:de": null, "alt_name:en": null, "alt_name:es": null, "alt_name:et": null, "alt_name:hu": null, "alt_name:it": null, "alt_name:ka": null, "alt_name:mk": null, "alt_name:nl": null, "alt_name:no": null, "alt_name:pl": null, "alt_name:ru": null, "alt_name:sh": null, "alt_name:sr": null, "alt_name:sv": null, "alt_name:sw": null, "alt_name:vi": null, "loc_name:no": null, "loc_name:ru": null, "name:ar": null, "name:ca": null, "name:cs": null, "name:eo": null, "name:es": null, "name:et": null, "name:fa": null, "name:fi": null, "name:he": null, "name:hu": null, "name:hy": null, "name:it": null, "name:ja": null, "name:ka": null, "name:kk": null, "name:ko": null, "name:la": null, "name:nl": null, "name:nn": null, "name:no": null, "name:pl": null, "name:pt": null, "name:ro": null, "name:sh": null, "name:sk": null, "name:sv": null, "name:sw": null, "name:tr": null, "name:uk": null, "name:ur": null, "name:vi": null, "name:war": null, "name:zh": null, "nat_name:af": null, "nat_name:ru": null, "old_name:fr": null, "old_name:pl": null, "old_name:sk": null, "alt_name:az": null, "alt_name:bg": null, "alt_name:hy": null, "alt_name:id": null, "alt_name:ko": null, "alt_name:pt": null, "alt_name:ro": null, "alt_name:sk": null, "alt_name:tr": null, "flag": null, "name:af": null, "name:az": null, "name:bg": null, "name:ceb": null, "name:da": null, "name:eu": null, "name:id": null, "name:lv": null, "name:rue": null, "name:sl": null, "name:io": null, "label": "natural:cliff" }, "geometry": { "type": "LineString", "coordinates": [ [ 23.4128031, 40.1287887 ], [ 23.4128233, 40.1287858 ], [ 23.4128331, 40.1288032 ], [ 23.4128311, 40.1288207 ], [ 23.4128103, 40.1288391 ], [ 23.4127777, 40.1288551 ], [ 23.4127587, 40.1288775 ], [ 23.4127685, 40.1289004 ], [ 23.4127627, 40.1289244 ], [ 23.4127874, 40.1289383 ], [ 23.4127868, 40.1289653 ], [ 23.4127607, 40.1289987 ], [ 23.4127327, 40.1290411 ], [ 23.412702, 40.129062 ], [ 23.4126727, 40.129088 ], [ 23.4126127, 40.1291004 ] ] } },
{ "type": "Feature", "properties": { "element": "way", "id": 1212682340, "name": null, "name:el": null, "name:en": null, "natural": "cliff", "wikidata": null, "name:de": null, "tourism": null, "alt_name": null, "wikipedia": null, "amenity": null, "name:mk": null, "seamark:harbour:category": null, "website": null, "leisure": null, "seamark:type": null, "check_date": null, "description": null, "name:ru": null, "religion": null, "addr:city": null, "cuisine": null, "payment:mastercard": null, "payment:visa": null, "shop": null, "internet_access": null, "internet_access:fee": null, "outdoor_seating": null, "wheelchair": null, "source": null, "air_conditioning": null, "bar": null, "payment:cash": null, "payment:credit_cards": null, "phone": null, "stars": null, "opening_hours": null, "dispensing": null, "healthcare": null, "denomination": null, "historic": null, "addr:street": null, "name:sr": null, "addr:postcode": null, "man_made": null, "drive_through": null, "laundry_service": null, "self_service": null, "name:fr": null, "sport": null, "leaf_type": null, "board_type": null, "boundary": null, "information": null, "supervised": null, "surface": null, "access": null, "fee": null, "parking": null, "building": null, "ref": null, "landuse": null, "area": null, "castle_type": null, "historic:civilization": null, "start_date": null, "lifeguard": null, "type": null, "alt_name:af": null, "alt_name:de": null, "alt_name:en": null, "alt_name:es": null, "alt_name:et": null, "alt_name:hu": null, "alt_name:it": null, "alt_name:ka": null, "alt_name:mk": null, "alt_name:nl": null, "alt_name:no": null, "alt_name:pl": null, "alt_name:ru": null, "alt_name:sh": null, "alt_name:sr": null, "alt_name:sv": null, "alt_name:sw": null, "alt_name:vi": null, "loc_name:no": null, "loc_name:ru": null, "name:ar": null, "name:ca": null, "name:cs": null, "name:eo": null, "name:es": null, "name:et": null, "name:fa": null, "name:fi": null, "name:he": null, "name:hu": null, "name:hy": null, "name:it": null, "name:ja": null, "name:ka": null, "name:kk": null, "name:ko": null, "name:la": null, "name:nl": null, "name:nn": null, "name:no": null, "name:pl": null, "name:pt": null, "name:ro": null, "name:sh": null, "name:sk": null, "name:sv": null, "name:sw": null, "name:tr": null, "name:uk": null, "name:ur": null, "name:vi": null, "name:war": null, "name:zh": null, "nat_name:af": null, "nat_name:ru": null, "old_name:fr": null, "old_name:pl": null, "old_name:sk": null, "alt_name:az": null, "alt_name:bg": null, "alt_name:hy": null, "alt_name:id": null, "alt_name:ko": null, "alt_name:pt": null, "alt_name:ro": null, "alt_name:sk": null, "alt_name:tr": null, "flag": null, "name:af": null, "name:az": null, "name:bg": null, "name:ceb": null, "name:da": null, "name:eu": null, "name:id": null, "name:lv": null, "name:rue": null, "name:sl": null, "name:io": null, "label": "natural:cliff" }, "geometry": { "type": "LineString", "coordinates": [ [ 23.4134266, 40.1284352 ], [ 23.4133777, 40.1284322 ], [ 23.4133353, 40.1284332 ], [ 23.4133183, 40.1284461 ], [ 23.413272, 40.1284776 ], [ 23.4132244, 40.128514 ], [ 23.4131742, 40.1285374 ], [ 23.4131136, 40.1285384 ], [ 23.4130927, 40.1285698 ], [ 23.4130653, 40.1285903 ], [ 23.4130327, 40.1285972 ], [ 23.4130144, 40.1285888 ], [ 23.4129539, 40.1285838 ], [ 23.4129078, 40.1285981 ], [ 23.4128701, 40.1286272 ], [ 23.4128492, 40.1286144 ], [ 23.4128156, 40.1286346 ], [ 23.4128148, 40.1286476 ], [ 23.4127779, 40.1286682 ], [ 23.4127614, 40.1286884 ], [ 23.4127193, 40.1286978 ] ] } },
{ "type": "Feature", "properties": { "element": "way", "id": 1213095292, "name": null, "name:el": null, "name:en": null, "natural": "cliff", "wikidata": null, "name:de": null, "tourism": null, "alt_name": null, "wikipedia": null, "amenity": null, "name:mk": null, "seamark:harbour:category": null, "website": null, "leisure": null, "seamark:type": null, "check_date": null, "description": null, "name:ru": null, "religion": null, "addr:city": null, "cuisine": null, "payment:mastercard": null, "payment:visa": null, "shop": null, "internet_access": null, "internet_access:fee": null, "outdoor_seating": null, "wheelchair": null, "source": null, "air_conditioning": null, "bar": null, "payment:cash": null, "payment:credit_cards": null, "phone": null, "stars": null, "opening_hours": null, "dispensing": null, "healthcare": null, "denomination": null, "historic": null, "addr:street": null, "name:sr": null, "addr:postcode": null, "man_made": null, "drive_through": null, "laundry_service": null, "self_service": null, "name:fr": null, "sport": null, "leaf_type": null, "board_type": null, "boundary": null, "information": null, "supervised": null, "surface": null, "access": null, "fee": null, "parking": null, "building": null, "ref": null, "landuse": null, "area": null, "castle_type": null, "historic:civilization": null, "start_date": null, "lifeguard": null, "type": null, "alt_name:af": null, "alt_name:de": null, "alt_name:en": null, "alt_name:es": null, "alt_name:et": null, "alt_name:hu": null, "alt_name:it": null, "alt_name:ka": null, "alt_name:mk": null, "alt_name:nl": null, "alt_name:no": null, "alt_name:pl": null, "alt_name:ru": null, "alt_name:sh": null, "alt_name:sr": null, "alt_name:sv": null, "alt_name:sw": null, "alt_name:vi": null, "loc_name:no": null, "loc_name:ru": null, "name:ar": null, "name:ca": null, "name:cs": null, "name:eo": null, "name:es": null, "name:et": null, "name:fa": null, "name:fi": null, "name:he": null, "name:hu": null, "name:hy": null, "name:it": null, "name:ja": null, "name:ka": null, "name:kk": null, "name:ko": null, "name:la": null, "name:nl": null, "name:nn": null, "name:no": null, "name:pl": null, "name:pt": null, "name:ro": null, "name:sh": null, "name:sk": null, "name:sv": null, "name:sw": null, "name:tr": null, "name:uk": null, "name:ur": null, "name:vi": null, "name:war": null, "name:zh": null, "nat_name:af": null, "nat_name:ru": null, "old_name:fr": null, "old_name:pl": null, "old_name:sk": null, "alt_name:az": null, "alt_name:bg": null, "alt_name:hy": null, "alt_name:id": null, "alt_name:ko": null, "alt_name:pt": null, "alt_name:ro": null, "alt_name:sk": null, "alt_name:tr": null, "flag": null, "name:af": null, "name:az": null, "name:bg": null, "name:ceb": null, "name:da": null, "name:eu": null, "name:id": null, "name:lv": null, "name:rue": null, "name:sl": null, "name:io": null, "label": "natural:cliff" }, "geometry": { "type": "LineString", "coordinates": [ [ 23.4128722, 40.1287144 ], [ 23.4128735, 40.1287269 ], [ 23.4128527, 40.1287454 ], [ 23.4128214, 40.1287503 ], [ 23.4128188, 40.1287618 ], [ 23.4127985, 40.1287693 ] ] } },
{ "type": "Feature", "properties": { "element": "way", "id": 1326512886, "name": null, "name:el": null, "name:en": null, "natural": null, "wikidata": null, "name:de": null, "tourism": null, "alt_name": null, "wikipedia": null, "amenity": null, "name:mk": null, "seamark:harbour:category": null, "website": null, "leisure": "swimming_pool", "seamark:type": null, "check_date": null, "description": null, "name:ru": null, "religion": null, "addr:city": null, "cuisine": null, "payment:mastercard": null, "payment:visa": null, "shop": null, "internet_access": null, "internet_access:fee": null, "outdoor_seating": null, "wheelchair": null, "source": null, "air_conditioning": null, "bar": null, "payment:cash": null, "payment:credit_cards": null, "phone": null, "stars": null, "opening_hours": null, "dispensing": null, "healthcare": null, "denomination": null, "historic": null, "addr:street": null, "name:sr": null, "addr:postcode": null, "man_made": null, "drive_through": null, "laundry_service": null, "self_service": null, "name:fr": null, "sport": null, "leaf_type": null, "board_type": null, "boundary": null, "information": null, "supervised": null, "surface": null, "access": null, "fee": null, "parking": null, "building": null, "ref": null, "landuse": null, "area": null, "castle_type": null, "historic:civilization": null, "start_date": null, "lifeguard": null, "type": null, "alt_name:af": null, "alt_name:de": null, "alt_name:en": null, "alt_name:es": null, "alt_name:et": null, "alt_name:hu": null, "alt_name:it": null, "alt_name:ka": null, "alt_name:mk": null, "alt_name:nl": null, "alt_name:no": null, "alt_name:pl": null, "alt_name:ru": null, "alt_name:sh": null, "alt_name:sr": null, "alt_name:sv": null, "alt_name:sw": null, "alt_name:vi": null, "loc_name:no": null, "loc_name:ru": null, "name:ar": null, "name:ca": null, "name:cs": null, "name:eo": null, "name:es": null, "name:et": null, "name:fa": null, "name:fi": null, "name:he": null, "name:hu": null, "name:hy": null, "name:it": null, "name:ja": null, "name:ka": null, "name:kk": null, "name:ko": null, "name:la": null, "name:nl": null, "name:nn": null, "name:no": null, "name:pl": null, "name:pt": null, "name:ro": null, "name:sh": null, "name:sk": null, "name:sv": null, "name:sw": null, "name:tr": null, "name:uk": null, "name:ur": null, "name:vi": null, "name:war": null, "name:zh": null, "nat_name:af": null, "nat_name:ru": null, "old_name:fr": null, "old_name:pl": null, "old_name:sk": null, "alt_name:az": null, "alt_name:bg": null, "alt_name:hy": null, "alt_name:id": null, "alt_name:ko": null, "alt_name:pt": null, "alt_name:ro": null, "alt_name:sk": null, "alt_name:tr": null, "flag": null, "name:af": null, "name:az": null, "name:bg": null, "name:ceb": null, "name:da": null, "name:eu": null, "name:id": null, "name:lv": null, "name:rue": null, "name:sl": null, "name:io": null, "label": "leisure:swimming_pool" }, "geometry": { "type": "Polygon", "coordinates": [ [ [ 23.4134651, 40.1247258 ], [ 23.4137514, 40.1247243 ], [ 23.4137514, 40.1246194 ], [ 23.4134592, 40.1246149 ], [ 23.4134651, 40.1247258 ] ] ] } }
]
}
