{
"type": "FeatureCollection",
"name": "patch_85428_polygon",
"crs": { "type": "name", "properties": { "name": "urn:ogc:def:crs:OGC:1.3:CRS84" } },
"features": [
{ "type": "Feature", "properties": { "osm_id": 318603224, "name": null, "label": "landuse:farmland", "landuse": "farmland", "natural": null, "building": null, "water": null }, "geometry": { "type": "Polygon", "coordinates": [ [ [ 23.8185509, 40.88917190037958 ], [ 23.818399, 40.889406000379608 ], [ 23.818175, 40.889824200379657 ], [ 23.8180542, 40.890006700379672 ], [ 23.8179023, 40.890170200379693 ], [ 23.8177348, 40.890357200379711 ], [ 23.8175635, 40.890570600379739 ], [ 23.8174817, 40.890714900379749 ], [ 23.817369628291257, 40.890934204160615 ], [ 23.818626516278844, 40.890934204160615 ], [ 23.818626516278844, 40.889122983212232 ], [ 23.8185509, 40.88917190037958 ] ] ] } },
{ "type": "Feature", "properties": { "osm_id": 318603107, "name": null, "label": "natural:scrub", "landuse": null, "natural": "scrub", "building": null, "water": null }, "geometry": { "type": "Polygon", "coordinates": [ [ [ 23.8186151, 40.888680200379518 ], [ 23.818626516278844, 40.888705297574255 ], [ 23.818626516278844, 40.888671996938989 ], [ 23.8186151, 40.888680200379518 ] ] ] } },
{ "type": "Feature", "properties": { "osm_id": 318603108, "name": null, "label": "natural:wood", "landuse": null, "natural": "wood", "building": null, "water": null }, "geometry": { "type": "Polygon", "coordinates": [ [ [ 23.8183701, 40.888489300379504 ], [ 23.8181689, 40.888823900379535 ], [ 23.818126, 40.888954600379549 ], [ 23.8181153, 40.889028700379555 ], [ 23.8181153, 40.889114800379559 ], [ 23.8181859, 40.889234400379571 ], [ 23.8181904, 40.889296300379591 ], [ 23.8181207, 40.889441300379595 ], [ 23.8180388, 40.889573100379621 ], [ 23.8179088, 40.889755600379644 ], [ 23.8177572, 40.890015100379671 ], [ 23.8175829, 40.890313200379715 ], [ 23.8174514, 40.890514900379735 ], [ 23.8172892, 40.890782600379765 ], [ 23.817212656138945, 40.890934204160615 ], [ 23.817369628291257, 40.890934204160615 ], [ 23.8174817, 40.890714900379749 ], [ 23.8175635, 40.890570600379739 ], [ 23.8177348, 40.890357200379711 ], [ 23.8179023, 40.890170200379693 ], [ 23.8180542, 40.890006700379672 ], [ 23.818175, 40.889824200379657 ], [ 23.818399, 40.889406000379608 ], [ 23.8185509, 40.88917190037958 ], [ 23.818626516278844, 40.889122983212232 ], [ 23.818626516278844, 40.888705297574255 ], [ 23.8186151, 40.888680200379518 ], [ 23.818626516278844, 40.888671996938989 ], [ 23.818626516278844, 40.888091667927768 ], [ 23.8183701, 40.888489300379504 ] ] ] } },
{ "type": "Feature", "properties": { "osm_id": 329525142, "name": null, "label": "landuse:farmland", "landuse": "farmland", "natural": null, "building": null, "water": null }, "geometry": { "type": "Polygon", "coordinates": [ [ [ 23.8156903, 40.883346800378909 ], [ 23.8163905, 40.883698500378941 ], [ 23.8167433, 40.883136900378879 ], [ 23.8162185, 40.882934300378857 ], [ 23.8161839, 40.883025100378859 ], [ 23.8154251, 40.882764700378836 ], [ 23.8153808, 40.882838700378848 ], [ 23.8151968, 40.883147200378879 ], [ 23.8156903, 40.883346800378909 ] ] ] } },
{ "type": "Feature", "properties": { "osm_id": 329525143, "name": null, "label": "landuse:farmland", "landuse": "farmland", "natural": null, "building": null, "water": null }, "geometry": { "type": "Polygon", "coordinates": [ [ [ 23.8167433, 40.883136900378879 ], [ 23.8177781, 40.883508600378917 ], [ 23.8178185, 40.883527100378934 ], [ 23.8182612, 40.882711700378835 ], [ 23.8181776, 40.882689900378828 ], [ 23.8178361, 40.882573800378815 ], [ 23.8166364, 40.882166200378762 ], [ 23.8162185, 40.882934300378857 ], [ 23.8167433, 40.883136900378879 ] ] ] } },
{ "type": "Feature", "properties": { "osm_id": 329525138, "name": null, "label": "landuse:farmland", "landuse": "farmland", "natural": null, "building": null, "water": null }, "geometry": { "type": "Polygon", "coordinates": [ [ [ 23.8164405, 40.88372360037895 ], [ 23.817319, 40.884149000378997 ], [ 23.817433, 40.884206400379 ], [ 23.8177781, 40.883508600378917 ], [ 23.8167433, 40.883136900378879 ], [ 23.8163905, 40.883698500378941 ], [ 23.8164405, 40.88372360037895 ] ] ] } },
{ "type": "Feature", "properties": { "osm_id": 329525145, "name": null, "label": "landuse:farmland", "landuse": "farmland", "natural": null, "building": null, "water": null }, "geometry": { "type": "Polygon", "coordinates": [ [ [ 23.8182612, 40.882711700378835 ], [ 23.8178185, 40.883527100378934 ], [ 23.8182844, 40.883704200378936 ], [ 23.8179388, 40.88446090037904 ], [ 23.8181974, 40.884591100379055 ], [ 23.8185686, 40.884741500379057 ], [ 23.818626516278844, 40.88463599365825 ], [ 23.818626516278844, 40.88377370248778 ], [ 23.8185907, 40.883760600378949 ], [ 23.818626516278844, 40.883697777633003 ], [ 23.818626516278844, 40.882825418343238 ], [ 23.8182612, 40.882711700378835 ] ] ] } },
{ "type": "Feature", "properties": { "osm_id": 329525134, "name": null, "label": "landuse:farmland", "landuse": "farmland", "natural": null, "building": null, "water": null }, "geometry": { "type": "Polygon", "coordinates": [ [ [ 23.8179388, 40.88446090037904 ], [ 23.8182844, 40.883704200378936 ], [ 23.8178185, 40.883527100378934 ], [ 23.8177781, 40.883508600378917 ], [ 23.817433, 40.884206400379 ], [ 23.8179388, 40.88446090037904 ] ] ] } },
{ "type": "Feature", "properties": { "osm_id": 318382017, "name": null, "label": "building:yes", "landuse": null, "natural": null, "building": "yes", "water": null }, "geometry": { "type": "Polygon", "coordinates": [ [ [ 23.8185937, 40.88543750037914 ], [ 23.818626516278844, 40.885452544424147 ], [ 23.818626516278844, 40.885396621758964 ], [ 23.8185937, 40.88543750037914 ] ] ] } },
{ "type": "Feature", "properties": { "osm_id": 329525136, "name": null, "label": "landuse:farmland", "landuse": "farmland", "natural": null, "building": null, "water": null }, "geometry": { "type": "Polygon", "coordinates": [ [ [ 23.8185686, 40.884741500379057 ], [ 23.818626516278844, 40.884764978306634 ], [ 23.818626516278844, 40.88463599365825 ], [ 23.8185686, 40.884741500379057 ] ] ] } },
{ "type": "Feature", "properties": { "osm_id": 329525131, "name": null, "label": "landuse:farmland", "landuse": "farmland", "natural": null, "building": null, "water": null }, "geometry": { "type": "Polygon", "coordinates": [ [ [ 23.8185907, 40.883760600378949 ], [ 23.818626516278844, 40.88377370248778 ], [ 23.818626516278844, 40.883697777633003 ], [ 23.8185907, 40.883760600378949 ] ] ] } },
{ "type": "Feature", "properties": { "osm_id": 329525121, "name": null, "label": "natural:scrub", "landuse": null, "natural": "scrub", "building": null, "water": null }, "geometry": { "type": "Polygon", "coordinates": [ [ [ 23.8182559, 40.882629300378809 ], [ 23.8181776, 40.882689900378828 ], [ 23.8182612, 40.882711700378835 ], [ 23.818626516278844, 40.882825418343238 ], [ 23.818626516278844, 40.882752741152714 ], [ 23.8182559, 40.882629300378809 ] ] ] } },
{ "type": "Feature", "properties": { "osm_id": -12351982, "name": null, "label": "water:river;natural:water", "landuse": null, "natural": "water", "building": null, "water": "river" }, "geometry": { "type": "Polygon", "coordinates": [ [ [ 23.8185525, 40.887011100379333 ], [ 23.8184479, 40.887217900379355 ], [ 23.8183299, 40.88742070037938 ], [ 23.8181502, 40.887708600379405 ], [ 23.8179865, 40.887960100379445 ], [ 23.8177505, 40.888331100379489 ], [ 23.8175628, 40.888629200379505 ], [ 23.8174126, 40.888856300379544 ], [ 23.8172811, 40.889083400379576 ], [ 23.817209, 40.889202000379584 ], [ 23.817106, 40.889375400379599 ], [ 23.8169772, 40.889571000379604 ], [ 23.8168279, 40.889789400379648 ], [ 23.8166927, 40.88996250037966 ], [ 23.8165252, 40.89021250037969 ], [ 23.816451, 40.890413500379722 ], [ 23.8163853, 40.89071560037975 ], [ 23.816346110276925, 40.890934204160615 ], [ 23.817212656138945, 40.890934204160615 ], [ 23.8172892, 40.890782600379765 ], [ 23.8174514, 40.890514900379735 ], [ 23.8175829, 40.890313200379715 ], [ 23.8177572, 40.890015100379671 ], [ 23.8179088, 40.889755600379644 ], [ 23.8180388, 40.889573100379621 ], [ 23.8181207, 40.889441300379595 ], [ 23.8181904, 40.889296300379591 ], [ 23.8181859, 40.889234400379571 ], [ 23.8181153, 40.889114800379559 ], [ 23.8181153, 40.889028700379555 ], [ 23.818126, 40.888954600379549 ], [ 23.8181689, 40.888823900379535 ], [ 23.8183701, 40.888489300379504 ], [ 23.818626516278844, 40.888091667927768 ], [ 23.818626516278844, 40.886906803324507 ], [ 23.8185525, 40.887011100379333 ] ] ] } },
{ "type": "Feature", "properties": { "osm_id": 351678708, "name": null, "label": "landuse:farmland", "landuse": "farmland", "natural": null, "building": null, "water": null }, "geometry": { "type": "Polygon", "coordinates": [ [ [ 23.8156408, 40.878789800378371 ], [ 23.8161331, 40.877976100378284 ], [ 23.8161137, 40.877968600378281 ], [ 23.8156367, 40.877797200378268 ], [ 23.81515, 40.878614400378353 ], [ 23.8156408, 40.878789800378371 ] ] ] } },
{ "type": "Feature", "properties": { "osm_id": 351678713, "name": null, "label": "landuse:farmland", "landuse": "farmland", "natural": null, "building": null, "water": null }, "geometry": { "type": "Polygon", "coordinates": [ [ [ 23.8157333, 40.879801600378492 ], [ 23.8162209, 40.879020800378413 ], [ 23.8160661, 40.878958500378403 ], [ 23.8156981, 40.878810300378383 ], [ 23.8152515, 40.879614500378487 ], [ 23.8157333, 40.879801600378492 ] ] ] } },
{ "type": "Feature", "properties": { "osm_id": 351678709, "name": null, "label": "landuse:farmland", "landuse": "farmland", "natural": null, "building": null, "water": null }, "geometry": { "type": "Polygon", "coordinates": [ [ [ 23.8156981, 40.878810300378383 ], [ 23.8160661, 40.878958500378403 ], [ 23.8165633, 40.878142000378297 ], [ 23.8161331, 40.877976100378284 ], [ 23.8156408, 40.878789800378371 ], [ 23.8156981, 40.878810300378383 ] ] ] } },
{ "type": "Feature", "properties": { "osm_id": 351678718, "name": null, "label": "landuse:farmland", "landuse": "farmland", "natural": null, "building": null, "water": null }, "geometry": { "type": "Polygon", "coordinates": [ [ [ 23.8162209, 40.879020800378413 ], [ 23.8167095, 40.879184000378423 ], [ 23.8173041, 40.879387400378448 ], [ 23.81775, 40.878546500378341 ], [ 23.8173241, 40.878400700378343 ], [ 23.8165633, 40.878142000378297 ], [ 23.8160661, 40.878958500378403 ], [ 23.8162209, 40.879020800378413 ] ] ] } },
{ "type": "Feature", "properties": { "osm_id": 352141471, "name": null, "label": "landuse:farmland", "landuse": "farmland", "natural": null, "building": null, "water": null }, "geometry": { "type": "Polygon", "coordinates": [ [ [ 23.8185878, 40.877587400378239 ], [ 23.8184961, 40.877756000378248 ], [ 23.818626516278844, 40.877790319231082 ], [ 23.818626516278844, 40.877525548550985 ], [ 23.8185878, 40.877587400378239 ] ] ] } },
{ "type": "Feature", "properties": { "osm_id": 352141460, "name": null, "label": "landuse:farmland", "landuse": "farmland", "natural": null, "building": null, "water": null }, "geometry": { "type": "Polygon", "coordinates": [ [ [ 23.8184961, 40.877756000378248 ], [ 23.818171, 40.878353900378322 ], [ 23.8180283, 40.878600600378363 ], [ 23.8186054, 40.878808900378388 ], [ 23.818626516278844, 40.878816798214608 ], [ 23.818626516278844, 40.877790319231082 ], [ 23.8184961, 40.877756000378248 ] ] ] } },
{ "type": "Feature", "properties": { "osm_id": 352141466, "name": null, "label": "landuse:farmland", "landuse": "farmland", "natural": null, "building": null, "water": null }, "geometry": { "type": "Polygon", "coordinates": [ [ [ 23.818064, 40.879662900378477 ], [ 23.8186054, 40.878808900378388 ], [ 23.8180283, 40.878600600378363 ], [ 23.817847, 40.878914000378401 ], [ 23.8174906, 40.879440000378459 ], [ 23.818064, 40.879662900378477 ] ] ] } },
{ "type": "Feature", "properties": { "osm_id": 352141468, "name": null, "label": "landuse:farmland", "landuse": "farmland", "natural": null, "building": null, "water": null }, "geometry": { "type": "Polygon", "coordinates": [ [ [ 23.8185446, 40.879849700378493 ], [ 23.8180581, 40.880647600378587 ], [ 23.8184149, 40.880779500378615 ], [ 23.818626516278844, 40.880428117331604 ], [ 23.818626516278844, 40.879886377795437 ], [ 23.8185446, 40.879849700378493 ] ] ] } },
{ "type": "Feature", "properties": { "osm_id": 352141467, "name": null, "label": "landuse:farmland", "landuse": "farmland", "natural": null, "building": null, "water": null }, "geometry": { "type": "Polygon", "coordinates": [ [ [ 23.8184149, 40.880779500378615 ], [ 23.818626516278844, 40.880857727592407 ], [ 23.818626516278844, 40.880428117331604 ], [ 23.8184149, 40.880779500378615 ] ] ] } },
{ "type": "Feature", "properties": { "osm_id": 352141470, "name": null, "label": "landuse:farmland", "landuse": "farmland", "natural": null, "building": null, "water": null }, "geometry": { "type": "Polygon", "coordinates": [ [ [ 23.8186054, 40.878808900378388 ], [ 23.818064, 40.879662900378477 ], [ 23.8185446, 40.879849700378493 ], [ 23.818626516278844, 40.879886377795437 ], [ 23.818626516278844, 40.878816798214608 ], [ 23.8186054, 40.878808900378388 ] ] ] } },
{ "type": "Feature", "properties": { "osm_id": 329525130, "name": null, "label": "landuse:farmland", "landuse": "farmland", "natural": null, "building": null, "water": null }, "geometry": { "type": "Polygon", "coordinates": [ [ [ 23.8183441, 40.881798400378734 ], [ 23.8183028, 40.881784600378715 ], [ 23.8178361, 40.882573800378815 ], [ 23.8181776, 40.882689900378828 ], [ 23.8182559, 40.882629300378809 ], [ 23.818626516278844, 40.882752741152714 ], [ 23.818626516278844, 40.881892681303547 ], [ 23.8183441, 40.881798400378734 ] ] ] } },
{ "type": "Feature", "properties": { "osm_id": 329525132, "name": null, "label": "landuse:farmland", "landuse": "farmland", "natural": null, "building": null, "water": null }, "geometry": { "type": "Polygon", "coordinates": [ [ [ 23.8183441, 40.881798400378734 ], [ 23.818626516278844, 40.881892681303547 ], [ 23.818626516278844, 40.881343495848554 ], [ 23.8183441, 40.881798400378734 ] ] ] } },
{ "type": "Feature", "properties": { "osm_id": 329525139, "name": null, "label": "landuse:farmland", "landuse": "farmland", "natural": null, "building": null, "water": null }, "geometry": { "type": "Polygon", "coordinates": [ [ [ 23.8166364, 40.882166200378762 ], [ 23.8178361, 40.882573800378815 ], [ 23.8183028, 40.881784600378715 ], [ 23.8166891, 40.881224000378673 ], [ 23.8164292, 40.881133700378648 ], [ 23.815937, 40.881919000378744 ], [ 23.8166364, 40.882166200378762 ] ] ] } },
{ "type": "Feature", "properties": { "osm_id": 329525137, "name": null, "label": "landuse:farmland", "landuse": "farmland", "natural": null, "building": null, "water": null }, "geometry": { "type": "Polygon", "coordinates": [ [ [ 23.8184149, 40.880779500378615 ], [ 23.8180581, 40.880647600378587 ], [ 23.8172362, 40.880364800378558 ], [ 23.8166891, 40.881224000378673 ], [ 23.8183028, 40.881784600378715 ], [ 23.8183441, 40.881798400378734 ], [ 23.818626516278844, 40.881343495848554 ], [ 23.818626516278844, 40.880857727592407 ], [ 23.8184149, 40.880779500378615 ] ] ] } },
{ "type": "Feature", "properties": { "osm_id": 329525144, "name": null, "label": "landuse:farmland", "landuse": "farmland", "natural": null, "building": null, "water": null }, "geometry": { "type": "Polygon", "coordinates": [ [ [ 23.8166891, 40.881224000378673 ], [ 23.8172362, 40.880364800378558 ], [ 23.8180581, 40.880647600378587 ], [ 23.8185446, 40.879849700378493 ], [ 23.818064, 40.879662900378477 ], [ 23.8174906, 40.879440000378459 ], [ 23.8172391, 40.879811200378484 ], [ 23.8168532, 40.88047590037857 ], [ 23.8164292, 40.881133700378648 ], [ 23.8166891, 40.881224000378673 ] ] ] } },
{ "type": "Feature", "properties": { "osm_id": 351678710, "name": null, "label": "landuse:farmland", "landuse": "farmland", "natural": null, "building": null, "water": null }, "geometry": { "type": "Polygon", "coordinates": [ [ [ 23.8167308, 40.880136000378542 ], [ 23.8167708, 40.88014010037854 ], [ 23.8173041, 40.879387400378448 ], [ 23.8167095, 40.879184000378423 ], [ 23.8162138, 40.879954400378502 ], [ 23.8167308, 40.880136000378542 ] ] ] } },
{ "type": "Feature", "properties": { "osm_id": 351678711, "name": null, "label": "landuse:farmland", "landuse": "farmland", "natural": null, "building": null, "water": null }, "geometry": { "type": "Polygon", "coordinates": [ [ [ 23.815848, 40.879812600378493 ], [ 23.8162138, 40.879954400378502 ], [ 23.8167095, 40.879184000378423 ], [ 23.8162209, 40.879020800378413 ], [ 23.8157333, 40.879801600378492 ], [ 23.815848, 40.879812600378493 ] ] ] } },
{ "type": "Feature", "properties": { "osm_id": 329525140, "name": null, "label": "landuse:farmland", "landuse": "farmland", "natural": null, "building": null, "water": null }, "geometry": { "type": "Polygon", "coordinates": [ [ [ 23.8161839, 40.883025100378859 ], [ 23.8162185, 40.882934300378857 ], [ 23.8166364, 40.882166200378762 ], [ 23.815937, 40.881919000378744 ], [ 23.8158194, 40.882106600378755 ], [ 23.8154251, 40.882764700378836 ], [ 23.8161839, 40.883025100378859 ] ] ] } },
{ "type": "Feature", "properties": { "osm_id": 329525135, "name": null, "label": "landuse:farmland", "landuse": "farmland", "natural": null, "building": null, "water": null }, "geometry": { "type": "Polygon", "coordinates": [ [ [ 23.8148785, 40.883022200378868 ], [ 23.8149276, 40.883062900378874 ], [ 23.8152393, 40.882566100378817 ], [ 23.8145692, 40.882282700378767 ], [ 23.8142304, 40.882732500378843 ], [ 23.8148785, 40.883022200378868 ] ] ] } },
{ "type": "Feature", "properties": { "osm_id": 344994215, "name": null, "label": "landuse:farmland", "landuse": "farmland", "natural": null, "building": null, "water": null }, "geometry": { "type": "Polygon", "coordinates": [ [ [ 23.8138759, 40.882006800378747 ], [ 23.8145692, 40.882282700378767 ], [ 23.8152393, 40.882566100378817 ], [ 23.8155568, 40.882194700378761 ], [ 23.8157585, 40.881867500378732 ], [ 23.8139705, 40.881238900378669 ], [ 23.8135592, 40.881880200378738 ], [ 23.8138759, 40.882006800378747 ] ] ] } },
{ "type": "Feature", "properties": { "osm_id": 344994211, "name": null, "label": "landuse:farmland", "landuse": "farmland", "natural": null, "building": null, "water": null }, "geometry": { "type": "Polygon", "coordinates": [ [ [ 23.8157585, 40.881867500378732 ], [ 23.8160082, 40.88146260037869 ], [ 23.8162592, 40.881075500378643 ], [ 23.8144653, 40.880453600378573 ], [ 23.8139705, 40.881238900378669 ], [ 23.8157585, 40.881867500378732 ] ] ] } },
{ "type": "Feature", "properties": { "osm_id": 344994205, "name": null, "label": "landuse:farmland", "landuse": "farmland", "natural": null, "building": null, "water": null }, "geometry": { "type": "Polygon", "coordinates": [ [ [ 23.8141967, 40.88036310037856 ], [ 23.8144653, 40.880453600378573 ], [ 23.8162592, 40.881075500378643 ], [ 23.8162848, 40.881036000378643 ], [ 23.8161956, 40.88096440037863 ], [ 23.8166707, 40.88020760037854 ], [ 23.8155495, 40.879836000378504 ], [ 23.814685, 40.879533300378462 ], [ 23.8140989, 40.879325500378449 ], [ 23.8135923, 40.880156700378535 ], [ 23.8141967, 40.88036310037856 ] ] ] } },
{ "type": "Feature", "properties": { "osm_id": 344994206, "name": null, "label": "landuse:farmland", "landuse": "farmland", "natural": null, "building": null, "water": null }, "geometry": { "type": "Polygon", "coordinates": [ [ [ 23.8139705, 40.881238900378669 ], [ 23.8144653, 40.880453600378573 ], [ 23.8141967, 40.88036310037856 ], [ 23.8137146, 40.881159400378657 ], [ 23.8139705, 40.881238900378669 ] ] ] } },
{ "type": "Feature", "properties": { "osm_id": 344994212, "name": null, "label": "landuse:farmland", "landuse": "farmland", "natural": null, "building": null, "water": null }, "geometry": { "type": "Polygon", "coordinates": [ [ [ 23.8134943, 40.880123200378534 ], [ 23.8135923, 40.880156700378535 ], [ 23.8140989, 40.879325500378449 ], [ 23.8137531, 40.87918370037842 ], [ 23.8132706, 40.880052500378518 ], [ 23.8134943, 40.880123200378534 ] ] ] } },
{ "type": "Feature", "properties": { "osm_id": 344994207, "name": null, "label": "landuse:farmland", "landuse": "farmland", "natural": null, "building": null, "water": null }, "geometry": { "type": "Polygon", "coordinates": [ [ [ 23.8132706, 40.880052500378518 ], [ 23.8137531, 40.87918370037842 ], [ 23.8133577, 40.879057000378403 ], [ 23.8128664, 40.879919700378508 ], [ 23.8132706, 40.880052500378518 ] ] ] } },
{ "type": "Feature", "properties": { "osm_id": 344994210, "name": null, "label": "landuse:farmland", "landuse": "farmland", "natural": null, "building": null, "water": null }, "geometry": { "type": "Polygon", "coordinates": [ [ [ 23.8137146, 40.881159400378657 ], [ 23.8141967, 40.88036310037856 ], [ 23.8135923, 40.880156700378535 ], [ 23.8134943, 40.880123200378534 ], [ 23.813001, 40.880937800378618 ], [ 23.8137146, 40.881159400378657 ] ] ] } },
{ "type": "Feature", "properties": { "osm_id": 329525141, "name": null, "label": "landuse:farmland", "landuse": "farmland", "natural": null, "building": null, "water": null }, "geometry": { "type": "Polygon", "coordinates": [ [ [ 23.8131057, 40.882125100378772 ], [ 23.8136117, 40.882365200378786 ], [ 23.8138759, 40.882006800378747 ], [ 23.8135592, 40.881880200378738 ], [ 23.8139705, 40.881238900378669 ], [ 23.8137146, 40.881159400378657 ], [ 23.813001, 40.880937800378618 ], [ 23.8125648, 40.881626400378707 ], [ 23.8131057, 40.882125100378772 ] ] ] } },
{ "type": "Feature", "properties": { "osm_id": 329525129, "name": null, "label": "natural:scrub", "landuse": null, "natural": "scrub", "building": null, "water": null }, "geometry": { "type": "Polygon", "coordinates": [ [ [ 23.8141701, 40.882705600378834 ], [ 23.8142304, 40.882732500378843 ], [ 23.8145692, 40.882282700378767 ], [ 23.8138759, 40.882006800378747 ], [ 23.8136117, 40.882365200378786 ], [ 23.8141701, 40.882705600378834 ] ] ] } },
{ "type": "Feature", "properties": { "osm_id": 344994214, "name": null, "label": "landuse:farmland", "landuse": "farmland", "natural": null, "building": null, "water": null }, "geometry": { "type": "Polygon", "coordinates": [ [ [ 23.813001, 40.880937800378618 ], [ 23.8134943, 40.880123200378534 ], [ 23.8132706, 40.880052500378518 ], [ 23.8129815, 40.879961100378516 ], [ 23.8124915, 40.8807557003786 ], [ 23.813001, 40.880937800378618 ] ] ] } },
{ "type": "Feature", "properties": { "osm_id": 344994208, "name": null, "label": "landuse:farmland", "landuse": "farmland", "natural": null, "building": null, "water": null }, "geometry": { "type": "Polygon", "coordinates": [ [ [ 23.8128664, 40.879919700378508 ], [ 23.8133577, 40.879057000378403 ], [ 23.8128973, 40.878909500378384 ], [ 23.8123815, 40.879745100378486 ], [ 23.8128664, 40.879919700378508 ] ] ] } },
{ "type": "Feature", "properties": { "osm_id": 344994213, "name": null, "label": "landuse:farmland", "landuse": "farmland", "natural": null, "building": null, "water": null }, "geometry": { "type": "Polygon", "coordinates": [ [ [ 23.8118464, 40.879552500378466 ], [ 23.8123815, 40.879745100378486 ], [ 23.8128973, 40.878909500378384 ], [ 23.8123494, 40.878711700378368 ], [ 23.8118464, 40.879476000378453 ], [ 23.8118464, 40.879552500378466 ] ] ] } },
{ "type": "Feature", "properties": { "osm_id": 351678703, "name": null, "label": "natural:scrub", "landuse": null, "natural": "scrub", "building": null, "water": null }, "geometry": { "type": "Polygon", "coordinates": [ [ [ 23.8114211, 40.878276300378324 ], [ 23.8119485, 40.878431100378336 ], [ 23.8118641, 40.878355300378317 ], [ 23.8116612, 40.878260800378314 ], [ 23.8121003, 40.877523200378228 ], [ 23.8107845, 40.877056100378176 ], [ 23.8104188, 40.876926400378153 ], [ 23.8099825, 40.877748000378261 ], [ 23.8114211, 40.878276300378324 ] ] ] } },
{ "type": "Feature", "properties": { "osm_id": 351678716, "name": null, "label": "landuse:farmland", "landuse": "farmland", "natural": null, "building": null, "water": null }, "geometry": { "type": "Polygon", "coordinates": [ [ [ 23.8121003, 40.877523200378228 ], [ 23.8125963, 40.876709800378144 ], [ 23.8119257, 40.876469900378098 ], [ 23.8114234, 40.876284100378086 ], [ 23.8112086, 40.876209800378085 ], [ 23.8107845, 40.877056100378176 ], [ 23.8121003, 40.877523200378228 ] ] ] } },
{ "type": "Feature", "properties": { "osm_id": 329525122, "name": null, "label": "natural:scrub", "landuse": null, "natural": "scrub", "building": null, "water": null }, "geometry": { "type": "MultiPolygon", "coordinates": [ [ [ [ 23.8185254, 40.873279700377736 ], [ 23.8178264, 40.873082900377725 ], [ 23.8166616, 40.872776000377691 ], [ 23.8161647, 40.87263560037767 ], [ 23.8155968, 40.872473200377655 ], [ 23.8149289, 40.872299800377633 ], [ 23.8141863, 40.872094800377603 ], [ 23.8129777, 40.871814000377562 ], [ 23.8117437, 40.871475400377534 ], [ 23.8103786, 40.871073500377491 ], [ 23.8095396, 40.870829900377458 ], [ 23.8091628, 40.870704700377438 ], [ 23.8089881, 40.87076250037746 ], [ 23.8087132, 40.870885000377463 ], [ 23.8084348, 40.87104190037747 ], [ 23.8081927, 40.871302000377518 ], [ 23.8080853, 40.871479500377539 ], [ 23.8079142, 40.871878700377586 ], [ 23.8077541, 40.872036900377601 ], [ 23.807421, 40.871980500377589 ], [ 23.8065328, 40.871643300377556 ], [ 23.8055081, 40.871336400377508 ], [ 23.8054243, 40.871435500377522 ], [ 23.8057574, 40.871538700377535 ], [ 23.806247, 40.87168460037757 ], [ 23.8065819, 40.871798800377576 ], [ 23.8069696, 40.871922700377596 ], [ 23.8074665, 40.872103000377614 ], [ 23.8077632, 40.872155300377607 ], [ 23.8079961, 40.872244800377615 ], [ 23.8081308, 40.872376900377631 ], [ 23.8081963, 40.872667300377678 ], [ 23.8082691, 40.873109100377718 ], [ 23.8083802, 40.873659600377792 ], [ 23.808422, 40.874080700377817 ], [ 23.8086605, 40.87402710037783 ], [ 23.8086659, 40.873912800377823 ], [ 23.8085968, 40.873724300377788 ], [ 23.808544, 40.873372000377771 ], [ 23.8084894, 40.873180600377729 ], [ 23.8083747, 40.872672800377678 ], [ 23.8083456, 40.872437500377643 ], [ 23.8082655, 40.872111300377618 ], [ 23.8081727, 40.871790600377558 ], [ 23.8081599, 40.871630900377554 ], [ 23.8082382, 40.871458900377526 ], [ 23.8083347, 40.871352900377509 ], [ 23.8085203, 40.871172600377498 ], [ 23.8087132, 40.871035000377482 ], [ 23.8088898, 40.870955200377473 ], [ 23.8090736, 40.870860200377457 ], [ 23.8092065, 40.870876700377451 ], [ 23.8094176, 40.870915300377462 ], [ 23.8096888, 40.870996500377494 ], [ 23.8100874, 40.871109300377483 ], [ 23.8104314, 40.871201500377509 ], [ 23.8107463, 40.871304800377523 ], [ 23.8109902, 40.871384600377517 ], [ 23.8112323, 40.871465800377543 ], [ 23.8114707, 40.871514000377545 ], [ 23.8118802, 40.871640600377546 ], [ 23.8120968, 40.871717600377558 ], [ 23.8122424, 40.871764400377579 ], [ 23.8123261, 40.87173970037756 ], [ 23.8124554, 40.871764400377579 ], [ 23.8128867, 40.871881400377575 ], [ 23.8131142, 40.871933700377589 ], [ 23.8132926, 40.872023200377605 ], [ 23.8135893, 40.87212090037761 ], [ 23.8137786, 40.872156700377609 ], [ 23.8140279, 40.872222800377621 ], [ 23.8143464, 40.872270900377622 ], [ 23.8148743, 40.872441600377648 ], [ 23.8151254, 40.872484200377642 ], [ 23.8154949, 40.872617700377667 ], [ 23.8159044, 40.872700300377673 ], [ 23.8160337, 40.872730600377672 ], [ 23.816121, 40.872741600377687 ], [ 23.8162229, 40.872763600377688 ], [ 23.8162812, 40.872798000377685 ], [ 23.8164068, 40.872833800377691 ], [ 23.8165487, 40.872850300377699 ], [ 23.8166598, 40.872898500377694 ], [ 23.8171949, 40.873037500377713 ], [ 23.8177045, 40.873176500377745 ], [ 23.8182651, 40.873315500377736 ], [ 23.8183688, 40.873358200377758 ], [ 23.818626516278844, 40.873428207882846 ], [ 23.818626516278844, 40.87330582261405 ], [ 23.8185254, 40.873279700377736 ] ] ], [ [ [ 23.8185527, 40.87736300037821 ], [ 23.8184107, 40.877481400378223 ], [ 23.8179247, 40.878228700378315 ], [ 23.8177937, 40.878444700378353 ], [ 23.8175607, 40.87837590037833 ], [ 23.8173387, 40.87830570037832 ], [ 23.8169746, 40.878187400378316 ], [ 23.8166743, 40.878081400378299 ], [ 23.8164104, 40.877975400378283 ], [ 23.8160464, 40.877858500378267 ], [ 23.815373, 40.87759420037824 ], [ 23.8145284, 40.877301100378197 ], [ 23.8139897, 40.87711810037819 ], [ 23.8137076, 40.877013500378169 ], [ 23.8133308, 40.876867600378148 ], [ 23.8131215, 40.876790500378142 ], [ 23.8128303, 40.876705200378154 ], [ 23.8125536, 40.876573100378131 ], [ 23.8120677, 40.876414800378107 ], [ 23.8115107, 40.876222200378066 ], [ 23.8108737, 40.875992300378051 ], [ 23.8104587, 40.875818900378036 ], [ 23.810284, 40.875835400378044 ], [ 23.8104041, 40.875934500378058 ], [ 23.8105253, 40.875977600378043 ], [ 23.8108027, 40.876076300378074 ], [ 23.8112086, 40.876209800378085 ], [ 23.8114234, 40.876284100378086 ], [ 23.8119257, 40.876469900378098 ], [ 23.8125963, 40.876709800378144 ], [ 23.8127411, 40.876761600378146 ], [ 23.8131597, 40.876908900378154 ], [ 23.8135401, 40.877045100378183 ], [ 23.8137931, 40.877140100378185 ], [ 23.8140425, 40.877202000378183 ], [ 23.8142663, 40.877309400378216 ], [ 23.8148606, 40.877522000378228 ], [ 23.8149125, 40.877540600378232 ], [ 23.8154931, 40.877745600378255 ], [ 23.8156367, 40.877797200378268 ], [ 23.8161137, 40.877968600378281 ], [ 23.8161331, 40.877976100378284 ], [ 23.8165633, 40.878142000378297 ], [ 23.8173241, 40.878400700378343 ], [ 23.81775, 40.878546500378341 ], [ 23.8173041, 40.879387400378448 ], [ 23.8167708, 40.88014010037854 ], [ 23.8167308, 40.880136000378542 ], [ 23.8162138, 40.879954400378502 ], [ 23.815848, 40.879812600378493 ], [ 23.8157333, 40.879801600378492 ], [ 23.8152515, 40.879614500378487 ], [ 23.8148652, 40.87946440037846 ], [ 23.8145403, 40.879340600378427 ], [ 23.8139369, 40.879110800378427 ], [ 23.8129461, 40.878759100378382 ], [ 23.8128973, 40.878909500378384 ], [ 23.8133577, 40.879057000378403 ], [ 23.8137531, 40.87918370037842 ], [ 23.8140989, 40.879325500378449 ], [ 23.814685, 40.879533300378462 ], [ 23.8155495, 40.879836000378504 ], [ 23.8166707, 40.88020760037854 ], [ 23.8161956, 40.88096440037863 ], [ 23.8162848, 40.881036000378643 ], [ 23.8162592, 40.881075500378643 ], [ 23.8160082, 40.88146260037869 ], [ 23.8157585, 40.881867500378732 ], [ 23.8155568, 40.882194700378761 ], [ 23.8152393, 40.882566100378817 ], [ 23.8149276, 40.883062900378874 ], [ 23.8150315, 40.883149000378886 ], [ 23.8151968, 40.883147200378879 ], [ 23.8153808, 40.882838700378848 ], [ 23.8154251, 40.882764700378836 ], [ 23.8158194, 40.882106600378755 ], [ 23.815937, 40.881919000378744 ], [ 23.8164292, 40.881133700378648 ], [ 23.8168532, 40.88047590037857 ], [ 23.8172391, 40.879811200378484 ], [ 23.8174906, 40.879440000378459 ], [ 23.817847, 40.878914000378401 ], [ 23.8180283, 40.878600600378363 ], [ 23.818171, 40.878353900378322 ], [ 23.8184961, 40.877756000378248 ], [ 23.8185878, 40.877587400378239 ], [ 23.818626516278844, 40.877525548550985 ], [ 23.818626516278844, 40.877244618588804 ], [ 23.8185527, 40.87736300037821 ] ] ], [ [ [ 23.818489, 40.87606110037806 ], [ 23.8175735, 40.875719800378029 ], [ 23.8173587, 40.875630400378029 ], [ 23.8171931, 40.875560200378004 ], [ 23.817042, 40.875499600377999 ], [ 23.8169473, 40.875411600377987 ], [ 23.8168509, 40.875334500377974 ], [ 23.8166434, 40.875307000377973 ], [ 23.8164632, 40.875249200377965 ], [ 23.8161811, 40.875154200377949 ], [ 23.8158917, 40.875084000377939 ], [ 23.8157479, 40.874984900377953 ], [ 23.8155004, 40.874894100377922 ], [ 23.8151637, 40.874792300377919 ], [ 23.8149871, 40.874775700377917 ], [ 23.814614, 40.874638100377901 ], [ 23.8141826, 40.874492200377887 ], [ 23.8134837, 40.874250000377856 ], [ 23.813096, 40.874111000377837 ], [ 23.8127429, 40.873972000377812 ], [ 23.8124863, 40.873863300377799 ], [ 23.8119767, 40.873688500377789 ], [ 23.811538, 40.873539900377779 ], [ 23.8112377, 40.873433900377755 ], [ 23.8109065, 40.873289400377736 ], [ 23.8106826, 40.873235700377734 ], [ 23.8106371, 40.87328520037773 ], [ 23.8107845, 40.873383000377757 ], [ 23.8110375, 40.873462800377759 ], [ 23.8115617, 40.87364580037778 ], [ 23.8120058, 40.873815100377804 ], [ 23.8123644, 40.873926600377807 ], [ 23.8128085, 40.874080700377817 ], [ 23.813005, 40.874167400377843 ], [ 23.8134546, 40.874323000377856 ], [ 23.813835, 40.874460600377873 ], [ 23.8143464, 40.874653300377894 ], [ 23.8144629, 40.874712400377909 ], [ 23.814705, 40.874800500377937 ], [ 23.8150162, 40.874891300377939 ], [ 23.8152856, 40.875024800377943 ], [ 23.8155058, 40.875097800377958 ], [ 23.8156533, 40.875161100377952 ], [ 23.8159299, 40.875228500377965 ], [ 23.816192, 40.875286300377965 ], [ 23.8163485, 40.875379900377979 ], [ 23.8166434, 40.875499600377999 ], [ 23.8169783, 40.875590500377989 ], [ 23.8173023, 40.87571300037802 ], [ 23.8181377, 40.876014300378046 ], [ 23.818626516278844, 40.876177082596556 ], [ 23.818626516278844, 40.876090889572716 ], [ 23.818489, 40.87606110037806 ] ] ] ] } },
{ "type": "Feature", "properties": { "osm_id": 351678704, "name": null, "label": "landuse:farmland", "landuse": "farmland", "natural": null, "building": null, "water": null }, "geometry": { "type": "Polygon", "coordinates": [ [ [ 23.8143791, 40.878338600378328 ], [ 23.8148606, 40.877522000378228 ], [ 23.8142663, 40.877309400378216 ], [ 23.8140425, 40.877202000378183 ], [ 23.8137931, 40.877140100378185 ], [ 23.8135401, 40.877045100378183 ], [ 23.8131597, 40.876908900378154 ], [ 23.8127411, 40.876761600378146 ], [ 23.8125963, 40.876709800378144 ], [ 23.8121003, 40.877523200378228 ], [ 23.8143791, 40.878338600378328 ] ] ] } },
{ "type": "Feature", "properties": { "osm_id": 351678705, "name": null, "label": "landuse:farmland", "landuse": "farmland", "natural": null, "building": null, "water": null }, "geometry": { "type": "Polygon", "coordinates": [ [ [ 23.8118641, 40.878355300378317 ], [ 23.8119485, 40.878431100378336 ], [ 23.8124366, 40.878574400378362 ], [ 23.8129461, 40.878759100378382 ], [ 23.8139369, 40.879110800378427 ], [ 23.8145403, 40.879340600378427 ], [ 23.814973, 40.878551100378338 ], [ 23.8143791, 40.878338600378328 ], [ 23.8121003, 40.877523200378228 ], [ 23.8116612, 40.878260800378314 ], [ 23.8118641, 40.878355300378317 ] ] ] } },
{ "type": "Feature", "properties": { "osm_id": 351678719, "name": null, "label": "landuse:farmland", "landuse": "farmland", "natural": null, "building": null, "water": null }, "geometry": { "type": "Polygon", "coordinates": [ [ [ 23.8148652, 40.87946440037846 ], [ 23.8152515, 40.879614500378487 ], [ 23.8156981, 40.878810300378383 ], [ 23.8156408, 40.878789800378371 ], [ 23.81515, 40.878614400378353 ], [ 23.814973, 40.878551100378338 ], [ 23.8145403, 40.879340600378427 ], [ 23.8148652, 40.87946440037846 ] ] ] } },
{ "type": "Feature", "properties": { "osm_id": 351678721, "name": null, "label": "landuse:farmland", "landuse": "farmland", "natural": null, "building": null, "water": null }, "geometry": { "type": "Polygon", "coordinates": [ [ [ 23.814973, 40.878551100378338 ], [ 23.81515, 40.878614400378353 ], [ 23.8156367, 40.877797200378268 ], [ 23.8154931, 40.877745600378255 ], [ 23.8149125, 40.877540600378232 ], [ 23.8148606, 40.877522000378228 ], [ 23.8143791, 40.878338600378328 ], [ 23.814973, 40.878551100378338 ] ] ] } },
{ "type": "Feature", "properties": { "osm_id": 319482196, "name": null, "label": "landuse:orchard", "landuse": "orchard", "natural": null, "building": null, "water": null }, "geometry": { "type": "Polygon", "coordinates": [ [ [ 23.8090631, 40.875981100378056 ], [ 23.8091354, 40.876046900378057 ], [ 23.8094312, 40.875506500377995 ], [ 23.808912, 40.875307700377981 ], [ 23.8090631, 40.875981100378056 ] ] ] } },
{ "type": "Feature", "properties": { "osm_id": 319482092, "name": null, "label": "natural:wetland", "landuse": null, "natural": "wetland", "building": null, "water": null }, "geometry": { "type": "Polygon", "coordinates": [ [ [ 23.8085512, 40.876168100378081 ], [ 23.8087905, 40.876257700378083 ], [ 23.8087719, 40.875880000378039 ], [ 23.8086674, 40.875361700377972 ], [ 23.8084931, 40.87533010037798 ], [ 23.80837, 40.875528600378004 ], [ 23.8083142, 40.87599070037804 ], [ 23.8085512, 40.876168100378081 ] ] ] } },
{ "type": "Feature", "properties": { "osm_id": 351678715, "name": null, "label": "landuse:farmland", "landuse": "farmland", "natural": null, "building": null, "water": null }, "geometry": { "type": "Polygon", "coordinates": [ [ [ 23.805807, 40.87624670037809 ], [ 23.8066817, 40.876586300378115 ], [ 23.8071365, 40.87579380037802 ], [ 23.8070566, 40.875762900378028 ], [ 23.8062087, 40.875430000377996 ], [ 23.8057071, 40.876199200378082 ], [ 23.805807, 40.87624670037809 ] ] ] } },
{ "type": "Feature", "properties": { "osm_id": 329495656, "name": null, "label": "natural:scrub", "landuse": null, "natural": "scrub", "building": null, "water": null }, "geometry": { "type": "Polygon", "coordinates": [ [ [ 23.8058503, 40.877305300378204 ], [ 23.8056388, 40.877717400378259 ], [ 23.8066455, 40.877992700378293 ], [ 23.8068143, 40.877692800378256 ], [ 23.8069414, 40.877697500378247 ], [ 23.8071378, 40.877349300378221 ], [ 23.8074188, 40.876865900378156 ], [ 23.8074659, 40.876785000378142 ], [ 23.8078972, 40.876074400378073 ], [ 23.8076103, 40.875968600378052 ], [ 23.8071365, 40.87579380037802 ], [ 23.8066817, 40.876586300378115 ], [ 23.805807, 40.87624670037809 ], [ 23.805678, 40.87623070037808 ], [ 23.8055226, 40.87618290037809 ], [ 23.8052686, 40.876675600378135 ], [ 23.8051081, 40.877032600378179 ], [ 23.8058503, 40.877305300378204 ] ] ] } },
{ "type": "Feature", "properties": { "osm_id": 351678723, "name": null, "label": "landuse:farmland", "landuse": "farmland", "natural": null, "building": null, "water": null }, "geometry": { "type": "Polygon", "coordinates": [ [ [ 23.8080699, 40.878195600378305 ], [ 23.8086203, 40.878337900378327 ], [ 23.8091152, 40.878520400378356 ], [ 23.8091683, 40.87836710037832 ], [ 23.8091272, 40.877892600378281 ], [ 23.8090934, 40.877503800378229 ], [ 23.8083218, 40.877198900378204 ], [ 23.8078744, 40.87806050037829 ], [ 23.8080699, 40.878195600378305 ] ] ] } },
{ "type": "Feature", "properties": { "osm_id": 351678722, "name": null, "label": "landuse:farmland", "landuse": "farmland", "natural": null, "building": null, "water": null }, "geometry": { "type": "Polygon", "coordinates": [ [ [ 23.8081279, 40.877096800378176 ], [ 23.8083379, 40.877168000378198 ], [ 23.8087749, 40.877298800378192 ], [ 23.8089222, 40.877326100378212 ], [ 23.8089, 40.876765000378143 ], [ 23.8088694, 40.876365700378095 ], [ 23.808393, 40.876223900378072 ], [ 23.8078912, 40.87701970037817 ], [ 23.8081279, 40.877096800378176 ] ] ] } },
{ "type": "Feature", "properties": { "osm_id": 351678717, "name": null, "label": "landuse:farmland", "landuse": "farmland", "natural": null, "building": null, "water": null }, "geometry": { "type": "Polygon", "coordinates": [ [ [ 23.8075719, 40.877931400378273 ], [ 23.8081279, 40.877096800378176 ], [ 23.8078912, 40.87701970037817 ], [ 23.8074188, 40.876865900378156 ], [ 23.8071378, 40.877349300378221 ], [ 23.8069414, 40.877697500378247 ], [ 23.8075719, 40.877931400378273 ] ] ] } },
{ "type": "Feature", "properties": { "osm_id": 351678712, "name": null, "label": "landuse:farmland", "landuse": "farmland", "natural": null, "building": null, "water": null }, "geometry": { "type": "Polygon", "coordinates": [ [ [ 23.8078912, 40.87701970037817 ], [ 23.808393, 40.876223900378072 ], [ 23.8078972, 40.876074400378073 ], [ 23.8074659, 40.876785000378142 ], [ 23.8074188, 40.876865900378156 ], [ 23.8078912, 40.87701970037817 ] ] ] } },
{ "type": "Feature", "properties": { "osm_id": 351678701, "name": null, "label": "natural:scrub", "landuse": null, "natural": "scrub", "building": null, "water": null }, "geometry": { "type": "Polygon", "coordinates": [ [ [ 23.8078972, 40.876074400378073 ], [ 23.808393, 40.876223900378072 ], [ 23.8088694, 40.876365700378095 ], [ 23.8089, 40.876765000378143 ], [ 23.8089222, 40.877326100378212 ], [ 23.8087749, 40.877298800378192 ], [ 23.8083379, 40.877168000378198 ], [ 23.8083218, 40.877198900378204 ], [ 23.8090934, 40.877503800378229 ], [ 23.8093421, 40.877533000378236 ], [ 23.8092363, 40.876592700378112 ], [ 23.8093363, 40.876523300378118 ], [ 23.8092363, 40.876447700378115 ], [ 23.8091501, 40.876321600378091 ], [ 23.8091354, 40.876046900378057 ], [ 23.8090631, 40.875981100378056 ], [ 23.8088916, 40.875283500377982 ], [ 23.8088027, 40.87473920037791 ], [ 23.8087332, 40.874394500377875 ], [ 23.8085109, 40.874495400377889 ], [ 23.808572, 40.874995600377936 ], [ 23.808472, 40.875100600377941 ], [ 23.8083524, 40.875115300377949 ], [ 23.8079884, 40.875048100377953 ], [ 23.8080356, 40.875203600377958 ], [ 23.8078605, 40.875544100377994 ], [ 23.8076993, 40.875838300378035 ], [ 23.8076103, 40.875968600378052 ], [ 23.8078972, 40.876074400378073 ] ] ] } },
{ "type": "Feature", "properties": { "osm_id": 351678720, "name": null, "label": "landuse:farmland", "landuse": "farmland", "natural": null, "building": null, "water": null }, "geometry": { "type": "Polygon", "coordinates": [ [ [ 23.8091501, 40.876321600378091 ], [ 23.8092363, 40.876447700378115 ], [ 23.8093363, 40.876523300378118 ], [ 23.8094451, 40.876563900378123 ], [ 23.8099282, 40.875687400378013 ], [ 23.8094312, 40.875506500377995 ], [ 23.8091354, 40.876046900378057 ], [ 23.8091501, 40.876321600378091 ] ] ] } },
{ "type": "Feature", "properties": { "osm_id": 351678714, "name": null, "label": "landuse:farmland", "landuse": "farmland", "natural": null, "building": null, "water": null }, "geometry": { "type": "Polygon", "coordinates": [ [ [ 23.8100604, 40.876792900378135 ], [ 23.8105253, 40.875977600378043 ], [ 23.8104041, 40.875934500378058 ], [ 23.810284, 40.875835400378044 ], [ 23.8099282, 40.875687400378013 ], [ 23.8094451, 40.876563900378123 ], [ 23.8100604, 40.876792900378135 ] ] ] } },
{ "type": "Feature", "properties": { "osm_id": 351678702, "name": null, "label": "natural:scrub", "landuse": null, "natural": "scrub", "building": null, "water": null }, "geometry": { "type": "Polygon", "coordinates": [ [ [ 23.8104188, 40.876926400378153 ], [ 23.8107845, 40.877056100378176 ], [ 23.8112086, 40.876209800378085 ], [ 23.8108027, 40.876076300378074 ], [ 23.8105253, 40.875977600378043 ], [ 23.8100604, 40.876792900378135 ], [ 23.8104188, 40.876926400378153 ] ] ] } },
{ "type": "Feature", "properties": { "osm_id": 351678706, "name": null, "label": "landuse:farmland", "landuse": "farmland", "natural": null, "building": null, "water": null }, "geometry": { "type": "Polygon", "coordinates": [ [ [ 23.8093421, 40.877533000378236 ], [ 23.8094507, 40.878124400378297 ], [ 23.8095038, 40.87854050037835 ], [ 23.8097959, 40.878849000378381 ], [ 23.810018, 40.878931100378402 ], [ 23.810129, 40.878819800378366 ], [ 23.8101524, 40.878752800378372 ], [ 23.8103529, 40.878521000378349 ], [ 23.810887, 40.878724900378373 ], [ 23.8113269, 40.878690500378376 ], [ 23.8114211, 40.878276300378324 ], [ 23.8099825, 40.877748000378261 ], [ 23.8104188, 40.876926400378153 ], [ 23.8100604, 40.876792900378135 ], [ 23.8094451, 40.876563900378123 ], [ 23.8093363, 40.876523300378118 ], [ 23.8092363, 40.876592700378112 ], [ 23.8093421, 40.877533000378236 ] ] ] } },
{ "type": "Feature", "properties": { "osm_id": 351678707, "name": null, "label": "landuse:farmland", "landuse": "farmland", "natural": null, "building": null, "water": null }, "geometry": { "type": "Polygon", "coordinates": [ [ [ 23.8107108, 40.87903150037841 ], [ 23.810887, 40.878724900378373 ], [ 23.8103529, 40.878521000378349 ], [ 23.8101524, 40.878752800378372 ], [ 23.810129, 40.878819800378366 ], [ 23.8107108, 40.87903150037841 ] ] ] } },
{ "type": "Feature", "properties": { "osm_id": 319482084, "name": null, "label": "natural:wood", "landuse": null, "natural": "wood", "building": null, "water": null }, "geometry": { "type": "Polygon", "coordinates": [ [ [ 23.8107738, 40.880176500378539 ], [ 23.8111529, 40.88055730037857 ], [ 23.8113502, 40.880380600378565 ], [ 23.8111477, 40.880231400378548 ], [ 23.8111581, 40.880070500378537 ], [ 23.8112723, 40.879882000378501 ], [ 23.8112619, 40.879646500378485 ], [ 23.8111788, 40.879461900378452 ], [ 23.811049, 40.879324500378445 ], [ 23.8115838, 40.879198900378427 ], [ 23.8117137, 40.879061500378405 ], [ 23.8114385, 40.87888480037838 ], [ 23.8112204, 40.878939800378397 ], [ 23.810779, 40.879253900378444 ], [ 23.8104986, 40.879191000378427 ], [ 23.8102442, 40.879253900378444 ], [ 23.8100728, 40.879544400378478 ], [ 23.8107738, 40.880176500378539 ] ] ] } },
{ "type": "Feature", "properties": { "osm_id": 319482083, "name": null, "label": "natural:wood", "landuse": null, "natural": "wood", "building": null, "water": null }, "geometry": { "type": "Polygon", "coordinates": [ [ [ 23.8098807, 40.880384600378555 ], [ 23.8099245, 40.880380700378559 ], [ 23.8099539, 40.880328000378547 ], [ 23.8099208, 40.880266900378544 ], [ 23.8099062, 40.880176700378534 ], [ 23.8099667, 40.880148900378529 ], [ 23.8100567, 40.880194700378546 ], [ 23.8099949, 40.880258900378543 ], [ 23.8103947, 40.88057300037859 ], [ 23.8106907, 40.880902800378628 ], [ 23.8107167, 40.88055730037857 ], [ 23.8103065, 40.880117600378533 ], [ 23.8099534, 40.879842800378498 ], [ 23.8096366, 40.880101900378527 ], [ 23.8098807, 40.880384600378555 ] ] ] } },
{ "type": "Feature", "properties": { "osm_id": 318588901, "name": null, "label": "natural:wood", "landuse": null, "natural": "wood", "building": null, "water": null }, "geometry": { "type": "Polygon", "coordinates": [ [ [ 23.8089927, 40.882044800378743 ], [ 23.8092905, 40.882129800378763 ], [ 23.8093379, 40.88211740037876 ], [ 23.8094061, 40.88204870037876 ], [ 23.8093797, 40.881957200378743 ], [ 23.8094294, 40.881893500378752 ], [ 23.8092607, 40.881856800378742 ], [ 23.8093508, 40.881701400378716 ], [ 23.8095449, 40.881460300378691 ], [ 23.809598, 40.881332800378672 ], [ 23.8094987, 40.881327600378668 ], [ 23.8093393, 40.881561600378696 ], [ 23.8091799, 40.881786900378721 ], [ 23.8091013, 40.881759000378722 ], [ 23.809039, 40.881811000378725 ], [ 23.8088876, 40.881843400378727 ], [ 23.8087792, 40.881835800378717 ], [ 23.8087233, 40.881912700378734 ], [ 23.8089927, 40.882044800378743 ] ] ] } },
{ "type": "Feature", "properties": { "osm_id": 318588904, "name": null, "label": "natural:scrub", "landuse": null, "natural": "scrub", "building": null, "water": null }, "geometry": { "type": "Polygon", "coordinates": [ [ [ 23.805115, 40.881181400378651 ], [ 23.8052898, 40.881116600378654 ], [ 23.8054896, 40.880744400378603 ], [ 23.8057358, 40.880801100378598 ], [ 23.8059284, 40.880892800378625 ], [ 23.8061745, 40.881019500378628 ], [ 23.8070128, 40.881345900378669 ], [ 23.8073268, 40.881432200378697 ], [ 23.8087233, 40.881912700378734 ], [ 23.8087792, 40.881835800378717 ], [ 23.8087027, 40.88180710037873 ], [ 23.80828, 40.881654700378704 ], [ 23.8078358, 40.88148610037868 ], [ 23.8074738, 40.881345900378669 ], [ 23.8071688, 40.88125150037866 ], [ 23.8065705, 40.881006100378627 ], [ 23.8063422, 40.880935900378624 ], [ 23.8060318, 40.880849600378625 ], [ 23.8052399, 40.880588000378594 ], [ 23.8049367, 40.881011400378632 ], [ 23.805115, 40.881181400378651 ] ] ] } },
{ "type": "Feature", "properties": { "osm_id": 318588910, "name": null, "label": "natural:wetland", "landuse": null, "natural": "wetland", "building": null, "water": null }, "geometry": { "type": "Polygon", "coordinates": [ [ [ 23.8064809, 40.88562970037917 ], [ 23.8071373, 40.885883400379171 ], [ 23.8079031, 40.886203200379228 ], [ 23.8088803, 40.88608460037922 ], [ 23.8089095, 40.885869600379188 ], [ 23.8084136, 40.885646300379157 ], [ 23.8072941, 40.88529620037913 ], [ 23.8066705, 40.885345800379142 ], [ 23.8064262, 40.885536000379162 ], [ 23.8064809, 40.88562970037917 ] ] ] } },
{ "type": "Feature", "properties": { "osm_id": 318588908, "name": null, "label": "natural:scrub", "landuse": null, "natural": "scrub", "building": null, "water": null }, "geometry": { "type": "Polygon", "coordinates": [ [ [ 23.803235, 40.884001500378986 ], [ 23.8036252, 40.884153100378988 ], [ 23.8041229, 40.884343300379022 ], [ 23.8047684, 40.884539100379044 ], [ 23.8050984, 40.884678300379043 ], [ 23.8053026, 40.884711400379061 ], [ 23.805525, 40.884778900379075 ], [ 23.8058423, 40.884930500379106 ], [ 23.8062051, 40.885068400379112 ], [ 23.8064312, 40.885162100379105 ], [ 23.8064531, 40.88526000037912 ], [ 23.8064002, 40.885390900379129 ], [ 23.8065807, 40.885506700379146 ], [ 23.8068378, 40.885634900379166 ], [ 23.8071842, 40.885747900379179 ], [ 23.8073848, 40.885837500379189 ], [ 23.8075069, 40.886001600379217 ], [ 23.807764, 40.886092600379214 ], [ 23.808229, 40.886208300379231 ], [ 23.8086693, 40.88623740037923 ], [ 23.809271, 40.886149200379229 ], [ 23.8104379, 40.886606800379276 ], [ 23.810901, 40.886794300379293 ], [ 23.8109812, 40.886780500379295 ], [ 23.8116558, 40.887023100379331 ], [ 23.8122946, 40.887278800379349 ], [ 23.8123621, 40.887154800379335 ], [ 23.8111095, 40.886710900379285 ], [ 23.8085, 40.885781300379172 ], [ 23.8069636, 40.885249000379119 ], [ 23.8061322, 40.884915400379064 ], [ 23.8059882, 40.884839600379081 ], [ 23.8057967, 40.884791300379071 ], [ 23.8054795, 40.884687900379049 ], [ 23.8044621, 40.88433920037901 ], [ 23.8034556, 40.884007000378986 ], [ 23.803204, 40.883924300378965 ], [ 23.803235, 40.884001500378986 ] ] ] } },
{ "type": "Feature", "properties": { "osm_id": 318588905, "name": null, "label": "natural:scrub", "landuse": null, "natural": "scrub", "building": null, "water": null }, "geometry": { "type": "Polygon", "coordinates": [ [ [ 23.8044685, 40.886507100379269 ], [ 23.8048915, 40.88663670037927 ], [ 23.8056066, 40.886904600379317 ], [ 23.8057079, 40.88694250037932 ], [ 23.8062744, 40.887141200379332 ], [ 23.8070703, 40.887396200379371 ], [ 23.8077971, 40.887662500379399 ], [ 23.8081699, 40.887818900379422 ], [ 23.8086694, 40.887997800379445 ], [ 23.8089433, 40.888123200379461 ], [ 23.8094037, 40.888276800379472 ], [ 23.809769, 40.888385300379483 ], [ 23.810097, 40.888479700379499 ], [ 23.810261, 40.888536100379497 ], [ 23.8107642, 40.888722100379525 ], [ 23.8112602, 40.888922100379546 ], [ 23.8113459, 40.88882070037954 ], [ 23.8108035, 40.888651600379518 ], [ 23.8096534, 40.888258500379479 ], [ 23.8085501, 40.887821700379426 ], [ 23.8075288, 40.887492000379382 ], [ 23.8071653, 40.887337000379368 ], [ 23.8061813, 40.886980500379323 ], [ 23.8058588, 40.886862200379312 ], [ 23.8049288, 40.886566300379265 ], [ 23.8045505, 40.886412700379246 ], [ 23.8044237, 40.886367600379252 ], [ 23.8043827, 40.886418300379269 ], [ 23.8044685, 40.886507100379269 ] ] ] } },
{ "type": "Feature", "properties": { "osm_id": 318588942, "name": null, "label": "landuse:farmland", "landuse": "farmland", "natural": null, "building": null, "water": null }, "geometry": { "type": "Polygon", "coordinates": [ [ [ 23.8157927, 40.890811500379755 ], [ 23.8161024, 40.890462100379722 ], [ 23.8160889, 40.890329800379703 ], [ 23.8162056, 40.890095700379689 ], [ 23.8162617, 40.889846400379653 ], [ 23.8163065, 40.889617400379628 ], [ 23.8164075, 40.889556300379617 ], [ 23.81653, 40.889330000379594 ], [ 23.816445, 40.889194100379584 ], [ 23.8165888, 40.889003900379564 ], [ 23.8168404, 40.888581600379517 ], [ 23.8170691, 40.888253100379458 ], [ 23.8170756, 40.888062900379452 ], [ 23.8171279, 40.887815900379415 ], [ 23.8172684, 40.887522000379384 ], [ 23.81768, 40.886795800379296 ], [ 23.8177584, 40.886672300379296 ], [ 23.816811, 40.886227700379237 ], [ 23.8170397, 40.886030200379203 ], [ 23.8176081, 40.886237600379239 ], [ 23.818242, 40.886319100379247 ], [ 23.8185709, 40.886373600379244 ], [ 23.8185812, 40.88628910037923 ], [ 23.818193, 40.886148700379223 ], [ 23.8179054, 40.886015300379206 ], [ 23.8179871, 40.885832600379196 ], [ 23.8181211, 40.885516400379146 ], [ 23.8179414, 40.88535090037913 ], [ 23.8175689, 40.885170600379126 ], [ 23.8174971, 40.885061900379092 ], [ 23.8175199, 40.884886500379082 ], [ 23.8161706, 40.884251700379011 ], [ 23.8151738, 40.883781800378948 ], [ 23.814756, 40.883584800378934 ], [ 23.814696, 40.88355350037893 ], [ 23.814047, 40.883214300378889 ], [ 23.8132057, 40.88280060037885 ], [ 23.8124731, 40.882474700378808 ], [ 23.8111967, 40.881895200378736 ], [ 23.8101409, 40.881435900378676 ], [ 23.8098291, 40.881280400378664 ], [ 23.8097135, 40.881483000378687 ], [ 23.8094294, 40.881893500378752 ], [ 23.8092607, 40.881856800378742 ], [ 23.8093508, 40.881701400378716 ], [ 23.8095449, 40.881460300378691 ], [ 23.809598, 40.881332800378672 ], [ 23.8094987, 40.881327600378668 ], [ 23.8093393, 40.881561600378696 ], [ 23.8091799, 40.881786900378721 ], [ 23.8091013, 40.881759000378722 ], [ 23.8091475, 40.881535400378702 ], [ 23.8094017, 40.881250700378665 ], [ 23.8094363, 40.881159900378655 ], [ 23.8093116, 40.880981700378634 ], [ 23.8094155, 40.880814000378606 ], [ 23.8093739, 40.880697000378582 ], [ 23.8093069, 40.880366900378547 ], [ 23.8091106, 40.879932000378503 ], [ 23.8090297, 40.879654200378468 ], [ 23.8089489, 40.879594900378464 ], [ 23.808838, 40.879540700378463 ], [ 23.8088634, 40.879411500378453 ], [ 23.8086832, 40.879308400378441 ], [ 23.8085908, 40.879352100378441 ], [ 23.8084914, 40.879446400378455 ], [ 23.8078633, 40.880472900378571 ], [ 23.8068113, 40.88007780037853 ], [ 23.8069666, 40.879926300378507 ], [ 23.8069983, 40.879793700378499 ], [ 23.8070685, 40.879623200378468 ], [ 23.8071586, 40.879464200378465 ], [ 23.807177, 40.879383400378437 ], [ 23.8067278, 40.879183900378422 ], [ 23.8071503, 40.878858100378388 ], [ 23.8065976, 40.878644800378353 ], [ 23.8061367, 40.878489500378343 ], [ 23.8059887, 40.878464100378345 ], [ 23.8057586, 40.878451100378342 ], [ 23.8055775, 40.878494500378352 ], [ 23.8054279, 40.878603300378359 ], [ 23.8054079, 40.878639100378358 ], [ 23.8058953, 40.878870100378386 ], [ 23.8053868, 40.879671800378475 ], [ 23.8048814, 40.880468500378569 ], [ 23.8045855, 40.880934900378634 ], [ 23.8043584, 40.881292900378668 ], [ 23.8039086, 40.882002100378742 ], [ 23.8038129, 40.882153000378771 ], [ 23.8032932, 40.882972200378859 ], [ 23.8043975, 40.883414800378915 ], [ 23.8064468, 40.884140200378987 ], [ 23.8082673, 40.884784000379078 ], [ 23.8103293, 40.885519000379162 ], [ 23.8119973, 40.886141100379234 ], [ 23.8128845, 40.886448400379258 ], [ 23.8130058, 40.886490800379249 ], [ 23.8123543, 40.887560800379397 ], [ 23.8118511, 40.888309800379474 ], [ 23.8116826, 40.888561200379513 ], [ 23.8112782, 40.889294900379596 ], [ 23.8110872, 40.889592100379637 ], [ 23.8106896, 40.890173000379683 ], [ 23.8105054, 40.890477000379725 ], [ 23.810216457839292, 40.890934204160615 ], [ 23.81560841827195, 40.890934204160615 ], [ 23.8157927, 40.890811500379755 ] ] ] } },
{ "type": "Feature", "properties": { "osm_id": 318588909, "name": null, "label": "natural:scrub", "landuse": null, "natural": "scrub", "building": null, "water": null }, "geometry": { "type": "Polygon", "coordinates": [ [ [ 23.8037167, 40.882122700378766 ], [ 23.8038129, 40.882153000378771 ], [ 23.8040017, 40.882212400378776 ], [ 23.8042867, 40.882363000378788 ], [ 23.8050737, 40.88263570037882 ], [ 23.8054117, 40.882744400378847 ], [ 23.8057977, 40.882898900378848 ], [ 23.8064207, 40.88310110037888 ], [ 23.8069631, 40.883301300378903 ], [ 23.807629, 40.883564500378924 ], [ 23.8082344, 40.883787600378945 ], [ 23.8086153, 40.883894400378963 ], [ 23.8090516, 40.884037400378986 ], [ 23.8095536, 40.884230100379007 ], [ 23.8099421, 40.884365500379019 ], [ 23.8103507, 40.88450470037904 ], [ 23.8105273, 40.884590500379041 ], [ 23.810603, 40.884584800379052 ], [ 23.8113673, 40.884847900379071 ], [ 23.8118717, 40.885029100379086 ], [ 23.8123107, 40.885196900379114 ], [ 23.8125654, 40.885309400379121 ], [ 23.8128959, 40.885441000379132 ], [ 23.8132919, 40.885620300379166 ], [ 23.8134041, 40.88565080037916 ], [ 23.8131229, 40.886063700379218 ], [ 23.8129013, 40.886410800379252 ], [ 23.8130249, 40.886439500379254 ], [ 23.8133999, 40.885824700379189 ], [ 23.8140406, 40.884835000379077 ], [ 23.8142852, 40.884432600379036 ], [ 23.8147746, 40.883685000378939 ], [ 23.8151101, 40.883831900378965 ], [ 23.8151738, 40.883781800378948 ], [ 23.814756, 40.883584800378934 ], [ 23.814696, 40.88355350037893 ], [ 23.8145111, 40.883866200378954 ], [ 23.8143918, 40.883793200378946 ], [ 23.8123573, 40.88310720037888 ], [ 23.8109422, 40.882598000378827 ], [ 23.8094061, 40.88204870037876 ], [ 23.8093379, 40.88211740037876 ], [ 23.8102158, 40.882430200378799 ], [ 23.8107765, 40.88265090037882 ], [ 23.8108262, 40.882670500378815 ], [ 23.8115028, 40.882891500378832 ], [ 23.8116611, 40.88294320037884 ], [ 23.8134798, 40.883597300378923 ], [ 23.8140247, 40.883789900378964 ], [ 23.8143728, 40.883923400378968 ], [ 23.8144358, 40.883984400378971 ], [ 23.8141382, 40.884437400379028 ], [ 23.8138935, 40.884817800379082 ], [ 23.813611, 40.885300300379129 ], [ 23.813476, 40.885531100379161 ], [ 23.8131418, 40.885399500379137 ], [ 23.8119525, 40.884989100379094 ], [ 23.811057, 40.884695400379059 ], [ 23.8096772, 40.884174800378986 ], [ 23.8079367, 40.883551100378924 ], [ 23.8071825, 40.883280300378878 ], [ 23.8076441, 40.88254420037881 ], [ 23.8075331, 40.882561400378819 ], [ 23.8070967, 40.883223100378892 ], [ 23.8064863, 40.883047700378874 ], [ 23.8051898, 40.88256330037882 ], [ 23.80437, 40.882284800378784 ], [ 23.8041253, 40.882092200378757 ], [ 23.804153, 40.881975900378748 ], [ 23.8039086, 40.882002100378742 ], [ 23.8037974, 40.882014000378739 ], [ 23.8037141, 40.88203500037875 ], [ 23.8037167, 40.882122700378766 ] ] ] } },
{ "type": "Feature", "properties": { "osm_id": 318588900, "name": null, "label": "natural:scrub", "landuse": null, "natural": "scrub", "building": null, "water": null }, "geometry": { "type": "Polygon", "coordinates": [ [ [ 23.8185686, 40.884741500379057 ], [ 23.8181974, 40.884591100379055 ], [ 23.8179388, 40.88446090037904 ], [ 23.817433, 40.884206400379 ], [ 23.817319, 40.884149000378997 ], [ 23.8164405, 40.88372360037895 ], [ 23.8163905, 40.883698500378941 ], [ 23.8156903, 40.883346800378909 ], [ 23.8151968, 40.883147200378879 ], [ 23.8150315, 40.883149000378886 ], [ 23.8149276, 40.883062900378874 ], [ 23.8148785, 40.883022200378868 ], [ 23.8142304, 40.882732500378843 ], [ 23.8141701, 40.882705600378834 ], [ 23.8136117, 40.882365200378786 ], [ 23.8131057, 40.882125100378772 ], [ 23.8125648, 40.881626400378707 ], [ 23.813001, 40.880937800378618 ], [ 23.8124915, 40.8807557003786 ], [ 23.8129815, 40.879961100378516 ], [ 23.8128664, 40.879919700378508 ], [ 23.8123815, 40.879745100378486 ], [ 23.8118464, 40.879552500378466 ], [ 23.8118464, 40.879476000378453 ], [ 23.8123494, 40.878711700378368 ], [ 23.8128973, 40.878909500378384 ], [ 23.8129461, 40.878759100378382 ], [ 23.8124366, 40.878574400378362 ], [ 23.8119485, 40.878431100378336 ], [ 23.8114211, 40.878276300378324 ], [ 23.8113269, 40.878690500378376 ], [ 23.810887, 40.878724900378373 ], [ 23.8107108, 40.87903150037841 ], [ 23.810129, 40.878819800378366 ], [ 23.810018, 40.878931100378402 ], [ 23.8097959, 40.878849000378381 ], [ 23.8095038, 40.87854050037835 ], [ 23.8094507, 40.878124400378297 ], [ 23.8093421, 40.877533000378236 ], [ 23.8090934, 40.877503800378229 ], [ 23.8091272, 40.877892600378281 ], [ 23.8091683, 40.87836710037832 ], [ 23.8091152, 40.878520400378356 ], [ 23.8086203, 40.878337900378327 ], [ 23.8080699, 40.878195600378305 ], [ 23.8078744, 40.87806050037829 ], [ 23.8083218, 40.877198900378204 ], [ 23.8083379, 40.877168000378198 ], [ 23.8081279, 40.877096800378176 ], [ 23.8075719, 40.877931400378273 ], [ 23.8069414, 40.877697500378247 ], [ 23.8066793, 40.878110000378307 ], [ 23.8062042, 40.878442300378325 ], [ 23.8061367, 40.878489500378343 ], [ 23.8065976, 40.878644800378353 ], [ 23.8071503, 40.878858100378388 ], [ 23.8067278, 40.879183900378422 ], [ 23.807177, 40.879383400378437 ], [ 23.8071586, 40.879464200378465 ], [ 23.8070685, 40.879623200378468 ], [ 23.8069983, 40.879793700378499 ], [ 23.8069666, 40.879926300378507 ], [ 23.8068113, 40.88007780037853 ], [ 23.8078633, 40.880472900378571 ], [ 23.8084914, 40.879446400378455 ], [ 23.8085908, 40.879352100378441 ], [ 23.8086832, 40.879308400378441 ], [ 23.8088634, 40.879411500378453 ], [ 23.808838, 40.879540700378463 ], [ 23.8089489, 40.879594900378464 ], [ 23.8090297, 40.879654200378468 ], [ 23.8091106, 40.879932000378503 ], [ 23.8093069, 40.880366900378547 ], [ 23.8093739, 40.880697000378582 ], [ 23.8094155, 40.880814000378606 ], [ 23.8093116, 40.880981700378634 ], [ 23.8094363, 40.881159900378655 ], [ 23.8094017, 40.881250700378665 ], [ 23.8091475, 40.881535400378702 ], [ 23.8091013, 40.881759000378722 ], [ 23.8091799, 40.881786900378721 ], [ 23.8093393, 40.881561600378696 ], [ 23.8094987, 40.881327600378668 ], [ 23.809598, 40.881332800378672 ], [ 23.8095449, 40.881460300378691 ], [ 23.8093508, 40.881701400378716 ], [ 23.8092607, 40.881856800378742 ], [ 23.8094294, 40.881893500378752 ], [ 23.8097135, 40.881483000378687 ], [ 23.8098291, 40.881280400378664 ], [ 23.8101409, 40.881435900378676 ], [ 23.8111967, 40.881895200378736 ], [ 23.8124731, 40.882474700378808 ], [ 23.8132057, 40.88280060037885 ], [ 23.814047, 40.883214300378889 ], [ 23.814696, 40.88355350037893 ], [ 23.814756, 40.883584800378934 ], [ 23.8151738, 40.883781800378948 ], [ 23.8161706, 40.884251700379011 ], [ 23.8175199, 40.884886500379082 ], [ 23.8174971, 40.885061900379092 ], [ 23.8175689, 40.885170600379126 ], [ 23.8179414, 40.88535090037913 ], [ 23.8181211, 40.885516400379146 ], [ 23.8179871, 40.885832600379196 ], [ 23.8179054, 40.886015300379206 ], [ 23.818193, 40.886148700379223 ], [ 23.8185812, 40.88628910037923 ], [ 23.8185709, 40.886373600379244 ], [ 23.818242, 40.886319100379247 ], [ 23.8176081, 40.886237600379239 ], [ 23.8170397, 40.886030200379203 ], [ 23.816811, 40.886227700379237 ], [ 23.8177584, 40.886672300379296 ], [ 23.81768, 40.886795800379296 ], [ 23.8172684, 40.887522000379384 ], [ 23.8171279, 40.887815900379415 ], [ 23.8170756, 40.888062900379452 ], [ 23.8170691, 40.888253100379458 ], [ 23.8168404, 40.888581600379517 ], [ 23.8165888, 40.889003900379564 ], [ 23.816445, 40.889194100379584 ], [ 23.81653, 40.889330000379594 ], [ 23.8164075, 40.889556300379617 ], [ 23.8167463, 40.889351100379592 ], [ 23.8168787, 40.889089900379567 ], [ 23.8170312, 40.888871100379546 ], [ 23.8171345, 40.888501300379509 ], [ 23.8173723, 40.888369000379477 ], [ 23.8175002, 40.888121400379461 ], [ 23.8175226, 40.887982300379434 ], [ 23.8177044, 40.887795700379414 ], [ 23.8180476, 40.88728850037937 ], [ 23.8181105, 40.887079900379334 ], [ 23.81818, 40.886910300379313 ], [ 23.8183954, 40.886742300379304 ], [ 23.8185973, 40.886499800379269 ], [ 23.818626516278844, 40.886397243542746 ], [ 23.818626516278844, 40.884764978306634 ], [ 23.8185686, 40.884741500379057 ] ] ] } },
{ "type": "Feature", "properties": { "osm_id": 318382014, "name": null, "label": "natural:scrub", "landuse": null, "natural": "scrub", "building": null, "water": null }, "geometry": { "type": "Polygon", "coordinates": [ [ [ 23.805921, 40.890604000379753 ], [ 23.8046596, 40.890144100379679 ], [ 23.8027263, 40.889441600379605 ], [ 23.8015683, 40.889030800379551 ], [ 23.8005643, 40.88866580037952 ], [ 23.7994618, 40.888262200379472 ], [ 23.7992855, 40.888216600379458 ], [ 23.7992807, 40.888310300379473 ], [ 23.7996667, 40.888453200379494 ], [ 23.8007565, 40.888838700379544 ], [ 23.8020131, 40.889298600379583 ], [ 23.8028153, 40.889564100379623 ], [ 23.8031886, 40.889701000379631 ], [ 23.8041783, 40.890063600379676 ], [ 23.8045484, 40.890221000379682 ], [ 23.8047772, 40.890258200379691 ], [ 23.8050473, 40.890366300379704 ], [ 23.8053189, 40.890467100379723 ], [ 23.8061593, 40.89075780037976 ], [ 23.806477, 40.890875500379764 ], [ 23.806646753706215, 40.890934204160615 ], [ 23.806875925325699, 40.890934204160615 ], [ 23.805921, 40.890604000379753 ] ] ] } },
{ "type": "Feature", "properties": { "osm_id": 318382016, "name": null, "label": "natural:scrub", "landuse": null, "natural": "scrub", "building": null, "water": null }, "geometry": { "type": "MultiPolygon", "coordinates": [ [ [ [ 23.8011438, 40.890833600379771 ], [ 23.800362, 40.890544900379737 ], [ 23.7998835, 40.890373400379715 ], [ 23.799178, 40.890127100379679 ], [ 23.7985894, 40.889892700379662 ], [ 23.798203, 40.889734800379635 ], [ 23.7977043, 40.88955470037962 ], [ 23.7971696, 40.889391700379598 ], [ 23.7967584, 40.88923720037959 ], [ 23.7966798, 40.889274500379592 ], [ 23.7973583, 40.889531000379613 ], [ 23.798358, 40.889916500379663 ], [ 23.7988837, 40.890081200379683 ], [ 23.7998295, 40.890403900379724 ], [ 23.8001441, 40.89053980037972 ], [ 23.801256072530517, 40.890934204160615 ], [ 23.801417519843227, 40.890934204160615 ], [ 23.8011438, 40.890833600379771 ] ] ], [ [ [ 23.8105054, 40.890477000379725 ], [ 23.8106896, 40.890173000379683 ], [ 23.8110872, 40.889592100379637 ], [ 23.8112782, 40.889294900379596 ], [ 23.8116826, 40.888561200379513 ], [ 23.8118511, 40.888309800379474 ], [ 23.8123543, 40.887560800379397 ], [ 23.8130058, 40.886490800379249 ], [ 23.8128845, 40.886448400379258 ], [ 23.8127789, 40.886623300379284 ], [ 23.8120128, 40.887864900379412 ], [ 23.8118556, 40.888111100379462 ], [ 23.8111656, 40.889143100379577 ], [ 23.8106087, 40.890086300379686 ], [ 23.8103953, 40.890448100379722 ], [ 23.810089900194527, 40.890934204160615 ], [ 23.810216457839292, 40.890934204160615 ], [ 23.8105054, 40.890477000379725 ] ] ] ] } },
{ "type": "Feature", "properties": { "osm_id": 318588902, "name": null, "label": "natural:scrub", "landuse": null, "natural": "scrub", "building": null, "water": null }, "geometry": { "type": "Polygon", "coordinates": [ [ [ 23.8012453, 40.887162700379342 ], [ 23.8014157, 40.887208900379342 ], [ 23.8020913, 40.887462500379378 ], [ 23.8027549, 40.887701000379415 ], [ 23.8037833, 40.888089700379453 ], [ 23.8053039, 40.888623100379505 ], [ 23.8064999, 40.88905040037956 ], [ 23.8076595, 40.889470800379605 ], [ 23.8080078, 40.889581100379615 ], [ 23.8091181, 40.889993200379678 ], [ 23.810028, 40.890324000379714 ], [ 23.8103265, 40.890426000379712 ], [ 23.8103833, 40.890334400379714 ], [ 23.8075784, 40.889340500379596 ], [ 23.8054014, 40.888574200379502 ], [ 23.8027613, 40.887612100379407 ], [ 23.8013182, 40.887096600379337 ], [ 23.8012097, 40.887070400379336 ], [ 23.8011641, 40.887117200379329 ], [ 23.8012453, 40.887162700379342 ] ] ] } },
{ "type": "Feature", "properties": { "osm_id": 318588899, "name": null, "label": "natural:wetland", "landuse": null, "natural": "wetland", "building": null, "water": null }, "geometry": { "type": "Polygon", "coordinates": [ [ [ 23.8050459, 40.886789900379299 ], [ 23.8051619, 40.886839700379305 ], [ 23.8056066, 40.886904600379317 ], [ 23.8061028, 40.887110700379331 ], [ 23.8062399, 40.886919400379313 ], [ 23.8059447, 40.886799900379309 ], [ 23.8056679, 40.886622500379289 ], [ 23.8056179, 40.886443200379269 ], [ 23.8058577, 40.886122400379222 ], [ 23.8054123, 40.885988900379211 ], [ 23.8050854, 40.88610040037922 ], [ 23.8049299, 40.886371400379247 ], [ 23.8050459, 40.886789900379299 ] ] ] } },
{ "type": "Feature", "properties": { "osm_id": 318382031, "name": null, "label": "landuse:farmland", "landuse": "farmland", "natural": null, "building": null, "water": null }, "geometry": { "type": "Polygon", "coordinates": [ [ [ 23.8103953, 40.890448100379722 ], [ 23.8106087, 40.890086300379686 ], [ 23.8111656, 40.889143100379577 ], [ 23.8118556, 40.888111100379462 ], [ 23.8120128, 40.887864900379412 ], [ 23.8127789, 40.886623300379284 ], [ 23.8128845, 40.886448400379258 ], [ 23.8119973, 40.886141100379234 ], [ 23.8103293, 40.885519000379162 ], [ 23.8082673, 40.884784000379078 ], [ 23.8064468, 40.884140200378987 ], [ 23.8043975, 40.883414800378915 ], [ 23.8032932, 40.882972200378859 ], [ 23.8029322, 40.882827500378852 ], [ 23.8027136, 40.882739800378836 ], [ 23.8021868, 40.883569200378922 ], [ 23.8023876, 40.883608500378934 ], [ 23.8030867, 40.883891800378969 ], [ 23.8031141, 40.883947500378966 ], [ 23.8030433, 40.884174600378998 ], [ 23.8027155, 40.884305700379016 ], [ 23.8023486, 40.884442200379034 ], [ 23.8020813, 40.884544900379041 ], [ 23.8016596, 40.884698800379056 ], [ 23.801245, 40.884850600379067 ], [ 23.8008593, 40.884999100379098 ], [ 23.8005676, 40.885120400379115 ], [ 23.8002382, 40.885272200379127 ], [ 23.7999291, 40.885420700379136 ], [ 23.7997182, 40.885529900379154 ], [ 23.7994972, 40.885682800379179 ], [ 23.7989238, 40.885947000379204 ], [ 23.7986609, 40.886092300379225 ], [ 23.7978217, 40.886418800379261 ], [ 23.797527, 40.886582600379263 ], [ 23.7972627, 40.886702700379296 ], [ 23.7969983, 40.88686870037931 ], [ 23.7966719, 40.887114400379346 ], [ 23.7960378, 40.887564300379402 ], [ 23.7957272, 40.887800200379431 ], [ 23.7953488, 40.888081900379447 ], [ 23.7950599, 40.888311200379476 ], [ 23.7944734, 40.888722900379534 ], [ 23.7941687, 40.888934700379544 ], [ 23.7938682, 40.889180400379566 ], [ 23.7936674, 40.889284200379585 ], [ 23.7935663, 40.889355100379596 ], [ 23.7933135, 40.889558200379625 ], [ 23.7928715, 40.88996550037966 ], [ 23.7926159, 40.890191600379701 ], [ 23.7925003, 40.890274600379705 ], [ 23.792513, 40.890307500379699 ], [ 23.7929869, 40.890492800379725 ], [ 23.794131217943924, 40.890934204160615 ], [ 23.801256072530517, 40.890934204160615 ], [ 23.8001441, 40.89053980037972 ], [ 23.7998295, 40.890403900379724 ], [ 23.7988837, 40.890081200379683 ], [ 23.798358, 40.889916500379663 ], [ 23.7973583, 40.889531000379613 ], [ 23.7966798, 40.889274500379592 ], [ 23.7967584, 40.88923720037959 ], [ 23.7971696, 40.889391700379598 ], [ 23.7977043, 40.88955470037962 ], [ 23.798203, 40.889734800379635 ], [ 23.7985894, 40.889892700379662 ], [ 23.799178, 40.890127100379679 ], [ 23.7998835, 40.890373400379715 ], [ 23.800362, 40.890544900379737 ], [ 23.8011438, 40.890833600379771 ], [ 23.801417519843227, 40.890934204160615 ], [ 23.810089900194527, 40.890934204160615 ], [ 23.8103953, 40.890448100379722 ] ] ] } },
{ "type": "Feature", "properties": { "osm_id": 318373064, "name": null, "label": "natural:scrub", "landuse": null, "natural": "scrub", "building": null, "water": null }, "geometry": { "type": "Polygon", "coordinates": [ [ [ 23.7929869, 40.890492800379725 ], [ 23.792513, 40.890307500379699 ], [ 23.7925003, 40.890274600379705 ], [ 23.7926159, 40.890191600379701 ], [ 23.7928715, 40.88996550037966 ], [ 23.7933135, 40.889558200379625 ], [ 23.7935663, 40.889355100379596 ], [ 23.7936674, 40.889284200379585 ], [ 23.7938682, 40.889180400379566 ], [ 23.7941687, 40.888934700379544 ], [ 23.7944734, 40.888722900379534 ], [ 23.7950599, 40.888311200379476 ], [ 23.7953488, 40.888081900379447 ], [ 23.7957272, 40.887800200379431 ], [ 23.7960378, 40.887564300379402 ], [ 23.7966719, 40.887114400379346 ], [ 23.7969983, 40.88686870037931 ], [ 23.7972627, 40.886702700379296 ], [ 23.797527, 40.886582600379263 ], [ 23.7978217, 40.886418800379261 ], [ 23.7986609, 40.886092300379225 ], [ 23.7989238, 40.885947000379204 ], [ 23.7994972, 40.885682800379179 ], [ 23.7997182, 40.885529900379154 ], [ 23.7999291, 40.885420700379136 ], [ 23.8002382, 40.885272200379127 ], [ 23.8005676, 40.885120400379115 ], [ 23.8008593, 40.884999100379098 ], [ 23.801245, 40.884850600379067 ], [ 23.8016596, 40.884698800379056 ], [ 23.8020813, 40.884544900379041 ], [ 23.8023486, 40.884442200379034 ], [ 23.8027155, 40.884305700379016 ], [ 23.8030433, 40.884174600378998 ], [ 23.8031141, 40.883947500378966 ], [ 23.8030867, 40.883891800378969 ], [ 23.8023876, 40.883608500378934 ], [ 23.8021868, 40.883569200378922 ], [ 23.8022373, 40.883659800378936 ], [ 23.8026996, 40.883814900378951 ], [ 23.8029885, 40.883925200378968 ], [ 23.8029769, 40.883992900378978 ], [ 23.8028325, 40.884054100378997 ], [ 23.802532, 40.884169800378999 ], [ 23.8020871, 40.884338000379017 ], [ 23.8018042, 40.884439500379024 ], [ 23.8017462, 40.88446030037904 ], [ 23.8016908, 40.884480700379029 ], [ 23.8012248, 40.884652500379055 ], [ 23.8009662, 40.884756300379074 ], [ 23.8005343, 40.88490910037909 ], [ 23.8002309, 40.884776900379073 ], [ 23.7999911, 40.884739800379059 ], [ 23.7998235, 40.884805300379071 ], [ 23.7996935, 40.885004000379084 ], [ 23.799604, 40.885224600379125 ], [ 23.7995837, 40.885349100379131 ], [ 23.7993526, 40.885261800379126 ], [ 23.799006, 40.885170000379134 ], [ 23.7983531, 40.884940700379097 ], [ 23.7977753, 40.88475510037906 ], [ 23.7974546, 40.88467640037905 ], [ 23.7969577, 40.884471100379038 ], [ 23.7960275, 40.884158800379005 ], [ 23.7959928, 40.884224300379003 ], [ 23.7965562, 40.884407800379023 ], [ 23.7970733, 40.88459560037905 ], [ 23.7972813, 40.884713600379065 ], [ 23.7973506, 40.884790000379077 ], [ 23.7975153, 40.884750700379058 ], [ 23.7977695, 40.88482710037907 ], [ 23.7980988, 40.884980000379088 ], [ 23.7985408, 40.885095800379098 ], [ 23.7986593, 40.885220300379125 ], [ 23.7985697, 40.885397200379138 ], [ 23.7987142, 40.885508600379147 ], [ 23.7989222, 40.885519500379154 ], [ 23.7991562, 40.88548450037915 ], [ 23.7993353, 40.885460500379153 ], [ 23.7993411, 40.88549550037915 ], [ 23.7992226, 40.885547900379152 ], [ 23.798876, 40.885698600379172 ], [ 23.7985235, 40.885858000379187 ], [ 23.7982028, 40.885995600379225 ], [ 23.7980382, 40.886111400379221 ], [ 23.7976308, 40.886323200379245 ], [ 23.79716, 40.886550300379277 ], [ 23.7969462, 40.886659500379295 ], [ 23.7965966, 40.886919400379313 ], [ 23.7963164, 40.887120400379345 ], [ 23.7960535, 40.887306000379361 ], [ 23.7957791, 40.887515700379375 ], [ 23.7954093, 40.887753700379413 ], [ 23.7950193, 40.88804200037945 ], [ 23.7948431, 40.888175200379465 ], [ 23.7943779, 40.887740600379395 ], [ 23.7941988, 40.887581200379387 ], [ 23.7941064, 40.887648900379403 ], [ 23.7946408, 40.88810100037945 ], [ 23.7947824, 40.888253900379461 ], [ 23.7940919, 40.888712500379519 ], [ 23.7939215, 40.888830400379547 ], [ 23.7934535, 40.889162400379568 ], [ 23.7930982, 40.889461600379612 ], [ 23.7928699, 40.889647200379628 ], [ 23.7923499, 40.890123300379678 ], [ 23.7921679, 40.890134200379677 ], [ 23.7920408, 40.890339500379717 ], [ 23.791827, 40.89065180037975 ], [ 23.791653193216298, 40.890934204160615 ], [ 23.792076535508567, 40.890934204160615 ], [ 23.7921974, 40.890740700379773 ], [ 23.7924404, 40.890385500379715 ], [ 23.7936038, 40.890804800379769 ], [ 23.793974855727697, 40.890934204160615 ], [ 23.794131217943924, 40.890934204160615 ], [ 23.7929869, 40.890492800379725 ] ] ] } },
{ "type": "Feature", "properties": { "osm_id": 318382033, "name": null, "label": "landuse:farmland", "landuse": "farmland", "natural": null, "building": null, "water": null }, "geometry": { "type": "Polygon", "coordinates": [ [ [ 23.7936038, 40.890804800379769 ], [ 23.7924404, 40.890385500379715 ], [ 23.7921974, 40.890740700379773 ], [ 23.792076535508567, 40.890934204160615 ], [ 23.793974855727697, 40.890934204160615 ], [ 23.7936038, 40.890804800379769 ] ] ] } },
{ "type": "Feature", "properties": { "osm_id": 318382012, "name": null, "label": "natural:wood", "landuse": null, "natural": "wood", "building": null, "water": null }, "geometry": { "type": "Polygon", "coordinates": [ [ [ 23.7939285, 40.886958900379327 ], [ 23.794208, 40.886749900379293 ], [ 23.794276, 40.886671400379285 ], [ 23.7943828, 40.886548200379266 ], [ 23.7945925, 40.886168700379223 ], [ 23.7947704, 40.885796400379185 ], [ 23.7948943, 40.885645000379171 ], [ 23.7950119, 40.885409600379134 ], [ 23.7945861, 40.885162200379121 ], [ 23.7945226, 40.885294300379122 ], [ 23.7946973, 40.885352000379143 ], [ 23.7945957, 40.885637800379172 ], [ 23.7943542, 40.885935700379186 ], [ 23.7942652, 40.886135000379227 ], [ 23.794189, 40.886238300379233 ], [ 23.7940778, 40.88627680037925 ], [ 23.7941223, 40.886339200379254 ], [ 23.7941096, 40.886420900379257 ], [ 23.7939348, 40.886569800379263 ], [ 23.7937346, 40.886764400379299 ], [ 23.7936616, 40.886855600379292 ], [ 23.7939285, 40.886958900379327 ] ] ] } },
{ "type": "Feature", "properties": { "osm_id": 319470966, "name": null, "label": "landuse:orchard", "landuse": "orchard", "natural": null, "building": null, "water": null }, "geometry": { "type": "Polygon", "coordinates": [ [ [ 23.7928552, 40.888684500379526 ], [ 23.7934542, 40.888040200379436 ], [ 23.7929218, 40.887842200379424 ], [ 23.7924839, 40.888569300379501 ], [ 23.7928552, 40.888684500379526 ] ] ] } },
{ "type": "Feature", "properties": { "osm_id": 318382013, "name": null, "label": "natural:wood", "landuse": null, "natural": "wood", "building": null, "water": null }, "geometry": { "type": "Polygon", "coordinates": [ [ [ 23.7951045, 40.884514700379043 ], [ 23.7952189, 40.884278100379014 ], [ 23.7953507, 40.884170000379001 ], [ 23.7956446, 40.884170000379001 ], [ 23.795813, 40.884206000379002 ], [ 23.7959353, 40.884220400378986 ], [ 23.7959928, 40.884224300379003 ], [ 23.7960275, 40.884158800379005 ], [ 23.7961244, 40.884009000378988 ], [ 23.7962769, 40.883838500378971 ], [ 23.7965422, 40.883481800378924 ], [ 23.7966121, 40.883316000378905 ], [ 23.7965581, 40.882749100378831 ], [ 23.7964056, 40.882714300378822 ], [ 23.796288, 40.882665100378823 ], [ 23.7961657, 40.882696300378825 ], [ 23.7962658, 40.88282000037885 ], [ 23.7963865, 40.882900500378852 ], [ 23.7964294, 40.883030200378869 ], [ 23.7963563, 40.883209100378885 ], [ 23.7961546, 40.883465000378905 ], [ 23.7959814, 40.88367390037893 ], [ 23.7958178, 40.883947800378984 ], [ 23.7956748, 40.88406790037898 ], [ 23.7955144, 40.884060700378988 ], [ 23.7953205, 40.884012600378981 ], [ 23.7952459, 40.884065500378988 ], [ 23.7951919, 40.884218000378986 ], [ 23.7951045, 40.884400600379031 ], [ 23.7950203, 40.884627600379041 ], [ 23.7951045, 40.884514700379043 ] ] ] } },
{ "type": "Feature", "properties": { "osm_id": 319471623, "name": null, "label": "natural:scrub", "landuse": null, "natural": "scrub", "building": null, "water": null }, "geometry": { "type": "Polygon", "coordinates": [ [ [ 23.7921423, 40.880920000378616 ], [ 23.7923663, 40.88075590037861 ], [ 23.7926256, 40.880550200378579 ], [ 23.7927969, 40.880482700378572 ], [ 23.7932262, 40.880646800378599 ], [ 23.7937599, 40.880841100378625 ], [ 23.7941212, 40.880984700378626 ], [ 23.7945623, 40.881139900378656 ], [ 23.7950104, 40.881277400378671 ], [ 23.7953482, 40.881373200378668 ], [ 23.7957635, 40.881500000378701 ], [ 23.7959875, 40.881609100378704 ], [ 23.7962714, 40.881683600378715 ], [ 23.7967253, 40.881850300378723 ], [ 23.7969201, 40.881918600378746 ], [ 23.7968556, 40.882037500378757 ], [ 23.7967605, 40.882206900378769 ], [ 23.796635, 40.882299100378788 ], [ 23.7966327, 40.882403800378796 ], [ 23.7966397, 40.882472000378804 ], [ 23.7965581, 40.882749100378831 ], [ 23.7966121, 40.883316000378905 ], [ 23.796635, 40.883377500378913 ], [ 23.7966608, 40.883364200378907 ], [ 23.7966702, 40.883213500378879 ], [ 23.7966714, 40.882942100378855 ], [ 23.7967019, 40.882644100378819 ], [ 23.7967488, 40.882501300378799 ], [ 23.7969271, 40.88254120037881 ], [ 23.7971629, 40.882625500378829 ], [ 23.7974796, 40.882743400378843 ], [ 23.7979148, 40.88289240037885 ], [ 23.7985431, 40.883102600378876 ], [ 23.7987432, 40.88320260037888 ], [ 23.7989909, 40.88326160037888 ], [ 23.7993369, 40.883360300378904 ], [ 23.799822, 40.883524500378911 ], [ 23.8006107, 40.883811700378956 ], [ 23.8012128, 40.884070700378984 ], [ 23.8015894, 40.884205400379003 ], [ 23.8016979, 40.884328500379034 ], [ 23.8016979, 40.884429800379031 ], [ 23.8016908, 40.884480700379029 ], [ 23.8017462, 40.88446030037904 ], [ 23.8018042, 40.884439500379024 ], [ 23.8017369, 40.884242600379011 ], [ 23.8016572, 40.884140000378999 ], [ 23.8012586, 40.884031000378997 ], [ 23.8009703, 40.883904000378969 ], [ 23.8009109, 40.88382840037896 ], [ 23.8007667, 40.883787300378955 ], [ 23.8003257, 40.883578300378943 ], [ 23.7996422, 40.8833770003789 ], [ 23.7990943, 40.883176900378892 ], [ 23.7988314, 40.883088500378868 ], [ 23.7985651, 40.883021800378863 ], [ 23.7980495, 40.882828100378852 ], [ 23.7975576, 40.882671700378829 ], [ 23.7971879, 40.8825434003788 ], [ 23.7968588, 40.8824485003788 ], [ 23.7968029, 40.882411400378793 ], [ 23.7969402, 40.882190800378766 ], [ 23.7971472, 40.881784300378726 ], [ 23.7972299, 40.881672500378706 ], [ 23.7974074, 40.881337900378675 ], [ 23.7977157, 40.880802000378615 ], [ 23.7978524, 40.880824700378611 ], [ 23.7982386, 40.880981500378624 ], [ 23.798702, 40.881150000378646 ], [ 23.7990419, 40.881253600378663 ], [ 23.7993628, 40.880733000378605 ], [ 23.7997009, 40.880144900378532 ], [ 23.7996516, 40.880128000378527 ], [ 23.799505, 40.880382300378564 ], [ 23.7993472, 40.880640600378591 ], [ 23.7992501, 40.88080580037861 ], [ 23.7991243, 40.881010300378634 ], [ 23.7990359, 40.881155900378658 ], [ 23.7987905, 40.88106800037864 ], [ 23.7985381, 40.880990000378624 ], [ 23.7982138, 40.880903500378622 ], [ 23.7980153, 40.880857600378619 ], [ 23.7978297, 40.880792700378606 ], [ 23.7977126, 40.880756000378604 ], [ 23.7976346, 40.880881800378617 ], [ 23.7974334, 40.881218200378655 ], [ 23.7972409, 40.881566900378701 ], [ 23.7970736, 40.881850800378722 ], [ 23.7969426, 40.881798400378734 ], [ 23.7966305, 40.881708500378714 ], [ 23.7963296, 40.881612800378697 ], [ 23.7962123, 40.881566400378702 ], [ 23.7958394, 40.881428700378677 ], [ 23.7956539, 40.881342200378675 ], [ 23.7957649, 40.881085200378642 ], [ 23.7953209, 40.880925200378634 ], [ 23.7953729, 40.880635400378601 ], [ 23.7954735, 40.880257800378558 ], [ 23.7956123, 40.88012140037852 ], [ 23.7955256, 40.880040100378523 ], [ 23.7954631, 40.880135900378534 ], [ 23.7953591, 40.880445300378561 ], [ 23.7952724, 40.88079670037861 ], [ 23.7951735, 40.881125800378641 ], [ 23.7951353, 40.881191400378654 ], [ 23.7948527, 40.881140200378638 ], [ 23.7945006, 40.881007800378626 ], [ 23.7943549, 40.880912100378616 ], [ 23.7944208, 40.880767900378608 ], [ 23.7945058, 40.880446600378569 ], [ 23.7945891, 40.880378400378547 ], [ 23.7948093, 40.880409900378574 ], [ 23.7951596, 40.880459700378573 ], [ 23.7952741, 40.88043090037857 ], [ 23.7951614, 40.880381100378564 ], [ 23.7949134, 40.880307600378551 ], [ 23.7945804, 40.880206700378544 ], [ 23.7944382, 40.880302400378554 ], [ 23.7943792, 40.880579000378575 ], [ 23.7942682, 40.880838700378611 ], [ 23.794185, 40.880836000378615 ], [ 23.7935832, 40.880639400378598 ], [ 23.7931028, 40.880486000378568 ], [ 23.7928583, 40.880406000378564 ], [ 23.7929224, 40.880274800378558 ], [ 23.7930595, 40.880209300378539 ], [ 23.793009, 40.880147500378527 ], [ 23.7928218, 40.88028080037855 ], [ 23.7925785, 40.880454100378572 ], [ 23.7923943, 40.880585300378584 ], [ 23.7920993, 40.880795400378616 ], [ 23.792093, 40.880897800378612 ], [ 23.7921423, 40.880920000378616 ] ] ] } },
{ "type": "Feature", "properties": { "osm_id": 319471627, "name": null, "label": "natural:scrub", "landuse": null, "natural": "scrub", "building": null, "water": null }, "geometry": { "type": "Polygon", "coordinates": [ [ [ 23.7939226, 40.879600400378472 ], [ 23.7939573, 40.879554900378466 ], [ 23.7942512, 40.879651900378477 ], [ 23.7948686, 40.8798460003785 ], [ 23.7953299, 40.879992900378511 ], [ 23.7954808, 40.880042700378525 ], [ 23.7955256, 40.880040100378523 ], [ 23.7956123, 40.88012140037852 ], [ 23.795649, 40.880089900378522 ], [ 23.7959621, 40.880183600378551 ], [ 23.7963297, 40.880287900378548 ], [ 23.7968274, 40.880439300378576 ], [ 23.7971457, 40.880550100378585 ], [ 23.7976035, 40.880704200378595 ], [ 23.7975229, 40.880639900378597 ], [ 23.7968483, 40.880404600378547 ], [ 23.7964286, 40.880268200378552 ], [ 23.7955215, 40.880015200378509 ], [ 23.7951018, 40.879893300378512 ], [ 23.7946215, 40.879734600378498 ], [ 23.7942165, 40.879602200378464 ], [ 23.7939425, 40.879512300378465 ], [ 23.7938844, 40.879585100378463 ], [ 23.7938827, 40.879594500378467 ], [ 23.7939226, 40.879600400378472 ] ] ] } },
{ "type": "Feature", "properties": { "osm_id": 319482208, "name": null, "label": "landuse:farmland", "landuse": "farmland", "natural": null, "building": null, "water": null }, "geometry": { "type": "Polygon", "coordinates": [ [ [ 23.796663, 40.879125200378411 ], [ 23.7970779, 40.878430700378324 ], [ 23.7967745, 40.878375800378336 ], [ 23.7962366, 40.87834970037833 ], [ 23.7958397, 40.87836710037832 ], [ 23.795587, 40.878777700378379 ], [ 23.796663, 40.879125200378411 ] ] ] } },
{ "type": "Feature", "properties": { "osm_id": 329491826, "name": null, "label": "landuse:orchard", "landuse": "orchard", "natural": null, "building": null, "water": null }, "geometry": { "type": "Polygon", "coordinates": [ [ [ 23.7949073, 40.876479400378109 ], [ 23.7949853, 40.876500400378099 ], [ 23.7958349, 40.875964200378064 ], [ 23.7953668, 40.875445000377987 ], [ 23.7945206, 40.875969500378055 ], [ 23.7949073, 40.876479400378109 ] ] ] } },
{ "type": "Feature", "properties": { "osm_id": 319471620, "name": null, "label": "natural:wood", "landuse": null, "natural": "wood", "building": null, "water": null }, "geometry": { "type": "Polygon", "coordinates": [ [ [ 23.7930595, 40.880209300378539 ], [ 23.7932982, 40.880079600378522 ], [ 23.7936251, 40.879916400378512 ], [ 23.7937422, 40.879825300378499 ], [ 23.7938324, 40.879719700378494 ], [ 23.7939226, 40.879600400378472 ], [ 23.7938827, 40.879594500378467 ], [ 23.7937691, 40.879751200378493 ], [ 23.7936555, 40.879838400378503 ], [ 23.7933962, 40.879988500378523 ], [ 23.793104, 40.880130800378545 ], [ 23.793009, 40.880147500378527 ], [ 23.7930595, 40.880209300378539 ] ] ] } },
{ "type": "Feature", "properties": { "osm_id": 319471628, "name": null, "label": "natural:wood", "landuse": null, "natural": "wood", "building": null, "water": null }, "geometry": { "type": "Polygon", "coordinates": [ [ [ 23.7923943, 40.880585300378584 ], [ 23.7925785, 40.880454100378572 ], [ 23.7920705, 40.880353100378571 ], [ 23.7920075, 40.880459700378573 ], [ 23.7923943, 40.880585300378584 ] ] ] } },
{ "type": "Feature", "properties": { "osm_id": 329495677, "name": null, "label": "landuse:farmland", "landuse": "farmland", "natural": null, "building": null, "water": null }, "geometry": { "type": "Polygon", "coordinates": [ [ [ 23.8020101, 40.875882700378035 ], [ 23.8020862, 40.875954100378046 ], [ 23.802236, 40.876022100378052 ], [ 23.8023216, 40.875632600378012 ], [ 23.8014678, 40.87499410037794 ], [ 23.8011427, 40.87518310037796 ], [ 23.8011351, 40.875192300377975 ], [ 23.8020101, 40.875882700378035 ] ] ] } },
{ "type": "Feature", "properties": { "osm_id": 329495675, "name": null, "label": "landuse:farmland", "landuse": "farmland", "natural": null, "building": null, "water": null }, "geometry": { "type": "Polygon", "coordinates": [ [ [ 23.8014112, 40.876060700378062 ], [ 23.8014995, 40.876038900378056 ], [ 23.8018446, 40.875988900378054 ], [ 23.8020862, 40.875954100378046 ], [ 23.8020101, 40.875882700378035 ], [ 23.8011351, 40.875192300377975 ], [ 23.8007771, 40.87540940037799 ], [ 23.8014112, 40.876060700378062 ] ] ] } },
{ "type": "Feature", "properties": { "osm_id": 329495673, "name": null, "label": "landuse:farmland", "landuse": "farmland", "natural": null, "building": null, "water": null }, "geometry": { "type": "Polygon", "coordinates": [ [ [ 23.8009554, 40.876263900378078 ], [ 23.8011285, 40.87613030037808 ], [ 23.8014112, 40.876060700378062 ], [ 23.8007771, 40.87540940037799 ], [ 23.8003, 40.875702700378014 ], [ 23.8009554, 40.876263900378078 ] ] ] } },
{ "type": "Feature", "properties": { "osm_id": 329495662, "name": null, "label": "natural:scrub", "landuse": null, "natural": "scrub", "building": null, "water": null }, "geometry": { "type": "Polygon", "coordinates": [ [ [ 23.7981632, 40.877939500378282 ], [ 23.7982666, 40.877912700378275 ], [ 23.7989337, 40.877689700378248 ], [ 23.7992957, 40.877469900378216 ], [ 23.7996392, 40.877224600378206 ], [ 23.7988816, 40.876556300378112 ], [ 23.7975337, 40.877410100378221 ], [ 23.7981632, 40.877939500378282 ] ] ] } },
{ "type": "Feature", "properties": { "osm_id": 319482221, "name": null, "label": "landuse:farmland", "landuse": "farmland", "natural": null, "building": null, "water": null }, "geometry": { "type": "Polygon", "coordinates": [ [ [ 23.7988325, 40.878780200378387 ], [ 23.7992996, 40.878917900378397 ], [ 23.7995359, 40.878635000378367 ], [ 23.7989958, 40.87840320037833 ], [ 23.7989501, 40.878364700378327 ], [ 23.7986784, 40.878428000378349 ], [ 23.7980785, 40.87853060037834 ], [ 23.7988325, 40.878780200378387 ] ] ] } },
{ "type": "Feature", "properties": { "osm_id": 319482229, "name": null, "label": "landuse:farmland", "landuse": "farmland", "natural": null, "building": null, "water": null }, "geometry": { "type": "Polygon", "coordinates": [ [ [ 23.797811, 40.87949600037846 ], [ 23.7983611, 40.879684900378486 ], [ 23.7988325, 40.878780200378387 ], [ 23.7980785, 40.87853060037834 ], [ 23.7978101, 40.878489100378339 ], [ 23.7974542, 40.878464500378335 ], [ 23.7970779, 40.878430700378324 ], [ 23.796663, 40.879125200378411 ], [ 23.797811, 40.87949600037846 ] ] ] } },
{ "type": "Feature", "properties": { "osm_id": 329495660, "name": null, "label": "natural:scrub", "landuse": null, "natural": "scrub", "building": null, "water": null }, "geometry": { "type": "Polygon", "coordinates": [ [ [ 23.7969725, 40.878040200378301 ], [ 23.7973277, 40.878053300378298 ], [ 23.7979941, 40.877983400378284 ], [ 23.7981632, 40.877939500378282 ], [ 23.7975337, 40.877410100378221 ], [ 23.7966288, 40.877990200378278 ], [ 23.7969725, 40.878040200378301 ] ] ] } },
{ "type": "Feature", "properties": { "osm_id": 319482202, "name": null, "label": "landuse:farmland", "landuse": "farmland", "natural": null, "building": null, "water": null }, "geometry": { "type": "Polygon", "coordinates": [ [ [ 23.7994366, 40.88005420037851 ], [ 23.7999603, 40.879126500378412 ], [ 23.7992996, 40.878917900378397 ], [ 23.7988325, 40.878780200378387 ], [ 23.7983611, 40.879684900378486 ], [ 23.7994366, 40.88005420037851 ] ] ] } },
{ "type": "Feature", "properties": { "osm_id": 319482194, "name": null, "label": "landuse:farmland", "landuse": "farmland", "natural": null, "building": null, "water": null }, "geometry": { "type": "Polygon", "coordinates": [ [ [ 23.7996516, 40.880128000378527 ], [ 23.7997009, 40.880144900378532 ], [ 23.799749, 40.88016140037854 ], [ 23.8011883, 40.88065390037859 ], [ 23.8013187, 40.880639100378602 ], [ 23.8011794, 40.880474100378571 ], [ 23.8012848, 40.880149300378534 ], [ 23.8014003, 40.87958990037847 ], [ 23.8010846, 40.879489700378471 ], [ 23.8002005, 40.879204100378431 ], [ 23.7999603, 40.879126500378412 ], [ 23.7994366, 40.88005420037851 ], [ 23.7996516, 40.880128000378527 ] ] ] } },
{ "type": "Feature", "properties": { "osm_id": 319482094, "name": null, "label": "natural:wood", "landuse": null, "natural": "wood", "building": null, "water": null }, "geometry": { "type": "Polygon", "coordinates": [ [ [ 23.8007756, 40.880398900378573 ], [ 23.801078, 40.880502700378585 ], [ 23.8011794, 40.880474100378571 ], [ 23.8012848, 40.880149300378534 ], [ 23.8014003, 40.87958990037847 ], [ 23.8010846, 40.879489700378471 ], [ 23.8006211, 40.88028380037855 ], [ 23.80059, 40.880326500378558 ], [ 23.8007756, 40.880398900378573 ] ] ] } },
{ "type": "Feature", "properties": { "osm_id": 319482214, "name": null, "label": "landuse:farmland", "landuse": "farmland", "natural": null, "building": null, "water": null }, "geometry": { "type": "Polygon", "coordinates": [ [ [ 23.8015149, 40.880285800378552 ], [ 23.8019723, 40.879461900378452 ], [ 23.8016028, 40.87934230037844 ], [ 23.8015142, 40.879796400378503 ], [ 23.8013989, 40.880317500378553 ], [ 23.8013187, 40.880639100378602 ], [ 23.8015149, 40.880285800378552 ] ] ] } },
{ "type": "Feature", "properties": { "osm_id": 319482209, "name": null, "label": "landuse:farmland", "landuse": "farmland", "natural": null, "building": null, "water": null }, "geometry": { "type": "Polygon", "coordinates": [ [ [ 23.801624, 40.878437100378335 ], [ 23.801833, 40.877219800378199 ], [ 23.8017384, 40.877188700378198 ], [ 23.801474, 40.877135600378196 ], [ 23.801158, 40.877149900378186 ], [ 23.8008213, 40.878245300378317 ], [ 23.801624, 40.878437100378335 ] ] ] } },
{ "type": "Feature", "properties": { "osm_id": 319482227, "name": null, "label": "landuse:meadow", "landuse": "meadow", "natural": null, "building": null, "water": null }, "geometry": { "type": "Polygon", "coordinates": [ [ [ 23.8007074, 40.878218100378312 ], [ 23.8008213, 40.878245300378317 ], [ 23.801158, 40.877149900378186 ], [ 23.8010999, 40.877152600378203 ], [ 23.8009114, 40.877188700378198 ], [ 23.8007792, 40.877312100378205 ], [ 23.8006836, 40.877601400378239 ], [ 23.8005512, 40.878158800378309 ], [ 23.8007074, 40.878218100378312 ] ] ] } },
{ "type": "Feature", "properties": { "osm_id": 319482219, "name": null, "label": "landuse:farmland", "landuse": "farmland", "natural": null, "building": null, "water": null }, "geometry": { "type": "Polygon", "coordinates": [ [ [ 23.8010846, 40.879489700378471 ], [ 23.8014003, 40.87958990037847 ], [ 23.8014974, 40.879122000378416 ], [ 23.801624, 40.878437100378335 ], [ 23.8008213, 40.878245300378317 ], [ 23.8007074, 40.878218100378312 ], [ 23.8002005, 40.879204100378431 ], [ 23.8010846, 40.879489700378471 ] ] ] } },
{ "type": "Feature", "properties": { "osm_id": 319482191, "name": null, "label": "landuse:orchard", "landuse": "orchard", "natural": null, "building": null, "water": null }, "geometry": { "type": "Polygon", "coordinates": [ [ [ 23.7999603, 40.879126500378412 ], [ 23.8002005, 40.879204100378431 ], [ 23.8007074, 40.878218100378312 ], [ 23.8005512, 40.878158800378309 ], [ 23.8003825, 40.878094900378301 ], [ 23.8003263, 40.878073500378285 ], [ 23.7999409, 40.878194800378317 ], [ 23.7997103, 40.878362800378326 ], [ 23.7995359, 40.878635000378367 ], [ 23.7992996, 40.878917900378397 ], [ 23.7999603, 40.879126500378412 ] ] ] } },
{ "type": "Feature", "properties": { "osm_id": 319482089, "name": null, "label": "natural:wood", "landuse": null, "natural": "wood", "building": null, "water": null }, "geometry": { "type": "Polygon", "coordinates": [ [ [ 23.7987961, 40.878235200378313 ], [ 23.7989501, 40.878364700378327 ], [ 23.7989958, 40.87840320037833 ], [ 23.7995359, 40.878635000378367 ], [ 23.7997103, 40.878362800378326 ], [ 23.7999409, 40.878194800378317 ], [ 23.8003263, 40.878073500378285 ], [ 23.8003825, 40.878094900378301 ], [ 23.8004023, 40.878201100378313 ], [ 23.8005204, 40.878271300378316 ], [ 23.8005512, 40.878158800378309 ], [ 23.8006836, 40.877601400378239 ], [ 23.8007792, 40.877312100378205 ], [ 23.8009114, 40.877188700378198 ], [ 23.8010999, 40.877152600378203 ], [ 23.801158, 40.877149900378186 ], [ 23.801474, 40.877135600378196 ], [ 23.8017384, 40.877188700378198 ], [ 23.801833, 40.877219800378199 ], [ 23.8019163, 40.877247100378213 ], [ 23.802121, 40.877314200378216 ], [ 23.8022954, 40.877222800378206 ], [ 23.8021772, 40.877116400378185 ], [ 23.8017834, 40.877073900378171 ], [ 23.8012124, 40.87702500037819 ], [ 23.8007708, 40.877124900378192 ], [ 23.8005598, 40.877303600378198 ], [ 23.8004923, 40.877380200378205 ], [ 23.8003741, 40.877490800378219 ], [ 23.8000056, 40.877569500378243 ], [ 23.7998256, 40.877656700378246 ], [ 23.7998172, 40.877839600378273 ], [ 23.7996484, 40.878007600378275 ], [ 23.799609, 40.878141600378306 ], [ 23.7994937, 40.878211800378317 ], [ 23.7994234, 40.87814370037831 ], [ 23.799294, 40.878018200378285 ], [ 23.7990633, 40.87788210037828 ], [ 23.7988551, 40.877931000378275 ], [ 23.7987089, 40.878152200378317 ], [ 23.7987961, 40.878235200378313 ] ] ] } },
{ "type": "Feature", "properties": { "osm_id": 329495661, "name": null, "label": "natural:scrub", "landuse": null, "natural": "scrub", "building": null, "water": null }, "geometry": { "type": "Polygon", "coordinates": [ [ [ 23.7996392, 40.877224600378206 ], [ 23.7998814, 40.877051600378181 ], [ 23.8003674, 40.876681000378134 ], [ 23.8004855, 40.876598700378125 ], [ 23.7998084, 40.875999500378065 ], [ 23.7988816, 40.876556300378112 ], [ 23.7996392, 40.877224600378206 ] ] ] } },
{ "type": "Feature", "properties": { "osm_id": 329495671, "name": null, "label": "landuse:farmland", "landuse": "farmland", "natural": null, "building": null, "water": null }, "geometry": { "type": "Polygon", "coordinates": [ [ [ 23.8004855, 40.876598700378125 ], [ 23.8008581, 40.876339000378096 ], [ 23.8009554, 40.876263900378078 ], [ 23.8003, 40.875702700378014 ], [ 23.7998084, 40.875999500378065 ], [ 23.8004855, 40.876598700378125 ] ] ] } },
{ "type": "Feature", "properties": { "osm_id": 319482082, "name": null, "label": "natural:scrub", "landuse": null, "natural": "scrub", "building": null, "water": null }, "geometry": { "type": "Polygon", "coordinates": [ [ [ 23.7945832, 40.87830290037833 ], [ 23.7945519, 40.878350200378321 ], [ 23.795587, 40.878777700378379 ], [ 23.7958397, 40.87836710037832 ], [ 23.7962366, 40.87834970037833 ], [ 23.7967745, 40.878375800378336 ], [ 23.7970779, 40.878430700378324 ], [ 23.7974542, 40.878464500378335 ], [ 23.7978101, 40.878489100378339 ], [ 23.7980785, 40.87853060037834 ], [ 23.7986784, 40.878428000378349 ], [ 23.7989501, 40.878364700378327 ], [ 23.7987961, 40.878235200378313 ], [ 23.7987089, 40.878152200378317 ], [ 23.7988551, 40.877931000378275 ], [ 23.7990633, 40.87788210037828 ], [ 23.799294, 40.878018200378285 ], [ 23.7994234, 40.87814370037831 ], [ 23.7994937, 40.878211800378317 ], [ 23.799609, 40.878141600378306 ], [ 23.7996484, 40.878007600378275 ], [ 23.7998172, 40.877839600378273 ], [ 23.7998256, 40.877656700378246 ], [ 23.8000056, 40.877569500378243 ], [ 23.8003741, 40.877490800378219 ], [ 23.8004923, 40.877380200378205 ], [ 23.8005598, 40.877303600378198 ], [ 23.8007708, 40.877124900378192 ], [ 23.8012124, 40.87702500037819 ], [ 23.8017834, 40.877073900378171 ], [ 23.8021772, 40.877116400378185 ], [ 23.8022954, 40.877222800378206 ], [ 23.802121, 40.877314200378216 ], [ 23.8023972, 40.87743920037822 ], [ 23.8032086, 40.877676000378258 ], [ 23.8032133, 40.877587700378236 ], [ 23.803964, 40.87765950037825 ], [ 23.8042199, 40.877726900378264 ], [ 23.8045334, 40.877816100378269 ], [ 23.8047002, 40.878103100378297 ], [ 23.8046974, 40.878224900378306 ], [ 23.8045306, 40.878122700378292 ], [ 23.8043033, 40.8780401003783 ], [ 23.8040215, 40.878059600378315 ], [ 23.8042401, 40.878227100378304 ], [ 23.8045018, 40.878314100378319 ], [ 23.8048095, 40.87833150037833 ], [ 23.804962, 40.878290100378329 ], [ 23.8048469, 40.878177100378309 ], [ 23.804729, 40.877907400378277 ], [ 23.804985, 40.877953100378278 ], [ 23.8052496, 40.878024800378277 ], [ 23.8055142, 40.878114000378297 ], [ 23.8059168, 40.878192300378323 ], [ 23.8062042, 40.878442300378325 ], [ 23.8066793, 40.878110000378307 ], [ 23.8069414, 40.877697500378247 ], [ 23.8068143, 40.877692800378256 ], [ 23.8066455, 40.877992700378293 ], [ 23.8056388, 40.877717400378259 ], [ 23.8058503, 40.877305300378204 ], [ 23.8051081, 40.877032600378179 ], [ 23.8044104, 40.876776300378154 ], [ 23.8041033, 40.87656410037814 ], [ 23.8039773, 40.876379600378094 ], [ 23.8041054, 40.876373500378101 ], [ 23.8042904, 40.876430400378105 ], [ 23.8044653, 40.876451900378107 ], [ 23.8044369, 40.876376500378093 ], [ 23.8040301, 40.876208900378082 ], [ 23.8039183, 40.876216600378065 ], [ 23.8038654, 40.876351900378104 ], [ 23.8039467, 40.876608700378128 ], [ 23.8036925, 40.876505700378125 ], [ 23.8037942, 40.876684100378135 ], [ 23.8041115, 40.877146900378186 ], [ 23.8041806, 40.877449900378224 ], [ 23.8040383, 40.877432900378217 ], [ 23.8037108, 40.877362200378215 ], [ 23.8033244, 40.87722690037819 ], [ 23.8030112, 40.877136200378203 ], [ 23.8027489, 40.87702700037817 ], [ 23.802332, 40.876891700378167 ], [ 23.8022161, 40.876748700378144 ], [ 23.8019924, 40.876674900378127 ], [ 23.8017219, 40.876596400378119 ], [ 23.8015836, 40.876533400378122 ], [ 23.8017199, 40.876527200378106 ], [ 23.8019354, 40.876516500378109 ], [ 23.80197, 40.876433400378104 ], [ 23.8018663, 40.876345800378104 ], [ 23.8017605, 40.876336600378089 ], [ 23.8017036, 40.876367300378085 ], [ 23.8015328, 40.876507200378121 ], [ 23.8010996, 40.876448800378107 ], [ 23.8008881, 40.876514900378112 ], [ 23.8005139, 40.876687200378129 ], [ 23.8003674, 40.876681000378134 ], [ 23.7998814, 40.877051600378181 ], [ 23.7996392, 40.877224600378206 ], [ 23.7992957, 40.877469900378216 ], [ 23.7989337, 40.877689700378248 ], [ 23.7982666, 40.877912700378275 ], [ 23.7981632, 40.877939500378282 ], [ 23.7979941, 40.877983400378284 ], [ 23.7973277, 40.878053300378298 ], [ 23.7969725, 40.878040200378301 ], [ 23.7966288, 40.877990200378278 ], [ 23.7963455, 40.878037000378299 ], [ 23.7960133, 40.8780565003783 ], [ 23.795694, 40.878046700378292 ], [ 23.7954453, 40.878026100378278 ], [ 23.7950642, 40.877979300378286 ], [ 23.7947277, 40.877928200378271 ], [ 23.7946342, 40.877936900378273 ], [ 23.7945038, 40.877993700378283 ], [ 23.7945832, 40.87830290037833 ] ] ] } },
{ "type": "Feature", "properties": { "osm_id": 319482086, "name": null, "label": "natural:wood", "landuse": null, "natural": "wood", "building": null, "water": null }, "geometry": { "type": "Polygon", "coordinates": [ [ [ 23.8005139, 40.876687200378129 ], [ 23.8008881, 40.876514900378112 ], [ 23.8010996, 40.876448800378107 ], [ 23.8015328, 40.876507200378121 ], [ 23.8017036, 40.876367300378085 ], [ 23.8017605, 40.876336600378089 ], [ 23.8018663, 40.876345800378104 ], [ 23.80197, 40.876433400378104 ], [ 23.8019354, 40.876516500378109 ], [ 23.8017199, 40.876527200378106 ], [ 23.8015836, 40.876533400378122 ], [ 23.8017219, 40.876596400378119 ], [ 23.8019924, 40.876674900378127 ], [ 23.8022161, 40.876748700378144 ], [ 23.802332, 40.876891700378167 ], [ 23.8027489, 40.87702700037817 ], [ 23.8030112, 40.877136200378203 ], [ 23.8033244, 40.87722690037819 ], [ 23.8037108, 40.877362200378215 ], [ 23.8040383, 40.877432900378217 ], [ 23.8041806, 40.877449900378224 ], [ 23.8041115, 40.877146900378186 ], [ 23.8037942, 40.876684100378135 ], [ 23.8036925, 40.876505700378125 ], [ 23.8035386, 40.87638040037811 ], [ 23.8032827, 40.876278200378081 ], [ 23.8032679, 40.876272400378078 ], [ 23.8028484, 40.876108500378059 ], [ 23.8026384, 40.876145500378065 ], [ 23.8024026, 40.876097700378075 ], [ 23.802236, 40.876022100378052 ], [ 23.8020862, 40.875954100378046 ], [ 23.8018446, 40.875988900378054 ], [ 23.8014995, 40.876038900378056 ], [ 23.8014112, 40.876060700378062 ], [ 23.8011285, 40.87613030037808 ], [ 23.8009554, 40.876263900378078 ], [ 23.8008581, 40.876339000378096 ], [ 23.8004855, 40.876598700378125 ], [ 23.8003674, 40.876681000378134 ], [ 23.8005139, 40.876687200378129 ] ] ] } },
{ "type": "Feature", "properties": { "osm_id": 329495655, "name": null, "label": "natural:scrub", "landuse": null, "natural": "scrub", "building": null, "water": null }, "geometry": { "type": "Polygon", "coordinates": [ [ [ 23.8032827, 40.876278200378081 ], [ 23.8035386, 40.87638040037811 ], [ 23.8036925, 40.876505700378125 ], [ 23.8039467, 40.876608700378128 ], [ 23.8038654, 40.876351900378104 ], [ 23.8039183, 40.876216600378065 ], [ 23.8038959, 40.876131100378082 ], [ 23.8040078, 40.875901000378036 ], [ 23.804082, 40.875689900378013 ], [ 23.8036725, 40.875534400378015 ], [ 23.8035822, 40.87569840037802 ], [ 23.8032679, 40.876272400378078 ], [ 23.8032827, 40.876278200378081 ] ] ] } },
{ "type": "Feature", "properties": { "osm_id": 319482205, "name": null, "label": "landuse:farmland", "landuse": "farmland", "natural": null, "building": null, "water": null }, "geometry": { "type": "Polygon", "coordinates": [ [ [ 23.8031044, 40.878830400378376 ], [ 23.8033255, 40.878912000378392 ], [ 23.803836, 40.878084300378305 ], [ 23.8037742, 40.878048800378295 ], [ 23.803473, 40.877977700378288 ], [ 23.8030081, 40.878795900378371 ], [ 23.8031044, 40.878830400378376 ] ] ] } },
{ "type": "Feature", "properties": { "osm_id": 319482225, "name": null, "label": "landuse:meadow", "landuse": "meadow", "natural": null, "building": null, "water": null }, "geometry": { "type": "Polygon", "coordinates": [ [ [ 23.8037386, 40.879064600378406 ], [ 23.8040927, 40.879195700378425 ], [ 23.8045183, 40.878507800378358 ], [ 23.8043637, 40.878438000378338 ], [ 23.8041452, 40.87826190037832 ], [ 23.803836, 40.878084300378305 ], [ 23.8033255, 40.878912000378392 ], [ 23.8037386, 40.879064600378406 ] ] ] } },
{ "type": "Feature", "properties": { "osm_id": 319482200, "name": null, "label": "landuse:farmland", "landuse": "farmland", "natural": null, "building": null, "water": null }, "geometry": { "type": "Polygon", "coordinates": [ [ [ 23.8032564, 40.879830300378487 ], [ 23.8037386, 40.879064600378406 ], [ 23.8033255, 40.878912000378392 ], [ 23.8031044, 40.878830400378376 ], [ 23.8026351, 40.879624300378474 ], [ 23.8032564, 40.879830300378487 ] ] ] } },
{ "type": "Feature", "properties": { "osm_id": 319482211, "name": null, "label": "landuse:meadow", "landuse": "meadow", "natural": null, "building": null, "water": null }, "geometry": { "type": "Polygon", "coordinates": [ [ [ 23.8024735, 40.879570700378473 ], [ 23.8026351, 40.879624300378474 ], [ 23.8031044, 40.878830400378376 ], [ 23.8030081, 40.878795900378371 ], [ 23.8025203, 40.878621200378348 ], [ 23.8020476, 40.879423600378452 ], [ 23.8024735, 40.879570700378473 ] ] ] } },
{ "type": "Feature", "properties": { "osm_id": 319482201, "name": null, "label": "landuse:meadow", "landuse": "meadow", "natural": null, "building": null, "water": null }, "geometry": { "type": "Polygon", "coordinates": [ [ [ 23.8025203, 40.878621200378348 ], [ 23.8030081, 40.878795900378371 ], [ 23.803473, 40.877977700378288 ], [ 23.8026706, 40.87767440037824 ], [ 23.8022033, 40.878518800378352 ], [ 23.8025203, 40.878621200378348 ] ] ] } },
{ "type": "Feature", "properties": { "osm_id": 319482193, "name": null, "label": "landuse:farmland", "landuse": "farmland", "natural": null, "building": null, "water": null }, "geometry": { "type": "Polygon", "coordinates": [ [ [ 23.8018645, 40.878409300378337 ], [ 23.8022033, 40.878518800378352 ], [ 23.8026706, 40.87767440037824 ], [ 23.803473, 40.877977700378288 ], [ 23.803351, 40.877799000378268 ], [ 23.8032086, 40.877676000378258 ], [ 23.8023972, 40.87743920037822 ], [ 23.802121, 40.877314200378216 ], [ 23.8019163, 40.877247100378213 ], [ 23.8017251, 40.878285700378321 ], [ 23.8016971, 40.87845090037834 ], [ 23.8018645, 40.878409300378337 ] ] ] } },
{ "type": "Feature", "properties": { "osm_id": 319482090, "name": null, "label": "natural:scrub", "landuse": null, "natural": "scrub", "building": null, "water": null }, "geometry": { "type": "Polygon", "coordinates": [ [ [ 23.8016971, 40.87845090037834 ], [ 23.8017251, 40.878285700378321 ], [ 23.8019163, 40.877247100378213 ], [ 23.801833, 40.877219800378199 ], [ 23.801624, 40.878437100378335 ], [ 23.8016971, 40.87845090037834 ] ] ] } },
{ "type": "Feature", "properties": { "osm_id": 319482217, "name": null, "label": "landuse:farmland", "landuse": "farmland", "natural": null, "building": null, "water": null }, "geometry": { "type": "Polygon", "coordinates": [ [ [ 23.8018518, 40.879355900378435 ], [ 23.8020476, 40.879423600378452 ], [ 23.8025203, 40.878621200378348 ], [ 23.8022033, 40.878518800378352 ], [ 23.8018645, 40.878409300378337 ], [ 23.8016971, 40.87845090037834 ], [ 23.8015761, 40.879260200378425 ], [ 23.8018518, 40.879355900378435 ] ] ] } },
{ "type": "Feature", "properties": { "osm_id": 319482085, "name": null, "label": "natural:scrub", "landuse": null, "natural": "scrub", "building": null, "water": null }, "geometry": { "type": "Polygon", "coordinates": [ [ [ 23.7998149, 40.88009970037853 ], [ 23.8004335, 40.880313200378545 ], [ 23.8011673, 40.880553400378581 ], [ 23.8013187, 40.880639100378602 ], [ 23.8013989, 40.880317500378553 ], [ 23.8015142, 40.879796400378503 ], [ 23.8016028, 40.87934230037844 ], [ 23.8019723, 40.879461900378452 ], [ 23.8028105, 40.879727700378488 ], [ 23.8035814, 40.879997500378515 ], [ 23.8042429, 40.880219800378548 ], [ 23.8042565, 40.880180200378526 ], [ 23.8033778, 40.87987060037851 ], [ 23.8032564, 40.879830300378487 ], [ 23.8026351, 40.879624300378474 ], [ 23.8024735, 40.879570700378473 ], [ 23.8020476, 40.879423600378452 ], [ 23.8018518, 40.879355900378435 ], [ 23.8015761, 40.879260200378425 ], [ 23.8016971, 40.87845090037834 ], [ 23.801624, 40.878437100378335 ], [ 23.8014974, 40.879122000378416 ], [ 23.8014003, 40.87958990037847 ], [ 23.8012848, 40.880149300378534 ], [ 23.8011794, 40.880474100378571 ], [ 23.801078, 40.880502700378585 ], [ 23.8007756, 40.880398900378573 ], [ 23.80059, 40.880326500378558 ], [ 23.8003321, 40.880226000378542 ], [ 23.7997712, 40.880024500378525 ], [ 23.7995305, 40.879950800378523 ], [ 23.7994947, 40.879995900378518 ], [ 23.7998149, 40.88009970037853 ] ] ] } },
{ "type": "Feature", "properties": { "osm_id": 319482233, "name": null, "label": "landuse:farmland", "landuse": "farmland", "natural": null, "building": null, "water": null }, "geometry": { "type": "Polygon", "coordinates": [ [ [ 23.8013662, 40.880633700378581 ], [ 23.8017839, 40.880790000378603 ], [ 23.8021004, 40.880865500378611 ], [ 23.8021331, 40.880872400378614 ], [ 23.8023919, 40.880450200378561 ], [ 23.8028105, 40.879727700378488 ], [ 23.8019723, 40.879461900378452 ], [ 23.8015149, 40.880285800378552 ], [ 23.8013187, 40.880639100378602 ], [ 23.8013662, 40.880633700378581 ] ] ] } },
{ "type": "Feature", "properties": { "osm_id": 319482231, "name": null, "label": "landuse:farmland", "landuse": "farmland", "natural": null, "building": null, "water": null }, "geometry": { "type": "Polygon", "coordinates": [ [ [ 23.8015918, 40.881131900378662 ], [ 23.8023702, 40.882256100378775 ], [ 23.8026885, 40.882704500378829 ], [ 23.8032083, 40.881897300378739 ], [ 23.802045, 40.881473400378688 ], [ 23.8018998, 40.881372600378661 ], [ 23.8014145, 40.880698900378597 ], [ 23.8012252, 40.880697600378603 ], [ 23.8015918, 40.881131900378662 ] ] ] } },
{ "type": "Feature", "properties": { "osm_id": 319482195, "name": null, "label": "landuse:farmland", "landuse": "farmland", "natural": null, "building": null, "water": null }, "geometry": { "type": "Polygon", "coordinates": [ [ [ 23.8012252, 40.880697600378603 ], [ 23.8014145, 40.880698900378597 ], [ 23.8018998, 40.881372600378661 ], [ 23.802045, 40.881473400378688 ], [ 23.8032083, 40.881897300378739 ], [ 23.803459, 40.881983000378739 ], [ 23.8037141, 40.88203500037875 ], [ 23.8037974, 40.882014000378739 ], [ 23.8039086, 40.882002100378742 ], [ 23.8043584, 40.881292900378668 ], [ 23.8042399, 40.88125700037866 ], [ 23.8039893, 40.881592300378699 ], [ 23.8037585, 40.881449500378686 ], [ 23.8039355, 40.881220900378665 ], [ 23.8039057, 40.881141200378643 ], [ 23.8036208, 40.881056900378645 ], [ 23.8032255, 40.880986700378628 ], [ 23.802985, 40.880949500378627 ], [ 23.8026629, 40.88094100037862 ], [ 23.8023521, 40.880918700378615 ], [ 23.8021331, 40.880872400378614 ], [ 23.8021004, 40.880865500378611 ], [ 23.8017839, 40.880790000378603 ], [ 23.8013662, 40.880633700378581 ], [ 23.8013187, 40.880639100378602 ], [ 23.8011883, 40.88065390037859 ], [ 23.8012252, 40.880697600378603 ] ] ] } },
{ "type": "Feature", "properties": { "osm_id": 319482093, "name": null, "label": "natural:wood", "landuse": null, "natural": "wood", "building": null, "water": null }, "geometry": { "type": "Polygon", "coordinates": [ [ [ 23.8033128, 40.881442500378668 ], [ 23.8033616, 40.881427100378673 ], [ 23.8033942, 40.881390200378682 ], [ 23.8034308, 40.881311000378666 ], [ 23.8033535, 40.881281000378671 ], [ 23.8032945, 40.881317200378668 ], [ 23.8032833, 40.881422500378683 ], [ 23.8033128, 40.881442500378668 ] ] ] } },
{ "type": "Feature", "properties": { "osm_id": 319482199, "name": null, "label": "landuse:farmland", "landuse": "farmland", "natural": null, "building": null, "water": null }, "geometry": { "type": "Polygon", "coordinates": [ [ [ 23.8027136, 40.882739800378836 ], [ 23.8029322, 40.882827500378852 ], [ 23.803459, 40.881983000378739 ], [ 23.8032083, 40.881897300378739 ], [ 23.8026885, 40.882704500378829 ], [ 23.8027136, 40.882739800378836 ] ] ] } },
{ "type": "Feature", "properties": { "osm_id": 319482215, "name": null, "label": "landuse:farmland", "landuse": "farmland", "natural": null, "building": null, "water": null }, "geometry": { "type": "Polygon", "coordinates": [ [ [ 23.8032932, 40.882972200378859 ], [ 23.8038129, 40.882153000378771 ], [ 23.8037167, 40.882122700378766 ], [ 23.8037141, 40.88203500037875 ], [ 23.803459, 40.881983000378739 ], [ 23.8029322, 40.882827500378852 ], [ 23.8032932, 40.882972200378859 ] ] ] } },
{ "type": "Feature", "properties": { "osm_id": 319482091, "name": null, "label": "natural:wood", "landuse": null, "natural": "wood", "building": null, "water": null }, "geometry": { "type": "Polygon", "coordinates": [ [ [ 23.8039893, 40.881592300378699 ], [ 23.8042399, 40.88125700037866 ], [ 23.8040708, 40.881190800378661 ], [ 23.8039057, 40.881141200378643 ], [ 23.8039355, 40.881220900378665 ], [ 23.8037585, 40.881449500378686 ], [ 23.8039893, 40.881592300378699 ] ] ] } },
{ "type": "Feature", "properties": { "osm_id": 319482192, "name": null, "label": "landuse:farmland", "landuse": "farmland", "natural": null, "building": null, "water": null }, "geometry": { "type": "Polygon", "coordinates": [ [ [ 23.8023521, 40.880918700378615 ], [ 23.8026629, 40.88094100037862 ], [ 23.802985, 40.880949500378627 ], [ 23.8032255, 40.880986700378628 ], [ 23.8036208, 40.881056900378645 ], [ 23.8039346, 40.880699500378597 ], [ 23.8042429, 40.880219800378548 ], [ 23.8035814, 40.879997500378515 ], [ 23.8031756, 40.880684800378596 ], [ 23.8023919, 40.880450200378561 ], [ 23.8021331, 40.880872400378614 ], [ 23.8023521, 40.880918700378615 ] ] ] } },
{ "type": "Feature", "properties": { "osm_id": 319482198, "name": null, "label": "landuse:farmland", "landuse": "farmland", "natural": null, "building": null, "water": null }, "geometry": { "type": "Polygon", "coordinates": [ [ [ 23.8031756, 40.880684800378596 ], [ 23.8035814, 40.879997500378515 ], [ 23.8028105, 40.879727700378488 ], [ 23.8023919, 40.880450200378561 ], [ 23.8031756, 40.880684800378596 ] ] ] } },
{ "type": "Feature", "properties": { "osm_id": 319482203, "name": null, "label": "landuse:farmland", "landuse": "farmland", "natural": null, "building": null, "water": null }, "geometry": { "type": "Polygon", "coordinates": [ [ [ 23.8033778, 40.87987060037851 ], [ 23.8042565, 40.880180200378526 ], [ 23.8047122, 40.879425200378456 ], [ 23.8040927, 40.879195700378425 ], [ 23.8037386, 40.879064600378406 ], [ 23.8032564, 40.879830300378487 ], [ 23.8033778, 40.87987060037851 ] ] ] } },
{ "type": "Feature", "properties": { "osm_id": 319482206, "name": null, "label": "landuse:farmland", "landuse": "farmland", "natural": null, "building": null, "water": null }, "geometry": { "type": "Polygon", "coordinates": [ [ [ 23.8048814, 40.880468500378569 ], [ 23.8053868, 40.879671800378475 ], [ 23.8049261, 40.879503400378454 ], [ 23.8047122, 40.879425200378456 ], [ 23.8042565, 40.880180200378526 ], [ 23.8042429, 40.880219800378548 ], [ 23.8048814, 40.880468500378569 ] ] ] } },
{ "type": "Feature", "properties": { "osm_id": 319482197, "name": null, "label": "landuse:farmland", "landuse": "farmland", "natural": null, "building": null, "water": null }, "geometry": { "type": "Polygon", "coordinates": [ [ [ 23.8045855, 40.880934900378634 ], [ 23.8048814, 40.880468500378569 ], [ 23.8042429, 40.880219800378548 ], [ 23.8039346, 40.880699500378597 ], [ 23.8045855, 40.880934900378634 ] ] ] } },
{ "type": "Feature", "properties": { "osm_id": 319482223, "name": null, "label": "landuse:farmland", "landuse": "farmland", "natural": null, "building": null, "water": null }, "geometry": { "type": "Polygon", "coordinates": [ [ [ 23.8039057, 40.881141200378643 ], [ 23.8040708, 40.881190800378661 ], [ 23.8042399, 40.88125700037866 ], [ 23.8043584, 40.881292900378668 ], [ 23.8045855, 40.880934900378634 ], [ 23.8039346, 40.880699500378597 ], [ 23.8036208, 40.881056900378645 ], [ 23.8039057, 40.881141200378643 ] ] ] } },
{ "type": "Feature", "properties": { "osm_id": 319482088, "name": null, "label": "natural:scrub", "landuse": null, "natural": "scrub", "building": null, "water": null }, "geometry": { "type": "Polygon", "coordinates": [ [ [ 23.8032406, 40.880935500378619 ], [ 23.8034419, 40.880971900378611 ], [ 23.8036886, 40.881031200378636 ], [ 23.8039294, 40.881094800378648 ], [ 23.8043141, 40.881238300378655 ], [ 23.8047218, 40.881393800378675 ], [ 23.805105, 40.881541100378698 ], [ 23.8056719, 40.881753900378726 ], [ 23.8064298, 40.88203110037874 ], [ 23.8069518, 40.882230100378777 ], [ 23.8073587, 40.882383400378799 ], [ 23.8075788, 40.88245620037879 ], [ 23.8076751, 40.88245620037879 ], [ 23.8076679, 40.882400800378797 ], [ 23.8074148, 40.882333400378783 ], [ 23.8073343, 40.882286600378777 ], [ 23.8073746, 40.882204000378778 ], [ 23.8075198, 40.881950700378731 ], [ 23.8076579, 40.881686500378727 ], [ 23.8076665, 40.881609300378706 ], [ 23.8075816, 40.881608200378722 ], [ 23.8074896, 40.881728900378704 ], [ 23.8072998, 40.882055000378749 ], [ 23.8071617, 40.88223230037876 ], [ 23.8070625, 40.882198600378779 ], [ 23.8068396, 40.882110500378751 ], [ 23.8062946, 40.881919100378738 ], [ 23.8058963, 40.881787600378722 ], [ 23.8056302, 40.881701700378713 ], [ 23.8054188, 40.8816234003787 ], [ 23.8051125, 40.881495100378686 ], [ 23.8046322, 40.881324400378666 ], [ 23.8043101, 40.881201600378645 ], [ 23.8040196, 40.881099300378651 ], [ 23.8037751, 40.881025400378633 ], [ 23.8035407, 40.880951500378629 ], [ 23.8032833, 40.880891700378626 ], [ 23.8031712, 40.880917800378626 ], [ 23.8031651, 40.880932200378631 ], [ 23.8032406, 40.880935500378619 ] ] ] } },
{ "type": "Feature", "properties": { "osm_id": 319482212, "name": null, "label": "landuse:meadow", "landuse": "meadow", "natural": null, "building": null, "water": null }, "geometry": { "type": "Polygon", "coordinates": [ [ [ 23.8053868, 40.879671800378475 ], [ 23.8055057, 40.87963880037848 ], [ 23.806006, 40.878925100378389 ], [ 23.8058953, 40.878870100378386 ], [ 23.8054079, 40.878639100378358 ], [ 23.8049261, 40.879503400378454 ], [ 23.8053868, 40.879671800378475 ] ] ] } },
{ "type": "Feature", "properties": { "osm_id": 319482235, "name": null, "label": "landuse:farmland", "landuse": "farmland", "natural": null, "building": null, "water": null }, "geometry": { "type": "Polygon", "coordinates": [ [ [ 23.8047122, 40.879425200378456 ], [ 23.8049261, 40.879503400378454 ], [ 23.8054079, 40.878639100378358 ], [ 23.8054279, 40.878603300378359 ], [ 23.8054078, 40.878544600378348 ], [ 23.8049792, 40.878559800378348 ], [ 23.8045852, 40.878538000378342 ], [ 23.8045183, 40.878507800378358 ], [ 23.8040927, 40.879195700378425 ], [ 23.8047122, 40.879425200378456 ] ] ] } },
{ "type": "Feature", "properties": { "osm_id": 319482087, "name": null, "label": "natural:wood", "landuse": null, "natural": "wood", "building": null, "water": null }, "geometry": { "type": "Polygon", "coordinates": [ [ [ 23.803351, 40.877799000378268 ], [ 23.803473, 40.877977700378288 ], [ 23.8037742, 40.878048800378295 ], [ 23.803836, 40.878084300378305 ], [ 23.8041452, 40.87826190037832 ], [ 23.8043637, 40.878438000378338 ], [ 23.8045183, 40.878507800378358 ], [ 23.8045852, 40.878538000378342 ], [ 23.8049792, 40.878559800378348 ], [ 23.8054078, 40.878544600378348 ], [ 23.8054279, 40.878603300378359 ], [ 23.8055775, 40.878494500378352 ], [ 23.8057586, 40.878451100378342 ], [ 23.8059887, 40.878464100378345 ], [ 23.8061367, 40.878489500378343 ], [ 23.8062042, 40.878442300378325 ], [ 23.8059168, 40.878192300378323 ], [ 23.8055142, 40.878114000378297 ], [ 23.8052496, 40.878024800378277 ], [ 23.804985, 40.877953100378278 ], [ 23.804729, 40.877907400378277 ], [ 23.8048469, 40.878177100378309 ], [ 23.804962, 40.878290100378329 ], [ 23.8048095, 40.87833150037833 ], [ 23.8045018, 40.878314100378319 ], [ 23.8042401, 40.878227100378304 ], [ 23.8040215, 40.878059600378315 ], [ 23.8043033, 40.8780401003783 ], [ 23.8045306, 40.878122700378292 ], [ 23.8046974, 40.878224900378306 ], [ 23.8047002, 40.878103100378297 ], [ 23.8045334, 40.877816100378269 ], [ 23.8042199, 40.877726900378264 ], [ 23.803964, 40.87765950037825 ], [ 23.8032133, 40.877587700378236 ], [ 23.8032086, 40.877676000378258 ], [ 23.803351, 40.877799000378268 ] ] ] } },
{ "type": "Feature", "properties": { "osm_id": 329495653, "name": null, "label": "natural:scrub", "landuse": null, "natural": "scrub", "building": null, "water": null }, "geometry": { "type": "Polygon", "coordinates": [ [ [ 23.8041033, 40.87656410037814 ], [ 23.8044104, 40.876776300378154 ], [ 23.8051081, 40.877032600378179 ], [ 23.8052686, 40.876675600378135 ], [ 23.8045034, 40.876384900378092 ], [ 23.8044369, 40.876376500378093 ], [ 23.8044653, 40.876451900378107 ], [ 23.8042904, 40.876430400378105 ], [ 23.8041054, 40.876373500378101 ], [ 23.8039773, 40.876379600378094 ], [ 23.8041033, 40.87656410037814 ] ] ] } },
{ "type": "Feature", "properties": { "osm_id": 329495667, "name": null, "label": "landuse:farmland", "landuse": "farmland", "natural": null, "building": null, "water": null }, "geometry": { "type": "Polygon", "coordinates": [ [ [ 23.8039183, 40.876216600378065 ], [ 23.8040301, 40.876208900378082 ], [ 23.8044369, 40.876376500378093 ], [ 23.8045034, 40.876384900378092 ], [ 23.8052686, 40.876675600378135 ], [ 23.8055226, 40.87618290037809 ], [ 23.8053473, 40.876129100378066 ], [ 23.8047144, 40.875913800378036 ], [ 23.804214, 40.875740000378023 ], [ 23.804082, 40.875689900378013 ], [ 23.8040078, 40.875901000378036 ], [ 23.8038959, 40.876131100378082 ], [ 23.8039183, 40.876216600378065 ] ] ] } },
{ "type": "Feature", "properties": { "osm_id": 329495664, "name": null, "label": "landuse:farmland", "landuse": "farmland", "natural": null, "building": null, "water": null }, "geometry": { "type": "Polygon", "coordinates": [ [ [ 23.8046313, 40.875825600378029 ], [ 23.8052165, 40.876038100378068 ], [ 23.8056833, 40.876187900378063 ], [ 23.8057071, 40.876199200378082 ], [ 23.8062087, 40.875430000377996 ], [ 23.8070566, 40.875762900378028 ], [ 23.8075398, 40.874889100377921 ], [ 23.8054177, 40.874113600377846 ], [ 23.8048926, 40.874913400377928 ], [ 23.8047142, 40.874914300377938 ], [ 23.8042144, 40.875674000378019 ], [ 23.8046313, 40.875825600378029 ] ] ] } },
{ "type": "Feature", "properties": { "osm_id": 329495658, "name": null, "label": "natural:scrub", "landuse": null, "natural": "scrub", "building": null, "water": null }, "geometry": { "type": "Polygon", "coordinates": [ [ [ 23.8024357, 40.87511260037796 ], [ 23.8025308, 40.875143800377963 ], [ 23.8027589, 40.875185200377963 ], [ 23.8033901, 40.875427200377999 ], [ 23.8036725, 40.875534400378015 ], [ 23.804082, 40.875689900378013 ], [ 23.804214, 40.875740000378023 ], [ 23.8047144, 40.875913800378036 ], [ 23.8053473, 40.876129100378066 ], [ 23.8055226, 40.87618290037809 ], [ 23.805678, 40.87623070037808 ], [ 23.805807, 40.87624670037809 ], [ 23.8057071, 40.876199200378082 ], [ 23.8056833, 40.876187900378063 ], [ 23.8052165, 40.876038100378068 ], [ 23.8046313, 40.875825600378029 ], [ 23.8042144, 40.875674000378019 ], [ 23.8041716, 40.875658500378016 ], [ 23.8036641, 40.875482000377993 ], [ 23.8034184, 40.875365700377991 ], [ 23.8027182, 40.875122400377961 ], [ 23.8024159, 40.875014100377946 ], [ 23.8023716, 40.875091600377935 ], [ 23.8024357, 40.87511260037796 ] ] ] } },
{ "type": "Feature", "properties": { "osm_id": 329495665, "name": null, "label": "landuse:farmland", "landuse": "farmland", "natural": null, "building": null, "water": null }, "geometry": { "type": "Polygon", "coordinates": [ [ [ 23.8024159, 40.875014100377946 ], [ 23.8027182, 40.875122400377961 ], [ 23.8034184, 40.875365700377991 ], [ 23.8036641, 40.875482000377993 ], [ 23.8041716, 40.875658500378016 ], [ 23.8042144, 40.875674000378019 ], [ 23.8047142, 40.874914300377938 ], [ 23.8026274, 40.87414990037783 ], [ 23.8025461, 40.874322900377862 ], [ 23.8024686, 40.874391900377866 ], [ 23.8022898, 40.874509200377886 ], [ 23.8019567, 40.874711000377907 ], [ 23.8024159, 40.875014100377946 ] ] ] } },
{ "type": "Feature", "properties": { "osm_id": 329495668, "name": null, "label": "landuse:farmland", "landuse": "farmland", "natural": null, "building": null, "water": null }, "geometry": { "type": "Polygon", "coordinates": [ [ [ 23.8024026, 40.876097700378075 ], [ 23.8026384, 40.876145500378065 ], [ 23.8028484, 40.876108500378059 ], [ 23.8032679, 40.876272400378078 ], [ 23.8035822, 40.87569840037802 ], [ 23.8036725, 40.875534400378015 ], [ 23.8033901, 40.875427200377999 ], [ 23.8027589, 40.875185200377963 ], [ 23.8025308, 40.875143800377963 ], [ 23.8024357, 40.87511260037796 ], [ 23.802385, 40.875343600377981 ], [ 23.8023216, 40.875632600378012 ], [ 23.802236, 40.876022100378052 ], [ 23.8024026, 40.876097700378075 ] ] ] } },
{ "type": "Feature", "properties": { "osm_id": 329495670, "name": null, "label": "landuse:farmland", "landuse": "farmland", "natural": null, "building": null, "water": null }, "geometry": { "type": "Polygon", "coordinates": [ [ [ 23.8023216, 40.875632600378012 ], [ 23.802385, 40.875343600377981 ], [ 23.8017326, 40.874849000377907 ], [ 23.8014678, 40.87499410037794 ], [ 23.8023216, 40.875632600378012 ] ] ] } },
{ "type": "Feature", "properties": { "osm_id": 329495674, "name": null, "label": "landuse:farmland", "landuse": "farmland", "natural": null, "building": null, "water": null }, "geometry": { "type": "Polygon", "coordinates": [ [ [ 23.802385, 40.875343600377981 ], [ 23.8024357, 40.87511260037796 ], [ 23.8023716, 40.875091600377935 ], [ 23.8024159, 40.875014100377946 ], [ 23.8019567, 40.874711000377907 ], [ 23.8017326, 40.874849000377907 ], [ 23.802385, 40.875343600377981 ] ] ] } },
{ "type": "Feature", "properties": { "osm_id": 798444037, "name": null, "label": "natural:wood", "landuse": null, "natural": "wood", "building": null, "water": null }, "geometry": { "type": "Polygon", "coordinates": [ [ [ 23.7874754, 40.878035500378296 ], [ 23.7878891, 40.878142800378299 ], [ 23.7883293, 40.87823190037831 ], [ 23.7886348, 40.878293800378316 ], [ 23.7888128, 40.878362900378328 ], [ 23.7890004, 40.878582900378333 ], [ 23.7892746, 40.878672100378367 ], [ 23.7896931, 40.878681200378367 ], [ 23.7901116, 40.878557500378349 ], [ 23.790523, 40.878546600378357 ], [ 23.7908549, 40.87869390037838 ], [ 23.7914274, 40.878748400378377 ], [ 23.7921466, 40.87878300037837 ], [ 23.7926084, 40.878683000378359 ], [ 23.7930823, 40.878533800378342 ], [ 23.7937485, 40.878486600378345 ], [ 23.7941887, 40.878453800378345 ], [ 23.7945519, 40.878350200378321 ], [ 23.7945832, 40.87830290037833 ], [ 23.7945038, 40.877993700378283 ], [ 23.7938472, 40.8781119003783 ], [ 23.7932843, 40.878228300378318 ], [ 23.7927768, 40.878181000378298 ], [ 23.7923703, 40.8781137003783 ], [ 23.7920047, 40.877999100378283 ], [ 23.7917449, 40.877910000378279 ], [ 23.7918358, 40.878229400378316 ], [ 23.7923121, 40.878376000378331 ], [ 23.7920978, 40.878432500378359 ], [ 23.7916181, 40.878406800378336 ], [ 23.7909854, 40.878329700378323 ], [ 23.7902336, 40.878260200378321 ], [ 23.7898484, 40.87837950037833 ], [ 23.7893937, 40.878388600378322 ], [ 23.7891316, 40.87824490037832 ], [ 23.7889079, 40.878110300378303 ], [ 23.7885759, 40.878019400378292 ], [ 23.7883354, 40.877995700378293 ], [ 23.7879481, 40.877866600378262 ], [ 23.7875969, 40.877708400378253 ], [ 23.787306243443453, 40.877656471344181 ], [ 23.787306243443453, 40.878079111490912 ], [ 23.7874754, 40.878035500378296 ] ] ] } },
{ "type": "Feature", "properties": { "osm_id": 318382032, "name": null, "label": "landuse:farmland", "landuse": "farmland", "natural": null, "building": null, "water": null }, "geometry": { "type": "Polygon", "coordinates": [ [ [ 23.7896351, 40.889234900379584 ], [ 23.7921679, 40.890134200379677 ], [ 23.7923499, 40.890123300379678 ], [ 23.7928699, 40.889647200379628 ], [ 23.7930982, 40.889461600379612 ], [ 23.7934535, 40.889162400379568 ], [ 23.7939215, 40.888830400379547 ], [ 23.7940919, 40.888712500379519 ], [ 23.7947824, 40.888253900379461 ], [ 23.7946408, 40.88810100037945 ], [ 23.7941064, 40.887648900379403 ], [ 23.7941988, 40.887581200379387 ], [ 23.7943779, 40.887740600379395 ], [ 23.7948431, 40.888175200379465 ], [ 23.7950193, 40.88804200037945 ], [ 23.7954093, 40.887753700379413 ], [ 23.7957791, 40.887515700379375 ], [ 23.7960535, 40.887306000379361 ], [ 23.7963164, 40.887120400379345 ], [ 23.7965966, 40.886919400379313 ], [ 23.7969462, 40.886659500379295 ], [ 23.79716, 40.886550300379277 ], [ 23.7976308, 40.886323200379245 ], [ 23.7980382, 40.886111400379221 ], [ 23.7982028, 40.885995600379225 ], [ 23.7985235, 40.885858000379187 ], [ 23.798876, 40.885698600379172 ], [ 23.7992226, 40.885547900379152 ], [ 23.7993411, 40.88549550037915 ], [ 23.7993353, 40.885460500379153 ], [ 23.7991562, 40.88548450037915 ], [ 23.7989222, 40.885519500379154 ], [ 23.7987142, 40.885508600379147 ], [ 23.7985697, 40.885397200379138 ], [ 23.7986593, 40.885220300379125 ], [ 23.7985408, 40.885095800379098 ], [ 23.7980988, 40.884980000379088 ], [ 23.7977695, 40.88482710037907 ], [ 23.7975153, 40.884750700379058 ], [ 23.7973506, 40.884790000379077 ], [ 23.7972813, 40.884713600379065 ], [ 23.7970733, 40.88459560037905 ], [ 23.7965562, 40.884407800379023 ], [ 23.7959928, 40.884224300379003 ], [ 23.7960275, 40.884158800379005 ], [ 23.7969577, 40.884471100379038 ], [ 23.7974546, 40.88467640037905 ], [ 23.7977753, 40.88475510037906 ], [ 23.7983531, 40.884940700379097 ], [ 23.799006, 40.885170000379134 ], [ 23.7993526, 40.885261800379126 ], [ 23.7995837, 40.885349100379131 ], [ 23.799604, 40.885224600379125 ], [ 23.7996935, 40.885004000379084 ], [ 23.7998235, 40.884805300379071 ], [ 23.7999911, 40.884739800379059 ], [ 23.8002309, 40.884776900379073 ], [ 23.8005343, 40.88490910037909 ], [ 23.8009662, 40.884756300379074 ], [ 23.8012248, 40.884652500379055 ], [ 23.8016908, 40.884480700379029 ], [ 23.8017462, 40.88446030037904 ], [ 23.8018042, 40.884439500379024 ], [ 23.8020871, 40.884338000379017 ], [ 23.802532, 40.884169800378999 ], [ 23.8028325, 40.884054100378997 ], [ 23.8029769, 40.883992900378978 ], [ 23.8029885, 40.883925200378968 ], [ 23.8026996, 40.883814900378951 ], [ 23.8022373, 40.883659800378936 ], [ 23.8021868, 40.883569200378922 ], [ 23.8027136, 40.882739800378836 ], [ 23.8026885, 40.882704500378829 ], [ 23.8023702, 40.882256100378775 ], [ 23.8015918, 40.881131900378662 ], [ 23.8012252, 40.880697600378603 ], [ 23.8011883, 40.88065390037859 ], [ 23.799749, 40.88016140037854 ], [ 23.7997009, 40.880144900378532 ], [ 23.7996516, 40.880128000378527 ], [ 23.7994366, 40.88005420037851 ], [ 23.7983611, 40.879684900378486 ], [ 23.797811, 40.87949600037846 ], [ 23.796663, 40.879125200378411 ], [ 23.795587, 40.878777700378379 ], [ 23.7945519, 40.878350200378321 ], [ 23.7941887, 40.878453800378345 ], [ 23.7937485, 40.878486600378345 ], [ 23.7930823, 40.878533800378342 ], [ 23.7926084, 40.878683000378359 ], [ 23.7921466, 40.87878300037837 ], [ 23.7914274, 40.878748400378377 ], [ 23.7908549, 40.87869390037838 ], [ 23.790523, 40.878546600378357 ], [ 23.7901116, 40.878557500378349 ], [ 23.7896931, 40.878681200378367 ], [ 23.7892746, 40.878672100378367 ], [ 23.7890004, 40.878582900378333 ], [ 23.7888128, 40.878362900378328 ], [ 23.7886348, 40.878293800378316 ], [ 23.7883293, 40.87823190037831 ], [ 23.7878891, 40.878142800378299 ], [ 23.7874754, 40.878035500378296 ], [ 23.787306243443453, 40.878079111490912 ], [ 23.787306243443453, 40.87963603663394 ], [ 23.7931172, 40.880070400378521 ], [ 23.793009, 40.880147500378527 ], [ 23.7928218, 40.88028080037855 ], [ 23.7925785, 40.880454100378572 ], [ 23.7923943, 40.880585300378584 ], [ 23.7920993, 40.880795400378616 ], [ 23.7912534, 40.8816246003787 ], [ 23.7900683, 40.882788300378841 ], [ 23.7887971, 40.883803300378958 ], [ 23.7878111, 40.884671400379041 ], [ 23.787306243443453, 40.885105851311572 ], [ 23.787306243443453, 40.888387224829408 ], [ 23.7896351, 40.889234900379584 ] ] ] } },
{ "type": "Feature", "properties": { "osm_id": 318355791, "name": null, "label": "landuse:farmland", "landuse": "farmland", "natural": null, "building": null, "water": null }, "geometry": { "type": "Polygon", "coordinates": [ [ [ 23.7878111, 40.884671400379041 ], [ 23.7887971, 40.883803300378958 ], [ 23.7900683, 40.882788300378841 ], [ 23.7912534, 40.8816246003787 ], [ 23.7920993, 40.880795400378616 ], [ 23.7923943, 40.880585300378584 ], [ 23.7925785, 40.880454100378572 ], [ 23.7928218, 40.88028080037855 ], [ 23.793009, 40.880147500378527 ], [ 23.7931172, 40.880070400378521 ], [ 23.787306243443453, 40.87963603663394 ], [ 23.787306243443453, 40.885105851311572 ], [ 23.7878111, 40.884671400379041 ] ] ] } },
{ "type": "Feature", "properties": { "osm_id": 318373086, "name": null, "label": "landuse:farmland", "landuse": "farmland", "natural": null, "building": null, "water": null }, "geometry": { "type": "Polygon", "coordinates": [ [ [ 23.791827, 40.89065180037975 ], [ 23.7920408, 40.890339500379717 ], [ 23.7921679, 40.890134200379677 ], [ 23.7896351, 40.889234900379584 ], [ 23.787306243443453, 40.888387224829408 ], [ 23.787306243443453, 40.890934204160615 ], [ 23.791653193216298, 40.890934204160615 ], [ 23.791827, 40.89065180037975 ] ] ] } },
{ "type": "Feature", "properties": { "osm_id": 318373101, "name": null, "label": "landuse:orchard", "landuse": "orchard", "natural": null, "building": null, "water": null }, "geometry": { "type": "Polygon", "coordinates": [ [ [ 23.7873902, 40.890410400379714 ], [ 23.787306243443453, 40.89038193765515 ], [ 23.787306243443453, 40.890570104097634 ], [ 23.7873902, 40.890410400379714 ] ] ] } },
{ "type": "Feature", "properties": { "osm_id": 318375106, "name": null, "label": "natural:wood", "landuse": null, "natural": "wood", "building": null, "water": null }, "geometry": { "type": "Polygon", "coordinates": [ [ [ 23.8185973, 40.886499800379269 ], [ 23.8183954, 40.886742300379304 ], [ 23.81818, 40.886910300379313 ], [ 23.8181105, 40.887079900379334 ], [ 23.8180476, 40.88728850037937 ], [ 23.8177044, 40.887795700379414 ], [ 23.8175226, 40.887982300379434 ], [ 23.8175002, 40.888121400379461 ], [ 23.8173723, 40.888369000379477 ], [ 23.8171345, 40.888501300379509 ], [ 23.8170312, 40.888871100379546 ], [ 23.8168787, 40.889089900379567 ], [ 23.8167463, 40.889351100379592 ], [ 23.8164075, 40.889556300379617 ], [ 23.8163065, 40.889617400379628 ], [ 23.8162617, 40.889846400379653 ], [ 23.8162056, 40.890095700379689 ], [ 23.8160889, 40.890329800379703 ], [ 23.8161024, 40.890462100379722 ], [ 23.8157927, 40.890811500379755 ], [ 23.81560841827195, 40.890934204160615 ], [ 23.816346110276925, 40.890934204160615 ], [ 23.8163853, 40.89071560037975 ], [ 23.816451, 40.890413500379722 ], [ 23.8165252, 40.89021250037969 ], [ 23.8166927, 40.88996250037966 ], [ 23.8168279, 40.889789400379648 ], [ 23.8169772, 40.889571000379604 ], [ 23.817106, 40.889375400379599 ], [ 23.817209, 40.889202000379584 ], [ 23.8172811, 40.889083400379576 ], [ 23.8174126, 40.888856300379544 ], [ 23.8175628, 40.888629200379505 ], [ 23.8177505, 40.888331100379489 ], [ 23.8179865, 40.887960100379445 ], [ 23.8181502, 40.887708600379405 ], [ 23.8183299, 40.88742070037938 ], [ 23.8184479, 40.887217900379355 ], [ 23.8185525, 40.887011100379333 ], [ 23.818626516278844, 40.886906803324507 ], [ 23.818626516278844, 40.886397243542746 ], [ 23.8185973, 40.886499800379269 ] ] ] } }
]
}
