{
"type": "FeatureCollection",
"name": "patch_71390_features",
"crs": { "type": "name", "properties": { "name": "urn:ogc:def:crs:OGC:1.3:CRS84" } },
"features": [
{ "type": "Feature", "properties": { "@type": "way", "@id": 57691386, "addr:city": null, "addr:postcode": null, "amenity": null, "barrier": null, "bicycle": null, "building": null, "cuisine": null, "denomination": null, "ele": null, "foot": null, "ford": null, "highway": null, "historic": null, "int_name": null, "int_ref": null, "intermittent": null, "landuse": null, "lanes": null, "layer": null, "leisure": null, "lit": null, "maxspeed": null, "maxspeed:type": null, "motor_vehicle": null, "name": null, "name:el": null, "name:en": null, "natural": "coastline", "old_ref": null, "parking": null, "phone": null, "place": null, "population": null, "ref": null, "religion": null, "shoulder": null, "smoothness": null, "source:old_ref": null, "source:ref": null, "surface": null, "tracktype": null, "trees": null, "tunnel": null, "waterway": null, "wikidata": null, "wikipedia": null, "label": "natural:coastline" }, "geometry": { "type": "LineString", "coordinates": [ [ 25.8476315, 35.1567821 ], [ 25.8476785, 35.1568019 ], [ 25.8476959, 35.1568457 ], [ 25.8476637, 35.1568753 ], [ 25.8476074, 35.1568863 ], [ 25.8475712, 35.1569104 ], [ 25.8475806, 35.1569532 ], [ 25.8475846, 35.1569883 ], [ 25.8475202, 35.1570409 ], [ 25.84737, 35.1571023 ], [ 25.8473003, 35.157122 ], [ 25.8472252, 35.1571615 ], [ 25.8472306, 35.1572229 ], [ 25.8472292, 35.1572744 ], [ 25.8471809, 35.1573227 ], [ 25.8471192, 35.1572985 ], [ 25.8470656, 35.1572437 ], [ 25.8470951, 35.1571999 ], [ 25.8471689, 35.157167 ], [ 25.8472265, 35.1571418 ], [ 25.847256, 35.1571045 ], [ 25.8472815, 35.1570497 ], [ 25.8472534, 35.1570266 ], [ 25.8472547, 35.1569608 ], [ 25.8472922, 35.1569301 ], [ 25.8472976, 35.1568972 ], [ 25.8473432, 35.1568819 ], [ 25.8473754, 35.1568654 ], [ 25.8473969, 35.1568271 ], [ 25.8474545, 35.156826 ], [ 25.8475739, 35.1567865 ], [ 25.8476315, 35.1567821 ] ] } },
{ "type": "Feature", "properties": { "@type": "way", "@id": 163974662, "addr:city": null, "addr:postcode": null, "amenity": null, "barrier": null, "bicycle": null, "building": null, "cuisine": null, "denomination": null, "ele": null, "foot": null, "ford": null, "highway": null, "historic": null, "int_name": null, "int_ref": null, "intermittent": null, "landuse": null, "lanes": null, "layer": null, "leisure": null, "lit": null, "maxspeed": null, "maxspeed:type": null, "motor_vehicle": null, "name": null, "name:el": null, "name:en": null, "natural": "coastline", "old_ref": null, "parking": null, "phone": null, "place": null, "population": null, "ref": null, "religion": null, "shoulder": null, "smoothness": null, "source:old_ref": null, "source:ref": null, "surface": null, "tracktype": null, "trees": null, "tunnel": null, "waterway": null, "wikidata": null, "wikipedia": null, "label": "natural:coastline" }, "geometry": { "type": "LineString", "coordinates": [ [ 25.8467411, 35.1544006 ], [ 25.8466204, 35.1544137 ], [ 25.8465667, 35.1544993 ], [ 25.8465345, 35.1545015 ], [ 25.8464863, 35.1544357 ], [ 25.846505, 35.1543633 ], [ 25.8464219, 35.1542822 ], [ 25.8463656, 35.1542624 ], [ 25.8462824, 35.1542668 ], [ 25.8462985, 35.154201 ], [ 25.8463602, 35.154155 ], [ 25.8463682, 35.1541111 ], [ 25.8462596, 35.154098 ], [ 25.8462542, 35.154042 ], [ 25.8462046, 35.154008 ], [ 25.8461242, 35.1539664 ], [ 25.8461832, 35.1538852 ], [ 25.846218, 35.1538151 ], [ 25.8461537, 35.1537865 ], [ 25.846151, 35.153701 ], [ 25.8459525, 35.1534335 ], [ 25.8458264, 35.1533085 ], [ 25.8457674, 35.1530892 ], [ 25.8458023, 35.1529247 ], [ 25.8457674, 35.1527997 ], [ 25.8457218, 35.1527756 ], [ 25.8457057, 35.1527098 ], [ 25.8457781, 35.1526637 ], [ 25.8458667, 35.1525497 ], [ 25.8458398, 35.1525102 ], [ 25.845872, 35.1524378 ], [ 25.8459605, 35.1523786 ], [ 25.8459391, 35.1522887 ], [ 25.845982, 35.1522405 ], [ 25.8459418, 35.1522229 ], [ 25.8458479, 35.1522668 ], [ 25.8457299, 35.1522207 ], [ 25.8456467, 35.1521637 ], [ 25.8455555, 35.1521703 ], [ 25.8455528, 35.1520957 ], [ 25.8455502, 35.1520541 ], [ 25.845408, 35.1520036 ], [ 25.8453302, 35.1520255 ], [ 25.8452256, 35.1519729 ], [ 25.8451505, 35.1519948 ], [ 25.845121, 35.1519269 ], [ 25.8452068, 35.1518479 ], [ 25.8451666, 35.1517799 ], [ 25.8450835, 35.1516966 ], [ 25.8449386, 35.1516637 ], [ 25.8448528, 35.1515979 ], [ 25.8448742, 35.1515409 ], [ 25.8448394, 35.1515102 ], [ 25.8447884, 35.15144 ], [ 25.8448286, 35.1513874 ], [ 25.844826, 35.1513172 ], [ 25.8447321, 35.1512777 ], [ 25.8446355, 35.1513282 ], [ 25.8445014, 35.1513084 ], [ 25.844499011194763, 35.151307025777093 ] ] } },
{ "type": "Feature", "properties": { "@type": "way", "@id": 435470014, "addr:city": null, "addr:postcode": null, "amenity": null, "barrier": null, "bicycle": null, "building": null, "cuisine": null, "denomination": null, "ele": null, "foot": null, "ford": null, "highway": null, "historic": null, "int_name": null, "int_ref": null, "intermittent": null, "landuse": null, "lanes": null, "layer": null, "leisure": null, "lit": null, "maxspeed": null, "maxspeed:type": null, "motor_vehicle": null, "name": null, "name:el": null, "name:en": null, "natural": "coastline", "old_ref": null, "parking": null, "phone": null, "place": null, "population": null, "ref": null, "religion": null, "shoulder": null, "smoothness": null, "source:old_ref": null, "source:ref": null, "surface": null, "tracktype": null, "trees": null, "tunnel": null, "waterway": null, "wikidata": null, "wikipedia": null, "label": "natural:coastline" }, "geometry": { "type": "LineString", "coordinates": [ [ 25.8514403, 35.1570376 ], [ 25.8513276, 35.1569871 ], [ 25.8513129, 35.1569049 ], [ 25.8512391, 35.156861 ], [ 25.851282, 35.1567996 ], [ 25.8512404, 35.15669 ], [ 25.851109, 35.1566352 ], [ 25.851046, 35.1565606 ], [ 25.8509655, 35.1565288 ], [ 25.8508797, 35.1564641 ], [ 25.8508059, 35.1564345 ], [ 25.8507013, 35.1564235 ], [ 25.8505323, 35.1564499 ], [ 25.8504425, 35.1564411 ], [ 25.8502655, 35.1563534 ], [ 25.8501059, 35.1563468 ], [ 25.8500536, 35.1563972 ], [ 25.8500187, 35.1564356 ], [ 25.8500388, 35.156531 ], [ 25.8500616, 35.1566023 ], [ 25.8500066, 35.156633 ], [ 25.849906, 35.1566012 ], [ 25.8498967, 35.156542 ], [ 25.8498363, 35.156542 ], [ 25.8497625, 35.1565617 ], [ 25.8496781, 35.156508 ], [ 25.8496714, 35.1564356 ], [ 25.8497237, 35.1563906 ], [ 25.8497733, 35.156326 ], [ 25.8497625, 35.1562667 ], [ 25.8497009, 35.15619 ], [ 25.8496611, 35.1561306 ], [ 25.8495346, 35.1560825 ], [ 25.8494085, 35.1560782 ], [ 25.8492409, 35.1560935 ], [ 25.8490974, 35.1561352 ], [ 25.8490169, 35.156179 ], [ 25.8489552, 35.1561977 ], [ 25.8489726, 35.15627 ], [ 25.8490075, 35.1562985 ], [ 25.8489874, 35.1563369 ], [ 25.8489123, 35.1563545 ], [ 25.8487581, 35.1563402 ], [ 25.8487004, 35.1563216 ], [ 25.848632, 35.1563347 ], [ 25.8485851, 35.1563764 ], [ 25.8485676, 35.1564477 ], [ 25.8484898, 35.156452 ], [ 25.8484791, 35.1565014 ], [ 25.8484402, 35.1565365 ], [ 25.8483155, 35.1565398 ], [ 25.8482471, 35.1565134 ], [ 25.8481505, 35.1565145 ], [ 25.8480982, 35.1565014 ], [ 25.8480647, 35.1564268 ], [ 25.847995, 35.1564071 ], [ 25.8480365, 35.1563534 ], [ 25.8480124, 35.1563117 ], [ 25.8480486, 35.1562415 ], [ 25.847999, 35.1561648 ], [ 25.8480634, 35.1561023 ], [ 25.8480379, 35.1560255 ], [ 25.8480151, 35.1559323 ], [ 25.8480218, 35.1558435 ], [ 25.8479641, 35.1557755 ], [ 25.8478622, 35.1557218 ], [ 25.8477911, 35.1557448 ], [ 25.8477589, 35.1557887 ], [ 25.8477053, 35.1557898 ], [ 25.8476892, 35.1557426 ], [ 25.847708, 35.1556944 ], [ 25.8477308, 35.1556319 ], [ 25.847767, 35.1556165 ], [ 25.8477925, 35.1555869 ], [ 25.8477817, 35.1555168 ], [ 25.8478112, 35.1554641 ], [ 25.8477884, 35.1554104 ], [ 25.8477777, 35.1553435 ], [ 25.8476758, 35.1552043 ], [ 25.847598, 35.1551187 ], [ 25.8475068, 35.1550661 ], [ 25.8475175, 35.1550211 ], [ 25.8474532, 35.1549926 ], [ 25.8473848, 35.1549948 ], [ 25.8472949, 35.1550277 ], [ 25.8472307, 35.1550129 ], [ 25.8471876, 35.1549894 ], [ 25.8470482, 35.1549622 ], [ 25.8470347, 35.1549323 ], [ 25.8470522, 35.1549093 ], [ 25.8471165, 35.1549137 ], [ 25.8471715, 35.1549345 ], [ 25.8472332, 35.1549126 ], [ 25.8471984, 35.1548644 ], [ 25.8470911, 35.1548315 ], [ 25.8470562, 35.1547701 ], [ 25.8470576, 35.1547142 ], [ 25.8468671, 35.1546528 ], [ 25.846843, 35.1544795 ], [ 25.8467411, 35.1544006 ] ] } },
{ "type": "Feature", "properties": { "@type": "way", "@id": 435470016, "addr:city": null, "addr:postcode": null, "amenity": null, "barrier": null, "bicycle": null, "building": null, "cuisine": null, "denomination": null, "ele": null, "foot": null, "ford": null, "highway": null, "historic": null, "int_name": null, "int_ref": null, "intermittent": null, "landuse": null, "lanes": null, "layer": null, "leisure": null, "lit": null, "maxspeed": null, "maxspeed:type": null, "motor_vehicle": null, "name": null, "name:el": null, "name:en": null, "natural": "coastline", "old_ref": null, "parking": null, "phone": null, "place": null, "population": null, "ref": null, "religion": null, "shoulder": null, "smoothness": null, "source:old_ref": null, "source:ref": null, "surface": null, "tracktype": null, "trees": null, "tunnel": null, "waterway": null, "wikidata": null, "wikipedia": null, "label": "natural:coastline" }, "geometry": { "type": "LineString", "coordinates": [ [ 25.872276976622715, 35.158420831808847 ], [ 25.8718944, 35.1581155 ], [ 25.8714178, 35.1580878 ], [ 25.8708471, 35.1581602 ], [ 25.8703599, 35.1582174 ], [ 25.87004, 35.1582775 ], [ 25.8698379, 35.1581085 ], [ 25.8697321, 35.1579272 ], [ 25.8696183, 35.1578632 ], [ 25.8694261, 35.1579295 ], [ 25.8689239, 35.1576238 ], [ 25.8688121, 35.1574797 ], [ 25.8687062, 35.1573114 ], [ 25.8685229, 35.1571909 ], [ 25.8684741, 35.1570693 ], [ 25.8684317, 35.1569473 ], [ 25.8683518, 35.1568467 ], [ 25.8683071, 35.1568352 ], [ 25.8680303, 35.1567638 ], [ 25.8675943, 35.1566178 ], [ 25.8670799, 35.1561568 ], [ 25.8667269, 35.1558007 ], [ 25.8662222, 35.1556143 ], [ 25.8658837, 35.1551393 ], [ 25.8655537, 35.1550934 ], [ 25.8653309, 35.1548833 ], [ 25.8652714, 35.1547548 ], [ 25.8651048, 35.1546919 ], [ 25.8650052, 35.1541199 ], [ 25.8648386, 35.1537231 ], [ 25.8645407, 35.153546 ], [ 25.8644036, 35.1534128 ], [ 25.8641268, 35.1527662 ], [ 25.8639327, 35.1522097 ], [ 25.8638723, 35.1520354 ], [ 25.863824, 35.1519553 ], [ 25.8637315, 35.1518862 ], [ 25.863593, 35.1518304 ], [ 25.8634043, 35.1518281 ], [ 25.863187, 35.1518259 ], [ 25.8628852, 35.151853 ], [ 25.8627608, 35.1518722 ], [ 25.8625926, 35.1518982 ], [ 25.8623225, 35.1519322 ], [ 25.8620892, 35.1520098 ], [ 25.8617899, 35.1521569 ], [ 25.8616327, 35.1522382 ], [ 25.861394, 35.1524192 ], [ 25.8612129, 35.1526056 ], [ 25.8610372, 35.1528304 ], [ 25.8610426, 35.1528852 ], [ 25.8610667, 35.1530376 ], [ 25.8611378, 35.1531615 ], [ 25.8611901, 35.1532032 ], [ 25.8612679, 35.1532909 ], [ 25.8613014, 35.1533359 ], [ 25.8613497, 35.1533786 ] ] } },
{ "type": "Feature", "properties": { "@type": "way", "@id": 435470018, "addr:city": null, "addr:postcode": null, "amenity": null, "barrier": null, "bicycle": null, "building": null, "cuisine": null, "denomination": null, "ele": null, "foot": null, "ford": null, "highway": null, "historic": null, "int_name": null, "int_ref": null, "intermittent": null, "landuse": null, "lanes": null, "layer": null, "leisure": null, "lit": null, "maxspeed": null, "maxspeed:type": null, "motor_vehicle": null, "name": null, "name:el": null, "name:en": null, "natural": "coastline", "old_ref": null, "parking": null, "phone": null, "place": null, "population": null, "ref": null, "religion": null, "shoulder": null, "smoothness": null, "source:old_ref": null, "source:ref": null, "surface": null, "tracktype": null, "trees": null, "tunnel": null, "waterway": null, "wikidata": null, "wikipedia": null, "label": "natural:coastline" }, "geometry": { "type": "LineString", "coordinates": [ [ 25.8590028, 35.156213 ], [ 25.8590376, 35.156269 ], [ 25.8590041, 35.1563095 ], [ 25.8590765, 35.15636 ], [ 25.8590698, 35.1564192 ], [ 25.8589464, 35.1564115 ], [ 25.8588472, 35.1563929 ], [ 25.8588332, 35.1564248 ], [ 25.8588217, 35.156451 ], [ 25.8588231, 35.1565508 ], [ 25.8588418, 35.1565957 ], [ 25.8590041, 35.1566757 ], [ 25.8590953, 35.1567339 ], [ 25.8591288, 35.156849 ], [ 25.8592442, 35.1570343 ], [ 25.8593206, 35.1571681 ], [ 25.8593461, 35.1573029 ], [ 25.8593689, 35.1576319 ], [ 25.8593863, 35.1577766 ], [ 25.8594239, 35.157872 ], [ 25.8594024, 35.1579345 ], [ 25.8593716, 35.1579509 ], [ 25.8593313, 35.1579498 ], [ 25.8592643, 35.1579597 ], [ 25.8592348, 35.1579915 ], [ 25.8592737, 35.1580167 ], [ 25.8592911, 35.1580693 ], [ 25.8592831, 35.1581055 ], [ 25.8592026, 35.1580957 ], [ 25.859161, 35.1581044 ], [ 25.8591235, 35.1581165 ], [ 25.8591409, 35.1581406 ], [ 25.8592227, 35.1581329 ], [ 25.859279, 35.1581395 ], [ 25.8593085, 35.1581724 ], [ 25.8592831, 35.1582415 ], [ 25.8592375, 35.1583511 ], [ 25.8591758, 35.1583643 ], [ 25.8591396, 35.1584421 ], [ 25.859094, 35.1584827 ], [ 25.8590524, 35.1585079 ], [ 25.858988, 35.158554 ], [ 25.8590014, 35.1585858 ], [ 25.8590055, 35.158623 ], [ 25.8588982, 35.1586559 ], [ 25.8587962, 35.1586724 ], [ 25.8587574, 35.1587086 ], [ 25.858705, 35.1587809 ], [ 25.8586393, 35.158816 ] ] } },
{ "type": "Feature", "properties": { "@type": "way", "@id": 435470019, "addr:city": null, "addr:postcode": null, "amenity": null, "barrier": null, "bicycle": null, "building": null, "cuisine": null, "denomination": null, "ele": null, "foot": null, "ford": null, "highway": null, "historic": null, "int_name": null, "int_ref": null, "intermittent": null, "landuse": null, "lanes": null, "layer": null, "leisure": null, "lit": null, "maxspeed": null, "maxspeed:type": null, "motor_vehicle": null, "name": null, "name:el": null, "name:en": null, "natural": "coastline", "old_ref": null, "parking": null, "phone": null, "place": null, "population": null, "ref": null, "religion": null, "shoulder": null, "smoothness": null, "source:old_ref": null, "source:ref": null, "surface": null, "tracktype": null, "trees": null, "tunnel": null, "waterway": null, "wikidata": null, "wikipedia": null, "label": "natural:coastline" }, "geometry": { "type": "LineString", "coordinates": [ [ 25.8586393, 35.158816 ], [ 25.8585843, 35.1588752 ], [ 25.8585562, 35.1589278 ], [ 25.8585079, 35.1589498 ], [ 25.8584373, 35.1589375 ], [ 25.8583725, 35.1589246 ], [ 25.8583376, 35.1589344 ], [ 25.8582933, 35.1589607 ], [ 25.8582611, 35.1589344 ], [ 25.8582075, 35.1589004 ], [ 25.8582035, 35.1588664 ], [ 25.8581793, 35.1588478 ], [ 25.8581284, 35.1588654 ], [ 25.8580358, 35.1588566 ], [ 25.85795, 35.1587897 ], [ 25.8578239, 35.1587162 ], [ 25.8577086, 35.1587458 ], [ 25.8575973, 35.1587765 ], [ 25.8575423, 35.1588314 ], [ 25.8574793, 35.1588401 ], [ 25.8574189, 35.1589191 ], [ 25.8573814, 35.1590342 ], [ 25.8574659, 35.159111 ], [ 25.8575316, 35.1591493 ], [ 25.8577019, 35.1591767 ], [ 25.8577783, 35.1592239 ], [ 25.8577944, 35.1592809 ], [ 25.8577676, 35.1593237 ], [ 25.8577824, 35.1593774 ], [ 25.8578186, 35.1594234 ], [ 25.857887, 35.1594739 ], [ 25.8579634, 35.1595046 ], [ 25.8579755, 35.159544 ], [ 25.8579406, 35.1595714 ], [ 25.8579004, 35.1596011 ], [ 25.8578548, 35.1595539 ], [ 25.8577891, 35.1595605 ], [ 25.857722, 35.1595714 ], [ 25.8576375, 35.159612 ], [ 25.8575772, 35.1596515 ], [ 25.8575235, 35.1596581 ], [ 25.8574659, 35.1596285 ], [ 25.8573787, 35.1596285 ], [ 25.8571641, 35.1596416 ], [ 25.8571051, 35.1596734 ], [ 25.8570287, 35.1596986 ], [ 25.8569093, 35.1596734 ], [ 25.85679, 35.1596756 ], [ 25.856688, 35.1596756 ], [ 25.8566089, 35.1597074 ], [ 25.8564815, 35.1597271 ], [ 25.856393, 35.1597502 ], [ 25.8562857, 35.1597535 ], [ 25.8562079, 35.1597195 ], [ 25.8561248, 35.1597381 ], [ 25.8560899, 35.1596975 ], [ 25.8560765, 35.1596427 ] ] } },
{ "type": "Feature", "properties": { "@type": "way", "@id": 435470020, "addr:city": null, "addr:postcode": null, "amenity": null, "barrier": null, "bicycle": null, "building": null, "cuisine": null, "denomination": null, "ele": null, "foot": null, "ford": null, "highway": null, "historic": null, "int_name": null, "int_ref": null, "intermittent": null, "landuse": null, "lanes": null, "layer": null, "leisure": null, "lit": null, "maxspeed": null, "maxspeed:type": null, "motor_vehicle": null, "name": null, "name:el": null, "name:en": null, "natural": "coastline", "old_ref": null, "parking": null, "phone": null, "place": null, "population": null, "ref": null, "religion": null, "shoulder": null, "smoothness": null, "source:old_ref": null, "source:ref": null, "surface": null, "tracktype": null, "trees": null, "tunnel": null, "waterway": null, "wikidata": null, "wikipedia": null, "label": "natural:coastline" }, "geometry": { "type": "LineString", "coordinates": [ [ 25.8613497, 35.1533786 ], [ 25.8613081, 35.1533951 ], [ 25.8612599, 35.1534203 ], [ 25.8612572, 35.1534587 ], [ 25.8612397, 35.1535135 ], [ 25.8613041, 35.1536111 ], [ 25.8616488, 35.1535979 ], [ 25.8617668, 35.1536045 ], [ 25.8618097, 35.1536341 ], [ 25.861807, 35.1536725 ], [ 25.8616957, 35.1537558 ], [ 25.8615701, 35.1539376 ], [ 25.8614717, 35.1543841 ], [ 25.8614141, 35.1545124 ], [ 25.8613913, 35.1546429 ], [ 25.8613282, 35.1547284 ], [ 25.8613175, 35.154826 ], [ 25.8612371, 35.1550157 ], [ 25.8611687, 35.155076 ], [ 25.8611646, 35.1551549 ], [ 25.8611043, 35.1552262 ], [ 25.8610386, 35.1552679 ], [ 25.8609916, 35.1552997 ], [ 25.8609863, 35.1553699 ], [ 25.8609165, 35.1555288 ], [ 25.8609058, 35.1555837 ], [ 25.8608978, 35.1556911 ], [ 25.8609648, 35.155747 ], [ 25.8610131, 35.1558041 ], [ 25.860989, 35.1558666 ], [ 25.8609004, 35.1559203 ], [ 25.8607958, 35.1559543 ], [ 25.8606671, 35.155928 ], [ 25.860541, 35.1559477 ], [ 25.8604686, 35.1559049 ], [ 25.8603439, 35.1559071 ], [ 25.8602607, 35.1558775 ], [ 25.8601669, 35.1558052 ], [ 25.8600341, 35.1557569 ], [ 25.8599228, 35.155678 ], [ 25.8598115, 35.1556495 ], [ 25.859727, 35.1555749 ], [ 25.8596653, 35.1555025 ], [ 25.8595164, 35.1554641 ], [ 25.8594427, 35.1554115 ], [ 25.8594413, 35.1553589 ], [ 25.8593863, 35.1552887 ], [ 25.8593481, 35.1552974 ], [ 25.8592832, 35.1553125 ], [ 25.8592194, 35.1553329 ], [ 25.8591932, 35.1553413 ], [ 25.8591763, 35.155353 ], [ 25.859106, 35.1554017 ], [ 25.8589894, 35.1554466 ], [ 25.858925, 35.1554883 ], [ 25.8589022, 35.1555552 ], [ 25.8589344, 35.1556374 ], [ 25.8589907, 35.155667 ], [ 25.8589947, 35.1557174 ], [ 25.8590148, 35.1557624 ], [ 25.8590055, 35.1560804 ], [ 25.8590028, 35.156213 ] ] } },
{ "type": "Feature", "properties": { "@type": "way", "@id": 435470023, "addr:city": null, "addr:postcode": null, "amenity": null, "barrier": null, "bicycle": null, "building": null, "cuisine": null, "denomination": null, "ele": null, "foot": null, "ford": null, "highway": null, "historic": null, "int_name": null, "int_ref": null, "intermittent": null, "landuse": null, "lanes": null, "layer": null, "leisure": null, "lit": null, "maxspeed": null, "maxspeed:type": null, "motor_vehicle": null, "name": null, "name:el": null, "name:en": null, "natural": "coastline", "old_ref": null, "parking": null, "phone": null, "place": null, "population": null, "ref": null, "religion": null, "shoulder": null, "smoothness": null, "source:old_ref": null, "source:ref": null, "surface": null, "tracktype": null, "trees": null, "tunnel": null, "waterway": null, "wikidata": null, "wikipedia": null, "label": "natural:coastline" }, "geometry": { "type": "LineString", "coordinates": [ [ 25.8519311, 35.1574443 ], [ 25.8517742, 35.1574389 ], [ 25.8517286, 35.1573928 ], [ 25.8516361, 35.1573468 ], [ 25.8516535, 35.1572426 ], [ 25.8516186, 35.157156 ], [ 25.8514403, 35.1570376 ] ] } },
{ "type": "Feature", "properties": { "@type": "way", "@id": 435470024, "addr:city": null, "addr:postcode": null, "amenity": null, "barrier": null, "bicycle": null, "building": null, "cuisine": null, "denomination": null, "ele": null, "foot": null, "ford": null, "highway": null, "historic": null, "int_name": null, "int_ref": null, "intermittent": null, "landuse": null, "lanes": null, "layer": null, "leisure": null, "lit": null, "maxspeed": null, "maxspeed:type": null, "motor_vehicle": null, "name": null, "name:el": null, "name:en": null, "natural": "coastline", "old_ref": null, "parking": null, "phone": null, "place": null, "population": null, "ref": null, "religion": null, "shoulder": null, "smoothness": null, "source:old_ref": null, "source:ref": null, "surface": null, "tracktype": null, "trees": null, "tunnel": null, "waterway": null, "wikidata": null, "wikipedia": null, "label": "natural:coastline" }, "geometry": { "type": "LineString", "coordinates": [ [ 25.8560765, 35.1596427 ], [ 25.856106, 35.1596263 ], [ 25.856118, 35.1595846 ], [ 25.8561194, 35.1595506 ], [ 25.8560791, 35.1595144 ], [ 25.8559558, 35.1594958 ], [ 25.8558632, 35.1594399 ], [ 25.8557908, 35.1593686 ], [ 25.8557828, 35.1593094 ], [ 25.8557318, 35.1593061 ], [ 25.8556943, 35.1593346 ], [ 25.8556259, 35.1593346 ], [ 25.8555829, 35.159351 ], [ 25.8555212, 35.1593708 ], [ 25.8554448, 35.159339 ], [ 25.8553429, 35.1593324 ], [ 25.8552906, 35.1592776 ], [ 25.8552222, 35.1592546 ], [ 25.8552115, 35.159203 ], [ 25.8551444, 35.1591899 ], [ 25.8549969, 35.1592195 ], [ 25.8548802, 35.1592535 ], [ 25.8548118, 35.1592469 ], [ 25.8547461, 35.1591921 ], [ 25.85473, 35.1591614 ], [ 25.8547555, 35.1591329 ], [ 25.8547675, 35.159055 ], [ 25.8546992, 35.1589936 ], [ 25.854612, 35.1589267 ], [ 25.8546294, 35.1588851 ], [ 25.854679, 35.1588675 ], [ 25.8546683, 35.1588302 ], [ 25.8546066, 35.1588281 ], [ 25.8545168, 35.158862 ], [ 25.8544698, 35.1589223 ], [ 25.8544215, 35.1589366 ], [ 25.854325, 35.1589092 ], [ 25.8542794, 35.1588577 ], [ 25.8542485, 35.1588138 ], [ 25.8541681, 35.1587919 ], [ 25.8541117, 35.158805 ], [ 25.8540554, 35.1588456 ], [ 25.853928, 35.1588686 ], [ 25.8537899, 35.1589037 ], [ 25.8536705, 35.1589059 ], [ 25.8535847, 35.1588544 ], [ 25.8534908, 35.15885 ], [ 25.8534184, 35.1587809 ], [ 25.8533621, 35.1586899 ], [ 25.8532843, 35.1586767 ], [ 25.8532387, 35.1585528 ], [ 25.8532078, 35.1584991 ], [ 25.8530818, 35.1584761 ], [ 25.852949, 35.1584893 ], [ 25.8528055, 35.1585046 ], [ 25.8527143, 35.1584728 ], [ 25.8526553, 35.1584235 ], [ 25.8526714, 35.1583368 ], [ 25.8527197, 35.1582283 ], [ 25.8526915, 35.1581592 ], [ 25.8527183, 35.158088 ], [ 25.8526902, 35.1580331 ], [ 25.852607, 35.1579772 ], [ 25.8526084, 35.157884 ], [ 25.8525762, 35.1577404 ], [ 25.8524984, 35.157668 ], [ 25.852481, 35.1576 ], [ 25.8523723, 35.1575112 ], [ 25.852139, 35.1575233 ], [ 25.8520304, 35.1575057 ], [ 25.8519311, 35.1574443 ] ] } },
{ "type": "Feature", "properties": { "@type": "way", "@id": 505332207, "addr:city": null, "addr:postcode": null, "amenity": null, "barrier": null, "bicycle": null, "building": null, "cuisine": null, "denomination": null, "ele": null, "foot": null, "ford": null, "highway": null, "historic": null, "int_name": null, "int_ref": null, "intermittent": null, "landuse": null, "lanes": null, "layer": null, "leisure": null, "lit": null, "maxspeed": null, "maxspeed:type": null, "motor_vehicle": null, "name": null, "name:el": null, "name:en": null, "natural": "coastline", "old_ref": null, "parking": null, "phone": null, "place": null, "population": null, "ref": null, "religion": null, "shoulder": null, "smoothness": null, "source:old_ref": null, "source:ref": null, "surface": null, "tracktype": null, "trees": null, "tunnel": null, "waterway": null, "wikidata": null, "wikipedia": null, "label": "natural:coastline" }, "geometry": { "type": "LineString", "coordinates": [ [ 25.8480845, 35.1567951 ], [ 25.8481089, 35.1567618 ], [ 25.8480703, 35.1567136 ], [ 25.8480561, 35.1566471 ], [ 25.8480642, 35.1566139 ], [ 25.8480988, 35.1566073 ], [ 25.8481232, 35.1565724 ], [ 25.8481598, 35.1565491 ], [ 25.8481862, 35.1565807 ], [ 25.8481882, 35.1566488 ], [ 25.8482065, 35.1567419 ], [ 25.8481781, 35.1567834 ], [ 25.8481537, 35.1568183 ], [ 25.8481171, 35.1568183 ], [ 25.8480845, 35.1567951 ] ] } },
{ "type": "Feature", "properties": { "@type": "way", "@id": 505332233, "addr:city": null, "addr:postcode": null, "amenity": null, "barrier": null, "bicycle": null, "building": null, "cuisine": null, "denomination": null, "ele": null, "foot": null, "ford": null, "highway": null, "historic": null, "int_name": null, "int_ref": null, "intermittent": null, "landuse": null, "lanes": null, "layer": null, "leisure": null, "lit": null, "maxspeed": null, "maxspeed:type": null, "motor_vehicle": null, "name": null, "name:el": null, "name:en": null, "natural": "coastline", "old_ref": null, "parking": null, "phone": null, "place": null, "population": null, "ref": null, "religion": null, "shoulder": null, "smoothness": null, "source:old_ref": null, "source:ref": null, "surface": null, "tracktype": null, "trees": null, "tunnel": null, "waterway": null, "wikidata": null, "wikipedia": null, "label": "natural:coastline" }, "geometry": { "type": "LineString", "coordinates": [ [ 25.8483793, 35.1567452 ], [ 25.8483102, 35.1567286 ], [ 25.8482553, 35.156697 ], [ 25.8482329, 35.1566405 ], [ 25.8482553, 35.1566039 ], [ 25.8482858, 35.1566006 ], [ 25.8483122, 35.1566339 ], [ 25.8483651, 35.1566771 ], [ 25.8484017, 35.1567003 ], [ 25.8484403, 35.1567219 ], [ 25.8484321, 35.1567452 ], [ 25.8483793, 35.1567452 ] ] } },
{ "type": "Feature", "properties": { "@type": "way", "@id": 505332336, "addr:city": null, "addr:postcode": null, "amenity": null, "barrier": null, "bicycle": null, "building": null, "cuisine": null, "denomination": null, "ele": null, "foot": null, "ford": null, "highway": null, "historic": null, "int_name": null, "int_ref": null, "intermittent": null, "landuse": null, "lanes": null, "layer": null, "leisure": null, "lit": null, "maxspeed": null, "maxspeed:type": null, "motor_vehicle": null, "name": null, "name:el": null, "name:en": null, "natural": "coastline", "old_ref": null, "parking": null, "phone": null, "place": null, "population": null, "ref": null, "religion": null, "shoulder": null, "smoothness": null, "source:old_ref": null, "source:ref": null, "surface": null, "tracktype": null, "trees": null, "tunnel": null, "waterway": null, "wikidata": null, "wikipedia": null, "label": "natural:coastline" }, "geometry": { "type": "LineString", "coordinates": [ [ 25.8484138, 35.1569214 ], [ 25.8484078, 35.1568948 ], [ 25.848424, 35.1568682 ], [ 25.8484504, 35.1568782 ], [ 25.8484586, 35.1569064 ], [ 25.8484423, 35.1569347 ], [ 25.8484138, 35.1569214 ] ] } },
{ "type": "Feature", "properties": { "@type": "way", "@id": 505332372, "addr:city": null, "addr:postcode": null, "amenity": null, "barrier": null, "bicycle": null, "building": null, "cuisine": null, "denomination": null, "ele": null, "foot": null, "ford": null, "highway": null, "historic": null, "int_name": null, "int_ref": null, "intermittent": null, "landuse": null, "lanes": null, "layer": null, "leisure": null, "lit": null, "maxspeed": null, "maxspeed:type": null, "motor_vehicle": null, "name": null, "name:el": null, "name:en": null, "natural": "coastline", "old_ref": null, "parking": null, "phone": null, "place": null, "population": null, "ref": null, "religion": null, "shoulder": null, "smoothness": null, "source:old_ref": null, "source:ref": null, "surface": null, "tracktype": null, "trees": null, "tunnel": null, "waterway": null, "wikidata": null, "wikipedia": null, "label": "natural:coastline" }, "geometry": { "type": "LineString", "coordinates": [ [ 25.849259, 35.1561956 ], [ 25.8492251, 35.1561779 ], [ 25.8492282, 35.1561528 ], [ 25.8492544, 35.1561414 ], [ 25.8492867, 35.1561427 ], [ 25.8493006, 35.1561742 ], [ 25.8492852, 35.1561931 ], [ 25.849259, 35.1561956 ] ] } },
{ "type": "Feature", "properties": { "@type": "way", "@id": 822522151, "addr:city": null, "addr:postcode": null, "amenity": null, "barrier": null, "bicycle": null, "building": null, "cuisine": null, "denomination": null, "ele": null, "foot": null, "ford": null, "highway": null, "historic": null, "int_name": null, "int_ref": null, "intermittent": "no", "landuse": null, "lanes": null, "layer": null, "leisure": null, "lit": null, "maxspeed": null, "maxspeed:type": null, "motor_vehicle": null, "name": null, "name:el": null, "name:en": null, "natural": null, "old_ref": null, "parking": null, "phone": null, "place": null, "population": null, "ref": null, "religion": null, "shoulder": null, "smoothness": null, "source:old_ref": null, "source:ref": null, "surface": null, "tracktype": null, "trees": null, "tunnel": null, "waterway": "stream", "wikidata": null, "wikipedia": null, "label": "waterway:stream" }, "geometry": { "type": "LineString", "coordinates": [ [ 25.872276976622715, 35.155520770056626 ], [ 25.8721829, 35.1555153 ], [ 25.8719256, 35.1555935 ] ] } },
{ "type": "Feature", "properties": { "@type": "way", "@id": 822615232, "addr:city": null, "addr:postcode": null, "amenity": null, "barrier": null, "bicycle": null, "building": null, "cuisine": null, "denomination": null, "ele": null, "foot": null, "ford": null, "highway": null, "historic": null, "int_name": null, "int_ref": null, "intermittent": "no", "landuse": null, "lanes": null, "layer": null, "leisure": null, "lit": null, "maxspeed": null, "maxspeed:type": null, "motor_vehicle": null, "name": "Καβουσιανός πόταμος", "name:el": null, "name:en": null, "natural": null, "old_ref": null, "parking": null, "phone": null, "place": null, "population": null, "ref": null, "religion": null, "shoulder": null, "smoothness": null, "source:old_ref": null, "source:ref": null, "surface": null, "tracktype": null, "trees": null, "tunnel": null, "waterway": "stream", "wikidata": null, "wikipedia": null, "label": "waterway:stream" }, "geometry": { "type": "LineString", "coordinates": [ [ 25.853146471535265, 35.139145820014086 ], [ 25.853276, 35.1392635 ], [ 25.8533833, 35.1401672 ], [ 25.8536944, 35.1410796 ], [ 25.8542416, 35.141685 ], [ 25.8542952, 35.1423079 ], [ 25.8549282, 35.1427378 ], [ 25.8555612, 35.1433431 ], [ 25.8563766, 35.1436765 ], [ 25.8567522, 35.1442643 ], [ 25.8575568, 35.1443169 ], [ 25.8583937, 35.1451065 ], [ 25.8586941, 35.1458171 ], [ 25.859032, 35.1465233 ], [ 25.8599172, 35.1467207 ], [ 25.8602605, 35.1476506 ], [ 25.8618483, 35.1492823 ], [ 25.8620629, 35.1502648 ], [ 25.8623717, 35.1507347 ], [ 25.8624492, 35.1508526 ], [ 25.8627608, 35.1518722 ] ] } },
{ "type": "Feature", "properties": { "@type": "way", "@id": 825156329, "addr:city": null, "addr:postcode": null, "amenity": null, "barrier": null, "bicycle": null, "building": null, "cuisine": null, "denomination": null, "ele": null, "foot": null, "ford": null, "highway": null, "historic": null, "int_name": null, "int_ref": null, "intermittent": "no", "landuse": null, "lanes": null, "layer": null, "leisure": null, "lit": null, "maxspeed": null, "maxspeed:type": null, "motor_vehicle": null, "name": null, "name:el": null, "name:en": null, "natural": null, "old_ref": null, "parking": null, "phone": null, "place": null, "population": null, "ref": null, "religion": null, "shoulder": null, "smoothness": null, "source:old_ref": null, "source:ref": null, "surface": null, "tracktype": null, "trees": null, "tunnel": null, "waterway": "stream", "wikidata": null, "wikipedia": null, "label": "waterway:stream" }, "geometry": { "type": "LineString", "coordinates": [ [ 25.872276976622715, 35.151470405365615 ], [ 25.8720879, 35.151431 ], [ 25.8710525, 35.1517599 ], [ 25.8707414, 35.1519617 ], [ 25.8694271, 35.153567 ], [ 25.8690194, 35.1538784 ], [ 25.8691583, 35.15451 ], [ 25.8692334, 35.1553652 ], [ 25.8690654, 35.1562458 ] ] } },
{ "type": "Feature", "properties": { "@type": "way", "@id": 825156332, "addr:city": null, "addr:postcode": null, "amenity": null, "barrier": null, "bicycle": null, "building": null, "cuisine": null, "denomination": null, "ele": null, "foot": null, "ford": null, "highway": null, "historic": null, "int_name": null, "int_ref": null, "intermittent": "no", "landuse": null, "lanes": null, "layer": null, "leisure": null, "lit": null, "maxspeed": null, "maxspeed:type": null, "motor_vehicle": null, "name": null, "name:el": null, "name:en": null, "natural": null, "old_ref": null, "parking": null, "phone": null, "place": null, "population": null, "ref": null, "religion": null, "shoulder": null, "smoothness": null, "source:old_ref": null, "source:ref": null, "surface": null, "tracktype": null, "trees": null, "tunnel": null, "waterway": "stream", "wikidata": null, "wikipedia": null, "label": "waterway:stream" }, "geometry": { "type": "LineString", "coordinates": [ [ 25.872276976622715, 35.148481601352586 ], [ 25.8717936, 35.1485415 ], [ 25.8713215, 35.1484012 ], [ 25.8707314, 35.1484231 ], [ 25.8703505, 35.1484976 ], [ 25.8691971, 35.1488222 ], [ 25.8677567, 35.1488447 ], [ 25.8670432, 35.1488622 ], [ 25.866362, 35.1490289 ], [ 25.8655627, 35.1492877 ], [ 25.864817, 35.1492043 ], [ 25.8638407, 35.1493798 ], [ 25.8631272, 35.1496737 ], [ 25.8626444, 35.1501649 ], [ 25.8623717, 35.1507347 ] ] } },
{ "type": "Feature", "properties": { "@type": "way", "@id": 829677331, "addr:city": null, "addr:postcode": null, "amenity": null, "barrier": null, "bicycle": null, "building": null, "cuisine": null, "denomination": null, "ele": null, "foot": null, "ford": null, "highway": null, "historic": null, "int_name": null, "int_ref": null, "intermittent": null, "landuse": null, "lanes": null, "layer": null, "leisure": null, "lit": null, "maxspeed": null, "maxspeed:type": null, "motor_vehicle": null, "name": null, "name:el": null, "name:en": null, "natural": "cliff", "old_ref": null, "parking": null, "phone": null, "place": null, "population": null, "ref": null, "religion": null, "shoulder": null, "smoothness": null, "source:old_ref": null, "source:ref": null, "surface": null, "tracktype": null, "trees": null, "tunnel": null, "waterway": null, "wikidata": null, "wikipedia": null, "label": "natural:cliff" }, "geometry": { "type": "LineString", "coordinates": [ [ 25.8713344, 35.1443825 ], [ 25.8711574, 35.144229 ], [ 25.8708516, 35.1439483 ], [ 25.8707283, 35.1437947 ], [ 25.8703259, 35.1434965 ] ] } },
{ "type": "Feature", "properties": { "@type": "way", "@id": 835099720, "addr:city": null, "addr:postcode": null, "amenity": null, "barrier": null, "bicycle": null, "building": null, "cuisine": null, "denomination": null, "ele": null, "foot": null, "ford": null, "highway": null, "historic": null, "int_name": null, "int_ref": null, "intermittent": "yes", "landuse": null, "lanes": null, "layer": null, "leisure": null, "lit": null, "maxspeed": null, "maxspeed:type": null, "motor_vehicle": null, "name": null, "name:el": null, "name:en": null, "natural": null, "old_ref": null, "parking": null, "phone": null, "place": null, "population": null, "ref": null, "religion": null, "shoulder": null, "smoothness": null, "source:old_ref": null, "source:ref": null, "surface": null, "tracktype": null, "trees": null, "tunnel": null, "waterway": "stream", "wikidata": null, "wikipedia": null, "label": "waterway:stream" }, "geometry": { "type": "LineString", "coordinates": [ [ 25.8526974, 35.1534928 ], [ 25.8532392, 35.1538393 ], [ 25.8536951, 35.1542385 ], [ 25.8540438, 35.15437 ], [ 25.8544462, 35.1546551 ], [ 25.854591, 35.1548964 ], [ 25.8546822, 35.1551639 ], [ 25.8549719, 35.1553788 ], [ 25.8551811, 35.1553613 ], [ 25.8554279, 35.1553613 ], [ 25.8557551, 35.1553964 ], [ 25.8560823, 35.1554227 ], [ 25.8563184, 35.1555104 ], [ 25.8564149, 35.1556902 ], [ 25.8565061, 35.1558349 ], [ 25.85671, 35.15587 ], [ 25.8569835, 35.1559095 ], [ 25.8573644, 35.1560805 ], [ 25.8577828, 35.1563042 ], [ 25.857976, 35.1564007 ], [ 25.8584105, 35.1563832 ], [ 25.8586572, 35.1564446 ], [ 25.8588332, 35.1564248 ] ] } },
{ "type": "Feature", "properties": { "@type": "way", "@id": 870811810, "addr:city": null, "addr:postcode": null, "amenity": null, "barrier": null, "bicycle": null, "building": null, "cuisine": null, "denomination": null, "ele": null, "foot": null, "ford": null, "highway": null, "historic": null, "int_name": null, "int_ref": null, "intermittent": "yes", "landuse": null, "lanes": null, "layer": null, "leisure": null, "lit": null, "maxspeed": null, "maxspeed:type": null, "motor_vehicle": null, "name": null, "name:el": null, "name:en": null, "natural": null, "old_ref": null, "parking": null, "phone": null, "place": null, "population": null, "ref": null, "religion": null, "shoulder": null, "smoothness": null, "source:old_ref": null, "source:ref": null, "surface": null, "tracktype": null, "trees": null, "tunnel": null, "waterway": "stream", "wikidata": null, "wikipedia": null, "label": "waterway:stream" }, "geometry": { "type": "LineString", "coordinates": [ [ 25.872276976622715, 35.139673689128252 ], [ 25.8715458, 35.1398023 ], [ 25.8702025, 35.1402234 ], [ 25.8695588, 35.1403708 ], [ 25.8686018, 35.1403252 ] ] } },
{ "type": "Feature", "properties": { "@type": "way", "@id": 1311762618, "addr:city": null, "addr:postcode": null, "amenity": null, "barrier": null, "bicycle": null, "building": null, "cuisine": null, "denomination": null, "ele": null, "foot": null, "ford": null, "highway": null, "historic": null, "int_name": null, "int_ref": null, "intermittent": null, "landuse": null, "lanes": null, "layer": null, "leisure": null, "lit": null, "maxspeed": null, "maxspeed:type": null, "motor_vehicle": null, "name": null, "name:el": null, "name:en": null, "natural": "coastline", "old_ref": null, "parking": null, "phone": null, "place": null, "population": null, "ref": null, "religion": null, "shoulder": null, "smoothness": null, "source:old_ref": null, "source:ref": null, "surface": null, "tracktype": null, "trees": null, "tunnel": null, "waterway": null, "wikidata": null, "wikipedia": null, "label": "natural:coastline" }, "geometry": { "type": "LineString", "coordinates": [ [ 25.872276976622715, 35.158731524831239 ], [ 25.8722676, 35.1587325 ], [ 25.8722385, 35.158718 ], [ 25.8722385, 35.1586903 ], [ 25.8722514, 35.1586613 ], [ 25.872276976622715, 35.158660443051296 ] ] } },
{ "type": "Feature", "properties": { "@type": "way", "@id": 1409170749, "addr:city": null, "addr:postcode": null, "amenity": null, "barrier": null, "bicycle": null, "building": null, "cuisine": null, "denomination": null, "ele": null, "foot": null, "ford": null, "highway": null, "historic": null, "int_name": null, "int_ref": null, "intermittent": "no", "landuse": null, "lanes": null, "layer": null, "leisure": null, "lit": null, "maxspeed": null, "maxspeed:type": null, "motor_vehicle": null, "name": null, "name:el": null, "name:en": null, "natural": null, "old_ref": null, "parking": null, "phone": null, "place": null, "population": null, "ref": null, "religion": null, "shoulder": null, "smoothness": null, "source:old_ref": null, "source:ref": null, "surface": null, "tracktype": null, "trees": null, "tunnel": null, "waterway": "stream", "wikidata": null, "wikipedia": null, "label": "waterway:stream" }, "geometry": { "type": "LineString", "coordinates": [ [ 25.8717725, 35.1556227 ], [ 25.871566, 35.1556249 ], [ 25.87133, 35.1555372 ], [ 25.8706487, 35.1555372 ], [ 25.870418, 35.1555854 ], [ 25.8699406, 35.1558617 ], [ 25.8694685, 35.1559977 ], [ 25.8690654, 35.1562458 ], [ 25.8689911, 35.1562916 ], [ 25.868828, 35.156416 ] ] } },
{ "type": "Feature", "properties": { "@type": "way", "@id": 1409170750, "addr:city": null, "addr:postcode": null, "amenity": null, "barrier": null, "bicycle": null, "building": null, "cuisine": null, "denomination": null, "ele": null, "foot": null, "ford": null, "highway": null, "historic": null, "int_name": null, "int_ref": null, "intermittent": "no", "landuse": null, "lanes": null, "layer": "-1", "leisure": null, "lit": null, "maxspeed": null, "maxspeed:type": null, "motor_vehicle": null, "name": null, "name:el": null, "name:en": null, "natural": null, "old_ref": null, "parking": null, "phone": null, "place": null, "population": null, "ref": null, "religion": null, "shoulder": null, "smoothness": null, "source:old_ref": null, "source:ref": null, "surface": null, "tracktype": null, "trees": null, "tunnel": "flooded", "waterway": "stream", "wikidata": null, "wikipedia": null, "label": "waterway:stream" }, "geometry": { "type": "LineString", "coordinates": [ [ 25.8719256, 35.1555935 ], [ 25.8717725, 35.1556227 ] ] } },
{ "type": "Feature", "properties": { "@type": "way", "@id": 1409170751, "addr:city": null, "addr:postcode": null, "amenity": null, "barrier": null, "bicycle": null, "building": null, "cuisine": null, "denomination": null, "ele": null, "foot": null, "ford": null, "highway": null, "historic": null, "int_name": null, "int_ref": null, "intermittent": "no", "landuse": null, "lanes": null, "layer": null, "leisure": null, "lit": null, "maxspeed": null, "maxspeed:type": null, "motor_vehicle": null, "name": null, "name:el": null, "name:en": null, "natural": null, "old_ref": null, "parking": null, "phone": null, "place": null, "population": null, "ref": null, "religion": null, "shoulder": null, "smoothness": null, "source:old_ref": null, "source:ref": null, "surface": null, "tracktype": null, "trees": null, "tunnel": null, "waterway": "stream", "wikidata": null, "wikipedia": null, "label": "waterway:stream" }, "geometry": { "type": "LineString", "coordinates": [ [ 25.8687264, 35.156524 ], [ 25.8684868, 35.1567521 ], [ 25.8683518, 35.1568467 ] ] } },
{ "type": "Feature", "properties": { "@type": "way", "@id": 1409170752, "addr:city": null, "addr:postcode": null, "amenity": null, "barrier": null, "bicycle": null, "building": null, "cuisine": null, "denomination": null, "ele": null, "foot": null, "ford": null, "highway": null, "historic": null, "int_name": null, "int_ref": null, "intermittent": "no", "landuse": null, "lanes": null, "layer": "-1", "leisure": null, "lit": null, "maxspeed": null, "maxspeed:type": null, "motor_vehicle": null, "name": null, "name:el": null, "name:en": null, "natural": null, "old_ref": null, "parking": null, "phone": null, "place": null, "population": null, "ref": null, "religion": null, "shoulder": null, "smoothness": null, "source:old_ref": null, "source:ref": null, "surface": null, "tracktype": null, "trees": null, "tunnel": "culvert", "waterway": "stream", "wikidata": null, "wikipedia": null, "label": "waterway:stream" }, "geometry": { "type": "LineString", "coordinates": [ [ 25.868828, 35.156416 ], [ 25.8687264, 35.156524 ] ] } },
{ "type": "Feature", "properties": { "@type": "way", "@id": 823407831, "addr:city": null, "addr:postcode": null, "amenity": null, "barrier": null, "bicycle": null, "building": null, "cuisine": null, "denomination": null, "ele": null, "foot": null, "ford": null, "highway": null, "historic": null, "int_name": null, "int_ref": null, "intermittent": null, "landuse": "orchard", "lanes": null, "layer": null, "leisure": null, "lit": null, "maxspeed": null, "maxspeed:type": null, "motor_vehicle": null, "name": null, "name:el": null, "name:en": null, "natural": null, "old_ref": null, "parking": null, "phone": null, "place": null, "population": null, "ref": null, "religion": null, "shoulder": null, "smoothness": null, "source:old_ref": null, "source:ref": null, "surface": null, "tracktype": null, "trees": null, "tunnel": null, "waterway": null, "wikidata": null, "wikipedia": null, "label": "landuse:orchard" }, "geometry": { "type": "MultiPolygon", "coordinates": [ [ [ [ 25.8715533, 35.1507941 ], [ 25.8717893, 35.151531 ], [ 25.8713816, 35.1515836 ], [ 25.8709524, 35.151531 ], [ 25.8707057, 35.1508029 ], [ 25.8703624, 35.1507678 ], [ 25.869783, 35.1502327 ], [ 25.8694182, 35.1500835 ], [ 25.8690534, 35.1505222 ], [ 25.8683668, 35.1507941 ], [ 25.8679484, 35.1507941 ], [ 25.8674441, 35.151031 ], [ 25.867691, 35.1514783 ], [ 25.8675837, 35.1516538 ], [ 25.8678304, 35.1520222 ], [ 25.8683132, 35.1519433 ], [ 25.8686136, 35.1518994 ], [ 25.8687746, 35.1521714 ], [ 25.86856, 35.1525047 ], [ 25.8690106, 35.1531626 ], [ 25.8692037, 35.153031 ], [ 25.8688604, 35.1521275 ], [ 25.8691179, 35.1521275 ], [ 25.8695256, 35.1528819 ], [ 25.8698904, 35.1528205 ], [ 25.8691072, 35.1518819 ], [ 25.8686458, 35.151724 ], [ 25.8683991, 35.1509082 ], [ 25.8688497, 35.1507678 ], [ 25.8693325, 35.151724 ], [ 25.869944, 35.151645 ], [ 25.8696651, 35.1509959 ], [ 25.8702873, 35.1510924 ], [ 25.8706521, 35.1517503 ], [ 25.8709311, 35.151645 ], [ 25.8715963, 35.1516187 ], [ 25.8718645, 35.1517591 ], [ 25.872276976622715, 35.151686157203173 ], [ 25.872276976622715, 35.15071567799653 ], [ 25.8715533, 35.1507941 ] ] ], [ [ [ 25.8720683, 35.1518906 ], [ 25.87224, 35.1521012 ], [ 25.872276976622715, 35.152095974764933 ], [ 25.872276976622715, 35.151858326084046 ], [ 25.8720683, 35.1518906 ] ] ] ] } },
{ "type": "Feature", "properties": { "@type": "way", "@id": 839392157, "addr:city": null, "addr:postcode": null, "amenity": null, "barrier": null, "bicycle": null, "building": null, "cuisine": null, "denomination": null, "ele": null, "foot": null, "ford": null, "highway": null, "historic": null, "int_name": null, "int_ref": null, "intermittent": null, "landuse": null, "lanes": null, "layer": null, "leisure": null, "lit": null, "maxspeed": null, "maxspeed:type": null, "motor_vehicle": null, "name": null, "name:el": null, "name:en": null, "natural": "scree", "old_ref": null, "parking": null, "phone": null, "place": null, "population": null, "ref": null, "religion": null, "shoulder": null, "smoothness": null, "source:old_ref": null, "source:ref": null, "surface": null, "tracktype": null, "trees": null, "tunnel": null, "waterway": null, "wikidata": null, "wikipedia": null, "label": "natural:scree" }, "geometry": { "type": "MultiPolygon", "coordinates": [ [ [ [ 25.8716833, 35.1396738 ], [ 25.8708464, 35.1399809 ], [ 25.8701705, 35.1399194 ], [ 25.8696019, 35.1399809 ], [ 25.8696662, 35.1397089 ], [ 25.8692049, 35.1397352 ], [ 25.8693229, 35.1394018 ], [ 25.8690118, 35.1394632 ], [ 25.8691727, 35.1392 ], [ 25.8689474, 35.1391587 ], [ 25.868962303780737, 35.139145820014086 ], [ 25.868071258186536, 35.139145820014086 ], [ 25.8679556, 35.139858 ], [ 25.8665072, 35.1402616 ], [ 25.8647799, 35.1406827 ], [ 25.8644795, 35.1409284 ], [ 25.8666896, 35.1406213 ], [ 25.8675157, 35.1407178 ], [ 25.868492, 35.1407617 ], [ 25.8693933, 35.1406915 ], [ 25.8698653, 35.1407968 ], [ 25.8691036, 35.1413144 ], [ 25.8684813, 35.1417355 ], [ 25.8681809, 35.1419987 ], [ 25.8688246, 35.1418145 ], [ 25.8684169, 35.1422005 ], [ 25.8685886, 35.1422532 ], [ 25.8692752, 35.1417355 ], [ 25.8696829, 35.1419549 ], [ 25.8685886, 35.1424988 ], [ 25.8691143, 35.1423321 ], [ 25.8696952, 35.1421803 ], [ 25.8706915, 35.1419198 ], [ 25.8708738, 35.1415864 ], [ 25.8708846, 35.1408758 ], [ 25.8713459, 35.1403757 ], [ 25.8721398, 35.1398229 ], [ 25.872276976622715, 35.139791048380552 ], [ 25.872276976622715, 35.139599464000391 ], [ 25.8716833, 35.1396738 ] ] ], [ [ [ 25.8649408, 35.1392893 ], [ 25.8650481, 35.1394911 ], [ 25.866084566113162, 35.139145820014086 ], [ 25.865343181273396, 35.139145820014086 ], [ 25.8649408, 35.1392893 ] ] ] ] } },
{ "type": "Feature", "properties": { "@type": "way", "@id": 839392159, "addr:city": null, "addr:postcode": null, "amenity": null, "barrier": null, "bicycle": null, "building": null, "cuisine": null, "denomination": null, "ele": null, "foot": null, "ford": null, "highway": null, "historic": null, "int_name": null, "int_ref": null, "intermittent": null, "landuse": null, "lanes": null, "layer": null, "leisure": null, "lit": null, "maxspeed": null, "maxspeed:type": null, "motor_vehicle": null, "name": null, "name:el": null, "name:en": null, "natural": "scree", "old_ref": null, "parking": null, "phone": null, "place": null, "population": null, "ref": null, "religion": null, "shoulder": null, "smoothness": null, "source:old_ref": null, "source:ref": null, "surface": null, "tracktype": null, "trees": null, "tunnel": null, "waterway": null, "wikidata": null, "wikipedia": null, "label": "natural:scree" }, "geometry": { "type": "MultiPolygon", "coordinates": [ [ [ [ 25.8716356, 35.1418863 ], [ 25.8706915, 35.1419198 ], [ 25.8696952, 35.1421803 ], [ 25.8708953, 35.14216 ], [ 25.8721184, 35.1421776 ], [ 25.8715927, 35.1424759 ], [ 25.8699297, 35.142625 ], [ 25.8688032, 35.1427478 ], [ 25.8675908, 35.1429935 ], [ 25.8676767, 35.14359 ], [ 25.8682882, 35.1433005 ], [ 25.8691572, 35.1432128 ], [ 25.8699619, 35.1429759 ], [ 25.8702945, 35.1433181 ], [ 25.8699404, 35.1436339 ], [ 25.8697044, 35.1439848 ], [ 25.868889, 35.1446253 ], [ 25.8699941, 35.1440989 ], [ 25.8702301, 35.1437831 ], [ 25.8705842, 35.1435111 ], [ 25.871024, 35.1433532 ], [ 25.8716034, 35.1427741 ], [ 25.872276976622715, 35.142437030563173 ], [ 25.872276976622715, 35.141875563621305 ], [ 25.8716356, 35.1418863 ] ] ], [ [ [ 25.8715819, 35.1444033 ], [ 25.8706378, 35.1449911 ], [ 25.8708202, 35.1451052 ], [ 25.8713245, 35.144956 ], [ 25.8719038, 35.1451666 ], [ 25.872276976622715, 35.145071682665147 ], [ 25.872276976622715, 35.143701268800328 ], [ 25.8715819, 35.1444033 ] ] ] ] } },
{ "type": "Feature", "properties": { "@type": "way", "@id": 841970504, "addr:city": null, "addr:postcode": null, "amenity": null, "barrier": null, "bicycle": null, "building": null, "cuisine": null, "denomination": null, "ele": null, "foot": null, "ford": null, "highway": null, "historic": null, "int_name": null, "int_ref": null, "intermittent": null, "landuse": null, "lanes": null, "layer": null, "leisure": null, "lit": null, "maxspeed": null, "maxspeed:type": null, "motor_vehicle": null, "name": null, "name:el": null, "name:en": null, "natural": "bare_rock", "old_ref": null, "parking": null, "phone": null, "place": null, "population": null, "ref": null, "religion": null, "shoulder": null, "smoothness": null, "source:old_ref": null, "source:ref": null, "surface": null, "tracktype": null, "trees": null, "tunnel": null, "waterway": null, "wikidata": null, "wikipedia": null, "label": "natural:bare_rock" }, "geometry": { "type": "MultiPolygon", "coordinates": [ [ [ [ 25.8445717, 35.1474304 ], [ 25.8451403, 35.1469742 ], [ 25.8453549, 35.1465092 ], [ 25.845151, 35.1463864 ], [ 25.8448828, 35.1458864 ], [ 25.8449043, 35.1453688 ], [ 25.8447648, 35.1448336 ], [ 25.844499011194763, 35.144864309343944 ], [ 25.844499011194763, 35.145972255538808 ], [ 25.8446146, 35.1460922 ], [ 25.8445162, 35.1468061 ], [ 25.844499011194763, 35.146816791683193 ], [ 25.844499011194763, 35.147522097884234 ], [ 25.8445717, 35.1474304 ] ] ], [ [ [ 25.844518, 35.1478467 ], [ 25.844499011194763, 35.147849379551751 ], [ 25.844499011194763, 35.147873014884944 ], [ 25.844518, 35.1478467 ] ] ] ] } },
{ "type": "Feature", "properties": { "@type": "node", "@id": 8255336760, "addr:city": null, "addr:postcode": null, "amenity": null, "barrier": null, "bicycle": null, "building": null, "cuisine": null, "denomination": null, "ele": "219", "foot": null, "ford": null, "highway": null, "historic": null, "int_name": null, "int_ref": null, "intermittent": null, "landuse": null, "lanes": null, "layer": null, "leisure": null, "lit": null, "maxspeed": null, "maxspeed:type": null, "motor_vehicle": null, "name": "Χωματάς", "name:el": null, "name:en": null, "natural": "peak", "old_ref": null, "parking": null, "phone": null, "place": null, "population": null, "ref": null, "religion": null, "shoulder": null, "smoothness": null, "source:old_ref": null, "source:ref": null, "surface": null, "tracktype": null, "trees": null, "tunnel": null, "waterway": null, "wikidata": null, "wikipedia": null, "label": "natural:peak" }, "geometry": { "type": "Point", "coordinates": [ 25.8455135, 35.1456226 ] } },
{ "type": "Feature", "properties": { "@type": "node", "@id": 11225363661, "addr:city": "Kavousi", "addr:postcode": null, "amenity": "restaurant", "barrier": null, "bicycle": null, "building": null, "cuisine": null, "denomination": null, "ele": null, "foot": null, "ford": null, "highway": null, "historic": null, "int_name": null, "int_ref": null, "intermittent": null, "landuse": null, "lanes": null, "layer": null, "leisure": null, "lit": null, "maxspeed": null, "maxspeed:type": null, "motor_vehicle": null, "name": "Tholos Beach", "name:el": null, "name:en": null, "natural": null, "old_ref": null, "parking": null, "phone": "2842094793", "place": null, "population": null, "ref": null, "religion": null, "shoulder": null, "smoothness": null, "source:old_ref": null, "source:ref": null, "surface": null, "tracktype": null, "trees": null, "tunnel": null, "waterway": null, "wikidata": null, "wikipedia": null, "label": "amenity:restaurant" }, "geometry": { "type": "Point", "coordinates": [ 25.8619778, 35.1516063 ] } },
{ "type": "Feature", "properties": { "@type": "node", "@id": 11225363677, "addr:city": null, "addr:postcode": null, "amenity": "shower", "barrier": null, "bicycle": null, "building": null, "cuisine": null, "denomination": null, "ele": null, "foot": null, "ford": null, "highway": null, "historic": null, "int_name": null, "int_ref": null, "intermittent": null, "landuse": null, "lanes": null, "layer": null, "leisure": null, "lit": null, "maxspeed": null, "maxspeed:type": null, "motor_vehicle": null, "name": null, "name:el": null, "name:en": null, "natural": null, "old_ref": null, "parking": null, "phone": null, "place": null, "population": null, "ref": null, "religion": null, "shoulder": null, "smoothness": null, "source:old_ref": null, "source:ref": null, "surface": null, "tracktype": null, "trees": null, "tunnel": null, "waterway": null, "wikidata": null, "wikipedia": null, "label": "amenity:shower" }, "geometry": { "type": "Point", "coordinates": [ 25.8620105, 35.1518339 ] } },
{ "type": "Feature", "properties": { "@type": "node", "@id": 11225363684, "addr:city": null, "addr:postcode": null, "amenity": "restaurant", "barrier": null, "bicycle": null, "building": null, "cuisine": "greek", "denomination": null, "ele": null, "foot": null, "ford": null, "highway": null, "historic": null, "int_name": null, "int_ref": null, "intermittent": null, "landuse": null, "lanes": null, "layer": null, "leisure": null, "lit": null, "maxspeed": null, "maxspeed:type": null, "motor_vehicle": null, "name": "Petros Kantina", "name:el": null, "name:en": null, "natural": null, "old_ref": null, "parking": null, "phone": null, "place": null, "population": null, "ref": null, "religion": null, "shoulder": null, "smoothness": null, "source:old_ref": null, "source:ref": null, "surface": null, "tracktype": null, "trees": null, "tunnel": null, "waterway": null, "wikidata": null, "wikipedia": null, "label": "amenity:restaurant" }, "geometry": { "type": "Point", "coordinates": [ 25.8613751, 35.1537151 ] } },
{ "type": "Feature", "properties": { "@type": "node", "@id": 11225363694, "addr:city": null, "addr:postcode": null, "amenity": "shower", "barrier": null, "bicycle": null, "building": null, "cuisine": null, "denomination": null, "ele": null, "foot": null, "ford": null, "highway": null, "historic": null, "int_name": null, "int_ref": null, "intermittent": null, "landuse": null, "lanes": null, "layer": null, "leisure": null, "lit": null, "maxspeed": null, "maxspeed:type": null, "motor_vehicle": null, "name": null, "name:el": null, "name:en": null, "natural": null, "old_ref": null, "parking": null, "phone": null, "place": null, "population": null, "ref": null, "religion": null, "shoulder": null, "smoothness": null, "source:old_ref": null, "source:ref": null, "surface": null, "tracktype": null, "trees": null, "tunnel": null, "waterway": null, "wikidata": null, "wikipedia": null, "label": "amenity:shower" }, "geometry": { "type": "Point", "coordinates": [ 25.8611449, 35.1522619 ] } },
{ "type": "Feature", "properties": { "@type": "relation", "@id": 895666, "addr:city": null, "addr:postcode": null, "amenity": null, "barrier": null, "bicycle": null, "building": null, "cuisine": null, "denomination": null, "ele": null, "foot": null, "ford": null, "highway": null, "historic": null, "int_name": "Katergo", "int_ref": null, "intermittent": null, "landuse": null, "lanes": null, "layer": null, "leisure": null, "lit": null, "maxspeed": null, "maxspeed:type": null, "motor_vehicle": null, "name": "Κάτεργο", "name:el": "Κάτεργο", "name:en": "Katergo", "natural": "bare_rock", "old_ref": null, "parking": null, "phone": null, "place": "islet", "population": "0", "ref": null, "religion": null, "shoulder": null, "smoothness": null, "source:old_ref": null, "source:ref": null, "surface": null, "tracktype": null, "trees": null, "tunnel": null, "waterway": null, "wikidata": "Q6375956", "wikipedia": "en:Katergo", "label": "natural:bare_rock" }, "geometry": { "type": "Polygon", "coordinates": [ [ [ 25.8471192, 35.1572985 ], [ 25.8471809, 35.1573227 ], [ 25.8472292, 35.1572744 ], [ 25.8472306, 35.1572229 ], [ 25.8472252, 35.1571615 ], [ 25.8473003, 35.157122 ], [ 25.84737, 35.1571023 ], [ 25.8475202, 35.1570409 ], [ 25.8475846, 35.1569883 ], [ 25.8475806, 35.1569532 ], [ 25.8475712, 35.1569104 ], [ 25.8476074, 35.1568863 ], [ 25.8476637, 35.1568753 ], [ 25.8476959, 35.1568457 ], [ 25.8476785, 35.1568019 ], [ 25.8476315, 35.1567821 ], [ 25.8475739, 35.1567865 ], [ 25.8474545, 35.156826 ], [ 25.8473969, 35.1568271 ], [ 25.8473754, 35.1568654 ], [ 25.8473432, 35.1568819 ], [ 25.8472976, 35.1568972 ], [ 25.8472922, 35.1569301 ], [ 25.8472547, 35.1569608 ], [ 25.8472534, 35.1570266 ], [ 25.8472815, 35.1570497 ], [ 25.847256, 35.1571045 ], [ 25.8472265, 35.1571418 ], [ 25.8471689, 35.157167 ], [ 25.8470951, 35.1571999 ], [ 25.8470656, 35.1572437 ], [ 25.8471192, 35.1572985 ] ] ] } },
{ "type": "Feature", "properties": { "@type": "way", "@id": 214734400, "addr:city": null, "addr:postcode": null, "amenity": "parking", "barrier": null, "bicycle": null, "building": null, "cuisine": null, "denomination": null, "ele": null, "foot": null, "ford": null, "highway": null, "historic": null, "int_name": null, "int_ref": null, "intermittent": null, "landuse": null, "lanes": null, "layer": null, "leisure": null, "lit": null, "maxspeed": null, "maxspeed:type": null, "motor_vehicle": null, "name": null, "name:el": null, "name:en": null, "natural": null, "old_ref": null, "parking": "surface", "phone": null, "place": null, "population": null, "ref": null, "religion": null, "shoulder": null, "smoothness": null, "source:old_ref": null, "source:ref": null, "surface": "unpaved", "tracktype": null, "trees": null, "tunnel": null, "waterway": null, "wikidata": null, "wikipedia": null, "label": "amenity:parking" }, "geometry": { "type": "Polygon", "coordinates": [ [ [ 25.8633704, 35.1516257 ], [ 25.8633812, 35.1516497 ], [ 25.8634476, 35.151717 ], [ 25.8635851, 35.1517301 ], [ 25.8637393, 35.1517722 ], [ 25.863854, 35.1518239 ], [ 25.8638535, 35.1517256 ], [ 25.8637086, 35.1516471 ], [ 25.8636602, 35.1516076 ], [ 25.8636446, 35.1515607 ], [ 25.8635907, 35.1515674 ], [ 25.8635294, 35.1515588 ], [ 25.8634787, 35.1515776 ], [ 25.8633669, 35.1515768 ], [ 25.8633704, 35.1516257 ] ] ] } },
{ "type": "Feature", "properties": { "@type": "way", "@id": 350405169, "addr:city": null, "addr:postcode": null, "amenity": null, "barrier": null, "bicycle": null, "building": null, "cuisine": null, "denomination": null, "ele": null, "foot": null, "ford": null, "highway": null, "historic": null, "int_name": null, "int_ref": null, "intermittent": null, "landuse": null, "lanes": null, "layer": null, "leisure": null, "lit": null, "maxspeed": null, "maxspeed:type": null, "motor_vehicle": null, "name": "Tholos Beach", "name:el": null, "name:en": null, "natural": "beach", "old_ref": null, "parking": null, "phone": null, "place": null, "population": null, "ref": null, "religion": null, "shoulder": null, "smoothness": null, "source:old_ref": null, "source:ref": null, "surface": null, "tracktype": null, "trees": null, "tunnel": null, "waterway": null, "wikidata": null, "wikipedia": null, "label": "natural:beach" }, "geometry": { "type": "Polygon", "coordinates": [ [ [ 25.8609729, 35.1527383 ], [ 25.8610372, 35.1528304 ], [ 25.8612129, 35.1526056 ], [ 25.861394, 35.1524192 ], [ 25.8616327, 35.1522382 ], [ 25.8617899, 35.1521569 ], [ 25.8620892, 35.1520098 ], [ 25.8623225, 35.1519322 ], [ 25.8625926, 35.1518982 ], [ 25.8627608, 35.1518722 ], [ 25.8628852, 35.151853 ], [ 25.863187, 35.1518259 ], [ 25.8634043, 35.1518281 ], [ 25.863593, 35.1518304 ], [ 25.8637315, 35.1518862 ], [ 25.863824, 35.1519553 ], [ 25.8638723, 35.1520354 ], [ 25.8639327, 35.1522097 ], [ 25.864028, 35.1521828 ], [ 25.8639568, 35.1519532 ], [ 25.863854, 35.1518239 ], [ 25.8637393, 35.1517722 ], [ 25.8635851, 35.1517301 ], [ 25.8634476, 35.151717 ], [ 25.8633704, 35.1516257 ], [ 25.8630399, 35.1516379 ], [ 25.8627218, 35.1516654 ], [ 25.8622116, 35.1517542 ], [ 25.8620734, 35.1517844 ], [ 25.861773, 35.1518956 ], [ 25.8615829, 35.1519633 ], [ 25.8614496, 35.1520171 ], [ 25.8613439, 35.152078 ], [ 25.8611563, 35.1522211 ], [ 25.8609966, 35.1523618 ], [ 25.8608667, 35.1525681 ], [ 25.8609729, 35.1527383 ] ] ] } },
{ "type": "Feature", "properties": { "@type": "way", "@id": 435470026, "addr:city": null, "addr:postcode": null, "amenity": "place_of_worship", "barrier": null, "bicycle": null, "building": "yes", "cuisine": null, "denomination": "greek_orthodox", "ele": null, "foot": null, "ford": null, "highway": null, "historic": null, "int_name": null, "int_ref": null, "intermittent": null, "landuse": null, "lanes": null, "layer": null, "leisure": null, "lit": null, "maxspeed": null, "maxspeed:type": null, "motor_vehicle": null, "name": "Άγιος Ραφαήλ", "name:el": null, "name:en": null, "natural": null, "old_ref": null, "parking": null, "phone": null, "place": null, "population": null, "ref": null, "religion": "christian", "shoulder": null, "smoothness": null, "source:old_ref": null, "source:ref": null, "surface": null, "tracktype": null, "trees": null, "tunnel": null, "waterway": null, "wikidata": null, "wikipedia": null, "label": "building:yes;amenity:place_of_worship" }, "geometry": { "type": "Polygon", "coordinates": [ [ [ 25.8646549, 35.1514899 ], [ 25.8647461, 35.151486 ], [ 25.8647431, 35.1514402 ], [ 25.8646519, 35.1514441 ], [ 25.8646549, 35.1514899 ] ] ] } },
{ "type": "Feature", "properties": { "@type": "way", "@id": 435470030, "addr:city": null, "addr:postcode": null, "amenity": null, "barrier": null, "bicycle": null, "building": "yes", "cuisine": null, "denomination": null, "ele": null, "foot": null, "ford": null, "highway": null, "historic": null, "int_name": null, "int_ref": null, "intermittent": null, "landuse": null, "lanes": null, "layer": null, "leisure": null, "lit": null, "maxspeed": null, "maxspeed:type": null, "motor_vehicle": null, "name": null, "name:el": null, "name:en": null, "natural": null, "old_ref": null, "parking": null, "phone": null, "place": null, "population": null, "ref": null, "religion": null, "shoulder": null, "smoothness": null, "source:old_ref": null, "source:ref": null, "surface": null, "tracktype": null, "trees": null, "tunnel": null, "waterway": null, "wikidata": null, "wikipedia": null, "label": "building:yes" }, "geometry": { "type": "Polygon", "coordinates": [ [ [ 25.8643732, 35.1518494 ], [ 25.8645017, 35.1518026 ], [ 25.8644058, 35.1516265 ], [ 25.8643614, 35.1516427 ], [ 25.8643495, 35.1516208 ], [ 25.8643037, 35.1516375 ], [ 25.8643268, 35.15168 ], [ 25.8642885, 35.1516939 ], [ 25.8643732, 35.1518494 ] ] ] } },
{ "type": "Feature", "properties": { "@type": "way", "@id": 567876910, "addr:city": null, "addr:postcode": null, "amenity": null, "barrier": null, "bicycle": null, "building": null, "cuisine": null, "denomination": null, "ele": null, "foot": null, "ford": null, "highway": null, "historic": null, "int_name": null, "int_ref": null, "intermittent": null, "landuse": null, "lanes": null, "layer": null, "leisure": null, "lit": null, "maxspeed": null, "maxspeed:type": null, "motor_vehicle": null, "name": null, "name:el": null, "name:en": null, "natural": "bare_rock", "old_ref": null, "parking": null, "phone": null, "place": null, "population": null, "ref": null, "religion": null, "shoulder": null, "smoothness": null, "source:old_ref": null, "source:ref": null, "surface": null, "tracktype": null, "trees": null, "tunnel": null, "waterway": null, "wikidata": null, "wikipedia": null, "label": "natural:bare_rock" }, "geometry": { "type": "Polygon", "coordinates": [ [ [ 25.8722514, 35.1586613 ], [ 25.8722385, 35.1586903 ], [ 25.8722385, 35.158718 ], [ 25.8722676, 35.1587325 ], [ 25.872276976622715, 35.158731524831239 ], [ 25.872276976622715, 35.158660443051296 ], [ 25.8722514, 35.1586613 ] ] ] } },
{ "type": "Feature", "properties": { "@type": "way", "@id": 567876914, "addr:city": null, "addr:postcode": null, "amenity": null, "barrier": null, "bicycle": null, "building": null, "cuisine": null, "denomination": null, "ele": null, "foot": null, "ford": null, "highway": null, "historic": null, "int_name": null, "int_ref": null, "intermittent": null, "landuse": null, "lanes": null, "layer": null, "leisure": null, "lit": null, "maxspeed": null, "maxspeed:type": null, "motor_vehicle": null, "name": null, "name:el": null, "name:en": null, "natural": "bare_rock", "old_ref": null, "parking": null, "phone": null, "place": null, "population": null, "ref": null, "religion": null, "shoulder": null, "smoothness": null, "source:old_ref": null, "source:ref": null, "surface": null, "tracktype": null, "trees": null, "tunnel": null, "waterway": null, "wikidata": null, "wikipedia": null, "label": "natural:bare_rock" }, "geometry": { "type": "Polygon", "coordinates": [ [ [ 25.8721161, 35.1583981 ], [ 25.872137, 35.1583731 ], [ 25.8721386, 35.1583573 ], [ 25.8721273, 35.1583441 ], [ 25.8721015, 35.1583375 ], [ 25.8720838, 35.1583665 ], [ 25.8720806, 35.1583889 ], [ 25.8721161, 35.1583981 ] ] ] } },
{ "type": "Feature", "properties": { "@type": "way", "@id": 567876916, "addr:city": null, "addr:postcode": null, "amenity": null, "barrier": null, "bicycle": null, "building": null, "cuisine": null, "denomination": null, "ele": null, "foot": null, "ford": null, "highway": null, "historic": null, "int_name": null, "int_ref": null, "intermittent": null, "landuse": null, "lanes": null, "layer": null, "leisure": null, "lit": null, "maxspeed": null, "maxspeed:type": null, "motor_vehicle": null, "name": null, "name:el": null, "name:en": null, "natural": "bare_rock", "old_ref": null, "parking": null, "phone": null, "place": null, "population": null, "ref": null, "religion": null, "shoulder": null, "smoothness": null, "source:old_ref": null, "source:ref": null, "surface": null, "tracktype": null, "trees": null, "tunnel": null, "waterway": null, "wikidata": null, "wikipedia": null, "label": "natural:bare_rock" }, "geometry": { "type": "Polygon", "coordinates": [ [ [ 25.8722661, 35.1584812 ], [ 25.8722354, 35.1584944 ], [ 25.8722338, 35.1585155 ], [ 25.8722709, 35.1585182 ], [ 25.872276976622715, 35.158511800724753 ], [ 25.872276976622715, 35.158487482769644 ], [ 25.8722661, 35.1584812 ] ] ] } },
{ "type": "Feature", "properties": { "@type": "way", "@id": 590993426, "addr:city": null, "addr:postcode": null, "amenity": null, "barrier": null, "bicycle": null, "building": null, "cuisine": null, "denomination": null, "ele": null, "foot": null, "ford": null, "highway": null, "historic": null, "int_name": null, "int_ref": null, "intermittent": null, "landuse": null, "lanes": null, "layer": null, "leisure": "swimming_pool", "lit": null, "maxspeed": null, "maxspeed:type": null, "motor_vehicle": null, "name": null, "name:el": null, "name:en": null, "natural": null, "old_ref": null, "parking": null, "phone": null, "place": null, "population": null, "ref": null, "religion": null, "shoulder": null, "smoothness": null, "source:old_ref": null, "source:ref": null, "surface": null, "tracktype": null, "trees": null, "tunnel": null, "waterway": null, "wikidata": null, "wikipedia": null, "label": "leisure:swimming_pool" }, "geometry": { "type": "Polygon", "coordinates": [ [ [ 25.8670451, 35.15288 ], [ 25.8670918, 35.1528647 ], [ 25.8670591, 35.1528036 ], [ 25.8670101, 35.1528227 ], [ 25.8670451, 35.15288 ] ] ] } },
{ "type": "Feature", "properties": { "@type": "way", "@id": 590993427, "addr:city": null, "addr:postcode": null, "amenity": null, "barrier": null, "bicycle": null, "building": null, "cuisine": null, "denomination": null, "ele": null, "foot": null, "ford": null, "highway": null, "historic": null, "int_name": null, "int_ref": null, "intermittent": null, "landuse": null, "lanes": null, "layer": null, "leisure": "swimming_pool", "lit": null, "maxspeed": null, "maxspeed:type": null, "motor_vehicle": null, "name": null, "name:el": null, "name:en": null, "natural": null, "old_ref": null, "parking": null, "phone": null, "place": null, "population": null, "ref": null, "religion": null, "shoulder": null, "smoothness": null, "source:old_ref": null, "source:ref": null, "surface": null, "tracktype": null, "trees": null, "tunnel": null, "waterway": null, "wikidata": null, "wikipedia": null, "label": "leisure:swimming_pool" }, "geometry": { "type": "Polygon", "coordinates": [ [ [ 25.8662695, 35.1543647 ], [ 25.8663209, 35.154336 ], [ 25.8662415, 35.1542616 ], [ 25.8661924, 35.1542959 ], [ 25.8662695, 35.1543647 ] ] ] } },
{ "type": "Feature", "properties": { "@type": "way", "@id": 725460944, "addr:city": null, "addr:postcode": null, "amenity": null, "barrier": null, "bicycle": null, "building": "yes", "cuisine": null, "denomination": null, "ele": null, "foot": null, "ford": null, "highway": null, "historic": null, "int_name": null, "int_ref": null, "intermittent": null, "landuse": null, "lanes": null, "layer": null, "leisure": null, "lit": null, "maxspeed": null, "maxspeed:type": null, "motor_vehicle": null, "name": null, "name:el": null, "name:en": null, "natural": null, "old_ref": null, "parking": null, "phone": null, "place": null, "population": null, "ref": null, "religion": null, "shoulder": null, "smoothness": null, "source:old_ref": null, "source:ref": null, "surface": null, "tracktype": null, "trees": null, "tunnel": null, "waterway": null, "wikidata": null, "wikipedia": null, "label": "building:yes" }, "geometry": { "type": "Polygon", "coordinates": [ [ [ 25.8691385, 35.1453641 ], [ 25.8691985, 35.1453306 ], [ 25.8691192, 35.1452356 ], [ 25.8690591, 35.1452692 ], [ 25.8691385, 35.1453641 ] ] ] } },
{ "type": "Feature", "properties": { "@type": "way", "@id": 725461556, "addr:city": null, "addr:postcode": null, "amenity": null, "barrier": null, "bicycle": null, "building": "yes", "cuisine": null, "denomination": null, "ele": null, "foot": null, "ford": null, "highway": null, "historic": null, "int_name": null, "int_ref": null, "intermittent": null, "landuse": null, "lanes": null, "layer": null, "leisure": null, "lit": null, "maxspeed": null, "maxspeed:type": null, "motor_vehicle": null, "name": null, "name:el": null, "name:en": null, "natural": null, "old_ref": null, "parking": null, "phone": null, "place": null, "population": null, "ref": null, "religion": null, "shoulder": null, "smoothness": null, "source:old_ref": null, "source:ref": null, "surface": null, "tracktype": null, "trees": null, "tunnel": null, "waterway": null, "wikidata": null, "wikipedia": null, "label": "building:yes" }, "geometry": { "type": "Polygon", "coordinates": [ [ [ 25.8670582, 35.1486014 ], [ 25.8671255, 35.1485849 ], [ 25.867144, 35.1486355 ], [ 25.8672092, 35.1486195 ], [ 25.8671593, 35.1484837 ], [ 25.8670884, 35.1485011 ], [ 25.867099, 35.14853 ], [ 25.8670375, 35.1485451 ], [ 25.8670582, 35.1486014 ] ] ] } },
{ "type": "Feature", "properties": { "@type": "way", "@id": 725461557, "addr:city": null, "addr:postcode": null, "amenity": null, "barrier": null, "bicycle": null, "building": "yes", "cuisine": null, "denomination": null, "ele": null, "foot": null, "ford": null, "highway": null, "historic": null, "int_name": null, "int_ref": null, "intermittent": null, "landuse": null, "lanes": null, "layer": null, "leisure": null, "lit": null, "maxspeed": null, "maxspeed:type": null, "motor_vehicle": null, "name": null, "name:el": null, "name:en": null, "natural": null, "old_ref": null, "parking": null, "phone": null, "place": null, "population": null, "ref": null, "religion": null, "shoulder": null, "smoothness": null, "source:old_ref": null, "source:ref": null, "surface": null, "tracktype": null, "trees": null, "tunnel": null, "waterway": null, "wikidata": null, "wikipedia": null, "label": "building:yes" }, "geometry": { "type": "Polygon", "coordinates": [ [ [ 25.8657009, 35.1492366 ], [ 25.8658147, 35.1491876 ], [ 25.8657573, 35.1490984 ], [ 25.8656435, 35.1491475 ], [ 25.8657009, 35.1492366 ] ] ] } },
{ "type": "Feature", "properties": { "@type": "way", "@id": 725464363, "addr:city": null, "addr:postcode": null, "amenity": null, "barrier": null, "bicycle": null, "building": "yes", "cuisine": null, "denomination": null, "ele": null, "foot": null, "ford": null, "highway": null, "historic": null, "int_name": null, "int_ref": null, "intermittent": null, "landuse": null, "lanes": null, "layer": null, "leisure": null, "lit": null, "maxspeed": null, "maxspeed:type": null, "motor_vehicle": null, "name": null, "name:el": null, "name:en": null, "natural": null, "old_ref": null, "parking": null, "phone": null, "place": null, "population": null, "ref": null, "religion": null, "shoulder": null, "smoothness": null, "source:old_ref": null, "source:ref": null, "surface": null, "tracktype": null, "trees": null, "tunnel": null, "waterway": null, "wikidata": null, "wikipedia": null, "label": "building:yes" }, "geometry": { "type": "Polygon", "coordinates": [ [ [ 25.8658122, 35.1543769 ], [ 25.8659099, 35.1542936 ], [ 25.8658176, 35.1542212 ], [ 25.8657199, 35.1543045 ], [ 25.8658122, 35.1543769 ] ] ] } },
{ "type": "Feature", "properties": { "@type": "way", "@id": 725464364, "addr:city": null, "addr:postcode": null, "amenity": null, "barrier": null, "bicycle": null, "building": "yes", "cuisine": null, "denomination": null, "ele": null, "foot": null, "ford": null, "highway": null, "historic": null, "int_name": null, "int_ref": null, "intermittent": null, "landuse": null, "lanes": null, "layer": null, "leisure": null, "lit": null, "maxspeed": null, "maxspeed:type": null, "motor_vehicle": null, "name": null, "name:el": null, "name:en": null, "natural": null, "old_ref": null, "parking": null, "phone": null, "place": null, "population": null, "ref": null, "religion": null, "shoulder": null, "smoothness": null, "source:old_ref": null, "source:ref": null, "surface": null, "tracktype": null, "trees": null, "tunnel": null, "waterway": null, "wikidata": null, "wikipedia": null, "label": "building:yes" }, "geometry": { "type": "Polygon", "coordinates": [ [ [ 25.8664439, 35.1543289 ], [ 25.8665907, 35.1542271 ], [ 25.8664734, 35.154114 ], [ 25.8663266, 35.1542158 ], [ 25.8664439, 35.1543289 ] ] ] } },
{ "type": "Feature", "properties": { "@type": "way", "@id": 725464366, "addr:city": null, "addr:postcode": null, "amenity": null, "barrier": null, "bicycle": null, "building": null, "cuisine": null, "denomination": null, "ele": null, "foot": null, "ford": null, "highway": null, "historic": null, "int_name": null, "int_ref": null, "intermittent": null, "landuse": null, "lanes": null, "layer": null, "leisure": null, "lit": null, "maxspeed": null, "maxspeed:type": null, "motor_vehicle": null, "name": null, "name:el": null, "name:en": null, "natural": "beach", "old_ref": null, "parking": null, "phone": null, "place": null, "population": null, "ref": null, "religion": null, "shoulder": null, "smoothness": null, "source:old_ref": null, "source:ref": null, "surface": null, "tracktype": null, "trees": null, "tunnel": null, "waterway": null, "wikidata": null, "wikipedia": null, "label": "natural:beach" }, "geometry": { "type": "Polygon", "coordinates": [ [ [ 25.8683071, 35.1568352 ], [ 25.8682859, 35.1566988 ], [ 25.8682216, 35.1566725 ], [ 25.8681337, 35.1566995 ], [ 25.8680303, 35.1567638 ], [ 25.8683071, 35.1568352 ] ] ] } },
{ "type": "Feature", "properties": { "@type": "way", "@id": 725467289, "addr:city": null, "addr:postcode": null, "amenity": null, "barrier": null, "bicycle": null, "building": "yes", "cuisine": null, "denomination": null, "ele": null, "foot": null, "ford": null, "highway": null, "historic": null, "int_name": null, "int_ref": null, "intermittent": null, "landuse": null, "lanes": null, "layer": null, "leisure": null, "lit": null, "maxspeed": null, "maxspeed:type": null, "motor_vehicle": null, "name": null, "name:el": null, "name:en": null, "natural": null, "old_ref": null, "parking": null, "phone": null, "place": null, "population": null, "ref": null, "religion": null, "shoulder": null, "smoothness": null, "source:old_ref": null, "source:ref": null, "surface": null, "tracktype": null, "trees": null, "tunnel": null, "waterway": null, "wikidata": null, "wikipedia": null, "label": "building:yes" }, "geometry": { "type": "Polygon", "coordinates": [ [ [ 25.8486126, 35.1477672 ], [ 25.8486603, 35.1477656 ], [ 25.8486582, 35.1477233 ], [ 25.8486105, 35.1477249 ], [ 25.8486126, 35.1477672 ] ] ] } },
{ "type": "Feature", "properties": { "@type": "way", "@id": 819935121, "addr:city": null, "addr:postcode": null, "amenity": "place_of_worship", "barrier": null, "bicycle": null, "building": "yes", "cuisine": null, "denomination": null, "ele": null, "foot": null, "ford": null, "highway": null, "historic": null, "int_name": null, "int_ref": null, "intermittent": null, "landuse": null, "lanes": null, "layer": null, "leisure": null, "lit": null, "maxspeed": null, "maxspeed:type": null, "motor_vehicle": null, "name": "Ἅγιος Ἀντώνιος", "name:el": null, "name:en": null, "natural": null, "old_ref": null, "parking": null, "phone": null, "place": null, "population": null, "ref": null, "religion": "christian", "shoulder": null, "smoothness": null, "source:old_ref": null, "source:ref": null, "surface": null, "tracktype": null, "trees": null, "tunnel": null, "waterway": null, "wikidata": null, "wikipedia": null, "label": "building:yes;amenity:place_of_worship" }, "geometry": { "type": "Polygon", "coordinates": [ [ [ 25.8522959, 35.148362 ], [ 25.8523093, 35.1483335 ], [ 25.8522396, 35.1483181 ], [ 25.8522262, 35.1483444 ], [ 25.8522959, 35.148362 ] ] ] } },
{ "type": "Feature", "properties": { "@type": "way", "@id": 819935122, "addr:city": null, "addr:postcode": null, "amenity": "place_of_worship", "barrier": null, "bicycle": null, "building": "yes", "cuisine": null, "denomination": null, "ele": null, "foot": null, "ford": null, "highway": null, "historic": null, "int_name": null, "int_ref": null, "intermittent": null, "landuse": null, "lanes": null, "layer": null, "leisure": null, "lit": null, "maxspeed": null, "maxspeed:type": null, "motor_vehicle": null, "name": "Ἀνάληψις", "name:el": null, "name:en": null, "natural": null, "old_ref": null, "parking": null, "phone": null, "place": null, "population": null, "ref": null, "religion": "christian", "shoulder": null, "smoothness": null, "source:old_ref": null, "source:ref": null, "surface": null, "tracktype": null, "trees": null, "tunnel": null, "waterway": null, "wikidata": null, "wikipedia": null, "label": "building:yes;amenity:place_of_worship" }, "geometry": { "type": "Polygon", "coordinates": [ [ [ 25.8605088, 35.1532153 ], [ 25.8606134, 35.1531955 ], [ 25.8606, 35.1531407 ], [ 25.8604874, 35.153156 ], [ 25.8605088, 35.1532153 ] ] ] } },
{ "type": "Feature", "properties": { "@type": "way", "@id": 822190675, "addr:city": null, "addr:postcode": null, "amenity": null, "barrier": null, "bicycle": null, "building": "yes", "cuisine": null, "denomination": null, "ele": null, "foot": null, "ford": null, "highway": null, "historic": null, "int_name": null, "int_ref": null, "intermittent": null, "landuse": null, "lanes": null, "layer": null, "leisure": null, "lit": null, "maxspeed": null, "maxspeed:type": null, "motor_vehicle": null, "name": null, "name:el": null, "name:en": null, "natural": null, "old_ref": null, "parking": null, "phone": null, "place": null, "population": null, "ref": null, "religion": null, "shoulder": null, "smoothness": null, "source:old_ref": null, "source:ref": null, "surface": null, "tracktype": null, "trees": null, "tunnel": null, "waterway": null, "wikidata": null, "wikipedia": null, "label": "building:yes" }, "geometry": { "type": "Polygon", "coordinates": [ [ [ 25.8610307, 35.1443685 ], [ 25.8611483, 35.1443398 ], [ 25.8611208, 35.1442191 ], [ 25.8610107, 35.1442416 ], [ 25.8610307, 35.1443685 ] ] ] } },
{ "type": "Feature", "properties": { "@type": "way", "@id": 822522136, "addr:city": null, "addr:postcode": null, "amenity": null, "barrier": null, "bicycle": null, "building": "yes", "cuisine": null, "denomination": null, "ele": null, "foot": null, "ford": null, "highway": null, "historic": null, "int_name": null, "int_ref": null, "intermittent": null, "landuse": null, "lanes": null, "layer": null, "leisure": null, "lit": null, "maxspeed": null, "maxspeed:type": null, "motor_vehicle": null, "name": null, "name:el": null, "name:en": null, "natural": null, "old_ref": null, "parking": null, "phone": null, "place": null, "population": null, "ref": null, "religion": null, "shoulder": null, "smoothness": null, "source:old_ref": null, "source:ref": null, "surface": null, "tracktype": null, "trees": null, "tunnel": null, "waterway": null, "wikidata": null, "wikipedia": null, "label": "building:yes" }, "geometry": { "type": "Polygon", "coordinates": [ [ [ 25.8671654, 35.1528386 ], [ 25.8673049, 35.1527947 ], [ 25.867203, 35.1526851 ], [ 25.8671064, 35.1527246 ], [ 25.8671654, 35.1528386 ] ] ] } },
{ "type": "Feature", "properties": { "@type": "way", "@id": 822522137, "addr:city": null, "addr:postcode": null, "amenity": null, "barrier": null, "bicycle": null, "building": "yes", "cuisine": null, "denomination": null, "ele": null, "foot": null, "ford": null, "highway": null, "historic": null, "int_name": null, "int_ref": null, "intermittent": null, "landuse": null, "lanes": null, "layer": null, "leisure": null, "lit": null, "maxspeed": null, "maxspeed:type": null, "motor_vehicle": null, "name": null, "name:el": null, "name:en": null, "natural": null, "old_ref": null, "parking": null, "phone": null, "place": null, "population": null, "ref": null, "religion": null, "shoulder": null, "smoothness": null, "source:old_ref": null, "source:ref": null, "surface": null, "tracktype": null, "trees": null, "tunnel": null, "waterway": null, "wikidata": null, "wikipedia": null, "label": "building:yes" }, "geometry": { "type": "Polygon", "coordinates": [ [ [ 25.8644939, 35.1531237 ], [ 25.8645851, 35.1530886 ], [ 25.8645476, 35.1529965 ], [ 25.864451, 35.153014 ], [ 25.8644939, 35.1531237 ] ] ] } },
{ "type": "Feature", "properties": { "@type": "way", "@id": 822522138, "addr:city": null, "addr:postcode": null, "amenity": null, "barrier": null, "bicycle": null, "building": "yes", "cuisine": null, "denomination": null, "ele": null, "foot": null, "ford": null, "highway": null, "historic": null, "int_name": null, "int_ref": null, "intermittent": null, "landuse": null, "lanes": null, "layer": null, "leisure": null, "lit": null, "maxspeed": null, "maxspeed:type": null, "motor_vehicle": null, "name": null, "name:el": null, "name:en": null, "natural": null, "old_ref": null, "parking": null, "phone": null, "place": null, "population": null, "ref": null, "religion": null, "shoulder": null, "smoothness": null, "source:old_ref": null, "source:ref": null, "surface": null, "tracktype": null, "trees": null, "tunnel": null, "waterway": null, "wikidata": null, "wikipedia": null, "label": "building:yes" }, "geometry": { "type": "Polygon", "coordinates": [ [ [ 25.8642203, 35.1524263 ], [ 25.8643706, 35.1523693 ], [ 25.8642794, 35.1521544 ], [ 25.8641184, 35.1521807 ], [ 25.8642203, 35.1524263 ] ] ] } },
{ "type": "Feature", "properties": { "@type": "way", "@id": 822522141, "addr:city": null, "addr:postcode": null, "amenity": null, "barrier": null, "bicycle": null, "building": "yes", "cuisine": null, "denomination": null, "ele": null, "foot": null, "ford": null, "highway": null, "historic": null, "int_name": null, "int_ref": null, "intermittent": null, "landuse": null, "lanes": null, "layer": null, "leisure": null, "lit": null, "maxspeed": null, "maxspeed:type": null, "motor_vehicle": null, "name": null, "name:el": null, "name:en": null, "natural": null, "old_ref": null, "parking": null, "phone": null, "place": null, "population": null, "ref": null, "religion": null, "shoulder": null, "smoothness": null, "source:old_ref": null, "source:ref": null, "surface": null, "tracktype": null, "trees": null, "tunnel": null, "waterway": null, "wikidata": null, "wikipedia": null, "label": "building:yes" }, "geometry": { "type": "Polygon", "coordinates": [ [ [ 25.8699297, 35.145318 ], [ 25.870037, 35.1452565 ], [ 25.8697849, 35.1450021 ], [ 25.8696937, 35.1450723 ], [ 25.8699297, 35.145318 ] ] ] } },
{ "type": "Feature", "properties": { "@type": "way", "@id": 822522142, "addr:city": null, "addr:postcode": null, "amenity": null, "barrier": null, "bicycle": null, "building": "yes", "cuisine": null, "denomination": null, "ele": null, "foot": null, "ford": null, "highway": null, "historic": null, "int_name": null, "int_ref": null, "intermittent": null, "landuse": null, "lanes": null, "layer": null, "leisure": null, "lit": null, "maxspeed": null, "maxspeed:type": null, "motor_vehicle": null, "name": null, "name:el": null, "name:en": null, "natural": null, "old_ref": null, "parking": null, "phone": null, "place": null, "population": null, "ref": null, "religion": null, "shoulder": null, "smoothness": null, "source:old_ref": null, "source:ref": null, "surface": null, "tracktype": null, "trees": null, "tunnel": null, "waterway": null, "wikidata": null, "wikipedia": null, "label": "building:yes" }, "geometry": { "type": "Polygon", "coordinates": [ [ [ 25.8691386, 35.1472069 ], [ 25.8695141, 35.1471849 ], [ 25.8694712, 35.1470534 ], [ 25.8691386, 35.1470841 ], [ 25.8691386, 35.1472069 ] ] ] } },
{ "type": "Feature", "properties": { "@type": "way", "@id": 822522143, "addr:city": null, "addr:postcode": null, "amenity": null, "barrier": null, "bicycle": null, "building": "yes", "cuisine": null, "denomination": null, "ele": null, "foot": null, "ford": null, "highway": null, "historic": null, "int_name": null, "int_ref": null, "intermittent": null, "landuse": null, "lanes": null, "layer": null, "leisure": null, "lit": null, "maxspeed": null, "maxspeed:type": null, "motor_vehicle": null, "name": null, "name:el": null, "name:en": null, "natural": null, "old_ref": null, "parking": null, "phone": null, "place": null, "population": null, "ref": null, "religion": null, "shoulder": null, "smoothness": null, "source:old_ref": null, "source:ref": null, "surface": null, "tracktype": null, "trees": null, "tunnel": null, "waterway": null, "wikidata": null, "wikipedia": null, "label": "building:yes" }, "geometry": { "type": "Polygon", "coordinates": [ [ [ 25.8697877, 35.1460401 ], [ 25.8699111, 35.1459568 ], [ 25.8698145, 35.1458471 ], [ 25.8696858, 35.1459173 ], [ 25.8697877, 35.1460401 ] ] ] } },
{ "type": "Feature", "properties": { "@type": "way", "@id": 822522144, "addr:city": null, "addr:postcode": null, "amenity": null, "barrier": null, "bicycle": null, "building": "yes", "cuisine": null, "denomination": null, "ele": null, "foot": null, "ford": null, "highway": null, "historic": null, "int_name": null, "int_ref": null, "intermittent": null, "landuse": null, "lanes": null, "layer": null, "leisure": null, "lit": null, "maxspeed": null, "maxspeed:type": null, "motor_vehicle": null, "name": null, "name:el": null, "name:en": null, "natural": null, "old_ref": null, "parking": null, "phone": null, "place": null, "population": null, "ref": null, "religion": null, "shoulder": null, "smoothness": null, "source:old_ref": null, "source:ref": null, "surface": null, "tracktype": null, "trees": null, "tunnel": null, "waterway": null, "wikidata": null, "wikipedia": null, "label": "building:yes" }, "geometry": { "type": "Polygon", "coordinates": [ [ [ 25.8709303, 35.1467902 ], [ 25.8710108, 35.1467595 ], [ 25.8708498, 35.1464349 ], [ 25.8707908, 35.1464568 ], [ 25.8709303, 35.1467902 ] ] ] } },
{ "type": "Feature", "properties": { "@type": "way", "@id": 822522192, "addr:city": null, "addr:postcode": null, "amenity": null, "barrier": null, "bicycle": null, "building": null, "cuisine": null, "denomination": null, "ele": null, "foot": null, "ford": null, "highway": null, "historic": null, "int_name": null, "int_ref": null, "intermittent": null, "landuse": null, "lanes": null, "layer": null, "leisure": null, "lit": null, "maxspeed": null, "maxspeed:type": null, "motor_vehicle": null, "name": null, "name:el": null, "name:en": null, "natural": "wood", "old_ref": null, "parking": null, "phone": null, "place": null, "population": null, "ref": null, "religion": null, "shoulder": null, "smoothness": null, "source:old_ref": null, "source:ref": null, "surface": null, "tracktype": null, "trees": null, "tunnel": null, "waterway": null, "wikidata": null, "wikipedia": null, "label": "natural:wood" }, "geometry": { "type": "Polygon", "coordinates": [ [ [ 25.8484552, 35.155922 ], [ 25.8495389, 35.1556764 ], [ 25.8503113, 35.1559834 ], [ 25.8508156, 35.1559834 ], [ 25.8515881, 35.1563518 ], [ 25.8520494, 35.1571149 ], [ 25.8526931, 35.1573255 ], [ 25.8529721, 35.1572027 ], [ 25.8530257, 35.1564044 ], [ 25.8526288, 35.1558781 ], [ 25.8514808, 35.1549659 ], [ 25.8503542, 35.1545448 ], [ 25.8496354, 35.1545536 ], [ 25.8490561, 35.1551501 ], [ 25.8483694, 35.1552553 ], [ 25.8484552, 35.155922 ] ] ] } },
{ "type": "Feature", "properties": { "@type": "way", "@id": 822522193, "addr:city": null, "addr:postcode": null, "amenity": null, "barrier": null, "bicycle": null, "building": null, "cuisine": null, "denomination": null, "ele": null, "foot": null, "ford": null, "highway": null, "historic": null, "int_name": null, "int_ref": null, "intermittent": null, "landuse": null, "lanes": null, "layer": null, "leisure": null, "lit": null, "maxspeed": null, "maxspeed:type": null, "motor_vehicle": null, "name": null, "name:el": null, "name:en": null, "natural": "wood", "old_ref": null, "parking": null, "phone": null, "place": null, "population": null, "ref": null, "religion": null, "shoulder": null, "smoothness": null, "source:old_ref": null, "source:ref": null, "surface": null, "tracktype": null, "trees": null, "tunnel": null, "waterway": null, "wikidata": null, "wikipedia": null, "label": "natural:wood" }, "geometry": { "type": "Polygon", "coordinates": [ [ [ 25.8552144, 35.1589745 ], [ 25.8559332, 35.1591938 ], [ 25.8566092, 35.1593955 ], [ 25.85721, 35.1593341 ], [ 25.8572207, 35.1587201 ], [ 25.8585189, 35.1585798 ], [ 25.8586691, 35.1582026 ], [ 25.857843, 35.1582816 ], [ 25.8571885, 35.1584745 ], [ 25.85515, 35.1583079 ], [ 25.8545278, 35.1584833 ], [ 25.8552144, 35.1589745 ] ] ] } },
{ "type": "Feature", "properties": { "@type": "way", "@id": 823389688, "addr:city": null, "addr:postcode": null, "amenity": null, "barrier": null, "bicycle": null, "building": null, "cuisine": null, "denomination": null, "ele": null, "foot": null, "ford": null, "highway": null, "historic": null, "int_name": null, "int_ref": null, "intermittent": null, "landuse": "orchard", "lanes": null, "layer": null, "leisure": null, "lit": null, "maxspeed": null, "maxspeed:type": null, "motor_vehicle": null, "name": null, "name:el": null, "name:en": null, "natural": null, "old_ref": null, "parking": null, "phone": null, "place": null, "population": null, "ref": null, "religion": null, "shoulder": null, "smoothness": null, "source:old_ref": null, "source:ref": null, "surface": null, "tracktype": null, "trees": "olive_trees", "tunnel": null, "waterway": null, "wikidata": null, "wikipedia": null, "label": "landuse:orchard" }, "geometry": { "type": "Polygon", "coordinates": [ [ [ 25.8518488, 35.1398721 ], [ 25.8514841, 35.14046 ], [ 25.8512695, 35.141039 ], [ 25.851409, 35.1420479 ], [ 25.8517952, 35.1433846 ], [ 25.85113, 35.1440777 ], [ 25.8512802, 35.144262 ], [ 25.8522351, 35.1443585 ], [ 25.8524928, 35.1457741 ], [ 25.8522996, 35.1462216 ], [ 25.8523962, 35.1463532 ], [ 25.8527932, 35.1461777 ], [ 25.8535978, 35.1466953 ], [ 25.8540914, 35.1469936 ], [ 25.8547244, 35.1467128 ], [ 25.8563551, 35.1469146 ], [ 25.8576855, 35.1472918 ], [ 25.8583507, 35.1479788 ], [ 25.8601746, 35.1502334 ], [ 25.8604428, 35.1509001 ], [ 25.8608183, 35.1510229 ], [ 25.8607218, 35.1505316 ], [ 25.861387, 35.1502071 ], [ 25.8614513, 35.1496281 ], [ 25.8607325, 35.1484234 ], [ 25.8597776, 35.1470812 ], [ 25.8589964, 35.1465899 ], [ 25.858814, 35.1463443 ], [ 25.8582775, 35.1451825 ], [ 25.8572798, 35.1446298 ], [ 25.8560352, 35.1438753 ], [ 25.8549194, 35.142919 ], [ 25.8541899, 35.1424102 ], [ 25.8540933, 35.1417346 ], [ 25.8536427, 35.1412609 ], [ 25.8530955, 35.1399587 ], [ 25.852649257439694, 35.139145820014086 ], [ 25.85167022605113, 35.139145820014086 ], [ 25.8518488, 35.1398721 ] ] ] } },
{ "type": "Feature", "properties": { "@type": "way", "@id": 823407814, "addr:city": null, "addr:postcode": null, "amenity": null, "barrier": null, "bicycle": null, "building": null, "cuisine": null, "denomination": null, "ele": null, "foot": null, "ford": null, "highway": null, "historic": null, "int_name": null, "int_ref": null, "intermittent": null, "landuse": "orchard", "lanes": null, "layer": null, "leisure": null, "lit": null, "maxspeed": null, "maxspeed:type": null, "motor_vehicle": null, "name": null, "name:el": null, "name:en": null, "natural": null, "old_ref": null, "parking": null, "phone": null, "place": null, "population": null, "ref": null, "religion": null, "shoulder": null, "smoothness": null, "source:old_ref": null, "source:ref": null, "surface": null, "tracktype": null, "trees": "olive_trees", "tunnel": null, "waterway": null, "wikidata": null, "wikipedia": null, "label": "landuse:orchard" }, "geometry": { "type": "Polygon", "coordinates": [ [ [ 25.85333, 35.1391546 ], [ 25.8535553, 35.1398741 ], [ 25.8542312, 35.1399969 ], [ 25.8545853, 35.1406023 ], [ 25.8537592, 35.140883 ], [ 25.8538235, 35.141092 ], [ 25.8543171, 35.1414956 ], [ 25.8547891, 35.1419869 ], [ 25.8550359, 35.1426098 ], [ 25.8556474, 35.1432327 ], [ 25.8561517, 35.1434871 ], [ 25.8564521, 35.1436099 ], [ 25.856892, 35.1441012 ], [ 25.8576752, 35.1442767 ], [ 25.8585871, 35.145075 ], [ 25.8590163, 35.1462883 ], [ 25.8591558, 35.1464813 ], [ 25.8599712, 35.1466655 ], [ 25.8601428, 35.1470164 ], [ 25.8604003, 35.1476656 ], [ 25.8617307, 35.1490253 ], [ 25.8622779, 35.1501921 ], [ 25.862589, 35.1501044 ], [ 25.8624817, 35.1493061 ], [ 25.8618165, 35.1486397 ], [ 25.8616985, 35.1481572 ], [ 25.8615054, 35.147701 ], [ 25.8617843, 35.147508 ], [ 25.8615161, 35.1463851 ], [ 25.8612694, 35.1458763 ], [ 25.861087, 35.1457447 ], [ 25.8607329, 35.1457535 ], [ 25.8605183, 35.1457798 ], [ 25.8602287, 35.1456131 ], [ 25.8600999, 35.1451482 ], [ 25.8597673, 35.1442445 ], [ 25.8595849, 35.1434286 ], [ 25.8592416, 35.1423935 ], [ 25.8590163, 35.1412617 ], [ 25.8587159, 35.1402966 ], [ 25.8582694650318, 35.139145820014086 ], [ 25.853327569926481, 35.139145820014086 ], [ 25.85333, 35.1391546 ] ] ] } },
{ "type": "Feature", "properties": { "@type": "way", "@id": 823407815, "addr:city": null, "addr:postcode": null, "amenity": null, "barrier": null, "bicycle": null, "building": null, "cuisine": null, "denomination": null, "ele": null, "foot": null, "ford": null, "highway": null, "historic": null, "int_name": null, "int_ref": null, "intermittent": null, "landuse": "orchard", "lanes": null, "layer": null, "leisure": null, "lit": null, "maxspeed": null, "maxspeed:type": null, "motor_vehicle": null, "name": null, "name:el": null, "name:en": null, "natural": null, "old_ref": null, "parking": null, "phone": null, "place": null, "population": null, "ref": null, "religion": null, "shoulder": null, "smoothness": null, "source:old_ref": null, "source:ref": null, "surface": null, "tracktype": null, "trees": "olive_trees", "tunnel": null, "waterway": null, "wikidata": null, "wikipedia": null, "label": "landuse:orchard" }, "geometry": { "type": "Polygon", "coordinates": [ [ [ 25.8587052, 35.1397048 ], [ 25.8591021, 35.1408066 ], [ 25.8594669, 35.1425437 ], [ 25.8598639, 35.1438685 ], [ 25.8600892, 35.1445966 ], [ 25.860411, 35.145395 ], [ 25.8606149, 35.145509 ], [ 25.8611299, 35.1455441 ], [ 25.8613445, 35.1451757 ], [ 25.8620418, 35.1451493 ], [ 25.861956, 35.1455617 ], [ 25.8620633, 35.1457108 ], [ 25.862353, 35.1462372 ], [ 25.8620096, 35.1464916 ], [ 25.8616127, 35.1458336 ], [ 25.8615161, 35.1458512 ], [ 25.861956, 35.1465957 ], [ 25.8623208, 35.1464554 ], [ 25.8626963, 35.1466835 ], [ 25.8620204, 35.1469116 ], [ 25.8622886, 35.1479643 ], [ 25.8627392, 35.1491398 ], [ 25.8635331, 35.1493211 ], [ 25.8641554, 35.1491719 ], [ 25.8642438, 35.1492442 ], [ 25.8649279, 35.1498036 ], [ 25.8652176, 35.1496369 ], [ 25.865121, 35.1491105 ], [ 25.865754, 35.1488572 ], [ 25.8654321, 35.1480852 ], [ 25.8654643, 35.1474273 ], [ 25.864724, 35.147436 ], [ 25.864724, 35.1471202 ], [ 25.865239, 35.1470676 ], [ 25.8648206, 35.1458899 ], [ 25.8644022, 35.1455653 ], [ 25.8638228, 35.1454863 ], [ 25.8632542, 35.1452407 ], [ 25.8631147, 35.1450038 ], [ 25.8635117, 35.1448196 ], [ 25.8633186, 35.1444248 ], [ 25.8636404, 35.1442669 ], [ 25.8635668, 35.1440116 ], [ 25.8632445, 35.1428945 ], [ 25.8631469, 35.1425561 ], [ 25.863104, 35.1421262 ], [ 25.8628894, 35.1418192 ], [ 25.8622993, 35.1419771 ], [ 25.8621706, 35.1417841 ], [ 25.8625461, 35.1414332 ], [ 25.8618165, 35.1400996 ], [ 25.8615161, 35.1395732 ], [ 25.8613981, 35.1398276 ], [ 25.8610762, 35.1400821 ], [ 25.8605291, 35.1401698 ], [ 25.8602608, 35.1400733 ], [ 25.8593596, 35.140161 ], [ 25.8593274, 35.1400031 ], [ 25.8600248, 35.1398101 ], [ 25.8599926, 35.1397399 ], [ 25.8591665, 35.1399592 ], [ 25.8590485, 35.1397487 ], [ 25.8597566, 35.139503 ], [ 25.859522056488757, 35.139145820014086 ], [ 25.858481590143047, 35.139145820014086 ], [ 25.8587052, 35.1397048 ] ] ] } },
{ "type": "Feature", "properties": { "@type": "way", "@id": 823407827, "addr:city": null, "addr:postcode": null, "amenity": null, "barrier": null, "bicycle": null, "building": null, "cuisine": null, "denomination": null, "ele": null, "foot": null, "ford": null, "highway": null, "historic": null, "int_name": null, "int_ref": null, "intermittent": null, "landuse": "orchard", "lanes": null, "layer": null, "leisure": null, "lit": null, "maxspeed": null, "maxspeed:type": null, "motor_vehicle": null, "name": null, "name:el": null, "name:en": null, "natural": null, "old_ref": null, "parking": null, "phone": null, "place": null, "population": null, "ref": null, "religion": null, "shoulder": null, "smoothness": null, "source:old_ref": null, "source:ref": null, "surface": null, "tracktype": null, "trees": null, "tunnel": null, "waterway": null, "wikidata": null, "wikipedia": null, "label": "landuse:orchard" }, "geometry": { "type": "Polygon", "coordinates": [ [ [ 25.8624882, 35.1391638 ], [ 25.8618015, 35.1393042 ], [ 25.8622092, 35.1405939 ], [ 25.862574, 35.1412028 ], [ 25.8630461, 35.1416502 ], [ 25.863104, 35.1421262 ], [ 25.8632445, 35.1428945 ], [ 25.8661789, 35.1426328 ], [ 25.8673054, 35.1425964 ], [ 25.866769, 35.1417454 ], [ 25.866769, 35.1412541 ], [ 25.8668441, 35.140754 ], [ 25.8661467, 35.1408066 ], [ 25.8658249, 35.1406663 ], [ 25.865224, 35.1407364 ], [ 25.8651597, 35.1405785 ], [ 25.8657927, 35.1403329 ], [ 25.8651168, 35.1402188 ], [ 25.8648903, 35.1397626 ], [ 25.864728148624859, 35.139145820014086 ], [ 25.862465118000991, 35.139145820014086 ], [ 25.8624882, 35.1391638 ] ] ] } },
{ "type": "Feature", "properties": { "@type": "way", "@id": 823407828, "addr:city": null, "addr:postcode": null, "amenity": null, "barrier": null, "bicycle": null, "building": null, "cuisine": null, "denomination": null, "ele": null, "foot": null, "ford": null, "highway": null, "historic": null, "int_name": null, "int_ref": null, "intermittent": null, "landuse": "orchard", "lanes": null, "layer": null, "leisure": null, "lit": null, "maxspeed": null, "maxspeed:type": null, "motor_vehicle": null, "name": null, "name:el": null, "name:en": null, "natural": null, "old_ref": null, "parking": null, "phone": null, "place": null, "population": null, "ref": null, "religion": null, "shoulder": null, "smoothness": null, "source:old_ref": null, "source:ref": null, "surface": null, "tracktype": null, "trees": null, "tunnel": null, "waterway": null, "wikidata": null, "wikipedia": null, "label": "landuse:orchard" }, "geometry": { "type": "Polygon", "coordinates": [ [ [ 25.8635668, 35.1440116 ], [ 25.8639036, 35.1442058 ], [ 25.8642147, 35.1449428 ], [ 25.8658348, 35.1442146 ], [ 25.8659206, 35.1445831 ], [ 25.8650623, 35.1451182 ], [ 25.8645151, 35.1453469 ], [ 25.865073, 35.1457504 ], [ 25.8653734, 35.1456013 ], [ 25.8657382, 35.1457855 ], [ 25.8665322, 35.1454872 ], [ 25.8663712, 35.1451889 ], [ 25.8675407, 35.1448819 ], [ 25.8677874, 35.1458314 ], [ 25.8667897, 35.1459542 ], [ 25.8669291, 35.1467701 ], [ 25.866736, 35.146814 ], [ 25.8667253, 35.1472614 ], [ 25.8664571, 35.1473052 ], [ 25.8664034, 35.1468491 ], [ 25.8662103, 35.1461122 ], [ 25.8652447, 35.1462701 ], [ 25.8654643, 35.1474273 ], [ 25.8654321, 35.1480852 ], [ 25.865754, 35.1488572 ], [ 25.8666609, 35.1483843 ], [ 25.8672832, 35.1482439 ], [ 25.8675514, 35.1488317 ], [ 25.8683346, 35.1487264 ], [ 25.868914, 35.1486475 ], [ 25.8701478, 35.1483229 ], [ 25.8701371, 35.1479193 ], [ 25.8696543, 35.1479193 ], [ 25.8689783, 35.1476825 ], [ 25.8688496, 35.1473842 ], [ 25.8683239, 35.147393 ], [ 25.8684204, 35.1468227 ], [ 25.8690427, 35.1466999 ], [ 25.8690427, 35.1469456 ], [ 25.8695362, 35.1468929 ], [ 25.8693968, 35.1463753 ], [ 25.8696006, 35.1462613 ], [ 25.8702014, 35.1467438 ], [ 25.8705126, 35.1466824 ], [ 25.8698474, 35.1457086 ], [ 25.8695899, 35.145577 ], [ 25.8689462, 35.1457349 ], [ 25.8686787, 35.1454016 ], [ 25.8686251, 35.144998 ], [ 25.8683461, 35.1445243 ], [ 25.8674986, 35.1437961 ], [ 25.8673054, 35.1425964 ], [ 25.8661789, 35.1426328 ], [ 25.8632445, 35.1428945 ], [ 25.8635668, 35.1440116 ] ] ] } },
{ "type": "Feature", "properties": { "@type": "way", "@id": 823407829, "addr:city": null, "addr:postcode": null, "amenity": null, "barrier": null, "bicycle": null, "building": null, "cuisine": null, "denomination": null, "ele": null, "foot": null, "ford": null, "highway": null, "historic": null, "int_name": null, "int_ref": null, "intermittent": null, "landuse": "orchard", "lanes": null, "layer": null, "leisure": null, "lit": null, "maxspeed": null, "maxspeed:type": null, "motor_vehicle": null, "name": null, "name:el": null, "name:en": null, "natural": null, "old_ref": null, "parking": null, "phone": null, "place": null, "population": null, "ref": null, "religion": null, "shoulder": null, "smoothness": null, "source:old_ref": null, "source:ref": null, "surface": null, "tracktype": null, "trees": null, "tunnel": null, "waterway": null, "wikidata": null, "wikipedia": null, "label": "landuse:orchard" }, "geometry": { "type": "Polygon", "coordinates": [ [ [ 25.8718215, 35.1481711 ], [ 25.8720682, 35.1484782 ], [ 25.872276976622715, 35.148546167777127 ], [ 25.872276976622715, 35.148003351199321 ], [ 25.8718215, 35.1481711 ] ] ] } },
{ "type": "Feature", "properties": { "@type": "way", "@id": 823407830, "addr:city": null, "addr:postcode": null, "amenity": null, "barrier": null, "bicycle": null, "building": null, "cuisine": null, "denomination": null, "ele": null, "foot": null, "ford": null, "highway": null, "historic": null, "int_name": null, "int_ref": null, "intermittent": null, "landuse": "orchard", "lanes": null, "layer": null, "leisure": null, "lit": null, "maxspeed": null, "maxspeed:type": null, "motor_vehicle": null, "name": null, "name:el": null, "name:en": null, "natural": null, "old_ref": null, "parking": null, "phone": null, "place": null, "population": null, "ref": null, "religion": null, "shoulder": null, "smoothness": null, "source:old_ref": null, "source:ref": null, "surface": null, "tracktype": null, "trees": null, "tunnel": null, "waterway": null, "wikidata": null, "wikipedia": null, "label": "landuse:orchard" }, "geometry": { "type": "Polygon", "coordinates": [ [ [ 25.8652983, 35.150645 ], [ 25.8656309, 35.1513029 ], [ 25.8661996, 35.151338 ], [ 25.8672081, 35.1510836 ], [ 25.8680986, 35.150452 ], [ 25.8688174, 35.1496712 ], [ 25.8683239, 35.1490923 ], [ 25.8677445, 35.1488817 ], [ 25.8668755, 35.1489694 ], [ 25.8664249, 35.14868 ], [ 25.8660064, 35.1488466 ], [ 25.8659099, 35.1493642 ], [ 25.8659099, 35.149566 ], [ 25.865706, 35.1496449 ], [ 25.8655666, 35.1495046 ], [ 25.8651696, 35.1498116 ], [ 25.8650516, 35.1500572 ], [ 25.8652983, 35.150645 ] ] ] } },
{ "type": "Feature", "properties": { "@type": "way", "@id": 823407832, "addr:city": null, "addr:postcode": null, "amenity": null, "barrier": null, "bicycle": null, "building": null, "cuisine": null, "denomination": null, "ele": null, "foot": null, "ford": null, "highway": null, "historic": null, "int_name": null, "int_ref": null, "intermittent": null, "landuse": "orchard", "lanes": null, "layer": null, "leisure": null, "lit": null, "maxspeed": null, "maxspeed:type": null, "motor_vehicle": null, "name": null, "name:el": null, "name:en": null, "natural": null, "old_ref": null, "parking": null, "phone": null, "place": null, "population": null, "ref": null, "religion": null, "shoulder": null, "smoothness": null, "source:old_ref": null, "source:ref": null, "surface": null, "tracktype": null, "trees": null, "tunnel": null, "waterway": null, "wikidata": null, "wikipedia": null, "label": "landuse:orchard" }, "geometry": { "type": "Polygon", "coordinates": [ [ [ 25.8672833, 35.1534082 ], [ 25.8674871, 35.1535135 ], [ 25.8677553, 35.1537942 ], [ 25.8684527, 35.1544345 ], [ 25.8684313, 35.1545924 ], [ 25.8689248, 35.1547679 ], [ 25.8696436, 35.1547942 ], [ 25.8706199, 35.1553907 ], [ 25.8715641, 35.1554872 ], [ 25.8714675, 35.1552766 ], [ 25.8706092, 35.1547065 ], [ 25.8707916, 35.1543995 ], [ 25.8699547, 35.1537854 ], [ 25.8693861, 35.1540047 ], [ 25.8691787, 35.1540205 ], [ 25.8689248, 35.1540398 ], [ 25.8684634, 35.153531 ], [ 25.8688068, 35.1533644 ], [ 25.8684849, 35.1528556 ], [ 25.8678626, 35.1530398 ], [ 25.8675837, 35.1525135 ], [ 25.8672618, 35.1525573 ], [ 25.8673584, 35.1530047 ], [ 25.8671652, 35.1531363 ], [ 25.8672833, 35.1534082 ] ] ] } },
{ "type": "Feature", "properties": { "@type": "way", "@id": 826111422, "addr:city": null, "addr:postcode": null, "amenity": null, "barrier": null, "bicycle": null, "building": "yes", "cuisine": null, "denomination": null, "ele": null, "foot": null, "ford": null, "highway": null, "historic": null, "int_name": null, "int_ref": null, "intermittent": null, "landuse": null, "lanes": null, "layer": null, "leisure": null, "lit": null, "maxspeed": null, "maxspeed:type": null, "motor_vehicle": null, "name": null, "name:el": null, "name:en": null, "natural": null, "old_ref": null, "parking": null, "phone": null, "place": null, "population": null, "ref": null, "religion": null, "shoulder": null, "smoothness": null, "source:old_ref": null, "source:ref": null, "surface": null, "tracktype": null, "trees": null, "tunnel": null, "waterway": null, "wikidata": null, "wikipedia": null, "label": "building:yes" }, "geometry": { "type": "Polygon", "coordinates": [ [ [ 25.8705633, 35.1462549 ], [ 25.8706572, 35.146222 ], [ 25.8705955, 35.1461584 ], [ 25.8705258, 35.1462 ], [ 25.8705633, 35.1462549 ] ] ] } },
{ "type": "Feature", "properties": { "@type": "way", "@id": 826111423, "addr:city": null, "addr:postcode": null, "amenity": null, "barrier": null, "bicycle": null, "building": "yes", "cuisine": null, "denomination": null, "ele": null, "foot": null, "ford": null, "highway": null, "historic": null, "int_name": null, "int_ref": null, "intermittent": null, "landuse": null, "lanes": null, "layer": null, "leisure": null, "lit": null, "maxspeed": null, "maxspeed:type": null, "motor_vehicle": null, "name": null, "name:el": null, "name:en": null, "natural": null, "old_ref": null, "parking": null, "phone": null, "place": null, "population": null, "ref": null, "religion": null, "shoulder": null, "smoothness": null, "source:old_ref": null, "source:ref": null, "surface": null, "tracktype": null, "trees": null, "tunnel": null, "waterway": null, "wikidata": null, "wikipedia": null, "label": "building:yes" }, "geometry": { "type": "Polygon", "coordinates": [ [ [ 25.8704989, 35.146086 ], [ 25.8705767, 35.1460465 ], [ 25.8705016, 35.1459654 ], [ 25.8704265, 35.1460114 ], [ 25.8704989, 35.146086 ] ] ] } },
{ "type": "Feature", "properties": { "@type": "way", "@id": 826111424, "addr:city": null, "addr:postcode": null, "amenity": null, "barrier": null, "bicycle": null, "building": "yes", "cuisine": null, "denomination": null, "ele": null, "foot": null, "ford": null, "highway": null, "historic": null, "int_name": null, "int_ref": null, "intermittent": null, "landuse": null, "lanes": null, "layer": null, "leisure": null, "lit": null, "maxspeed": null, "maxspeed:type": null, "motor_vehicle": null, "name": null, "name:el": null, "name:en": null, "natural": null, "old_ref": null, "parking": null, "phone": null, "place": null, "population": null, "ref": null, "religion": null, "shoulder": null, "smoothness": null, "source:old_ref": null, "source:ref": null, "surface": null, "tracktype": null, "trees": null, "tunnel": null, "waterway": null, "wikidata": null, "wikipedia": null, "label": "building:yes" }, "geometry": { "type": "Polygon", "coordinates": [ [ [ 25.8702253, 35.1465246 ], [ 25.87033, 35.1465027 ], [ 25.870287, 35.1463996 ], [ 25.8701797, 35.1464369 ], [ 25.8702253, 35.1465246 ] ] ] } },
{ "type": "Feature", "properties": { "@type": "way", "@id": 826111425, "addr:city": null, "addr:postcode": null, "amenity": null, "barrier": null, "bicycle": null, "building": "yes", "cuisine": null, "denomination": null, "ele": null, "foot": null, "ford": null, "highway": null, "historic": null, "int_name": null, "int_ref": null, "intermittent": null, "landuse": null, "lanes": null, "layer": null, "leisure": null, "lit": null, "maxspeed": null, "maxspeed:type": null, "motor_vehicle": null, "name": null, "name:el": null, "name:en": null, "natural": null, "old_ref": null, "parking": null, "phone": null, "place": null, "population": null, "ref": null, "religion": null, "shoulder": null, "smoothness": null, "source:old_ref": null, "source:ref": null, "surface": null, "tracktype": null, "trees": null, "tunnel": null, "waterway": null, "wikidata": null, "wikipedia": null, "label": "building:yes" }, "geometry": { "type": "Polygon", "coordinates": [ [ [ 25.8714833, 35.1457548 ], [ 25.8715879, 35.1457 ], [ 25.8714806, 35.145553 ], [ 25.8713894, 35.1456057 ], [ 25.8714833, 35.1457548 ] ] ] } },
{ "type": "Feature", "properties": { "@type": "way", "@id": 826111427, "addr:city": null, "addr:postcode": null, "amenity": null, "barrier": null, "bicycle": null, "building": "yes", "cuisine": null, "denomination": null, "ele": null, "foot": null, "ford": null, "highway": null, "historic": null, "int_name": null, "int_ref": null, "intermittent": null, "landuse": null, "lanes": null, "layer": null, "leisure": null, "lit": null, "maxspeed": null, "maxspeed:type": null, "motor_vehicle": null, "name": null, "name:el": null, "name:en": null, "natural": null, "old_ref": null, "parking": null, "phone": null, "place": null, "population": null, "ref": null, "religion": null, "shoulder": null, "smoothness": null, "source:old_ref": null, "source:ref": null, "surface": null, "tracktype": null, "trees": null, "tunnel": null, "waterway": null, "wikidata": null, "wikipedia": null, "label": "building:yes" }, "geometry": { "type": "Polygon", "coordinates": [ [ [ 25.8709737, 35.145518 ], [ 25.8712044, 35.1454368 ], [ 25.8711534, 35.1453447 ], [ 25.8709066, 35.1454434 ], [ 25.8709737, 35.145518 ] ] ] } },
{ "type": "Feature", "properties": { "@type": "way", "@id": 826111430, "addr:city": null, "addr:postcode": null, "amenity": null, "barrier": null, "bicycle": null, "building": "yes", "cuisine": null, "denomination": null, "ele": null, "foot": null, "ford": null, "highway": null, "historic": null, "int_name": null, "int_ref": null, "intermittent": null, "landuse": null, "lanes": null, "layer": null, "leisure": null, "lit": null, "maxspeed": null, "maxspeed:type": null, "motor_vehicle": null, "name": null, "name:el": null, "name:en": null, "natural": null, "old_ref": null, "parking": null, "phone": null, "place": null, "population": null, "ref": null, "religion": null, "shoulder": null, "smoothness": null, "source:old_ref": null, "source:ref": null, "surface": null, "tracktype": null, "trees": null, "tunnel": null, "waterway": null, "wikidata": null, "wikipedia": null, "label": "building:yes" }, "geometry": { "type": "Polygon", "coordinates": [ [ [ 25.8653491, 35.1446143 ], [ 25.865687, 35.1444871 ], [ 25.8656173, 35.1443994 ], [ 25.8653062, 35.1445091 ], [ 25.8653491, 35.1446143 ] ] ] } },
{ "type": "Feature", "properties": { "@type": "way", "@id": 826111431, "addr:city": null, "addr:postcode": null, "amenity": null, "barrier": null, "bicycle": null, "building": "yes", "cuisine": null, "denomination": null, "ele": null, "foot": null, "ford": null, "highway": null, "historic": null, "int_name": null, "int_ref": null, "intermittent": null, "landuse": null, "lanes": null, "layer": null, "leisure": null, "lit": null, "maxspeed": null, "maxspeed:type": null, "motor_vehicle": null, "name": null, "name:el": null, "name:en": null, "natural": null, "old_ref": null, "parking": null, "phone": null, "place": null, "population": null, "ref": null, "religion": null, "shoulder": null, "smoothness": null, "source:old_ref": null, "source:ref": null, "surface": null, "tracktype": null, "trees": null, "tunnel": null, "waterway": null, "wikidata": null, "wikipedia": null, "label": "building:yes" }, "geometry": { "type": "Polygon", "coordinates": [ [ [ 25.8675861, 35.1421315 ], [ 25.867688, 35.1420482 ], [ 25.8675914, 35.1419473 ], [ 25.867468, 35.1420043 ], [ 25.8675861, 35.1421315 ] ] ] } },
{ "type": "Feature", "properties": { "@type": "way", "@id": 835099717, "addr:city": "Θόλος Καβουσίου Ἱεράπετρας", "addr:postcode": "72200", "amenity": null, "barrier": null, "bicycle": null, "building": "yes", "cuisine": null, "denomination": null, "ele": null, "foot": null, "ford": null, "highway": null, "historic": "building", "int_name": null, "int_ref": null, "intermittent": null, "landuse": null, "lanes": null, "layer": null, "leisure": null, "lit": null, "maxspeed": null, "maxspeed:type": null, "motor_vehicle": null, "name": "Ρομαϊκή Σιταποθήκη", "name:el": null, "name:en": null, "natural": null, "old_ref": null, "parking": null, "phone": null, "place": null, "population": null, "ref": null, "religion": null, "shoulder": null, "smoothness": null, "source:old_ref": null, "source:ref": null, "surface": null, "tracktype": null, "trees": null, "tunnel": null, "waterway": null, "wikidata": null, "wikipedia": null, "label": "building:yes;historic:building" }, "geometry": { "type": "Polygon", "coordinates": [ [ [ 25.8598937, 35.152313 ], [ 25.8599849, 35.152313 ], [ 25.8599152, 35.1518042 ], [ 25.8598294, 35.1518174 ], [ 25.8598937, 35.152313 ] ] ] } },
{ "type": "Feature", "properties": { "@type": "way", "@id": 835099718, "addr:city": null, "addr:postcode": null, "amenity": null, "barrier": null, "bicycle": null, "building": "yes", "cuisine": null, "denomination": null, "ele": null, "foot": null, "ford": null, "highway": null, "historic": null, "int_name": null, "int_ref": null, "intermittent": null, "landuse": null, "lanes": null, "layer": null, "leisure": null, "lit": null, "maxspeed": null, "maxspeed:type": null, "motor_vehicle": null, "name": null, "name:el": null, "name:en": null, "natural": null, "old_ref": null, "parking": null, "phone": null, "place": null, "population": null, "ref": null, "religion": null, "shoulder": null, "smoothness": null, "source:old_ref": null, "source:ref": null, "surface": null, "tracktype": null, "trees": null, "tunnel": null, "waterway": null, "wikidata": null, "wikipedia": null, "label": "building:yes" }, "geometry": { "type": "Polygon", "coordinates": [ [ [ 25.8643945, 35.1527867 ], [ 25.864491, 35.1527428 ], [ 25.8644589, 35.152677 ], [ 25.8643677, 35.1527165 ], [ 25.8643945, 35.1527867 ] ] ] } },
{ "type": "Feature", "properties": { "@type": "way", "@id": 835099719, "addr:city": null, "addr:postcode": null, "amenity": null, "barrier": null, "bicycle": null, "building": "yes", "cuisine": null, "denomination": null, "ele": null, "foot": null, "ford": null, "highway": null, "historic": null, "int_name": null, "int_ref": null, "intermittent": null, "landuse": null, "lanes": null, "layer": null, "leisure": null, "lit": null, "maxspeed": null, "maxspeed:type": null, "motor_vehicle": null, "name": null, "name:el": null, "name:en": null, "natural": null, "old_ref": null, "parking": null, "phone": null, "place": null, "population": null, "ref": null, "religion": null, "shoulder": null, "smoothness": null, "source:old_ref": null, "source:ref": null, "surface": null, "tracktype": null, "trees": null, "tunnel": null, "waterway": null, "wikidata": null, "wikipedia": null, "label": "building:yes" }, "geometry": { "type": "Polygon", "coordinates": [ [ [ 25.8604811, 35.1530948 ], [ 25.8605697, 35.1530762 ], [ 25.8605562, 35.1530312 ], [ 25.8604624, 35.1530466 ], [ 25.8604811, 35.1530948 ] ] ] } },
{ "type": "Feature", "properties": { "@type": "way", "@id": 841970500, "addr:city": null, "addr:postcode": null, "amenity": null, "barrier": null, "bicycle": null, "building": null, "cuisine": null, "denomination": null, "ele": null, "foot": null, "ford": null, "highway": null, "historic": null, "int_name": null, "int_ref": null, "intermittent": null, "landuse": null, "lanes": null, "layer": null, "leisure": null, "lit": null, "maxspeed": null, "maxspeed:type": null, "motor_vehicle": null, "name": null, "name:el": null, "name:en": null, "natural": "scree", "old_ref": null, "parking": null, "phone": null, "place": null, "population": null, "ref": null, "religion": null, "shoulder": null, "smoothness": null, "source:old_ref": null, "source:ref": null, "surface": null, "tracktype": null, "trees": null, "tunnel": null, "waterway": null, "wikidata": null, "wikipedia": null, "label": "natural:scree" }, "geometry": { "type": "Polygon", "coordinates": [ [ [ 25.8633762, 35.1496525 ], [ 25.8640579, 35.1494603 ], [ 25.8642438, 35.1492442 ], [ 25.8638542, 35.1492938 ], [ 25.8630863, 35.1495308 ], [ 25.8633762, 35.1496525 ] ] ] } },
{ "type": "Feature", "properties": { "@type": "way", "@id": 841970501, "addr:city": null, "addr:postcode": null, "amenity": null, "barrier": null, "bicycle": null, "building": null, "cuisine": null, "denomination": null, "ele": null, "foot": null, "ford": null, "highway": null, "historic": null, "int_name": null, "int_ref": null, "intermittent": null, "landuse": null, "lanes": null, "layer": null, "leisure": null, "lit": null, "maxspeed": null, "maxspeed:type": null, "motor_vehicle": null, "name": null, "name:el": null, "name:en": null, "natural": "scree", "old_ref": null, "parking": null, "phone": null, "place": null, "population": null, "ref": null, "religion": null, "shoulder": null, "smoothness": null, "source:old_ref": null, "source:ref": null, "surface": null, "tracktype": null, "trees": null, "tunnel": null, "waterway": null, "wikidata": null, "wikipedia": null, "label": "natural:scree" }, "geometry": { "type": "Polygon", "coordinates": [ [ [ 25.871337, 35.1483391 ], [ 25.8708748, 35.1483135 ], [ 25.8702636, 35.1484096 ], [ 25.8702244, 35.1486723 ], [ 25.871337, 35.1483391 ] ] ] } },
{ "type": "Feature", "properties": { "@type": "way", "@id": 841970502, "addr:city": null, "addr:postcode": null, "amenity": null, "barrier": null, "bicycle": null, "building": null, "cuisine": null, "denomination": null, "ele": null, "foot": null, "ford": null, "highway": null, "historic": null, "int_name": null, "int_ref": null, "intermittent": null, "landuse": null, "lanes": null, "layer": null, "leisure": null, "lit": null, "maxspeed": null, "maxspeed:type": null, "motor_vehicle": null, "name": null, "name:el": null, "name:en": null, "natural": "scree", "old_ref": null, "parking": null, "phone": null, "place": null, "population": null, "ref": null, "religion": null, "shoulder": null, "smoothness": null, "source:old_ref": null, "source:ref": null, "surface": null, "tracktype": null, "trees": null, "tunnel": null, "waterway": null, "wikidata": null, "wikipedia": null, "label": "natural:scree" }, "geometry": { "type": "Polygon", "coordinates": [ [ [ 25.8691787, 35.1540205 ], [ 25.8695584, 35.153663 ], [ 25.8698091, 35.1534132 ], [ 25.870052, 35.1527085 ], [ 25.869245, 35.1530672 ], [ 25.8692215, 35.1534452 ], [ 25.8689394, 35.1539705 ], [ 25.8691787, 35.1540205 ] ] ] } },
{ "type": "Feature", "properties": { "@type": "way", "@id": 841970503, "addr:city": null, "addr:postcode": null, "amenity": null, "barrier": null, "bicycle": null, "building": null, "cuisine": null, "denomination": null, "ele": null, "foot": null, "ford": null, "highway": null, "historic": null, "int_name": null, "int_ref": null, "intermittent": null, "landuse": null, "lanes": null, "layer": null, "leisure": null, "lit": null, "maxspeed": null, "maxspeed:type": null, "motor_vehicle": null, "name": null, "name:el": null, "name:en": null, "natural": "bare_rock", "old_ref": null, "parking": null, "phone": null, "place": null, "population": null, "ref": null, "religion": null, "shoulder": null, "smoothness": null, "source:old_ref": null, "source:ref": null, "surface": null, "tracktype": null, "trees": null, "tunnel": null, "waterway": null, "wikidata": null, "wikipedia": null, "label": "natural:bare_rock" }, "geometry": { "type": "Polygon", "coordinates": [ [ [ 25.8446819, 35.1432709 ], [ 25.8447892, 35.1424492 ], [ 25.8446176, 35.1420719 ], [ 25.844499011194763, 35.141794824336102 ], [ 25.844499011194763, 35.143663888629931 ], [ 25.8446819, 35.1432709 ] ] ] } },
{ "type": "Feature", "properties": { "@type": "way", "@id": 841970505, "addr:city": null, "addr:postcode": null, "amenity": null, "barrier": null, "bicycle": null, "building": null, "cuisine": null, "denomination": null, "ele": null, "foot": null, "ford": null, "highway": null, "historic": null, "int_name": null, "int_ref": null, "intermittent": null, "landuse": null, "lanes": null, "layer": null, "leisure": null, "lit": null, "maxspeed": null, "maxspeed:type": null, "motor_vehicle": null, "name": null, "name:el": null, "name:en": null, "natural": "bare_rock", "old_ref": null, "parking": null, "phone": null, "place": null, "population": null, "ref": null, "religion": null, "shoulder": null, "smoothness": null, "source:old_ref": null, "source:ref": null, "surface": null, "tracktype": null, "trees": null, "tunnel": null, "waterway": null, "wikidata": null, "wikipedia": null, "label": "natural:bare_rock" }, "geometry": { "type": "Polygon", "coordinates": [ [ [ 25.8447434, 35.1510383 ], [ 25.8449257, 35.1512926 ], [ 25.845151, 35.151547 ], [ 25.8455802, 35.1519242 ], [ 25.8450438, 35.1512751 ], [ 25.8446683, 35.1508277 ], [ 25.844499011194763, 35.150770418151701 ], [ 25.844499011194763, 35.150922837931915 ], [ 25.8447434, 35.1510383 ] ] ] } },
{ "type": "Feature", "properties": { "@type": "way", "@id": 841970506, "addr:city": null, "addr:postcode": null, "amenity": null, "barrier": null, "bicycle": null, "building": null, "cuisine": null, "denomination": null, "ele": null, "foot": null, "ford": null, "highway": null, "historic": null, "int_name": null, "int_ref": null, "intermittent": null, "landuse": null, "lanes": null, "layer": null, "leisure": null, "lit": null, "maxspeed": null, "maxspeed:type": null, "motor_vehicle": null, "name": null, "name:el": null, "name:en": null, "natural": "bare_rock", "old_ref": null, "parking": null, "phone": null, "place": null, "population": null, "ref": null, "religion": null, "shoulder": null, "smoothness": null, "source:old_ref": null, "source:ref": null, "surface": null, "tracktype": null, "trees": null, "tunnel": null, "waterway": null, "wikidata": null, "wikipedia": null, "label": "natural:bare_rock" }, "geometry": { "type": "Polygon", "coordinates": [ [ [ 25.8502258, 35.1544681 ], [ 25.85073, 35.154591 ], [ 25.8513309, 35.1546962 ], [ 25.8522428, 35.1554243 ], [ 25.8529295, 35.1558716 ], [ 25.8530904, 35.1558366 ], [ 25.8524037, 35.1554331 ], [ 25.8515669, 35.1547313 ], [ 25.8512236, 35.154512 ], [ 25.850612, 35.1544857 ], [ 25.8500649, 35.1543453 ], [ 25.8502258, 35.1544681 ] ] ] } },
{ "type": "Feature", "properties": { "@type": "way", "@id": 1151105372, "addr:city": null, "addr:postcode": null, "amenity": null, "barrier": null, "bicycle": null, "building": null, "cuisine": null, "denomination": null, "ele": null, "foot": null, "ford": null, "highway": null, "historic": null, "int_name": null, "int_ref": null, "intermittent": null, "landuse": null, "lanes": null, "layer": null, "leisure": null, "lit": null, "maxspeed": null, "maxspeed:type": null, "motor_vehicle": null, "name": null, "name:el": null, "name:en": null, "natural": "scrub", "old_ref": null, "parking": null, "phone": null, "place": null, "population": null, "ref": null, "religion": null, "shoulder": null, "smoothness": null, "source:old_ref": null, "source:ref": null, "surface": null, "tracktype": null, "trees": null, "tunnel": null, "waterway": null, "wikidata": null, "wikipedia": null, "label": "natural:scrub" }, "geometry": { "type": "Polygon", "coordinates": [ [ [ 25.858864, 35.157935 ], [ 25.8588821, 35.1578757 ], [ 25.8589329, 35.1578283 ], [ 25.8589474, 35.15776 ], [ 25.8589474, 35.1576948 ], [ 25.8590091, 35.1576325 ], [ 25.8590599, 35.1575613 ], [ 25.859118, 35.1574634 ], [ 25.859118, 35.1573803 ], [ 25.8590998, 35.1573061 ], [ 25.8590381, 35.1573061 ], [ 25.8590309, 35.1573744 ], [ 25.8590309, 35.1574604 ], [ 25.8589946, 35.1575286 ], [ 25.8589293, 35.1576028 ], [ 25.8588966, 35.1576977 ], [ 25.8588386, 35.1578016 ], [ 25.8588132, 35.1579113 ], [ 25.858864, 35.157935 ] ] ] } },
{ "type": "Feature", "properties": { "@type": "way", "@id": 1211629885, "addr:city": null, "addr:postcode": null, "amenity": null, "barrier": null, "bicycle": null, "building": "yes", "cuisine": null, "denomination": null, "ele": null, "foot": null, "ford": null, "highway": null, "historic": null, "int_name": null, "int_ref": null, "intermittent": null, "landuse": null, "lanes": null, "layer": null, "leisure": null, "lit": null, "maxspeed": null, "maxspeed:type": null, "motor_vehicle": null, "name": null, "name:el": null, "name:en": null, "natural": null, "old_ref": null, "parking": null, "phone": null, "place": null, "population": null, "ref": null, "religion": null, "shoulder": null, "smoothness": null, "source:old_ref": null, "source:ref": null, "surface": null, "tracktype": null, "trees": null, "tunnel": null, "waterway": null, "wikidata": null, "wikipedia": null, "label": "building:yes" }, "geometry": { "type": "Polygon", "coordinates": [ [ [ 25.8619479, 35.1516429 ], [ 25.8620387, 35.1516142 ], [ 25.8620102, 35.1515538 ], [ 25.8619193, 35.1515824 ], [ 25.8619479, 35.1516429 ] ] ] } },
{ "type": "Feature", "properties": { "@type": "way", "@id": 1311762619, "addr:city": null, "addr:postcode": null, "amenity": null, "barrier": null, "bicycle": null, "building": null, "cuisine": null, "denomination": null, "ele": null, "foot": null, "ford": null, "highway": null, "historic": null, "int_name": null, "int_ref": null, "intermittent": null, "landuse": null, "lanes": null, "layer": null, "leisure": "swimming_pool", "lit": null, "maxspeed": null, "maxspeed:type": null, "motor_vehicle": null, "name": null, "name:el": null, "name:en": null, "natural": null, "old_ref": null, "parking": null, "phone": null, "place": null, "population": null, "ref": null, "religion": null, "shoulder": null, "smoothness": null, "source:old_ref": null, "source:ref": null, "surface": null, "tracktype": null, "trees": null, "tunnel": null, "waterway": null, "wikidata": null, "wikipedia": null, "label": "leisure:swimming_pool" }, "geometry": { "type": "Polygon", "coordinates": [ [ [ 25.866122, 35.1522873 ], [ 25.8662055, 35.1521781 ], [ 25.8661806, 35.1521666 ], [ 25.8660927, 35.1522722 ], [ 25.866122, 35.1522873 ] ] ] } },
{ "type": "Feature", "properties": { "@type": "way", "@id": 1311762620, "addr:city": null, "addr:postcode": null, "amenity": null, "barrier": null, "bicycle": null, "building": null, "cuisine": null, "denomination": null, "ele": null, "foot": null, "ford": null, "highway": null, "historic": null, "int_name": null, "int_ref": null, "intermittent": null, "landuse": null, "lanes": null, "layer": null, "leisure": "swimming_pool", "lit": null, "maxspeed": null, "maxspeed:type": null, "motor_vehicle": null, "name": null, "name:el": null, "name:en": null, "natural": null, "old_ref": null, "parking": null, "phone": null, "place": null, "population": null, "ref": null, "religion": null, "shoulder": null, "smoothness": null, "source:old_ref": null, "source:ref": null, "surface": null, "tracktype": null, "trees": null, "tunnel": null, "waterway": null, "wikidata": null, "wikipedia": null, "label": "leisure:swimming_pool" }, "geometry": { "type": "Polygon", "coordinates": [ [ [ 25.8641425, 35.1515542 ], [ 25.8641649, 35.1515786 ], [ 25.8641827, 35.1515801 ], [ 25.8641948, 35.1515717 ], [ 25.8642098, 35.1515648 ], [ 25.8642107, 35.1515473 ], [ 25.864206, 35.1515366 ], [ 25.864193, 35.1515274 ], [ 25.8641874, 35.1515114 ], [ 25.8641818, 35.1514923 ], [ 25.8641696, 35.1514816 ], [ 25.8641547, 35.1514816 ], [ 25.8641294, 35.1514877 ], [ 25.8641164, 35.1515014 ], [ 25.8641425, 35.1515542 ] ] ] } },
{ "type": "Feature", "properties": { "@type": "relation", "@id": 18457272, "addr:city": null, "addr:postcode": null, "amenity": null, "barrier": null, "bicycle": null, "building": null, "cuisine": null, "denomination": null, "ele": null, "foot": null, "ford": null, "highway": null, "historic": null, "int_name": null, "int_ref": null, "intermittent": null, "landuse": null, "lanes": null, "layer": null, "leisure": null, "lit": null, "maxspeed": null, "maxspeed:type": null, "motor_vehicle": null, "name": "Legamenis Beach", "name:el": null, "name:en": null, "natural": "beach", "old_ref": null, "parking": null, "phone": null, "place": null, "population": null, "ref": null, "religion": null, "shoulder": null, "smoothness": null, "source:old_ref": null, "source:ref": null, "surface": null, "tracktype": null, "trees": null, "tunnel": null, "waterway": null, "wikidata": null, "wikipedia": null, "label": "natural:beach" }, "geometry": { "type": "Polygon", "coordinates": [ [ [ 25.8591932, 35.1553413 ], [ 25.8592194, 35.1553329 ], [ 25.8592832, 35.1553125 ], [ 25.8593863, 35.1552887 ], [ 25.8593043, 35.1551889 ], [ 25.8591993, 35.1550667 ], [ 25.8591763, 35.155353 ], [ 25.8591932, 35.1553413 ] ] ] } }
]
}
