{
"type": "FeatureCollection",
"name": "patch_64914_polygon",
"crs": { "type": "name", "properties": { "name": "urn:ogc:def:crs:OGC:1.3:CRS84" } },
"features": [
{ "type": "Feature", "properties": { "osm_id": 918617003, "name": null, "label": "building:yes", "building": "yes", "amenity": null, "landuse": null, "sport": null, "leisure": null }, "geometry": { "type": "Polygon", "coordinates": [ [ [ 25.9406, 35.155826099662605 ], [ 25.9405964, 35.155725799662584 ], [ 25.9405007, 35.155737599662586 ], [ 25.9404935, 35.155827599662601 ], [ 25.9406, 35.155826099662605 ] ] ] } },
{ "type": "Feature", "properties": { "osm_id": 908733192, "name": null, "label": "building:yes", "building": "yes", "amenity": null, "landuse": null, "sport": null, "leisure": null }, "geometry": { "type": "Polygon", "coordinates": [ [ [ 25.9415252, 35.15540419966257 ], [ 25.9415889, 35.155370699662562 ], [ 25.9415434, 35.155304899662553 ], [ 25.9414721, 35.155343399662556 ], [ 25.9415252, 35.15540419966257 ] ] ] } },
{ "type": "Feature", "properties": { "osm_id": 918617007, "name": null, "label": "building:yes", "building": "yes", "amenity": null, "landuse": null, "sport": null, "leisure": null }, "geometry": { "type": "Polygon", "coordinates": [ [ [ 25.9415653, 35.155250799662554 ], [ 25.9416068, 35.15521239966256 ], [ 25.9415473, 35.155168099662554 ], [ 25.9415004, 35.155204999662558 ], [ 25.9415653, 35.155250799662554 ] ] ] } },
{ "type": "Feature", "properties": { "osm_id": 908887085, "name": null, "label": "building:yes", "building": "yes", "amenity": null, "landuse": null, "sport": null, "leisure": null }, "geometry": { "type": "Polygon", "coordinates": [ [ [ 25.9518371, 35.155218299662558 ], [ 25.9518931, 35.155193199662541 ], [ 25.9518732, 35.155145999662551 ], [ 25.9518173, 35.155157799662547 ], [ 25.9518371, 35.155218299662558 ] ] ] } },
{ "type": "Feature", "properties": { "osm_id": 908887083, "name": null, "label": "building:yes", "building": "yes", "amenity": null, "landuse": null, "sport": null, "leisure": null }, "geometry": { "type": "Polygon", "coordinates": [ [ [ 25.9528927, 35.154988199662526 ], [ 25.9529161, 35.154952799662532 ], [ 25.9527952, 35.154890799662525 ], [ 25.9527736, 35.154929099662525 ], [ 25.9528927, 35.154988199662526 ] ] ] } },
{ "type": "Feature", "properties": { "osm_id": 918617008, "name": null, "label": "building:yes", "building": "yes", "amenity": null, "landuse": null, "sport": null, "leisure": null }, "geometry": { "type": "Polygon", "coordinates": [ [ [ 25.9401074, 35.154946899662534 ], [ 25.9401633, 35.154846499662533 ], [ 25.940102, 35.154821499662525 ], [ 25.9400533, 35.154926199662533 ], [ 25.9401074, 35.154946899662534 ] ] ] } },
{ "type": "Feature", "properties": { "osm_id": 918617010, "name": null, "label": "building:yes", "building": "yes", "amenity": null, "landuse": null, "sport": null, "leisure": null }, "geometry": { "type": "Polygon", "coordinates": [ [ [ 25.9397555, 35.15540119966257 ], [ 25.9398025, 35.155355499662555 ], [ 25.9397754, 35.15533489966257 ], [ 25.9397249, 35.155377599662557 ], [ 25.9397555, 35.15540119966257 ] ] ] } },
{ "type": "Feature", "properties": { "osm_id": 918617005, "name": null, "label": "building:yes", "building": "yes", "amenity": null, "landuse": null, "sport": null, "leisure": null }, "geometry": { "type": "Polygon", "coordinates": [ [ [ 25.9403041, 35.155501599662564 ], [ 25.9403275, 35.155591499662577 ], [ 25.9403871, 35.155588599662579 ], [ 25.94036, 35.155471999662574 ], [ 25.940295, 35.155386499662562 ], [ 25.9402373, 35.15540119966257 ], [ 25.9403041, 35.155501599662564 ] ] ] } },
{ "type": "Feature", "properties": { "osm_id": 918617006, "name": null, "label": "building:yes", "building": "yes", "amenity": null, "landuse": null, "sport": null, "leisure": null }, "geometry": { "type": "Polygon", "coordinates": [ [ [ 25.9401886, 35.155681499662585 ], [ 25.9402012, 35.155702199662585 ], [ 25.9402734, 35.155716899662586 ], [ 25.9404358, 35.155682999662588 ], [ 25.9404123, 35.155620999662567 ], [ 25.9402806, 35.155657899662586 ], [ 25.9402535, 35.155578299662579 ], [ 25.9401507, 35.155557599662579 ], [ 25.9401435, 35.155628399662575 ], [ 25.9401886, 35.155681499662585 ] ] ] } },
{ "type": "Feature", "properties": { "osm_id": 918617004, "name": null, "label": "building:yes", "building": "yes", "amenity": null, "landuse": null, "sport": null, "leisure": null }, "geometry": { "type": "Polygon", "coordinates": [ [ [ 25.9400334, 35.155710999662581 ], [ 25.940037, 35.155640199662599 ], [ 25.9399883, 35.155640199662599 ], [ 25.9399847, 35.155712499662592 ], [ 25.9400334, 35.155710999662581 ] ] ] } },
{ "type": "Feature", "properties": { "osm_id": 918617009, "name": null, "label": "building:yes", "building": "yes", "amenity": null, "landuse": null, "sport": null, "leisure": null }, "geometry": { "type": "Polygon", "coordinates": [ [ [ 25.9390699, 35.155266999662558 ], [ 25.9391024, 35.155228599662557 ], [ 25.9390374, 35.155187299662551 ], [ 25.9390049, 35.155228599662557 ], [ 25.9390699, 35.155266999662558 ] ] ] } },
{ "type": "Feature", "properties": { "osm_id": 918617002, "name": null, "label": "building:yes", "building": "yes", "amenity": null, "landuse": null, "sport": null, "leisure": null }, "geometry": { "type": "Polygon", "coordinates": [ [ [ 25.9403131, 35.156087199662615 ], [ 25.940425, 35.156060699662611 ], [ 25.9404665, 35.15616099966261 ], [ 25.9405296, 35.156144799662627 ], [ 25.9404574, 35.155924899662601 ], [ 25.9402157, 35.155988399662604 ], [ 25.9403131, 35.156087199662615 ] ] ] } },
{ "type": "Feature", "properties": { "osm_id": 908846292, "name": null, "label": "building:yes", "building": "yes", "amenity": null, "landuse": null, "sport": null, "leisure": null }, "geometry": { "type": "Polygon", "coordinates": [ [ [ 25.9398793, 35.178091599664228 ], [ 25.939830238071917, 35.178132914979066 ], [ 25.939942511440776, 35.178132914979066 ], [ 25.9398793, 35.178091599664228 ] ] ] } },
{ "type": "Feature", "properties": { "osm_id": 908846276, "name": null, "label": "amenity:place_of_worship;building:yes", "building": "yes", "amenity": "place_of_worship", "landuse": null, "sport": null, "leisure": null }, "geometry": { "type": "Polygon", "coordinates": [ [ [ 25.9378206, 35.176646999664129 ], [ 25.9378458, 35.176618999664107 ], [ 25.9377791, 35.176586599664112 ], [ 25.9377628, 35.17661309966411 ], [ 25.9378206, 35.176646999664129 ] ] ] } },
{ "type": "Feature", "properties": { "osm_id": 908694038, "name": null, "label": "building:yes", "building": "yes", "amenity": null, "landuse": null, "sport": null, "leisure": null }, "geometry": { "type": "Polygon", "coordinates": [ [ [ 25.9360778, 35.174753299663976 ], [ 25.9361103, 35.174713499663973 ], [ 25.9360435, 35.17468099966397 ], [ 25.9360147, 35.174722299663976 ], [ 25.9360778, 35.174753299663976 ] ] ] } },
{ "type": "Feature", "properties": { "osm_id": 890254275, "name": null, "label": "amenity:place_of_worship;building:yes", "building": "yes", "amenity": "place_of_worship", "landuse": null, "sport": null, "leisure": null }, "geometry": { "type": "Polygon", "coordinates": [ [ [ 25.9395183, 35.176441599664095 ], [ 25.939513, 35.176393299664099 ], [ 25.9394164, 35.176402099664102 ], [ 25.9394137, 35.176448199664108 ], [ 25.9395183, 35.176441599664095 ] ] ] } },
{ "type": "Feature", "properties": { "osm_id": 908694061, "name": null, "label": "building:yes", "building": "yes", "amenity": null, "landuse": null, "sport": null, "leisure": null }, "geometry": { "type": "Polygon", "coordinates": [ [ [ 25.938505, 35.173391599663887 ], [ 25.9385753, 35.173351699663883 ], [ 25.9385465, 35.173323699663875 ], [ 25.9384761, 35.173364999663875 ], [ 25.938505, 35.173391599663887 ] ] ] } },
{ "type": "Feature", "properties": { "osm_id": 908694041, "name": null, "label": "building:yes", "building": "yes", "amenity": null, "landuse": null, "sport": null, "leisure": null }, "geometry": { "type": "Polygon", "coordinates": [ [ [ 25.9369674, 35.171725299663748 ], [ 25.9370395, 35.171707599663762 ], [ 25.9370197, 35.171641199663753 ], [ 25.9369493, 35.171658899663747 ], [ 25.9369674, 35.171725299663748 ] ] ] } },
{ "type": "Feature", "properties": { "osm_id": 908694039, "name": null, "label": "building:yes", "building": "yes", "amenity": null, "landuse": null, "sport": null, "leisure": null }, "geometry": { "type": "Polygon", "coordinates": [ [ [ 25.9361464, 35.174533499663966 ], [ 25.9361644, 35.17449809966395 ], [ 25.9360922, 35.174475999663962 ], [ 25.9360778, 35.174512899663966 ], [ 25.9361464, 35.174533499663966 ] ] ] } },
{ "type": "Feature", "properties": { "osm_id": 267416357, "name": null, "label": "building:yes", "building": "yes", "amenity": null, "landuse": null, "sport": null, "leisure": null }, "geometry": { "type": "Polygon", "coordinates": [ [ [ 25.9341061, 35.173296299663875 ], [ 25.9341721, 35.173186399663869 ], [ 25.9340812, 35.173149899663869 ], [ 25.9340152, 35.173259799663867 ], [ 25.9341061, 35.173296299663875 ] ] ] } },
{ "type": "Feature", "properties": { "osm_id": 908713162, "name": null, "label": "building:yes", "building": "yes", "amenity": null, "landuse": null, "sport": null, "leisure": null }, "geometry": { "type": "Polygon", "coordinates": [ [ [ 25.9325924, 35.174461299663953 ], [ 25.9326466, 35.174427299663947 ], [ 25.9325924, 35.174371299663946 ], [ 25.9325239, 35.174405199663958 ], [ 25.9325924, 35.174461299663953 ] ] ] } },
{ "type": "Feature", "properties": { "osm_id": 908694069, "name": null, "label": "building:yes", "building": "yes", "amenity": null, "landuse": null, "sport": null, "leisure": null }, "geometry": { "type": "Polygon", "coordinates": [ [ [ 25.9320325, 35.174795399663978 ], [ 25.9320776, 35.17475119966398 ], [ 25.9320181, 35.174705399663978 ], [ 25.931973, 35.174749699663977 ], [ 25.9320325, 35.174795399663978 ] ] ] } },
{ "type": "Feature", "properties": { "osm_id": 908694028, "name": null, "label": "building:yes", "building": "yes", "amenity": null, "landuse": null, "sport": null, "leisure": null }, "geometry": { "type": "Polygon", "coordinates": [ [ [ 25.9316982, 35.175753999664046 ], [ 25.9316964, 35.175683299664051 ], [ 25.931599, 35.175683299664051 ], [ 25.9315972, 35.175752599664051 ], [ 25.9316982, 35.175753999664046 ] ] ] } },
{ "type": "Feature", "properties": { "osm_id": 908694030, "name": null, "label": "building:yes", "building": "yes", "amenity": null, "landuse": null, "sport": null, "leisure": null }, "geometry": { "type": "Polygon", "coordinates": [ [ [ 25.933508, 35.176398599664097 ], [ 25.9335405, 35.176364599664097 ], [ 25.9334503, 35.1763203996641 ], [ 25.9334178, 35.176367599664097 ], [ 25.933508, 35.176398599664097 ] ] ] } },
{ "type": "Feature", "properties": { "osm_id": 908694068, "name": null, "label": "building:yes", "building": "yes", "amenity": null, "landuse": null, "sport": null, "leisure": null }, "geometry": { "type": "Polygon", "coordinates": [ [ [ 25.9326195, 35.174793099663979 ], [ 25.93267, 35.174756199663975 ], [ 25.9326195, 35.174686899663982 ], [ 25.9325509, 35.174725299663976 ], [ 25.9326195, 35.174793099663979 ] ] ] } },
{ "type": "Feature", "properties": { "osm_id": 908694066, "name": null, "label": "building:yes", "building": "yes", "amenity": null, "landuse": null, "sport": null, "leisure": null }, "geometry": { "type": "Polygon", "coordinates": [ [ [ 25.9328288, 35.174958299663992 ], [ 25.9328415, 35.174902199663997 ], [ 25.9327458, 35.17489189966399 ], [ 25.9327314, 35.174937599663991 ], [ 25.9328288, 35.174958299663992 ] ] ] } },
{ "type": "Feature", "properties": { "osm_id": 908694067, "name": null, "label": "building:yes", "building": "yes", "amenity": null, "landuse": null, "sport": null, "leisure": null }, "geometry": { "type": "Polygon", "coordinates": [ [ [ 25.9330273, 35.174928799663995 ], [ 25.9330273, 35.174862399663994 ], [ 25.9329425, 35.174857999663992 ], [ 25.9329407, 35.174924399663986 ], [ 25.9330273, 35.174928799663995 ] ] ] } },
{ "type": "Feature", "properties": { "osm_id": 908694034, "name": null, "label": "building:yes", "building": "yes", "amenity": null, "landuse": null, "sport": null, "leisure": null }, "geometry": { "type": "Polygon", "coordinates": [ [ [ 25.9353016, 35.175546099664039 ], [ 25.9353431, 35.175466399664025 ], [ 25.9352528, 35.175438399664017 ], [ 25.9352059, 35.175522499664034 ], [ 25.9353016, 35.175546099664039 ] ] ] } },
{ "type": "Feature", "properties": { "osm_id": 908694031, "name": null, "label": "building:yes", "building": "yes", "amenity": null, "landuse": null, "sport": null, "leisure": null }, "geometry": { "type": "Polygon", "coordinates": [ [ [ 25.9338346, 35.176519499664103 ], [ 25.9338418, 35.176506199664104 ], [ 25.9337714, 35.176464899664104 ], [ 25.9337606, 35.176487099664115 ], [ 25.9338346, 35.176519499664103 ] ] ] } },
{ "type": "Feature", "properties": { "osm_id": 908694020, "name": null, "label": "building:yes", "building": "yes", "amenity": null, "landuse": null, "sport": null, "leisure": null }, "geometry": { "type": "Polygon", "coordinates": [ [ [ 25.9356698, 35.17719019966416 ], [ 25.9357305, 35.177088599664145 ], [ 25.9356698, 35.177071199664141 ], [ 25.9356197, 35.177170399664163 ], [ 25.9356698, 35.17719019966416 ] ] ] } },
{ "type": "Feature", "properties": { "osm_id": 908694016, "name": null, "label": "building:yes", "building": "yes", "amenity": null, "landuse": null, "sport": null, "leisure": null }, "geometry": { "type": "Polygon", "coordinates": [ [ [ 25.9339049, 35.178062099664217 ], [ 25.9339519, 35.177986899664219 ], [ 25.9338418, 35.177948599664212 ], [ 25.9338003, 35.178026699664223 ], [ 25.9339049, 35.178062099664217 ] ] ] } },
{ "type": "Feature", "properties": { "osm_id": 267416356, "name": null, "label": "building:yes", "building": "yes", "amenity": null, "landuse": null, "sport": null, "leisure": null }, "geometry": { "type": "Polygon", "coordinates": [ [ [ 25.9332525, 35.178009299664211 ], [ 25.9333092, 35.177859399664207 ], [ 25.9332155, 35.177835699664207 ], [ 25.9331588, 35.177985599664211 ], [ 25.9332525, 35.178009299664211 ] ] ] } },
{ "type": "Feature", "properties": { "osm_id": 908694017, "name": null, "label": "building:yes", "building": "yes", "amenity": null, "landuse": null, "sport": null, "leisure": null }, "geometry": { "type": "Polygon", "coordinates": [ [ [ 25.9332319, 35.177367499664179 ], [ 25.9332481, 35.177320299664167 ], [ 25.933194, 35.177302599664152 ], [ 25.9331796, 35.177351299664167 ], [ 25.9332319, 35.177367499664179 ] ] ] } },
{ "type": "Feature", "properties": { "osm_id": 908694009, "name": null, "label": "building:yes", "building": "yes", "amenity": null, "landuse": null, "sport": null, "leisure": null }, "geometry": { "type": "Polygon", "coordinates": [ [ [ 25.9327285, 35.17678569966413 ], [ 25.9327321, 35.176736999664122 ], [ 25.9326546, 35.176731099664117 ], [ 25.9326527, 35.17678269966413 ], [ 25.9327285, 35.17678569966413 ] ] ] } },
{ "type": "Feature", "properties": { "osm_id": 908694003, "name": null, "label": "building:yes", "building": "yes", "amenity": null, "landuse": null, "sport": null, "leisure": null }, "geometry": { "type": "Polygon", "coordinates": [ [ [ 25.9306839, 35.176576399664107 ], [ 25.9307651, 35.176566099664107 ], [ 25.9307435, 35.176430399664099 ], [ 25.9306641, 35.176440699664106 ], [ 25.9306839, 35.176576399664107 ] ] ] } },
{ "type": "Feature", "properties": { "osm_id": 908713173, "name": null, "label": "building:yes", "building": "yes", "amenity": null, "landuse": null, "sport": null, "leisure": null }, "geometry": { "type": "Polygon", "coordinates": [ [ [ 25.9301277, 35.168294499663503 ], [ 25.9301349, 35.168250199663504 ], [ 25.9299924, 35.168233999663492 ], [ 25.9299833, 35.168272399663508 ], [ 25.9301277, 35.168294499663503 ] ] ] } },
{ "type": "Feature", "properties": { "osm_id": 908713197, "name": null, "label": "building:yes", "building": "yes", "amenity": null, "landuse": null, "sport": null, "leisure": null }, "geometry": { "type": "Polygon", "coordinates": [ [ [ 25.9329742, 35.164485699663231 ], [ 25.9333531, 35.16433819966322 ], [ 25.9333459, 35.164316099663225 ], [ 25.93316, 35.16437809966321 ], [ 25.9331564, 35.164327899663213 ], [ 25.9329219, 35.164361799663226 ], [ 25.9329742, 35.164485699663231 ] ] ] } },
{ "type": "Feature", "properties": { "osm_id": 890254279, "name": null, "label": "amenity:place_of_worship;building:yes", "building": "yes", "amenity": "place_of_worship", "landuse": null, "sport": null, "leisure": null }, "geometry": { "type": "Polygon", "coordinates": [ [ [ 25.9341834, 35.165166399663271 ], [ 25.9341982, 35.165125899663273 ], [ 25.9341258, 35.165110499663264 ], [ 25.9341083, 35.165148899663272 ], [ 25.9341834, 35.165166399663271 ] ] ] } },
{ "type": "Feature", "properties": { "osm_id": 908713205, "name": null, "label": "building:yes", "building": "yes", "amenity": null, "landuse": null, "sport": null, "leisure": null }, "geometry": { "type": "Polygon", "coordinates": [ [ [ 25.9357143, 35.165968399663335 ], [ 25.9357743, 35.16597159966333 ], [ 25.9357743, 35.16594449966334 ], [ 25.9357143, 35.165943399663341 ], [ 25.9357143, 35.165968399663335 ] ] ] } },
{ "type": "Feature", "properties": { "osm_id": 908713206, "name": null, "label": "building:yes", "building": "yes", "amenity": null, "landuse": null, "sport": null, "leisure": null }, "geometry": { "type": "Polygon", "coordinates": [ [ [ 25.9353314, 35.166542799663389 ], [ 25.9354027, 35.166510499663374 ], [ 25.9353784, 35.166479499663374 ], [ 25.9353071, 35.166512999663382 ], [ 25.9353314, 35.166542799663389 ] ] ] } },
{ "type": "Feature", "properties": { "osm_id": 908713187, "name": null, "label": "building:yes", "building": "yes", "amenity": null, "landuse": null, "sport": null, "leisure": null }, "geometry": { "type": "Polygon", "coordinates": [ [ [ 25.9332724, 35.167695299663464 ], [ 25.9333028, 35.167666699663449 ], [ 25.9332254, 35.167614599663452 ], [ 25.9331966, 35.16764689966346 ], [ 25.9332724, 35.167695299663464 ] ] ] } },
{ "type": "Feature", "properties": { "osm_id": 908713176, "name": null, "label": "building:yes", "building": "yes", "amenity": null, "landuse": null, "sport": null, "leisure": null }, "geometry": { "type": "Polygon", "coordinates": [ [ [ 25.932753, 35.170847699663696 ], [ 25.9327963, 35.17082409966369 ], [ 25.9327566, 35.170778399663682 ], [ 25.9327151, 35.17079609966369 ], [ 25.932753, 35.170847699663696 ] ] ] } },
{ "type": "Feature", "properties": { "osm_id": 908694047, "name": null, "label": "building:yes", "building": "yes", "amenity": null, "landuse": null, "sport": null, "leisure": null }, "geometry": { "type": "Polygon", "coordinates": [ [ [ 25.936243, 35.168417699663514 ], [ 25.9363056, 35.168403099663507 ], [ 25.9362698, 35.168326999663506 ], [ 25.9362163, 35.168341599663506 ], [ 25.936243, 35.168417699663514 ] ] ] } },
{ "type": "Feature", "properties": { "osm_id": 908694056, "name": null, "label": "building:yes", "building": "yes", "amenity": null, "landuse": null, "sport": null, "leisure": null }, "geometry": { "type": "Polygon", "coordinates": [ [ [ 25.9393676, 35.168441999663514 ], [ 25.9394831, 35.168437599663513 ], [ 25.9394795, 35.168369699663515 ], [ 25.939364, 35.168377099663509 ], [ 25.9393676, 35.168441999663514 ] ] ] } },
{ "type": "Feature", "properties": { "osm_id": 908694053, "name": null, "label": "building:yes", "building": "yes", "amenity": null, "landuse": null, "sport": null, "leisure": null }, "geometry": { "type": "Polygon", "coordinates": [ [ [ 25.9418684, 35.16575009966332 ], [ 25.9418757, 35.165676299663311 ], [ 25.9417692, 35.165667499663321 ], [ 25.9417602, 35.165733799663315 ], [ 25.9418684, 35.16575009966332 ] ] ] } },
{ "type": "Feature", "properties": { "osm_id": 918607476, "name": null, "label": "building:yes", "building": "yes", "amenity": null, "landuse": null, "sport": null, "leisure": null }, "geometry": { "type": "Polygon", "coordinates": [ [ [ 25.9461338, 35.164350799663218 ], [ 25.9462218, 35.164326799663215 ], [ 25.9461925, 35.16424129966321 ], [ 25.9461019, 35.164256899663208 ], [ 25.9461338, 35.164350799663218 ] ] ] } },
{ "type": "Feature", "properties": { "osm_id": 918607474, "name": null, "label": "building:yes", "building": "yes", "amenity": null, "landuse": null, "sport": null, "leisure": null }, "geometry": { "type": "Polygon", "coordinates": [ [ [ 25.9463698, 35.164767999663248 ], [ 25.9464617, 35.16475239966325 ], [ 25.9464426, 35.164513499663229 ], [ 25.9463673, 35.164520799663229 ], [ 25.9463698, 35.164767999663248 ] ] ] } },
{ "type": "Feature", "properties": { "osm_id": 918607473, "name": null, "label": "building:yes", "building": "yes", "amenity": null, "landuse": null, "sport": null, "leisure": null }, "geometry": { "type": "Polygon", "coordinates": [ [ [ 25.9463584, 35.164951599663276 ], [ 25.9464566, 35.164944299663254 ], [ 25.9464528, 35.164809699663252 ], [ 25.9463533, 35.164808699663247 ], [ 25.9463584, 35.164951599663276 ] ] ] } },
{ "type": "Feature", "properties": { "osm_id": 918607475, "name": null, "label": "building:yes", "building": "yes", "amenity": null, "landuse": null, "sport": null, "leisure": null }, "geometry": { "type": "Polygon", "coordinates": [ [ [ 25.9462895, 35.164280899663211 ], [ 25.9463813, 35.164254799663219 ], [ 25.946329, 35.164089999663204 ], [ 25.9462244, 35.164113999663194 ], [ 25.9462895, 35.164280899663211 ] ] ] } },
{ "type": "Feature", "properties": { "osm_id": 908869515, "name": null, "label": "building:yes", "building": "yes", "amenity": null, "landuse": null, "sport": null, "leisure": null }, "geometry": { "type": "Polygon", "coordinates": [ [ [ 25.9471403, 35.163769699663177 ], [ 25.9471429, 35.163700899663176 ], [ 25.9470561, 35.163694599663167 ], [ 25.9470485, 35.163765499663164 ], [ 25.9471403, 35.163769699663177 ] ] ] } },
{ "type": "Feature", "properties": { "osm_id": 918607453, "name": null, "label": "building:yes", "building": "yes", "amenity": null, "landuse": null, "sport": null, "leisure": null }, "geometry": { "type": "Polygon", "coordinates": [ [ [ 25.9475499, 35.166998699663417 ], [ 25.947578, 35.166857899663398 ], [ 25.9475053, 35.166844299663396 ], [ 25.947467, 35.166993499663413 ], [ 25.9475499, 35.166998699663417 ] ] ] } },
{ "type": "Feature", "properties": { "osm_id": 918607454, "name": null, "label": "building:yes", "building": "yes", "amenity": null, "landuse": null, "sport": null, "leisure": null }, "geometry": { "type": "Polygon", "coordinates": [ [ [ 25.9476036, 35.166836699663399 ], [ 25.9476061, 35.166920199663394 ], [ 25.9476584, 35.166909699663407 ], [ 25.9476635, 35.166826299663398 ], [ 25.9476661, 35.166708399663392 ], [ 25.9476469, 35.166708399663392 ], [ 25.9476635, 35.166544699663383 ], [ 25.9475257, 35.166549899663373 ], [ 25.9475308, 35.166639599663384 ], [ 25.9475347, 35.166664599663378 ], [ 25.9475347, 35.166726199663394 ], [ 25.9475181, 35.166819999663403 ], [ 25.9476036, 35.166836699663399 ] ] ] } },
{ "type": "Feature", "properties": { "osm_id": 918607452, "name": null, "label": "building:yes", "building": "yes", "amenity": null, "landuse": null, "sport": null, "leisure": null }, "geometry": { "type": "Polygon", "coordinates": [ [ [ 25.9475057, 35.167062699663418 ], [ 25.9475159, 35.167016799663415 ], [ 25.9474624, 35.167009499663401 ], [ 25.9474471, 35.167059499663416 ], [ 25.9475057, 35.167062699663418 ] ] ] } },
{ "type": "Feature", "properties": { "osm_id": 918607451, "name": null, "label": "building:yes", "building": "yes", "amenity": null, "landuse": null, "sport": null, "leisure": null }, "geometry": { "type": "Polygon", "coordinates": [ [ [ 25.9475057, 35.167233699663427 ], [ 25.9475083, 35.16717009966343 ], [ 25.9475274, 35.167087699663426 ], [ 25.9474483, 35.167078299663416 ], [ 25.9474279, 35.16714919966342 ], [ 25.9474139, 35.167227499663426 ], [ 25.9475057, 35.167233699663427 ] ] ] } },
{ "type": "Feature", "properties": { "osm_id": 918607455, "name": null, "label": "building:yes", "building": "yes", "amenity": null, "landuse": null, "sport": null, "leisure": null }, "geometry": { "type": "Polygon", "coordinates": [ [ [ 25.9469618, 35.166928899663397 ], [ 25.9470464, 35.166972299663414 ], [ 25.9471026, 35.167004299663411 ], [ 25.9471191, 35.166999099663414 ], [ 25.9471396, 35.167014699663412 ], [ 25.9471319, 35.167037699663418 ], [ 25.9471727, 35.16710759966341 ], [ 25.9472786, 35.167075199663408 ], [ 25.947433, 35.167031399663401 ], [ 25.9474751, 35.166881199663393 ], [ 25.9474024, 35.166882299663392 ], [ 25.9473884, 35.166785299663402 ], [ 25.9474139, 35.166787399663392 ], [ 25.9474292, 35.166863499663393 ], [ 25.9474789, 35.166860399663399 ], [ 25.9474892, 35.166765499663398 ], [ 25.9474892, 35.166722699663389 ], [ 25.9474624, 35.166714499663385 ], [ 25.9474045, 35.166717699663387 ], [ 25.9473429, 35.166726399663389 ], [ 25.9472612, 35.166738199663385 ], [ 25.9472965, 35.166891699663402 ], [ 25.9472697, 35.16689899966341 ], [ 25.9472263, 35.166720599663392 ], [ 25.947188, 35.166720599663392 ], [ 25.947114, 35.166712299663388 ], [ 25.9471365, 35.166791799663386 ], [ 25.9471383, 35.1668738996634 ], [ 25.9471026, 35.166888499663401 ], [ 25.9470911, 35.166860399663399 ], [ 25.946952, 35.166917699663408 ], [ 25.9469618, 35.166928899663397 ] ] ] } },
{ "type": "Feature", "properties": { "osm_id": 918607456, "name": null, "label": "building:yes", "building": "yes", "amenity": null, "landuse": null, "sport": null, "leisure": null }, "geometry": { "type": "Polygon", "coordinates": [ [ [ 25.9467869, 35.166802599663384 ], [ 25.9468022, 35.166800499663395 ], [ 25.9468609, 35.166838099663394 ], [ 25.9468711, 35.166863099663402 ], [ 25.9469426, 35.166890199663399 ], [ 25.9471046, 35.166836299663395 ], [ 25.9471021, 35.166768199663395 ], [ 25.947088, 35.166699399663386 ], [ 25.9469681, 35.166676399663395 ], [ 25.9468852, 35.166697299663397 ], [ 25.9468967, 35.166720199663402 ], [ 25.9468443, 35.16673799966339 ], [ 25.946829, 35.166707699663384 ], [ 25.946741, 35.16674109966339 ], [ 25.9467869, 35.166802599663384 ] ] ] } },
{ "type": "Feature", "properties": { "osm_id": 918607487, "name": null, "label": "building:yes", "building": "yes", "amenity": null, "landuse": null, "sport": null, "leisure": null }, "geometry": { "type": "Polygon", "coordinates": [ [ [ 25.9468967, 35.167013799663408 ], [ 25.946875, 35.167033599663412 ], [ 25.9469579, 35.167114999663418 ], [ 25.9470549, 35.167219299663422 ], [ 25.9470855, 35.167219299663422 ], [ 25.9470919, 35.167278699663434 ], [ 25.9471633, 35.167277699663437 ], [ 25.9471352, 35.167191099663427 ], [ 25.9470804, 35.167059699663412 ], [ 25.9470179, 35.167004399663412 ], [ 25.9468788, 35.166930399663414 ], [ 25.946852, 35.166949099663405 ], [ 25.9468967, 35.167013799663408 ] ] ] } },
{ "type": "Feature", "properties": { "osm_id": 918607489, "name": null, "label": "building:yes", "building": "yes", "amenity": null, "landuse": null, "sport": null, "leisure": null }, "geometry": { "type": "Polygon", "coordinates": [ [ [ 25.9465379, 35.166972399663408 ], [ 25.9465966, 35.166916099663403 ], [ 25.9464881, 35.166827399663397 ], [ 25.9464218, 35.166878499663405 ], [ 25.9465379, 35.166972399663408 ] ] ] } },
{ "type": "Feature", "properties": { "osm_id": 918607457, "name": null, "label": "building:yes", "building": "yes", "amenity": null, "landuse": null, "sport": null, "leisure": null }, "geometry": { "type": "Polygon", "coordinates": [ [ [ 25.9466126, 35.166410799663367 ], [ 25.946619, 35.166492199663374 ], [ 25.9466382, 35.16655259966339 ], [ 25.9467346, 35.166534399663377 ], [ 25.9467369, 35.166473799663365 ], [ 25.9468277, 35.166474599663381 ], [ 25.9468288, 35.166504699663378 ], [ 25.9467756, 35.166513499663374 ], [ 25.9467664, 35.16656389966338 ], [ 25.9466502, 35.166576199663382 ], [ 25.9467134, 35.166714299663383 ], [ 25.9468346, 35.16666629966339 ], [ 25.9469265, 35.166654899663385 ], [ 25.9469227, 35.166540099663372 ], [ 25.9469465, 35.166519399663386 ], [ 25.946966, 35.166497399663363 ], [ 25.9469495, 35.166360699663358 ], [ 25.9469073, 35.166355499663368 ], [ 25.9468831, 35.166284599663349 ], [ 25.9468601, 35.166265799663357 ], [ 25.9468219, 35.166288799663349 ], [ 25.946767, 35.166310699663363 ], [ 25.9467683, 35.16634509966336 ], [ 25.9467402, 35.166346099663357 ], [ 25.9467364, 35.166324199663357 ], [ 25.9466126, 35.166346099663357 ], [ 25.9466126, 35.166410799663367 ] ] ] } },
{ "type": "Feature", "properties": { "osm_id": 918607488, "name": null, "label": "building:yes", "building": "yes", "amenity": null, "landuse": null, "sport": null, "leisure": null }, "geometry": { "type": "Polygon", "coordinates": [ [ [ 25.9461521, 35.166758899663392 ], [ 25.9462261, 35.16672339966339 ], [ 25.946281, 35.166801599663394 ], [ 25.9464214, 35.166743199663387 ], [ 25.9464813, 35.166810999663397 ], [ 25.946563, 35.166786999663387 ], [ 25.9466395, 35.166896499663387 ], [ 25.9467263, 35.166820399663393 ], [ 25.9466625, 35.166713999663386 ], [ 25.9466166, 35.16662009966339 ], [ 25.9465706, 35.166508499663372 ], [ 25.9465528, 35.166403199663364 ], [ 25.946526, 35.166403199663364 ], [ 25.9464711, 35.166456399663375 ], [ 25.9464175, 35.166531499663385 ], [ 25.9464073, 35.166570099663375 ], [ 25.9463958, 35.166601399663385 ], [ 25.9464099, 35.166664999663389 ], [ 25.9463741, 35.166678499663384 ], [ 25.9463116, 35.16668999966339 ], [ 25.9462568, 35.166612799663376 ], [ 25.94611, 35.16669519966338 ], [ 25.9461521, 35.166758899663392 ] ] ] } },
{ "type": "Feature", "properties": { "osm_id": 918607463, "name": null, "label": "building:yes", "building": "yes", "amenity": null, "landuse": null, "sport": null, "leisure": null }, "geometry": { "type": "Polygon", "coordinates": [ [ [ 25.9460891, 35.16650249966338 ], [ 25.9461045, 35.166495199663373 ], [ 25.9461427, 35.166473299663373 ], [ 25.9461708, 35.166473299663373 ], [ 25.9462155, 35.166462899663372 ], [ 25.9462167, 35.166497299663369 ], [ 25.9462474, 35.166497299663369 ], [ 25.9462588, 35.166433699663358 ], [ 25.9463022, 35.166435799663368 ], [ 25.9463099, 35.166465999663373 ], [ 25.946389, 35.166448299663379 ], [ 25.9464426, 35.166396199663374 ], [ 25.9464592, 35.166347099663355 ], [ 25.9461172, 35.166331499663364 ], [ 25.9461057, 35.166398199663369 ], [ 25.9460598, 35.166400299663366 ], [ 25.9460891, 35.16650249966338 ] ] ] } },
{ "type": "Feature", "properties": { "osm_id": 835041306, "name": null, "label": "amenity:place_of_worship;building:yes", "building": "yes", "amenity": "place_of_worship", "landuse": null, "sport": null, "leisure": null }, "geometry": { "type": "Polygon", "coordinates": [ [ [ 25.9464277, 35.166327999663366 ], [ 25.9464519, 35.166220499663353 ], [ 25.9462405, 35.166204199663355 ], [ 25.9462185, 35.166305999663365 ], [ 25.9464277, 35.166327999663366 ] ] ] } },
{ "type": "Feature", "properties": { "osm_id": 918607464, "name": null, "label": "building:yes", "building": "yes", "amenity": null, "landuse": null, "sport": null, "leisure": null }, "geometry": { "type": "Polygon", "coordinates": [ [ [ 25.9466015, 35.166334499663357 ], [ 25.9466807, 35.166302199663349 ], [ 25.9466564, 35.166246899663349 ], [ 25.9465811, 35.166287599663349 ], [ 25.9466015, 35.166334499663357 ] ] ] } },
{ "type": "Feature", "properties": { "osm_id": 166354036, "name": null, "label": "landuse:residential", "building": null, "amenity": null, "landuse": "residential", "sport": null, "leisure": null }, "geometry": { "type": "Polygon", "coordinates": [ [ [ 25.9462461, 35.166827599663392 ], [ 25.9467178, 35.167158199663426 ], [ 25.947151, 35.167685399663455 ], [ 25.9469392, 35.16803169966348 ], [ 25.9468622, 35.168393699663511 ], [ 25.9470355, 35.168480199663513 ], [ 25.9473628, 35.168456599663507 ], [ 25.9478826, 35.168149699663502 ], [ 25.9479693, 35.167921499663471 ], [ 25.947719, 35.167409999663434 ], [ 25.9477768, 35.166937799663408 ], [ 25.9477286, 35.166198099663362 ], [ 25.9475072, 35.165867499663328 ], [ 25.9466023, 35.165292999663279 ], [ 25.9466119, 35.164663499663249 ], [ 25.9461498, 35.164671299663233 ], [ 25.9462172, 35.165395399663296 ], [ 25.9464483, 35.166009199663328 ], [ 25.9462405, 35.166204199663355 ], [ 25.9461883, 35.166253199663366 ], [ 25.9460921, 35.166591599663384 ], [ 25.9462461, 35.166827599663392 ] ] ] } },
{ "type": "Feature", "properties": { "osm_id": 918607458, "name": null, "label": "building:yes", "building": "yes", "amenity": null, "landuse": null, "sport": null, "leisure": null }, "geometry": { "type": "Polygon", "coordinates": [ [ [ 25.9469485, 35.166655599663379 ], [ 25.9470234, 35.166648999663387 ], [ 25.9470277, 35.166667099663385 ], [ 25.9471001, 35.166677799663397 ], [ 25.9472282, 35.166689599663393 ], [ 25.9472119, 35.166449099663375 ], [ 25.9470721, 35.166457299663371 ], [ 25.9470486, 35.166456499663376 ], [ 25.94699, 35.16642779966336 ], [ 25.946981, 35.166435899663369 ], [ 25.9469927, 35.166513299663372 ], [ 25.9469756, 35.166561999663379 ], [ 25.9469449, 35.166566399663381 ], [ 25.9469485, 35.166655599663379 ] ] ] } },
{ "type": "Feature", "properties": { "osm_id": 918607459, "name": null, "label": "building:yes", "building": "yes", "amenity": null, "landuse": null, "sport": null, "leisure": null }, "geometry": { "type": "Polygon", "coordinates": [ [ [ 25.9472553, 35.166699999663379 ], [ 25.9473699, 35.166689699663394 ], [ 25.9474818, 35.16666239966338 ], [ 25.947489, 35.166657199663383 ], [ 25.9474858, 35.166536999663379 ], [ 25.9472409, 35.166554699663372 ], [ 25.9472553, 35.166699999663379 ] ] ] } },
{ "type": "Feature", "properties": { "osm_id": 918607460, "name": null, "label": "building:yes", "building": "yes", "amenity": null, "landuse": null, "sport": null, "leisure": null }, "geometry": { "type": "Polygon", "coordinates": [ [ [ 25.9472396, 35.166535999663374 ], [ 25.9474949, 35.166499099663383 ], [ 25.9474949, 35.166434199663364 ], [ 25.9474895, 35.166375999663373 ], [ 25.9473812, 35.166384399663364 ], [ 25.9472396, 35.166394399663368 ], [ 25.9472396, 35.166535999663374 ] ] ] } },
{ "type": "Feature", "properties": { "osm_id": 918607462, "name": null, "label": "building:yes", "building": "yes", "amenity": null, "landuse": null, "sport": null, "leisure": null }, "geometry": { "type": "Polygon", "coordinates": [ [ [ 25.9469677, 35.16620739966335 ], [ 25.9469537, 35.16624699966335 ], [ 25.946923, 35.166251199663364 ], [ 25.9469205, 35.166276199663358 ], [ 25.9469345, 35.166335499663361 ], [ 25.9469817, 35.166354399663369 ], [ 25.9469907, 35.166411799663365 ], [ 25.9470749, 35.166432699663368 ], [ 25.9471552, 35.166436799663373 ], [ 25.9471501, 35.166383599663369 ], [ 25.9472203, 35.166380499663362 ], [ 25.9472318, 35.166355499663368 ], [ 25.9473862, 35.166330399663359 ], [ 25.9474704, 35.166326699663351 ], [ 25.9474198, 35.166147999663352 ], [ 25.9473981, 35.166100899663341 ], [ 25.9473613, 35.166050999663348 ], [ 25.9473119, 35.165998599663332 ], [ 25.9472752, 35.16601719966333 ], [ 25.9471929, 35.166068999663345 ], [ 25.947256, 35.166125999663343 ], [ 25.9472171, 35.166157999663355 ], [ 25.9471615, 35.166093099663343 ], [ 25.9471353, 35.166099499663339 ], [ 25.9471285, 35.166109299663347 ], [ 25.9471208, 35.166212599663346 ], [ 25.9470532, 35.166220899663351 ], [ 25.947043, 35.16620739966335 ], [ 25.9470481, 35.166182299663348 ], [ 25.9470504, 35.166170599663339 ], [ 25.9470477, 35.166158499663354 ], [ 25.9469441, 35.16612269966334 ], [ 25.9469192, 35.166187499663344 ], [ 25.9469677, 35.16620739966335 ] ] ] } },
{ "type": "Feature", "properties": { "osm_id": 918607466, "name": null, "label": "building:yes", "building": "yes", "amenity": null, "landuse": null, "sport": null, "leisure": null }, "geometry": { "type": "Polygon", "coordinates": [ [ [ 25.9470337, 35.165992299663337 ], [ 25.9471013, 35.165922399663337 ], [ 25.9470248, 35.165897399663322 ], [ 25.9469865, 35.165956899663335 ], [ 25.9470337, 35.165992299663337 ] ] ] } },
{ "type": "Feature", "properties": { "osm_id": 918607468, "name": null, "label": "building:yes", "building": "yes", "amenity": null, "landuse": null, "sport": null, "leisure": null }, "geometry": { "type": "Polygon", "coordinates": [ [ [ 25.9468878, 35.165794399663319 ], [ 25.9469989, 35.165849599663332 ], [ 25.9470563, 35.165864299663333 ], [ 25.9470677, 35.165848599663327 ], [ 25.9472055, 35.165887199663317 ], [ 25.9472285, 35.165853799663331 ], [ 25.9471175, 35.165805799663325 ], [ 25.9470958, 35.165776599663324 ], [ 25.9469504, 35.16569839966332 ], [ 25.9468674, 35.165780799663324 ], [ 25.9468878, 35.165794399663319 ] ] ] } },
{ "type": "Feature", "properties": { "osm_id": 918607469, "name": null, "label": "building:yes", "building": "yes", "amenity": null, "landuse": null, "sport": null, "leisure": null }, "geometry": { "type": "Polygon", "coordinates": [ [ [ 25.946738, 35.165683899663314 ], [ 25.9468222, 35.165751699663318 ], [ 25.9468465, 35.165709999663321 ], [ 25.9467993, 35.165671399663296 ], [ 25.9468197, 35.165660899663308 ], [ 25.9469014, 35.165725599663318 ], [ 25.9470136, 35.165622299663305 ], [ 25.9469269, 35.165562899663307 ], [ 25.9468643, 35.16559419966331 ], [ 25.9467176, 35.1655190996633 ], [ 25.9466449, 35.165609799663315 ], [ 25.946738, 35.165683899663314 ] ] ] } },
{ "type": "Feature", "properties": { "osm_id": 918607467, "name": null, "label": "building:yes", "building": "yes", "amenity": null, "landuse": null, "sport": null, "leisure": null }, "geometry": { "type": "Polygon", "coordinates": [ [ [ 25.9464547, 35.165581999663303 ], [ 25.9464815, 35.165642499663306 ], [ 25.9465772, 35.165708199663307 ], [ 25.9466206, 35.165711399663316 ], [ 25.946641, 35.16570509966332 ], [ 25.9466563, 35.16571759966331 ], [ 25.9466219, 35.165739499663324 ], [ 25.9466754, 35.165889699663325 ], [ 25.9467061, 35.165907399663332 ], [ 25.9467571, 35.16585529966332 ], [ 25.9467852, 35.165874099663334 ], [ 25.9467392, 35.165923099663338 ], [ 25.9468758, 35.166007599663338 ], [ 25.9469242, 35.166023199663336 ], [ 25.9469676, 35.165968999663335 ], [ 25.946937, 35.165927299663338 ], [ 25.9469415, 35.165879899663331 ], [ 25.9469063, 35.165848299663324 ], [ 25.9467826, 35.16577259966332 ], [ 25.9466276, 35.165644099663304 ], [ 25.9464662, 35.1655184996633 ], [ 25.9464389, 35.1655336996633 ], [ 25.9464547, 35.165581999663303 ] ] ] } },
{ "type": "Feature", "properties": { "osm_id": 918607470, "name": null, "label": "building:yes", "building": "yes", "amenity": null, "landuse": null, "sport": null, "leisure": null }, "geometry": { "type": "Polygon", "coordinates": [ [ [ 25.9464108, 35.165396399663294 ], [ 25.9463917, 35.165406899663289 ], [ 25.9464402, 35.165453799663297 ], [ 25.9466111, 35.165408999663299 ], [ 25.9465767, 35.165273399663285 ], [ 25.9465435, 35.165174299663278 ], [ 25.9464848, 35.165178499663277 ], [ 25.946495, 35.165215999663289 ], [ 25.9464159, 35.165249399663281 ], [ 25.9464338, 35.165286899663279 ], [ 25.9464134, 35.165294199663279 ], [ 25.9464287, 35.16533279966329 ], [ 25.9463802, 35.165341199663288 ], [ 25.9464108, 35.165396399663294 ] ] ] } },
{ "type": "Feature", "properties": { "osm_id": 918607471, "name": null, "label": "building:yes", "building": "yes", "amenity": null, "landuse": null, "sport": null, "leisure": null }, "geometry": { "type": "Polygon", "coordinates": [ [ [ 25.9462831, 35.165458499663295 ], [ 25.9463558, 35.165430299663292 ], [ 25.9463277, 35.165315599663288 ], [ 25.9462435, 35.165337499663281 ], [ 25.9462831, 35.165458499663295 ] ] ] } },
{ "type": "Feature", "properties": { "osm_id": 918607472, "name": null, "label": "building:yes", "building": "yes", "amenity": null, "landuse": null, "sport": null, "leisure": null }, "geometry": { "type": "Polygon", "coordinates": [ [ [ 25.9463516, 35.16569839966332 ], [ 25.9464345, 35.165660799663307 ], [ 25.9464026, 35.1656023996633 ], [ 25.9463222, 35.165636799663311 ], [ 25.9463516, 35.16569839966332 ] ] ] } },
{ "type": "Feature", "properties": { "osm_id": 918607465, "name": null, "label": "building:yes", "building": "yes", "amenity": null, "landuse": null, "sport": null, "leisure": null }, "geometry": { "type": "Polygon", "coordinates": [ [ [ 25.946678, 35.166010899663348 ], [ 25.9466474, 35.166064099663345 ], [ 25.9467227, 35.166110999663353 ], [ 25.946798, 35.166037999663331 ], [ 25.9468413, 35.16606309966334 ], [ 25.9468439, 35.166098499663349 ], [ 25.9468222, 35.166140199663353 ], [ 25.9467941, 35.166157999663355 ], [ 25.9467546, 35.166136099663348 ], [ 25.9466563, 35.166236199663352 ], [ 25.946678, 35.166272699663352 ], [ 25.9466895, 35.166307099663356 ], [ 25.9467686, 35.166277899663356 ], [ 25.9468158, 35.166247699663352 ], [ 25.946835, 35.166205999663354 ], [ 25.9468669, 35.166150699663355 ], [ 25.9468911, 35.166100599663338 ], [ 25.9468911, 35.166058899663341 ], [ 25.9468732, 35.166036999663334 ], [ 25.9468133, 35.166004599663353 ], [ 25.9467227, 35.165952499663341 ], [ 25.9466295, 35.165900299663328 ], [ 25.9466181, 35.165940999663334 ], [ 25.946678, 35.166010899663348 ] ] ] } },
{ "type": "Feature", "properties": { "osm_id": 1088720496, "name": null, "label": "amenity:parking", "building": null, "amenity": "parking", "landuse": null, "sport": null, "leisure": null }, "geometry": { "type": "Polygon", "coordinates": [ [ [ 25.9458006, 35.165530299663295 ], [ 25.9459212, 35.165550699663299 ], [ 25.9457931, 35.165317299663279 ], [ 25.9457334, 35.165413399663294 ], [ 25.9458006, 35.165530299663295 ] ] ] } },
{ "type": "Feature", "properties": { "osm_id": 918607439, "name": null, "label": "building:yes", "building": "yes", "amenity": null, "landuse": null, "sport": null, "leisure": null }, "geometry": { "type": "Polygon", "coordinates": [ [ [ 25.9469413, 35.168424399663515 ], [ 25.9469037, 35.168481399663513 ], [ 25.9469799, 35.168521699663522 ], [ 25.9470947, 35.168413799663512 ], [ 25.9471108, 35.168423499663511 ], [ 25.9471956, 35.168341899663517 ], [ 25.947143, 35.168313799663494 ], [ 25.9471173, 35.168255999663501 ], [ 25.9470872, 35.168260299663508 ], [ 25.9470765, 35.168278799663511 ], [ 25.9470389, 35.168271699663499 ], [ 25.9469531, 35.168253299663498 ], [ 25.9468694, 35.168374399663513 ], [ 25.9469413, 35.168424399663515 ] ] ] } },
{ "type": "Feature", "properties": { "osm_id": 918607440, "name": null, "label": "building:yes", "building": "yes", "amenity": null, "landuse": null, "sport": null, "leisure": null }, "geometry": { "type": "Polygon", "coordinates": [ [ [ 25.9469011, 35.168317099663504 ], [ 25.9469772, 35.168203899663496 ], [ 25.9468721, 35.168176699663498 ], [ 25.946812, 35.168215299663501 ], [ 25.9467777, 35.168274099663506 ], [ 25.9469011, 35.168317099663504 ] ] ] } },
{ "type": "Feature", "properties": { "osm_id": 918607443, "name": null, "label": "building:yes", "building": "yes", "amenity": null, "landuse": null, "sport": null, "leisure": null }, "geometry": { "type": "Polygon", "coordinates": [ [ [ 25.9472182, 35.168165299663492 ], [ 25.9472003, 35.168287299663504 ], [ 25.9473088, 35.168309199663518 ], [ 25.947319, 35.168267499663507 ], [ 25.9472603, 35.1682601996635 ], [ 25.9472705, 35.168217399663511 ], [ 25.9473751, 35.168239299663512 ], [ 25.9474275, 35.168187199663492 ], [ 25.9474619, 35.168064099663489 ], [ 25.9474466, 35.168050599663488 ], [ 25.9472807, 35.168015099663478 ], [ 25.9472743, 35.168027599663482 ], [ 25.947201, 35.168036799663497 ], [ 25.9471631, 35.168162999663501 ], [ 25.9472182, 35.168165299663492 ] ] ] } },
{ "type": "Feature", "properties": { "osm_id": 918607441, "name": null, "label": "building:yes", "building": "yes", "amenity": null, "landuse": null, "sport": null, "leisure": null }, "geometry": { "type": "Polygon", "coordinates": [ [ [ 25.9470427, 35.168101299663491 ], [ 25.9470481, 35.16805659966348 ], [ 25.9470169, 35.16805659966348 ], [ 25.9470073, 35.168096899663496 ], [ 25.9470427, 35.168101299663491 ] ] ] } },
{ "type": "Feature", "properties": { "osm_id": 918607483, "name": null, "label": "building:yes", "building": "yes", "amenity": null, "landuse": null, "sport": null, "leisure": null }, "geometry": { "type": "Polygon", "coordinates": [ [ [ 25.9465226, 35.167782799663478 ], [ 25.9465226, 35.167722299663467 ], [ 25.9464805, 35.167722299663467 ], [ 25.9464754, 35.167786999663463 ], [ 25.9465226, 35.167782799663478 ] ] ] } },
{ "type": "Feature", "properties": { "osm_id": 918607486, "name": null, "label": "building:yes", "building": "yes", "amenity": null, "landuse": null, "sport": null, "leisure": null }, "geometry": { "type": "Polygon", "coordinates": [ [ [ 25.9469399, 35.167330499663429 ], [ 25.9470547, 35.167298099663419 ], [ 25.9469603, 35.167140599663419 ], [ 25.9468748, 35.167178199663432 ], [ 25.9469399, 35.167330499663429 ] ] ] } },
{ "type": "Feature", "properties": { "osm_id": 918607484, "name": null, "label": "building:yes", "building": "yes", "amenity": null, "landuse": null, "sport": null, "leisure": null }, "geometry": { "type": "Polygon", "coordinates": [ [ [ 25.9469998, 35.167444899663444 ], [ 25.9471146, 35.167418799663444 ], [ 25.9471005, 35.16731239966343 ], [ 25.9469781, 35.167329099663441 ], [ 25.9469998, 35.167444899663444 ] ] ] } },
{ "type": "Feature", "properties": { "osm_id": 918607485, "name": null, "label": "building:yes", "building": "yes", "amenity": null, "landuse": null, "sport": null, "leisure": null }, "geometry": { "type": "Polygon", "coordinates": [ [ [ 25.9471401, 35.167466799663437 ], [ 25.9471669, 35.167466799663437 ], [ 25.9471745, 35.167522099663458 ], [ 25.9472052, 35.167515799663448 ], [ 25.9472115, 35.167414599663438 ], [ 25.9472422, 35.167414599663438 ], [ 25.9472434, 35.167337399663438 ], [ 25.947223, 35.167281099663427 ], [ 25.9471554, 35.167287399663429 ], [ 25.947158, 35.167348899663445 ], [ 25.9471363, 35.167348899663445 ], [ 25.9471401, 35.167466799663437 ] ] ] } },
{ "type": "Feature", "properties": { "osm_id": 918607449, "name": null, "label": "building:yes", "building": "yes", "amenity": null, "landuse": null, "sport": null, "leisure": null }, "geometry": { "type": "Polygon", "coordinates": [ [ [ 25.9472067, 35.167198599663429 ], [ 25.9472577, 35.167275699663428 ], [ 25.9472628, 35.167351899663437 ], [ 25.9472871, 35.167396699663442 ], [ 25.9473215, 35.167396699663442 ], [ 25.9473471, 35.167384199663438 ], [ 25.9473687, 35.16730389966343 ], [ 25.9474172, 35.167090099663426 ], [ 25.947416, 35.167078599663419 ], [ 25.9473113, 35.167105699663431 ], [ 25.9471863, 35.167143299663422 ], [ 25.9472067, 35.167198599663429 ] ] ] } },
{ "type": "Feature", "properties": { "osm_id": 918607450, "name": null, "label": "building:yes", "building": "yes", "amenity": null, "landuse": null, "sport": null, "leisure": null }, "geometry": { "type": "Polygon", "coordinates": [ [ [ 25.9474139, 35.167349499663445 ], [ 25.9474356, 35.167346399663437 ], [ 25.9474458, 35.167383899663427 ], [ 25.9475134, 35.167365099663435 ], [ 25.9474943, 35.167275399663424 ], [ 25.9474139, 35.167304599663431 ], [ 25.9474139, 35.167349499663445 ] ] ] } },
{ "type": "Feature", "properties": { "osm_id": 918607447, "name": null, "label": "building:yes", "building": "yes", "amenity": null, "landuse": null, "sport": null, "leisure": null }, "geometry": { "type": "Polygon", "coordinates": [ [ [ 25.9474337, 35.167499799663446 ], [ 25.9474477, 35.167492499663439 ], [ 25.9474579, 35.167509199663442 ], [ 25.9474413, 35.167523799663442 ], [ 25.947509, 35.167639599663453 ], [ 25.9475702, 35.167708399663475 ], [ 25.9476455, 35.167731399663467 ], [ 25.9477271, 35.16774079966347 ], [ 25.9477948, 35.167737599663475 ], [ 25.9478216, 35.167707399663463 ], [ 25.9478751, 35.16767609966346 ], [ 25.9478611, 35.167644799663464 ], [ 25.9477284, 35.167659399663464 ], [ 25.9476315, 35.167639599663453 ], [ 25.9475651, 35.167562399663453 ], [ 25.9475842, 35.167557199663449 ], [ 25.9474834, 35.167395499663435 ], [ 25.947398, 35.167412199663438 ], [ 25.9474337, 35.167499799663446 ] ] ] } },
{ "type": "Feature", "properties": { "osm_id": 918607448, "name": null, "label": "building:yes", "building": "yes", "amenity": null, "landuse": null, "sport": null, "leisure": null }, "geometry": { "type": "Polygon", "coordinates": [ [ [ 25.9473677, 35.167674199663466 ], [ 25.9473879, 35.167702699663458 ], [ 25.9474841, 35.167800899663483 ], [ 25.9475204, 35.167776899663473 ], [ 25.947453, 35.167690999663449 ], [ 25.9473639, 35.167599399663452 ], [ 25.9473518, 35.167606899663461 ], [ 25.9473677, 35.167674199663466 ] ] ] } },
{ "type": "Feature", "properties": { "osm_id": 918607446, "name": null, "label": "building:yes", "building": "yes", "amenity": null, "landuse": null, "sport": null, "leisure": null }, "geometry": { "type": "Polygon", "coordinates": [ [ [ 25.9472651, 35.167735899663462 ], [ 25.947283, 35.167778699663465 ], [ 25.9473136, 35.167780799663475 ], [ 25.9473289, 35.167805799663462 ], [ 25.9473774, 35.167797499663472 ], [ 25.9473149, 35.167907999663477 ], [ 25.9473787, 35.167930999663476 ], [ 25.9473544, 35.167983099663488 ], [ 25.947468, 35.168010199663478 ], [ 25.9475643, 35.167815499663476 ], [ 25.9475388, 35.167800499663464 ], [ 25.9474791, 35.16786669966347 ], [ 25.9474275, 35.167837199663481 ], [ 25.9473712, 35.167770699663464 ], [ 25.9473283, 35.167660499663455 ], [ 25.9473263, 35.167616999663458 ], [ 25.9472638, 35.16762749966346 ], [ 25.9472651, 35.167735899663462 ] ] ] } },
{ "type": "Feature", "properties": { "osm_id": 918607445, "name": null, "label": "building:yes", "building": "yes", "amenity": null, "landuse": null, "sport": null, "leisure": null }, "geometry": { "type": "Polygon", "coordinates": [ [ [ 25.9475606, 35.168134799663491 ], [ 25.9475599, 35.168066299663494 ], [ 25.9475259, 35.168056199663496 ], [ 25.9475185, 35.168135899663504 ], [ 25.9475606, 35.168134799663491 ] ] ] } },
{ "type": "Feature", "properties": { "osm_id": 918607444, "name": null, "label": "building:yes", "building": "yes", "amenity": null, "landuse": null, "sport": null, "leisure": null }, "geometry": { "type": "Polygon", "coordinates": [ [ [ 25.9475259, 35.168056199663496 ], [ 25.9475599, 35.168066299663494 ], [ 25.9476397, 35.168089999663493 ], [ 25.9476219, 35.168123299663485 ], [ 25.9475849, 35.168148399663494 ], [ 25.9475606, 35.168134799663491 ], [ 25.9475185, 35.168135899663504 ], [ 25.9475121, 35.168183799663495 ], [ 25.9475708, 35.168214099663501 ], [ 25.9476538, 35.168145199663492 ], [ 25.9476703, 35.168153599663498 ], [ 25.9477061, 35.168104599663494 ], [ 25.9477214, 35.168055499663495 ], [ 25.9477278, 35.168014899663483 ], [ 25.9476397, 35.16800029966349 ], [ 25.947641, 35.167980399663477 ], [ 25.9476895, 35.167979399663487 ], [ 25.947701, 35.167949199663489 ], [ 25.9477405, 35.167947099663479 ], [ 25.9477286, 35.16792829966348 ], [ 25.9476444, 35.16792099966348 ], [ 25.9475806, 35.167905299663481 ], [ 25.9475696, 35.167914699663463 ], [ 25.9475096, 35.16805139966349 ], [ 25.9475259, 35.168056199663496 ] ] ] } },
{ "type": "Feature", "properties": { "osm_id": 918607461, "name": null, "label": "building:yes", "building": "yes", "amenity": null, "landuse": null, "sport": null, "leisure": null }, "geometry": { "type": "Polygon", "coordinates": [ [ [ 25.9479672, 35.167230599663426 ], [ 25.94798, 35.167221199663423 ], [ 25.9479966, 35.167244099663421 ], [ 25.9480642, 35.167212799663439 ], [ 25.9480285, 35.167142999663426 ], [ 25.9479672, 35.167165899663416 ], [ 25.9479736, 35.167197199663413 ], [ 25.9479494, 35.167208699663426 ], [ 25.9479672, 35.167230599663426 ] ] ] } },
{ "type": "Feature", "properties": { "osm_id": 918607481, "name": null, "label": "building:yes", "building": "yes", "amenity": null, "landuse": null, "sport": null, "leisure": null }, "geometry": { "type": "Polygon", "coordinates": [ [ [ 25.9492656, 35.167342799663437 ], [ 25.9493248, 35.167334199663436 ], [ 25.9493111, 35.167286999663439 ], [ 25.949258, 35.167295699663427 ], [ 25.9492656, 35.167342799663437 ] ] ] } },
{ "type": "Feature", "properties": { "osm_id": 908851601, "name": null, "label": "building:yes", "building": "yes", "amenity": null, "landuse": null, "sport": null, "leisure": null }, "geometry": { "type": "Polygon", "coordinates": [ [ [ 25.9489887, 35.169608099663598 ], [ 25.9490576, 35.169570599663608 ], [ 25.9490117, 35.169514299663597 ], [ 25.948953, 35.169537199663601 ], [ 25.9489887, 35.169608099663598 ] ] ] } },
{ "type": "Feature", "properties": { "osm_id": 908869484, "name": null, "label": "building:yes", "building": "yes", "amenity": null, "landuse": null, "sport": null, "leisure": null }, "geometry": { "type": "Polygon", "coordinates": [ [ [ 25.9467132, 35.169318699663577 ], [ 25.9467209, 35.169245699663563 ], [ 25.9465907, 35.169228999663574 ], [ 25.9465754, 35.16930819966359 ], [ 25.9467132, 35.169318699663577 ] ] ] } },
{ "type": "Feature", "properties": { "osm_id": 908869474, "name": null, "label": "building:yes", "building": "yes", "amenity": null, "landuse": null, "sport": null, "leisure": null }, "geometry": { "type": "Polygon", "coordinates": [ [ [ 25.9427841, 35.170097199663637 ], [ 25.9428184, 35.170093699663639 ], [ 25.9428184, 35.170044599663626 ], [ 25.9427755, 35.170055099663628 ], [ 25.9427841, 35.170097199663637 ] ] ] } },
{ "type": "Feature", "properties": { "osm_id": 908869479, "name": null, "label": "building:yes", "building": "yes", "amenity": null, "landuse": null, "sport": null, "leisure": null }, "geometry": { "type": "Polygon", "coordinates": [ [ [ 25.9448224, 35.169001599663552 ], [ 25.9448887, 35.168907699663549 ], [ 25.9447739, 35.16885769966354 ], [ 25.9447152, 35.168966099663557 ], [ 25.9448224, 35.169001599663552 ] ] ] } },
{ "type": "Feature", "properties": { "osm_id": 908869467, "name": null, "label": "building:yes", "building": "yes", "amenity": null, "landuse": null, "sport": null, "leisure": null }, "geometry": { "type": "Polygon", "coordinates": [ [ [ 25.9415911, 35.171691699663754 ], [ 25.9415936, 35.171649999663742 ], [ 25.9415247, 35.171635399663757 ], [ 25.9415094, 35.171677099663739 ], [ 25.9415911, 35.171691699663754 ] ] ] } },
{ "type": "Feature", "properties": { "osm_id": 908869468, "name": null, "label": "building:yes", "building": "yes", "amenity": null, "landuse": null, "sport": null, "leisure": null }, "geometry": { "type": "Polygon", "coordinates": [ [ [ 25.9423566, 35.171729199663758 ], [ 25.9423617, 35.171656199663751 ], [ 25.9423209, 35.171656199663751 ], [ 25.9423081, 35.171727199663749 ], [ 25.9423566, 35.171729199663758 ] ] ] } },
{ "type": "Feature", "properties": { "osm_id": 908869472, "name": null, "label": "building:yes", "building": "yes", "amenity": null, "landuse": null, "sport": null, "leisure": null }, "geometry": { "type": "Polygon", "coordinates": [ [ [ 25.9442667, 35.174638799663967 ], [ 25.9443118, 35.174625499663968 ], [ 25.9442902, 35.174559099663959 ], [ 25.9442469, 35.174567999663964 ], [ 25.9442667, 35.174638799663967 ] ] ] } },
{ "type": "Feature", "properties": { "osm_id": 908846308, "name": null, "label": "building:yes", "building": "yes", "amenity": null, "landuse": null, "sport": null, "leisure": null }, "geometry": { "type": "Polygon", "coordinates": [ [ [ 25.943301, 35.176702999664123 ], [ 25.943301, 35.176654999664109 ], [ 25.9432244, 35.176654999664109 ], [ 25.9432142, 35.176702999664123 ], [ 25.943301, 35.176702999664123 ] ] ] } },
{ "type": "Feature", "properties": { "osm_id": 908846309, "name": null, "label": "building:yes", "building": "yes", "amenity": null, "landuse": null, "sport": null, "leisure": null }, "geometry": { "type": "Polygon", "coordinates": [ [ [ 25.9432053, 35.176326099664095 ], [ 25.943245, 35.176309499664093 ], [ 25.9431935, 35.176251599664091 ], [ 25.9431581, 35.176272699664089 ], [ 25.9432053, 35.176326099664095 ] ] ] } },
{ "type": "Feature", "properties": { "osm_id": 908846278, "name": null, "label": "building:yes", "building": "yes", "amenity": null, "landuse": null, "sport": null, "leisure": null }, "geometry": { "type": "Polygon", "coordinates": [ [ [ 25.9477718, 35.177354399664168 ], [ 25.9477869, 35.177296499664159 ], [ 25.9477075, 35.177278999664161 ], [ 25.9476903, 35.177331599664164 ], [ 25.9477718, 35.177354399664168 ] ] ] } },
{ "type": "Feature", "properties": { "osm_id": 890254284, "name": null, "label": "amenity:place_of_worship;building:yes", "building": "yes", "amenity": "place_of_worship", "landuse": null, "sport": null, "leisure": null }, "geometry": { "type": "Polygon", "coordinates": [ [ [ 25.947809, 35.177246199664161 ], [ 25.9478332, 35.177197899664158 ], [ 25.9477339, 35.177171599664156 ], [ 25.9477205, 35.177220999664165 ], [ 25.947809, 35.177246199664161 ] ] ] } },
{ "type": "Feature", "properties": { "osm_id": 908846279, "name": null, "label": "building:yes", "building": "yes", "amenity": null, "landuse": null, "sport": null, "leisure": null }, "geometry": { "type": "Polygon", "coordinates": [ [ [ 25.9475894, 35.177401699664152 ], [ 25.9476517, 35.177357899664173 ], [ 25.9476238, 35.177328099664166 ], [ 25.9475551, 35.177375399664172 ], [ 25.9475894, 35.177401699664152 ] ] ] } },
{ "type": "Feature", "properties": { "osm_id": 908846314, "name": null, "label": "building:yes", "building": "yes", "amenity": null, "landuse": null, "sport": null, "leisure": null }, "geometry": { "type": "Polygon", "coordinates": [ [ [ 25.94933, 35.176708799664127 ], [ 25.9494015, 35.176692099664116 ], [ 25.9493836, 35.176616999664112 ], [ 25.9493147, 35.176625399664118 ], [ 25.94933, 35.176708799664127 ] ] ] } },
{ "type": "Feature", "properties": { "osm_id": 908851585, "name": null, "label": "building:yes", "building": "yes", "amenity": null, "landuse": null, "sport": null, "leisure": null }, "geometry": { "type": "Polygon", "coordinates": [ [ [ 25.9488329, 35.173466299663879 ], [ 25.9488458, 35.173422399663885 ], [ 25.948745, 35.173389099663879 ], [ 25.94873, 35.173431199663881 ], [ 25.9488329, 35.173466299663879 ] ] ] } },
{ "type": "Feature", "properties": { "osm_id": 908851587, "name": null, "label": "building:yes", "building": "yes", "amenity": null, "landuse": null, "sport": null, "leisure": null }, "geometry": { "type": "Polygon", "coordinates": [ [ [ 25.9509903, 35.173675299663898 ], [ 25.9511362, 35.173650799663896 ], [ 25.951119, 35.1735963996639 ], [ 25.9509839, 35.173619199663896 ], [ 25.9509903, 35.173675299663898 ] ] ] } },
{ "type": "Feature", "properties": { "osm_id": 908851576, "name": null, "label": "building:yes", "building": "yes", "amenity": null, "landuse": null, "sport": null, "leisure": null }, "geometry": { "type": "Polygon", "coordinates": [ [ [ 25.9511936, 35.176222599664086 ], [ 25.9512634, 35.176175499664083 ], [ 25.9512301, 35.176143299664076 ], [ 25.9511542, 35.176182999664086 ], [ 25.9511936, 35.176222599664086 ] ] ] } },
{ "type": "Feature", "properties": { "osm_id": 908851588, "name": null, "label": "building:yes", "building": "yes", "amenity": null, "landuse": null, "sport": null, "leisure": null }, "geometry": { "type": "Polygon", "coordinates": [ [ [ 25.9524456, 35.175623399664047 ], [ 25.9524781, 35.175607199664043 ], [ 25.9524564, 35.175551199664035 ], [ 25.9524095, 35.175558599664036 ], [ 25.9524456, 35.175623399664047 ] ] ] } },
{ "type": "Feature", "properties": { "osm_id": 180935023, "name": null, "label": "amenity:parking", "building": null, "amenity": "parking", "landuse": null, "sport": null, "leisure": null }, "geometry": { "type": "Polygon", "coordinates": [ [ [ 25.9561412, 35.174155999663931 ], [ 25.9563942, 35.173969899663909 ], [ 25.9562543, 35.173965199663918 ], [ 25.9561567, 35.173961899663922 ], [ 25.9560153, 35.17408899966393 ], [ 25.9561412, 35.174155999663931 ] ] ] } },
{ "type": "Feature", "properties": { "osm_id": 180935022, "name": null, "label": "building:yes", "building": "yes", "amenity": null, "landuse": null, "sport": null, "leisure": null }, "geometry": { "type": "Polygon", "coordinates": [ [ [ 25.9559291, 35.174084299663924 ], [ 25.9559717, 35.174020999663924 ], [ 25.9558869, 35.173982899663919 ], [ 25.9558443, 35.174046199663927 ], [ 25.9559291, 35.174084299663924 ] ] ] } },
{ "type": "Feature", "properties": { "osm_id": 1088720493, "name": null, "label": "amenity:parking", "building": null, "amenity": "parking", "landuse": null, "sport": null, "leisure": null }, "geometry": { "type": "Polygon", "coordinates": [ [ [ 25.9541734, 35.173061999663865 ], [ 25.9544136, 35.173072699663855 ], [ 25.9545778, 35.172965299663844 ], [ 25.9544365, 35.172943299663849 ], [ 25.9541938, 35.172927099663845 ], [ 25.9540928, 35.172914199663836 ], [ 25.9541734, 35.173061999663865 ] ] ] } },
{ "type": "Feature", "properties": { "osm_id": 908869508, "name": null, "label": "building:yes", "building": "yes", "amenity": null, "landuse": null, "sport": null, "leisure": null }, "geometry": { "type": "Polygon", "coordinates": [ [ [ 25.9574065, 35.172845299663841 ], [ 25.9574607, 35.172831999663828 ], [ 25.957439, 35.172774499663838 ], [ 25.9573957, 35.172781899663832 ], [ 25.9574065, 35.172845299663841 ] ] ] } },
{ "type": "Feature", "properties": { "osm_id": 908869504, "name": null, "label": "building:yes", "building": "yes", "amenity": null, "landuse": null, "sport": null, "leisure": null }, "geometry": { "type": "Polygon", "coordinates": [ [ [ 25.957423, 35.172274199663796 ], [ 25.9575603, 35.172170699663795 ], [ 25.9574831, 35.172118099663777 ], [ 25.9573801, 35.172211099663784 ], [ 25.957423, 35.172274199663796 ] ] ] } },
{ "type": "Feature", "properties": { "osm_id": 908869505, "name": null, "label": "building:yes", "building": "yes", "amenity": null, "landuse": null, "sport": null, "leisure": null }, "geometry": { "type": "Polygon", "coordinates": [ [ [ 25.9575238, 35.171963799663772 ], [ 25.9575667, 35.171926899663774 ], [ 25.9575324, 35.171902399663772 ], [ 25.9574873, 35.171932199663772 ], [ 25.9575238, 35.171963799663772 ] ] ] } },
{ "type": "Feature", "properties": { "osm_id": 908869510, "name": null, "label": "building:yes", "building": "yes", "amenity": null, "landuse": null, "sport": null, "leisure": null }, "geometry": { "type": "Polygon", "coordinates": [ [ [ 25.9507511, 35.170023199663632 ], [ 25.9508112, 35.169981099663623 ], [ 25.950764, 35.169933699663623 ], [ 25.9507125, 35.169959999663632 ], [ 25.9507511, 35.170023199663632 ] ] ] } },
{ "type": "Feature", "properties": { "osm_id": 890254277, "name": null, "label": "amenity:place_of_worship;building:yes", "building": "yes", "amenity": "place_of_worship", "landuse": null, "sport": null, "leisure": null }, "geometry": { "type": "Polygon", "coordinates": [ [ [ 25.9498127, 35.169108799663569 ], [ 25.9498462, 35.169056199663558 ], [ 25.9497536, 35.169028799663558 ], [ 25.9497282, 35.169081399663568 ], [ 25.9498127, 35.169108799663569 ] ] ] } },
{ "type": "Feature", "properties": { "osm_id": 890254278, "name": null, "label": "landuse:cemetery", "building": null, "amenity": null, "landuse": "cemetery", "sport": null, "leisure": null }, "geometry": { "type": "Polygon", "coordinates": [ [ [ 25.9498314, 35.169220599663568 ], [ 25.9499736, 35.168970699663554 ], [ 25.949725, 35.168907099663542 ], [ 25.9496008, 35.168875299663554 ], [ 25.9495057, 35.169043499663559 ], [ 25.949476, 35.169105499663559 ], [ 25.9498314, 35.169220599663568 ] ] ] } },
{ "type": "Feature", "properties": { "osm_id": 908869501, "name": null, "label": "building:yes", "building": "yes", "amenity": null, "landuse": null, "sport": null, "leisure": null }, "geometry": { "type": "Polygon", "coordinates": [ [ [ 25.9509618, 35.168154199663491 ], [ 25.95098, 35.168067399663485 ], [ 25.9509011, 35.168067399663485 ], [ 25.950898, 35.168154199663491 ], [ 25.9509618, 35.168154199663491 ] ] ] } },
{ "type": "Feature", "properties": { "osm_id": 908869514, "name": null, "label": "building:yes", "building": "yes", "amenity": null, "landuse": null, "sport": null, "leisure": null }, "geometry": { "type": "Polygon", "coordinates": [ [ [ 25.9501692, 35.166416899663375 ], [ 25.9502432, 35.166398099663375 ], [ 25.9502152, 35.166316699663362 ], [ 25.9501463, 35.166325099663354 ], [ 25.9501692, 35.166416899663375 ] ] ] } },
{ "type": "Feature", "properties": { "osm_id": 908887131, "name": null, "label": "building:yes", "building": "yes", "amenity": null, "landuse": null, "sport": null, "leisure": null }, "geometry": { "type": "Polygon", "coordinates": [ [ [ 25.955914, 35.160574999662941 ], [ 25.9559102, 35.160505799662943 ], [ 25.9558613, 35.160505799662943 ], [ 25.9558575, 35.160577999662948 ], [ 25.955914, 35.160574999662941 ] ] ] } },
{ "type": "Feature", "properties": { "osm_id": 908887093, "name": null, "label": "building:yes", "building": "yes", "amenity": null, "landuse": null, "sport": null, "leisure": null }, "geometry": { "type": "Polygon", "coordinates": [ [ [ 25.9521073, 35.159184599662844 ], [ 25.9521674, 35.15910559966283 ], [ 25.9521224, 35.159079299662828 ], [ 25.9520666, 35.159152999662837 ], [ 25.9521073, 35.159184599662844 ] ] ] } },
{ "type": "Feature", "properties": { "osm_id": 890775098, "name": null, "label": "amenity:place_of_worship;building:yes", "building": "yes", "amenity": "place_of_worship", "landuse": null, "sport": null, "leisure": null }, "geometry": { "type": "Polygon", "coordinates": [ [ [ 25.9500034, 35.15778739966273 ], [ 25.9500174, 35.157746199662732 ], [ 25.9499364, 35.157730899662738 ], [ 25.949923, 35.157769499662734 ], [ 25.9500034, 35.15778739966273 ] ] ] } },
{ "type": "Feature", "properties": { "osm_id": 908887117, "name": null, "label": "building:yes", "building": "yes", "amenity": null, "landuse": null, "sport": null, "leisure": null }, "geometry": { "type": "Polygon", "coordinates": [ [ [ 25.9541866, 35.162442199663076 ], [ 25.9542214, 35.162369699663074 ], [ 25.9541835, 35.162356799663073 ], [ 25.9541487, 35.162434399663091 ], [ 25.9541866, 35.162442199663076 ] ] ] } },
{ "type": "Feature", "properties": { "osm_id": 890254276, "name": null, "label": "amenity:place_of_worship;building:yes", "building": "yes", "amenity": "place_of_worship", "landuse": null, "sport": null, "leisure": null }, "geometry": { "type": "Polygon", "coordinates": [ [ [ 25.944703, 35.163185299663134 ], [ 25.9447245, 35.163108599663126 ], [ 25.9446521, 35.163104199663124 ], [ 25.9446373, 35.163178699663128 ], [ 25.944703, 35.163185299663134 ] ] ] } },
{ "type": "Feature", "properties": { "osm_id": 918607478, "name": null, "label": "building:yes", "building": "yes", "amenity": null, "landuse": null, "sport": null, "leisure": null }, "geometry": { "type": "Polygon", "coordinates": [ [ [ 25.9450186, 35.160570199662949 ], [ 25.9450619, 35.160496499662941 ], [ 25.9449095, 35.160465499662934 ], [ 25.9448797, 35.160526699662931 ], [ 25.9450186, 35.160570199662949 ] ] ] } },
{ "type": "Feature", "properties": { "osm_id": 918607477, "name": null, "label": "building:yes", "building": "yes", "amenity": null, "landuse": null, "sport": null, "leisure": null }, "geometry": { "type": "Polygon", "coordinates": [ [ [ 25.9448959, 35.160341599662928 ], [ 25.9449185, 35.160315799662918 ], [ 25.9448436, 35.160274499662918 ], [ 25.9448157, 35.16029959966292 ], [ 25.9448959, 35.160341599662928 ] ] ] } },
{ "type": "Feature", "properties": { "osm_id": 918616996, "name": null, "label": "building:yes", "building": "yes", "amenity": null, "landuse": null, "sport": null, "leisure": null }, "geometry": { "type": "Polygon", "coordinates": [ [ [ 25.940757, 35.157069699662692 ], [ 25.9408075, 35.156981199662674 ], [ 25.940757, 35.156925099662672 ], [ 25.9406613, 35.156855799662665 ], [ 25.9406397, 35.156897099662672 ], [ 25.9406902, 35.156938399662678 ], [ 25.9406722, 35.156956099662672 ], [ 25.9405982, 35.156930999662677 ], [ 25.9405639, 35.156984199662659 ], [ 25.940757, 35.157069699662692 ] ] ] } },
{ "type": "Feature", "properties": { "osm_id": 918616995, "name": null, "label": "building:yes", "building": "yes", "amenity": null, "landuse": null, "sport": null, "leisure": null }, "geometry": { "type": "Polygon", "coordinates": [ [ [ 25.940526, 35.157077099662686 ], [ 25.9405639, 35.157026899662682 ], [ 25.9405026, 35.157006299662683 ], [ 25.9404719, 35.15705349966268 ], [ 25.940526, 35.157077099662686 ] ] ] } },
{ "type": "Feature", "properties": { "osm_id": 918616997, "name": null, "label": "building:yes", "building": "yes", "amenity": null, "landuse": null, "sport": null, "leisure": null }, "geometry": { "type": "Polygon", "coordinates": [ [ [ 25.9406758, 35.156804199662673 ], [ 25.9407678, 35.156517999662647 ], [ 25.9406758, 35.156488499662643 ], [ 25.9405729, 35.156781999662655 ], [ 25.9406758, 35.156804199662673 ] ] ] } },
{ "type": "Feature", "properties": { "osm_id": 918616998, "name": null, "label": "building:yes", "building": "yes", "amenity": null, "landuse": null, "sport": null, "leisure": null }, "geometry": { "type": "Polygon", "coordinates": [ [ [ 25.9408977, 35.15664779966265 ], [ 25.941015, 35.156543099662649 ], [ 25.9409212, 35.15645899966264 ], [ 25.9407967, 35.156569599662653 ], [ 25.9408977, 35.15664779966265 ] ] ] } },
{ "type": "Feature", "properties": { "osm_id": 918616999, "name": null, "label": "building:yes", "building": "yes", "amenity": null, "landuse": null, "sport": null, "leisure": null }, "geometry": { "type": "Polygon", "coordinates": [ [ [ 25.9408057, 35.156392599662638 ], [ 25.9408977, 35.156327699662626 ], [ 25.940858, 35.15628489966263 ], [ 25.9407552, 35.156342399662634 ], [ 25.9408057, 35.156392599662638 ] ] ] } },
{ "type": "Feature", "properties": { "osm_id": 908887097, "name": null, "label": "building:yes", "building": "yes", "amenity": null, "landuse": null, "sport": null, "leisure": null }, "geometry": { "type": "Polygon", "coordinates": [ [ [ 25.9478371, 35.158994599662826 ], [ 25.9478876, 35.158990199662824 ], [ 25.9478858, 35.158947399662814 ], [ 25.9478371, 35.158947399662814 ], [ 25.9478371, 35.158994599662826 ] ] ] } },
{ "type": "Feature", "properties": { "osm_id": 908713214, "name": null, "label": "building:yes", "building": "yes", "amenity": null, "landuse": null, "sport": null, "leisure": null }, "geometry": { "type": "Polygon", "coordinates": [ [ [ 25.9356661, 35.158172099662764 ], [ 25.9356639, 35.158115899662761 ], [ 25.9355695, 35.158112399662762 ], [ 25.9355674, 35.158180899662767 ], [ 25.9356661, 35.158172099662764 ] ] ] } },
{ "type": "Feature", "properties": { "osm_id": 908713267, "name": null, "label": "amenity:place_of_worship;building:yes", "building": "yes", "amenity": "place_of_worship", "landuse": null, "sport": null, "leisure": null }, "geometry": { "type": "Polygon", "coordinates": [ [ [ 25.9380391, 35.1571232996627 ], [ 25.938068, 35.157087899662685 ], [ 25.9379958, 35.157043599662686 ], [ 25.9379688, 35.157080499662683 ], [ 25.9380391, 35.1571232996627 ] ] ] } },
{ "type": "Feature", "properties": { "osm_id": 890775107, "name": null, "label": "amenity:place_of_worship;building:yes", "building": "yes", "amenity": "place_of_worship", "landuse": null, "sport": null, "leisure": null }, "geometry": { "type": "Polygon", "coordinates": [ [ [ 25.9397634, 35.156334999662626 ], [ 25.9397656, 35.156292299662631 ], [ 25.9396834, 35.156288599662631 ], [ 25.9396801, 35.156328599662629 ], [ 25.9397634, 35.156334999662626 ] ] ] } },
{ "type": "Feature", "properties": { "osm_id": 918616994, "name": null, "label": "building:yes", "building": "yes", "amenity": null, "landuse": null, "sport": null, "leisure": null }, "geometry": { "type": "Polygon", "coordinates": [ [ [ 25.9401814, 35.157494599662712 ], [ 25.9402427, 35.157408999662714 ], [ 25.940277, 35.157404599662719 ], [ 25.9404412, 35.157221699662692 ], [ 25.9405224, 35.1572496996627 ], [ 25.9406216, 35.157193599662683 ], [ 25.9405531, 35.157131699662685 ], [ 25.9405062, 35.157184799662701 ], [ 25.9404286, 35.157153799662701 ], [ 25.9403708, 35.15720689966269 ], [ 25.9402175, 35.157389799662703 ], [ 25.9401489, 35.157369199662703 ], [ 25.940111, 35.157482799662716 ], [ 25.9401814, 35.157494599662712 ] ] ] } },
{ "type": "Feature", "properties": { "osm_id": 918617051, "name": null, "label": "building:yes", "building": "yes", "amenity": null, "landuse": null, "sport": null, "leisure": null }, "geometry": { "type": "Polygon", "coordinates": [ [ [ 25.9386906, 35.158603699662791 ], [ 25.9388021, 35.158585299662789 ], [ 25.9387775, 35.158522199662798 ], [ 25.938668, 35.15854499966278 ], [ 25.9386906, 35.158603699662791 ] ] ] } },
{ "type": "Feature", "properties": { "osm_id": 918617014, "name": null, "label": "building:yes", "building": "yes", "amenity": null, "landuse": null, "sport": null, "leisure": null }, "geometry": { "type": "Polygon", "coordinates": [ [ [ 25.9395408, 35.157910599662749 ], [ 25.939613, 35.157912099662738 ], [ 25.9396076, 35.15783529966275 ], [ 25.9395174, 35.157833899662741 ], [ 25.9395408, 35.157910599662749 ] ] ] } },
{ "type": "Feature", "properties": { "osm_id": 918617013, "name": null, "label": "building:yes", "building": "yes", "amenity": null, "landuse": null, "sport": null, "leisure": null }, "geometry": { "type": "Polygon", "coordinates": [ [ [ 25.9400839, 35.157960699662752 ], [ 25.9401254, 35.157951899662763 ], [ 25.9401254, 35.157901699662744 ], [ 25.9400839, 35.157907599662757 ], [ 25.9400839, 35.157960699662752 ] ] ] } },
{ "type": "Feature", "properties": { "osm_id": 918617011, "name": null, "label": "building:yes", "building": "yes", "amenity": null, "landuse": null, "sport": null, "leisure": null }, "geometry": { "type": "Polygon", "coordinates": [ [ [ 25.9401525, 35.157823499662733 ], [ 25.940212, 35.157827999662743 ], [ 25.9402175, 35.157774899662741 ], [ 25.9401525, 35.157771899662748 ], [ 25.9401525, 35.157823499662733 ] ] ] } },
{ "type": "Feature", "properties": { "osm_id": 918617012, "name": null, "label": "building:yes", "building": "yes", "amenity": null, "landuse": null, "sport": null, "leisure": null }, "geometry": { "type": "Polygon", "coordinates": [ [ [ 25.9401796, 35.157925299662757 ], [ 25.9402319, 35.157931199662741 ], [ 25.9402319, 35.157878099662739 ], [ 25.9401796, 35.15787659966275 ], [ 25.9401796, 35.157925299662757 ] ] ] } },
{ "type": "Feature", "properties": { "osm_id": 506247502, "name": null, "label": "landuse:cemetery", "building": null, "amenity": null, "landuse": "cemetery", "sport": null, "leisure": null }, "geometry": { "type": "Polygon", "coordinates": [ [ [ 25.9398402, 35.158631499662803 ], [ 25.9399581, 35.158648099662798 ], [ 25.9400618, 35.158415399662786 ], [ 25.9401553, 35.15804649966276 ], [ 25.9401471, 35.157994999662762 ], [ 25.9400536, 35.158006599662755 ], [ 25.9398382, 35.158018199662763 ], [ 25.9398524, 35.158086399662757 ], [ 25.9398402, 35.15822269966278 ], [ 25.9397995, 35.158393799662782 ], [ 25.9398402, 35.158631499662803 ] ] ] } },
{ "type": "Feature", "properties": { "osm_id": 918617015, "name": null, "label": "building:yes", "building": "yes", "amenity": null, "landuse": null, "sport": null, "leisure": null }, "geometry": { "type": "Polygon", "coordinates": [ [ [ 25.940261, 35.15880409966281 ], [ 25.9403217, 35.158760599662813 ], [ 25.9402124, 35.158621699662802 ], [ 25.9401518, 35.158683699662802 ], [ 25.940261, 35.15880409966281 ] ] ] } },
{ "type": "Feature", "properties": { "osm_id": 918617050, "name": null, "label": "building:yes", "building": "yes", "amenity": null, "landuse": null, "sport": null, "leisure": null }, "geometry": { "type": "Polygon", "coordinates": [ [ [ 25.9390983, 35.158825699662813 ], [ 25.9392806, 35.158815099662803 ], [ 25.9393836, 35.158794099662813 ], [ 25.9395628, 35.158690599662805 ], [ 25.9394738, 35.158601999662793 ], [ 25.9391058, 35.158740599662814 ], [ 25.9391283, 35.158772999662801 ], [ 25.9390768, 35.158796699662823 ], [ 25.9390983, 35.158825699662813 ] ] ] } },
{ "type": "Feature", "properties": { "osm_id": 918617021, "name": null, "label": "building:yes", "building": "yes", "amenity": null, "landuse": null, "sport": null, "leisure": null }, "geometry": { "type": "Polygon", "coordinates": [ [ [ 25.9397333, 35.15909189966284 ], [ 25.9397637, 35.159083199662831 ], [ 25.9398411, 35.158926899662823 ], [ 25.9397925, 35.158862399662809 ], [ 25.9396302, 35.158928099662823 ], [ 25.9397333, 35.15909189966284 ] ] ] } },
{ "type": "Feature", "properties": { "osm_id": 918617022, "name": null, "label": "building:yes", "building": "yes", "amenity": null, "landuse": null, "sport": null, "leisure": null }, "geometry": { "type": "Polygon", "coordinates": [ [ [ 25.9396484, 35.159260599662858 ], [ 25.9396681, 35.159194799662842 ], [ 25.9397136, 35.159205999662838 ], [ 25.9397561, 35.159104299662836 ], [ 25.939662, 35.159076999662837 ], [ 25.9396074, 35.159174999662831 ], [ 25.9395103, 35.159156399662834 ], [ 25.9394921, 35.159230799662843 ], [ 25.9396484, 35.159260599662858 ] ] ] } },
{ "type": "Feature", "properties": { "osm_id": 918617016, "name": null, "label": "building:yes", "building": "yes", "amenity": null, "landuse": null, "sport": null, "leisure": null }, "geometry": { "type": "Polygon", "coordinates": [ [ [ 25.9401203, 35.159011199662835 ], [ 25.9401688, 35.158954199662823 ], [ 25.9400231, 35.158871099662811 ], [ 25.9399746, 35.158929399662824 ], [ 25.9401203, 35.159011199662835 ] ] ] } },
{ "type": "Feature", "properties": { "osm_id": 918617017, "name": null, "label": "building:yes", "building": "yes", "amenity": null, "landuse": null, "sport": null, "leisure": null }, "geometry": { "type": "Polygon", "coordinates": [ [ [ 25.9399549, 35.159167499662843 ], [ 25.9400156, 35.159039799662835 ], [ 25.9399245, 35.159007499662835 ], [ 25.9398608, 35.159133999662842 ], [ 25.9399549, 35.159167499662843 ] ] ] } },
{ "type": "Feature", "properties": { "osm_id": 918617018, "name": null, "label": "building:yes", "building": "yes", "amenity": null, "landuse": null, "sport": null, "leisure": null }, "geometry": { "type": "Polygon", "coordinates": [ [ [ 25.9399458, 35.159276699662847 ], [ 25.9399791, 35.159205999662838 ], [ 25.9398608, 35.159168799662837 ], [ 25.9398229, 35.159240699662845 ], [ 25.9399458, 35.159276699662847 ] ] ] } },
{ "type": "Feature", "properties": { "osm_id": 918617019, "name": null, "label": "building:yes", "building": "yes", "amenity": null, "landuse": null, "sport": null, "leisure": null }, "geometry": { "type": "Polygon", "coordinates": [ [ [ 25.93998, 35.159455299662859 ], [ 25.9399951, 35.159358499662858 ], [ 25.9399572, 35.159336199662853 ], [ 25.9399542, 35.159293999662857 ], [ 25.9399056, 35.159282799662854 ], [ 25.9398692, 35.159436699662869 ], [ 25.93998, 35.159455299662859 ] ] ] } },
{ "type": "Feature", "properties": { "osm_id": 918617020, "name": null, "label": "building:yes", "building": "yes", "amenity": null, "landuse": null, "sport": null, "leisure": null }, "geometry": { "type": "Polygon", "coordinates": [ [ [ 25.9397382, 35.159432799662852 ], [ 25.9398414, 35.159443999662855 ], [ 25.9398748, 35.159288999662849 ], [ 25.9397671, 35.159250499662853 ], [ 25.9397382, 35.159375799662868 ], [ 25.9397382, 35.159432799662852 ] ] ] } },
{ "type": "Feature", "properties": { "osm_id": 918617026, "name": null, "label": "building:yes", "building": "yes", "amenity": null, "landuse": null, "sport": null, "leisure": null }, "geometry": { "type": "Polygon", "coordinates": [ [ [ 25.9394223, 35.159470199662856 ], [ 25.9395118, 35.159405699662862 ], [ 25.9396256, 35.159480099662865 ], [ 25.9396878, 35.159446599662857 ], [ 25.9396742, 35.159341199662855 ], [ 25.9396287, 35.159310199662848 ], [ 25.9395422, 35.159286599662842 ], [ 25.9394253, 35.159279199662848 ], [ 25.9393115, 35.159410699662857 ], [ 25.9394223, 35.159470199662856 ] ] ] } },
{ "type": "Feature", "properties": { "osm_id": 918617025, "name": null, "label": "building:yes", "building": "yes", "amenity": null, "landuse": null, "sport": null, "leisure": null }, "geometry": { "type": "Polygon", "coordinates": [ [ [ 25.9397121, 35.159671199662867 ], [ 25.9397075, 35.159615299662875 ], [ 25.939524, 35.159588099662862 ], [ 25.9395406, 35.159556999662861 ], [ 25.9394921, 35.159547099662866 ], [ 25.9394633, 35.159647599662875 ], [ 25.9397121, 35.159671199662867 ] ] ] } },
{ "type": "Feature", "properties": { "osm_id": 918617048, "name": null, "label": "building:yes", "building": "yes", "amenity": null, "landuse": null, "sport": null, "leisure": null }, "geometry": { "type": "Polygon", "coordinates": [ [ [ 25.9387757, 35.159361299662855 ], [ 25.9387844, 35.159424399662868 ], [ 25.9389073, 35.159422099662855 ], [ 25.9389599, 35.159393999662861 ], [ 25.9390553, 35.159410699662857 ], [ 25.9390532, 35.159425599662853 ], [ 25.9389523, 35.15941679966285 ], [ 25.9389459, 35.159442299662857 ], [ 25.9387775, 35.159445799662862 ], [ 25.9387753, 35.159499299662862 ], [ 25.938933, 35.159526499662853 ], [ 25.9389266, 35.159554599662869 ], [ 25.9388268, 35.159528199662859 ], [ 25.9387925, 35.159528199662859 ], [ 25.9388279, 35.159588799662878 ], [ 25.9389159, 35.159674699662865 ], [ 25.9389867, 35.159721199662883 ], [ 25.9390693, 35.159624699662871 ], [ 25.9390983, 35.159629099662872 ], [ 25.939139, 35.159571199662864 ], [ 25.9390392, 35.159527399662863 ], [ 25.9390489, 35.159508099662858 ], [ 25.9391476, 35.159551899662858 ], [ 25.9393794, 35.159261599662841 ], [ 25.9393107, 35.159250199662843 ], [ 25.9392581, 35.159253699662848 ], [ 25.9391991, 35.159317699662836 ], [ 25.9390918, 35.159328299662846 ], [ 25.9391079, 35.159251899662841 ], [ 25.9392356, 35.159231799662848 ], [ 25.9394105, 35.15922649966285 ], [ 25.9394105, 35.159179099662836 ], [ 25.9391787, 35.159194899662843 ], [ 25.9391626, 35.159069499662827 ], [ 25.9391208, 35.159065099662833 ], [ 25.9390693, 35.159068599662838 ], [ 25.939035, 35.159128299662832 ], [ 25.9389781, 35.159143199662836 ], [ 25.9389684, 35.159200199662834 ], [ 25.9389513, 35.15922039966285 ], [ 25.9389759, 35.159319499662857 ], [ 25.9389491, 35.159328299662846 ], [ 25.9388944, 35.159242299662843 ], [ 25.9387742, 35.15928969966285 ], [ 25.9387442, 35.159320199662851 ], [ 25.9387757, 35.159361299662855 ] ] ] } },
{ "type": "Feature", "properties": { "osm_id": 918617049, "name": null, "label": "amenity:place_of_worship;building:yes", "building": "yes", "amenity": "place_of_worship", "landuse": null, "sport": null, "leisure": null }, "geometry": { "type": "Polygon", "coordinates": [ [ [ 25.9392367, 35.159030899662824 ], [ 25.9392388, 35.158980899662829 ], [ 25.9391262, 35.158986999662829 ], [ 25.9391229, 35.159031799662827 ], [ 25.9392367, 35.159030899662824 ] ] ] } },
{ "type": "Feature", "properties": { "osm_id": 918617053, "name": null, "label": "building:yes", "building": "yes", "amenity": null, "landuse": null, "sport": null, "leisure": null }, "geometry": { "type": "Polygon", "coordinates": [ [ [ 25.9391626, 35.158942299662812 ], [ 25.9392785, 35.158899299662821 ], [ 25.9392356, 35.158839699662813 ], [ 25.9391219, 35.15887039966281 ], [ 25.9391626, 35.158942299662812 ] ] ] } },
{ "type": "Feature", "properties": { "osm_id": 918617052, "name": null, "label": "building:yes", "building": "yes", "amenity": null, "landuse": null, "sport": null, "leisure": null }, "geometry": { "type": "Polygon", "coordinates": [ [ [ 25.9384341, 35.159179999662847 ], [ 25.9385243, 35.15914229966284 ], [ 25.9387002, 35.159089699662836 ], [ 25.9391272, 35.15894669966282 ], [ 25.9390832, 35.158861599662821 ], [ 25.9390586, 35.158861599662821 ], [ 25.9390403, 35.158835299662819 ], [ 25.9389352, 35.15886069966281 ], [ 25.9388837, 35.158888799662819 ], [ 25.9388697, 35.158801099662817 ], [ 25.9388107, 35.158803699662812 ], [ 25.9388107, 35.158843199662819 ], [ 25.9387624, 35.158843199662819 ], [ 25.9387367, 35.158769499662803 ], [ 25.9387163, 35.158774799662822 ], [ 25.9386605, 35.158882699662826 ], [ 25.9385779, 35.158999299662831 ], [ 25.9385489, 35.159029199662832 ], [ 25.9384041, 35.159161599662831 ], [ 25.9384341, 35.159179999662847 ] ] ] } },
{ "type": "Feature", "properties": { "osm_id": 918617047, "name": null, "label": "building:yes", "building": "yes", "amenity": null, "landuse": null, "sport": null, "leisure": null }, "geometry": { "type": "Polygon", "coordinates": [ [ [ 25.9387549, 35.159196699662836 ], [ 25.9387474, 35.159230899662838 ], [ 25.9387657, 35.159262499662844 ], [ 25.938932, 35.159189699662839 ], [ 25.938947, 35.159123899662838 ], [ 25.9389948, 35.159097999662826 ], [ 25.9390009, 35.15906429966283 ], [ 25.9389815, 35.15903139966283 ], [ 25.9387292, 35.159129999662838 ], [ 25.9387549, 35.159196699662836 ] ] ] } },
{ "type": "Feature", "properties": { "osm_id": 918617045, "name": null, "label": "building:yes", "building": "yes", "amenity": null, "landuse": null, "sport": null, "leisure": null }, "geometry": { "type": "Polygon", "coordinates": [ [ [ 25.9383638, 35.15938519966285 ], [ 25.9384342, 35.15936629966285 ], [ 25.93855, 35.159545799662872 ], [ 25.9386562, 35.159502799662867 ], [ 25.9386412, 35.159482599662859 ], [ 25.9387356, 35.159430899662858 ], [ 25.9387227, 35.159360699662848 ], [ 25.9386916, 35.159318599662853 ], [ 25.9387431, 35.159275599662848 ], [ 25.9387195, 35.159228299662836 ], [ 25.938727, 35.159206299662848 ], [ 25.9387099, 35.159136999662842 ], [ 25.9386187, 35.159146699662834 ], [ 25.9384406, 35.159224799662844 ], [ 25.9383623, 35.159281799662843 ], [ 25.9383118, 35.159350199662846 ], [ 25.9383638, 35.15938519966285 ] ] ] } },
{ "type": "Feature", "properties": { "osm_id": 918617044, "name": null, "label": "building:yes", "building": "yes", "amenity": null, "landuse": null, "sport": null, "leisure": null }, "geometry": { "type": "Polygon", "coordinates": [ [ [ 25.938196, 35.159541399662864 ], [ 25.9382367, 35.159643999662883 ], [ 25.938388, 35.159629999662869 ], [ 25.9384642, 35.159753699662886 ], [ 25.9385886, 35.15971239966288 ], [ 25.9385446, 35.159578199662874 ], [ 25.9384921, 35.159560699662869 ], [ 25.9384138, 35.15942649966285 ], [ 25.9383429, 35.159427399662867 ], [ 25.9382872, 35.159401099662851 ], [ 25.9381412, 35.159497499662869 ], [ 25.938196, 35.159541399662864 ] ] ] } },
{ "type": "Feature", "properties": { "osm_id": 918617054, "name": null, "label": "building:yes", "building": "yes", "amenity": null, "landuse": null, "sport": null, "leisure": null }, "geometry": { "type": "Polygon", "coordinates": [ [ [ 25.9380157, 35.159531799662865 ], [ 25.9381209, 35.159468599662851 ], [ 25.9382271, 35.159357199662857 ], [ 25.9382904, 35.159238799662845 ], [ 25.9383118, 35.159202799662836 ], [ 25.9382378, 35.159175599662845 ], [ 25.9381713, 35.159245799662834 ], [ 25.9381091, 35.15922559966284 ], [ 25.9380726, 35.159277399662848 ], [ 25.9381166, 35.159311599662857 ], [ 25.9380264, 35.159375599662845 ], [ 25.9379331, 35.15945539966286 ], [ 25.9380157, 35.159531799662865 ] ] ] } },
{ "type": "Feature", "properties": { "osm_id": 918617055, "name": null, "label": "building:yes", "building": "yes", "amenity": null, "landuse": null, "sport": null, "leisure": null }, "geometry": { "type": "Polygon", "coordinates": [ [ [ 25.9377024, 35.159637899662876 ], [ 25.9379138, 35.159580899662878 ], [ 25.937976, 35.159560699662869 ], [ 25.9379234, 35.159482599662859 ], [ 25.937667, 35.159556299662853 ], [ 25.9377024, 35.159637899662876 ] ] ] } },
{ "type": "Feature", "properties": { "osm_id": 918617059, "name": null, "label": "building:yes", "building": "yes", "amenity": null, "landuse": null, "sport": null, "leisure": null }, "geometry": { "type": "Polygon", "coordinates": [ [ [ 25.9376027, 35.15965889966288 ], [ 25.9376607, 35.159646599662871 ], [ 25.9376456, 35.159593999662867 ], [ 25.9375866, 35.159606299662869 ], [ 25.9376027, 35.15965889966288 ] ] ] } },
{ "type": "Feature", "properties": { "osm_id": 918617058, "name": null, "label": "building:yes", "building": "yes", "amenity": null, "landuse": null, "sport": null, "leisure": null }, "geometry": { "type": "Polygon", "coordinates": [ [ [ 25.9369546, 35.159660899662875 ], [ 25.9371842, 35.159690699662882 ], [ 25.9373226, 35.159676699662874 ], [ 25.9375393, 35.159647699662877 ], [ 25.9375382, 35.159584599662871 ], [ 25.9371842, 35.159609099662866 ], [ 25.936946, 35.159616199662871 ], [ 25.9369546, 35.159660899662875 ] ] ] } },
{ "type": "Feature", "properties": { "osm_id": 918617073, "name": null, "label": "building:yes", "building": "yes", "amenity": null, "landuse": null, "sport": null, "leisure": null }, "geometry": { "type": "Polygon", "coordinates": [ [ [ 25.9367884, 35.159436099662862 ], [ 25.9368174, 35.159344899662841 ], [ 25.9367551, 35.159336099662852 ], [ 25.9367433, 35.159425599662853 ], [ 25.9367884, 35.159436099662862 ] ] ] } },
{ "type": "Feature", "properties": { "osm_id": 918617072, "name": null, "label": "building:yes", "building": "yes", "amenity": null, "landuse": null, "sport": null, "leisure": null }, "geometry": { "type": "Polygon", "coordinates": [ [ [ 25.9368441, 35.159442399662865 ], [ 25.9368881, 35.159514299662852 ], [ 25.9370222, 35.159485399662863 ], [ 25.9369782, 35.159380099662854 ], [ 25.9368441, 35.159406399662856 ], [ 25.9368441, 35.159442399662865 ] ] ] } },
{ "type": "Feature", "properties": { "osm_id": 918617074, "name": null, "label": "building:yes", "building": "yes", "amenity": null, "landuse": null, "sport": null, "leisure": null }, "geometry": { "type": "Polygon", "coordinates": [ [ [ 25.9365973, 35.15963279966288 ], [ 25.9366724, 35.159590699662878 ], [ 25.9366907, 35.159626599662879 ], [ 25.9366156, 35.159672199662872 ], [ 25.9366853, 35.159752899662877 ], [ 25.9368441, 35.159679199662875 ], [ 25.9369127, 35.159664299662886 ], [ 25.9368827, 35.159594999662872 ], [ 25.9368258, 35.159505599662872 ], [ 25.9367851, 35.159459999662865 ], [ 25.9365447, 35.159580999662872 ], [ 25.9365973, 35.15963279966288 ] ] ] } },
{ "type": "Feature", "properties": { "osm_id": 918617075, "name": null, "label": "building:yes", "building": "yes", "amenity": null, "landuse": null, "sport": null, "leisure": null }, "geometry": { "type": "Polygon", "coordinates": [ [ [ 25.936476, 35.159527399662863 ], [ 25.9365962, 35.159473899662856 ], [ 25.936594, 35.159378299662855 ], [ 25.9365372, 35.159380899662857 ], [ 25.936535, 35.159422999662844 ], [ 25.936432, 35.159437899662862 ], [ 25.936476, 35.159527399662863 ] ] ] } },
{ "type": "Feature", "properties": { "osm_id": 918617076, "name": null, "label": "building:yes", "building": "yes", "amenity": null, "landuse": null, "sport": null, "leisure": null }, "geometry": { "type": "Polygon", "coordinates": [ [ [ 25.9359719, 35.159827299662894 ], [ 25.9360621, 35.159886899662887 ], [ 25.93612, 35.159852699662885 ], [ 25.9361415, 35.159872899662901 ], [ 25.9362423, 35.159834299662883 ], [ 25.9363067, 35.159858899662893 ], [ 25.9364322, 35.159969399662899 ], [ 25.9364977, 35.159891299662888 ], [ 25.9363989, 35.159785199662885 ], [ 25.9364161, 35.159776399662888 ], [ 25.9365148, 35.159871199662881 ], [ 25.9366446, 35.159793999662881 ], [ 25.9364912, 35.159608899662871 ], [ 25.936414, 35.159515899662864 ], [ 25.9362112, 35.159555399662857 ], [ 25.9362659, 35.159684299662871 ], [ 25.9361983, 35.159721199662883 ], [ 25.9361693, 35.159669399662874 ], [ 25.9362005, 35.15965889966288 ], [ 25.9361608, 35.159542199662859 ], [ 25.9360728, 35.159555399662857 ], [ 25.9361093, 35.159685199662874 ], [ 25.9360181, 35.159691299662875 ], [ 25.9360181, 35.159729899662885 ], [ 25.936091, 35.159808899662885 ], [ 25.9359719, 35.159806299662883 ], [ 25.9359719, 35.159827299662894 ] ] ] } },
{ "type": "Feature", "properties": { "osm_id": 918617066, "name": null, "label": "building:yes", "building": "yes", "amenity": null, "landuse": null, "sport": null, "leisure": null }, "geometry": { "type": "Polygon", "coordinates": [ [ [ 25.9367239, 35.159937999662894 ], [ 25.9366767, 35.160037099662901 ], [ 25.9367572, 35.160065199662903 ], [ 25.9368055, 35.159987999662903 ], [ 25.9367443, 35.159963499662894 ], [ 25.9367722, 35.159932799662897 ], [ 25.9368259, 35.159972199662896 ], [ 25.9369417, 35.159913499662899 ], [ 25.9369117, 35.159707299662884 ], [ 25.9368795, 35.159709099662884 ], [ 25.9368259, 35.159732799662876 ], [ 25.9367186, 35.15977749966288 ], [ 25.9366156, 35.159848599662887 ], [ 25.9367239, 35.159937999662894 ] ] ] } },
{ "type": "Feature", "properties": { "osm_id": 918617067, "name": null, "label": "building:yes", "building": "yes", "amenity": null, "landuse": null, "sport": null, "leisure": null }, "geometry": { "type": "Polygon", "coordinates": [ [ [ 25.9366425, 35.15999659966289 ], [ 25.9366736, 35.159955399662891 ], [ 25.9365813, 35.159886899662887 ], [ 25.9365137, 35.159942199662893 ], [ 25.9366425, 35.15999659966289 ] ] ] } },
{ "type": "Feature", "properties": { "osm_id": 918617068, "name": null, "label": "building:yes", "building": "yes", "amenity": null, "landuse": null, "sport": null, "leisure": null }, "geometry": { "type": "Polygon", "coordinates": [ [ [ 25.9365223, 35.160057999662904 ], [ 25.9365341, 35.160010599662904 ], [ 25.9364783, 35.159993999662902 ], [ 25.9364515, 35.160051799662895 ], [ 25.9365223, 35.160057999662904 ] ] ] } },
{ "type": "Feature", "properties": { "osm_id": 918617070, "name": null, "label": "building:yes", "building": "yes", "amenity": null, "landuse": null, "sport": null, "leisure": null }, "geometry": { "type": "Polygon", "coordinates": [ [ [ 25.9364429, 35.160364999662924 ], [ 25.9365599, 35.160330799662916 ], [ 25.9365942, 35.16044569966293 ], [ 25.9366511, 35.160415899662922 ], [ 25.9367219, 35.160409699662928 ], [ 25.9367015, 35.160283399662916 ], [ 25.9365245, 35.160298299662912 ], [ 25.9364236, 35.160157099662918 ], [ 25.9364054, 35.16015889966291 ], [ 25.9363678, 35.160236899662912 ], [ 25.9364429, 35.160364999662924 ] ] ] } },
{ "type": "Feature", "properties": { "osm_id": 918617069, "name": null, "label": "building:yes", "building": "yes", "amenity": null, "landuse": null, "sport": null, "leisure": null }, "geometry": { "type": "Polygon", "coordinates": [ [ [ 25.9365567, 35.160271099662921 ], [ 25.9366876, 35.160250999662921 ], [ 25.9366521, 35.160143899662899 ], [ 25.936518, 35.160174599662909 ], [ 25.9365567, 35.160271099662921 ] ] ] } },
{ "type": "Feature", "properties": { "osm_id": 918617084, "name": null, "label": "building:yes", "building": "yes", "amenity": null, "landuse": null, "sport": null, "leisure": null }, "geometry": { "type": "Polygon", "coordinates": [ [ [ 25.9367046, 35.160499099662935 ], [ 25.9367454, 35.160500899662935 ], [ 25.936769, 35.160632499662945 ], [ 25.9368366, 35.160626299662937 ], [ 25.9367926, 35.160449099662941 ], [ 25.9366874, 35.160459699662923 ], [ 25.9367046, 35.160499099662935 ] ] ] } },
{ "type": "Feature", "properties": { "osm_id": 918617071, "name": null, "label": "building:yes", "building": "yes", "amenity": null, "landuse": null, "sport": null, "leisure": null }, "geometry": { "type": "Polygon", "coordinates": [ [ [ 25.9363281, 35.160774599662957 ], [ 25.9363281, 35.160808799662945 ], [ 25.9363657, 35.160811399662954 ], [ 25.9363657, 35.160842999662954 ], [ 25.936385, 35.160857099662962 ], [ 25.9364537, 35.16086319966297 ], [ 25.9364612, 35.16076849966295 ], [ 25.9363914, 35.16075879966295 ], [ 25.9363732, 35.160690399662947 ], [ 25.9364011, 35.160681599662944 ], [ 25.9364183, 35.160748299662949 ], [ 25.9364655, 35.160749999662961 ], [ 25.936473, 35.160730699662956 ], [ 25.9364816, 35.160604399662937 ], [ 25.9364193, 35.16050529966293 ], [ 25.9363979, 35.160461499662929 ], [ 25.9364118, 35.160458799662933 ], [ 25.9364848, 35.160578099662942 ], [ 25.9365685, 35.160488699662942 ], [ 25.9364977, 35.160411499662928 ], [ 25.9364633, 35.160420199662916 ], [ 25.9364322, 35.160394799662924 ], [ 25.9364075, 35.160397399662926 ], [ 25.9363474, 35.160271999662911 ], [ 25.9363249, 35.160296599662921 ], [ 25.9363174, 35.160355299662925 ], [ 25.9363592, 35.16049129966293 ], [ 25.9362949, 35.16051319966293 ], [ 25.9362766, 35.160611499662949 ], [ 25.9362691, 35.160764099662956 ], [ 25.9363281, 35.160774599662957 ] ] ] } },
{ "type": "Feature", "properties": { "osm_id": 918617078, "name": null, "label": "building:yes", "building": "yes", "amenity": null, "landuse": null, "sport": null, "leisure": null }, "geometry": { "type": "Polygon", "coordinates": [ [ [ 25.9360438, 35.160831599662963 ], [ 25.9361168, 35.160797399662961 ], [ 25.9360942, 35.160767599662947 ], [ 25.9360267, 35.160794799662959 ], [ 25.9360438, 35.160831599662963 ] ] ] } },
{ "type": "Feature", "properties": { "osm_id": 918617080, "name": null, "label": "building:yes", "building": "yes", "amenity": null, "landuse": null, "sport": null, "leisure": null }, "geometry": { "type": "Polygon", "coordinates": [ [ [ 25.9363314, 35.161034199662978 ], [ 25.93637, 35.161026299662979 ], [ 25.9363453, 35.160954399662977 ], [ 25.936312, 35.160955299662966 ], [ 25.9363314, 35.161034199662978 ] ] ] } },
{ "type": "Feature", "properties": { "osm_id": 918617077, "name": null, "label": "building:yes", "building": "yes", "amenity": null, "landuse": null, "sport": null, "leisure": null }, "geometry": { "type": "Polygon", "coordinates": [ [ [ 25.9361726, 35.161027199662961 ], [ 25.9362262, 35.161008799662966 ], [ 25.9361704, 35.160933399662966 ], [ 25.9361254, 35.160949099662979 ], [ 25.9361726, 35.161027199662961 ] ] ] } },
{ "type": "Feature", "properties": { "osm_id": 918617079, "name": null, "label": "building:yes", "building": "yes", "amenity": null, "landuse": null, "sport": null, "leisure": null }, "geometry": { "type": "Polygon", "coordinates": [ [ [ 25.9364698, 35.161068399662973 ], [ 25.936532, 35.161031599662977 ], [ 25.936458, 35.160942999662971 ], [ 25.9364022, 35.16096839966297 ], [ 25.9364698, 35.161068399662973 ] ] ] } },
{ "type": "Feature", "properties": { "osm_id": 918617081, "name": null, "label": "building:yes", "building": "yes", "amenity": null, "landuse": null, "sport": null, "leisure": null }, "geometry": { "type": "Polygon", "coordinates": [ [ [ 25.9364955, 35.160940399662962 ], [ 25.9365888, 35.161032499662966 ], [ 25.9366715, 35.160992999662973 ], [ 25.936621, 35.160934199662968 ], [ 25.9365384, 35.160820199662957 ], [ 25.936503, 35.160829899662957 ], [ 25.9365019, 35.160872799662961 ], [ 25.9364858, 35.160889499662964 ], [ 25.9364955, 35.160940399662962 ] ] ] } },
{ "type": "Feature", "properties": { "osm_id": 918617082, "name": null, "label": "building:yes", "building": "yes", "amenity": null, "landuse": null, "sport": null, "leisure": null }, "geometry": { "type": "Polygon", "coordinates": [ [ [ 25.9367101, 35.160981599662968 ], [ 25.9368313, 35.160931599662959 ], [ 25.9367476, 35.160749999662961 ], [ 25.9367294, 35.160706199662947 ], [ 25.9365513, 35.160752699662957 ], [ 25.9367101, 35.160981599662968 ] ] ] } },
{ "type": "Feature", "properties": { "osm_id": 918617083, "name": null, "label": "building:yes", "building": "yes", "amenity": null, "landuse": null, "sport": null, "leisure": null }, "geometry": { "type": "Polygon", "coordinates": [ [ [ 25.9365727, 35.160655199662948 ], [ 25.9366157, 35.160711399662944 ], [ 25.9366886, 35.160617499662941 ], [ 25.9366157, 35.160502599662941 ], [ 25.9366017, 35.160521899662939 ], [ 25.9365363, 35.160620199662951 ], [ 25.9365727, 35.160655199662948 ] ] ] } },
{ "type": "Feature", "properties": { "osm_id": 918617085, "name": null, "label": "building:yes", "building": "yes", "amenity": null, "landuse": null, "sport": null, "leisure": null }, "geometry": { "type": "Polygon", "coordinates": [ [ [ 25.9368528, 35.16064569966295 ], [ 25.9370759, 35.16063509966294 ], [ 25.9370867, 35.160663199662956 ], [ 25.9372068, 35.160685999662945 ], [ 25.9371836, 35.160789399662953 ], [ 25.9371832, 35.160814099662964 ], [ 25.937197, 35.160810099662953 ], [ 25.937347, 35.160766799662952 ], [ 25.9374171, 35.160746499662956 ], [ 25.9373903, 35.160671099662956 ], [ 25.9375383, 35.16062899966294 ], [ 25.9374772, 35.160577199662946 ], [ 25.937327, 35.160542199662935 ], [ 25.9373163, 35.160702699662949 ], [ 25.9372841, 35.160707899662953 ], [ 25.9372862, 35.160540399662942 ], [ 25.9371811, 35.160540399662942 ], [ 25.9371435, 35.160535099662937 ], [ 25.9371543, 35.160594799662938 ], [ 25.9371274, 35.160596499662944 ], [ 25.9371146, 35.160525499662945 ], [ 25.9370845, 35.160413199662933 ], [ 25.9368807, 35.160428999662926 ], [ 25.9368882, 35.160566699662937 ], [ 25.9368485, 35.160598299662936 ], [ 25.9368528, 35.16064569966295 ] ] ] } },
{ "type": "Feature", "properties": { "osm_id": 918617086, "name": null, "label": "building:yes", "building": "yes", "amenity": null, "landuse": null, "sport": null, "leisure": null }, "geometry": { "type": "Polygon", "coordinates": [ [ [ 25.9374171, 35.160746499662956 ], [ 25.9374418, 35.160800899662959 ], [ 25.9376446, 35.160736899662957 ], [ 25.9375383, 35.16062899966294 ], [ 25.9373903, 35.160671099662956 ], [ 25.9374171, 35.160746499662956 ] ] ] } },
{ "type": "Feature", "properties": { "osm_id": 918617087, "name": null, "label": "building:yes", "building": "yes", "amenity": null, "landuse": null, "sport": null, "leisure": null }, "geometry": { "type": "Polygon", "coordinates": [ [ [ 25.9372176, 35.160871099662955 ], [ 25.9373345, 35.160842099662958 ], [ 25.9373452, 35.160864099662959 ], [ 25.9374257, 35.160849999662958 ], [ 25.9373957, 35.160789499662954 ], [ 25.937357, 35.160792099662956 ], [ 25.937347, 35.160766799662952 ], [ 25.937197, 35.160810099662953 ], [ 25.9372176, 35.160871099662955 ] ] ] } },
{ "type": "Feature", "properties": { "osm_id": 918617088, "name": null, "label": "building:yes", "building": "yes", "amenity": null, "landuse": null, "sport": null, "leisure": null }, "geometry": { "type": "Polygon", "coordinates": [ [ [ 25.9372304, 35.160989499662968 ], [ 25.9375276, 35.160965799662968 ], [ 25.9375019, 35.160861399662963 ], [ 25.9372197, 35.160887799662959 ], [ 25.9372304, 35.160989499662968 ] ] ] } },
{ "type": "Feature", "properties": { "osm_id": 918617091, "name": null, "label": "building:yes", "building": "yes", "amenity": null, "landuse": null, "sport": null, "leisure": null }, "geometry": { "type": "Polygon", "coordinates": [ [ [ 25.9378894, 35.161576599663007 ], [ 25.9380482, 35.161582699663008 ], [ 25.938046, 35.161507299663008 ], [ 25.9379237, 35.161485299663013 ], [ 25.9379237, 35.161456399663003 ], [ 25.9378604, 35.161450299663002 ], [ 25.9378894, 35.161576599663007 ] ] ] } },
{ "type": "Feature", "properties": { "osm_id": 918617090, "name": null, "label": "building:yes", "building": "yes", "amenity": null, "landuse": null, "sport": null, "leisure": null }, "geometry": { "type": "Polygon", "coordinates": [ [ [ 25.9379282, 35.160956199662969 ], [ 25.9379237, 35.161201099662989 ], [ 25.9377793, 35.161197399662989 ], [ 25.937856, 35.161428299663001 ], [ 25.9379526, 35.161439299663009 ], [ 25.937958, 35.161466599663001 ], [ 25.9380416, 35.161463399663006 ], [ 25.9380419, 35.161343399662989 ], [ 25.9380518, 35.161246099662982 ], [ 25.9380626, 35.161052099662975 ], [ 25.9379977, 35.160949599662963 ], [ 25.9378966, 35.160829399662958 ], [ 25.9378272, 35.160731299662956 ], [ 25.9377685, 35.160762999662957 ], [ 25.9379282, 35.160956199662969 ] ] ] } },
{ "type": "Feature", "properties": { "osm_id": 918617093, "name": null, "label": "building:yes", "building": "yes", "amenity": null, "landuse": null, "sport": null, "leisure": null }, "geometry": { "type": "Polygon", "coordinates": [ [ [ 25.938149, 35.160905599662968 ], [ 25.9381844, 35.160900299662963 ], [ 25.9382145, 35.160964299662965 ], [ 25.9381608, 35.160981899662978 ], [ 25.9381222, 35.160915199662966 ], [ 25.9380332, 35.160955599662977 ], [ 25.9380943, 35.161059899662973 ], [ 25.9381866, 35.161033599662979 ], [ 25.9381995, 35.161119599662975 ], [ 25.9381019, 35.161122199662991 ], [ 25.93809, 35.161284299663002 ], [ 25.9380715, 35.161423199662998 ], [ 25.9381718, 35.161418199663004 ], [ 25.9381801, 35.161337099662994 ], [ 25.938266, 35.161322199662997 ], [ 25.9382692, 35.161207299662983 ], [ 25.9383025, 35.16103979966298 ], [ 25.9382971, 35.160894999662951 ], [ 25.9382713, 35.16080559966295 ], [ 25.9382349, 35.160688899662951 ], [ 25.9381737, 35.160568699662946 ], [ 25.9380074, 35.160630999662949 ], [ 25.938149, 35.160905599662968 ] ] ] } },
{ "type": "Feature", "properties": { "osm_id": 506247299, "name": null, "label": "amenity:place_of_worship;building:yes", "building": "yes", "amenity": "place_of_worship", "landuse": null, "sport": null, "leisure": null }, "geometry": { "type": "Polygon", "coordinates": [ [ [ 25.9378137, 35.161091899662978 ], [ 25.9378566, 35.160955999662967 ], [ 25.9376367, 35.160912099662966 ], [ 25.9376018, 35.161041499662986 ], [ 25.9378137, 35.161091899662978 ] ] ] } },
{ "type": "Feature", "properties": { "osm_id": 918617098, "name": null, "label": "building:yes", "building": "yes", "amenity": null, "landuse": null, "sport": null, "leisure": null }, "geometry": { "type": "Polygon", "coordinates": [ [ [ 25.9379351, 35.160807999662957 ], [ 25.9380306, 35.160926399662962 ], [ 25.9381197, 35.160886999662964 ], [ 25.9380477, 35.160772899662952 ], [ 25.9379962, 35.16064479966294 ], [ 25.9378696, 35.160708899662957 ], [ 25.9379351, 35.160807999662957 ] ] ] } },
{ "type": "Feature", "properties": { "osm_id": 918617061, "name": null, "label": "building:yes", "building": "yes", "amenity": null, "landuse": null, "sport": null, "leisure": null }, "geometry": { "type": "Polygon", "coordinates": [ [ [ 25.9380029, 35.160596499662944 ], [ 25.9381746, 35.160542999662937 ], [ 25.9381499, 35.160429899662937 ], [ 25.9381842, 35.160425499662928 ], [ 25.9381681, 35.160387799662928 ], [ 25.9381016, 35.160414999662933 ], [ 25.9381027, 35.16043869966294 ], [ 25.9380834, 35.160450099662938 ], [ 25.9380898, 35.160498299662933 ], [ 25.9380544, 35.160501799662939 ], [ 25.9380244, 35.160431599662928 ], [ 25.9379578, 35.160446599662926 ], [ 25.9379546, 35.160463199662942 ], [ 25.9380029, 35.160596499662944 ] ] ] } },
{ "type": "Feature", "properties": { "osm_id": 918617060, "name": null, "label": "building:yes", "building": "yes", "amenity": null, "landuse": null, "sport": null, "leisure": null }, "geometry": { "type": "Polygon", "coordinates": [ [ [ 25.937887, 35.160213199662913 ], [ 25.9379181, 35.160292199662919 ], [ 25.93796, 35.160284299662926 ], [ 25.9379997, 35.160396599662924 ], [ 25.9381295, 35.160358799662916 ], [ 25.9380984, 35.16026669966292 ], [ 25.938034, 35.160272899662921 ], [ 25.9380093, 35.160216699662918 ], [ 25.9379814, 35.160137799662913 ], [ 25.93799, 35.160107099662902 ], [ 25.9380308, 35.160104499662914 ], [ 25.9380662, 35.160013299662914 ], [ 25.9379857, 35.160016799662898 ], [ 25.9378935, 35.159993099662906 ], [ 25.9378345, 35.160106199662899 ], [ 25.937887, 35.160213199662913 ] ] ] } },
{ "type": "Feature", "properties": { "osm_id": 918617062, "name": null, "label": "building:yes", "building": "yes", "amenity": null, "landuse": null, "sport": null, "leisure": null }, "geometry": { "type": "Polygon", "coordinates": [ [ [ 25.9377079, 35.160389499662926 ], [ 25.9377497, 35.160536899662937 ], [ 25.9377765, 35.160623699662949 ], [ 25.9377948, 35.160656199662952 ], [ 25.9378334, 35.160689499662951 ], [ 25.9379664, 35.160618499662945 ], [ 25.9379289, 35.160456199662931 ], [ 25.9379375, 35.160421999662937 ], [ 25.9378988, 35.160338699662915 ], [ 25.9378774, 35.160260599662919 ], [ 25.9378162, 35.160144799662916 ], [ 25.9377969, 35.160150099662907 ], [ 25.9377776, 35.160195699662914 ], [ 25.9377744, 35.160240399662925 ], [ 25.9377229, 35.160280799662935 ], [ 25.9376971, 35.160323799662926 ], [ 25.9377079, 35.160389499662926 ] ] ] } },
{ "type": "Feature", "properties": { "osm_id": 918617063, "name": null, "label": "building:yes", "building": "yes", "amenity": null, "landuse": null, "sport": null, "leisure": null }, "geometry": { "type": "Polygon", "coordinates": [ [ [ 25.9373665, 35.160288799662922 ], [ 25.9374545, 35.16044049966294 ], [ 25.9375285, 35.160556299662936 ], [ 25.9376465, 35.160657999662952 ], [ 25.9377023, 35.16068519966295 ], [ 25.9377452, 35.16066329966295 ], [ 25.9377592, 35.160619399662949 ], [ 25.9377195, 35.160512399662942 ], [ 25.9376776, 35.160322999662917 ], [ 25.9375189, 35.160368599662924 ], [ 25.9375028, 35.16033789966292 ], [ 25.9376637, 35.160286099662919 ], [ 25.9375918, 35.160182599662917 ], [ 25.9375307, 35.160110699662901 ], [ 25.9375113, 35.160110699662901 ], [ 25.9374062, 35.160137899662921 ], [ 25.9374019, 35.160159799662921 ], [ 25.9373729, 35.160179999662908 ], [ 25.937329, 35.16020809966291 ], [ 25.9373279, 35.160225599662908 ], [ 25.9373665, 35.160288799662922 ] ] ] } },
{ "type": "Feature", "properties": { "osm_id": 918617089, "name": null, "label": "building:yes", "building": "yes", "amenity": null, "landuse": null, "sport": null, "leisure": null }, "geometry": { "type": "Polygon", "coordinates": [ [ [ 25.937114, 35.160424399662922 ], [ 25.9371329, 35.160488299662937 ], [ 25.9371868, 35.160512499662936 ], [ 25.9373719, 35.160518699662937 ], [ 25.9374379, 35.160511799662942 ], [ 25.937274, 35.160233399662914 ], [ 25.9371329, 35.160292899662913 ], [ 25.9371071, 35.160318999662927 ], [ 25.937095, 35.160357399662928 ], [ 25.937114, 35.160424399662922 ] ] ] } },
{ "type": "Feature", "properties": { "osm_id": 918617065, "name": null, "label": "building:yes", "building": "yes", "amenity": null, "landuse": null, "sport": null, "leisure": null }, "geometry": { "type": "Polygon", "coordinates": [ [ [ 25.9367466, 35.160407999662922 ], [ 25.9369965, 35.16039039966293 ], [ 25.9370684, 35.160385199662933 ], [ 25.9370727, 35.160322899662923 ], [ 25.9370867, 35.160299199662916 ], [ 25.9371564, 35.160256199662925 ], [ 25.9372841, 35.16019659966291 ], [ 25.9373506, 35.160150099662907 ], [ 25.9373452, 35.160106199662899 ], [ 25.9373259, 35.160066799662907 ], [ 25.9371296, 35.160132499662907 ], [ 25.9370802, 35.160132499662907 ], [ 25.9370223, 35.160119399662904 ], [ 25.9369429, 35.160147499662912 ], [ 25.9369697, 35.160238699662912 ], [ 25.936842, 35.160255299662914 ], [ 25.9368442, 35.160198299662916 ], [ 25.9367723, 35.160195699662914 ], [ 25.9367766, 35.160240399662925 ], [ 25.9367283, 35.160256199662925 ], [ 25.9367466, 35.160407999662922 ] ] ] } },
{ "type": "Feature", "properties": { "osm_id": 918617057, "name": null, "label": "building:yes", "building": "yes", "amenity": null, "landuse": null, "sport": null, "leisure": null }, "geometry": { "type": "Polygon", "coordinates": [ [ [ 25.937291, 35.159795299662882 ], [ 25.9373099, 35.159849199662894 ], [ 25.9374732, 35.159815999662882 ], [ 25.9374831, 35.159831499662893 ], [ 25.9373189, 35.159869799662893 ], [ 25.9373713, 35.1600010996629 ], [ 25.9373541, 35.160054999662911 ], [ 25.9373969, 35.16010659966291 ], [ 25.9374904, 35.160084399662914 ], [ 25.9375648, 35.160087999662913 ], [ 25.9376807, 35.160278499662923 ], [ 25.9377854, 35.16010659966291 ], [ 25.9378251, 35.160032099662914 ], [ 25.9377457, 35.160012899662895 ], [ 25.9377204, 35.159994499662901 ], [ 25.9377195, 35.159968699662905 ], [ 25.9376013, 35.159969399662899 ], [ 25.9376022, 35.159941399662898 ], [ 25.9377258, 35.159945799662893 ], [ 25.9377349, 35.159840299662882 ], [ 25.937604, 35.159838099662885 ], [ 25.9375914, 35.15978869966289 ], [ 25.9375959, 35.15970389966288 ], [ 25.9372811, 35.159742999662889 ], [ 25.937291, 35.159795299662882 ] ] ] } },
{ "type": "Feature", "properties": { "osm_id": 918617064, "name": null, "label": "building:yes", "building": "yes", "amenity": null, "landuse": null, "sport": null, "leisure": null }, "geometry": { "type": "Polygon", "coordinates": [ [ [ 25.9369568, 35.159959699662892 ], [ 25.9370277, 35.159974699662897 ], [ 25.9370277, 35.160008899662905 ], [ 25.9369837, 35.160011499662893 ], [ 25.9369923, 35.160063299662895 ], [ 25.9370405, 35.160063299662895 ], [ 25.9370738, 35.160108899662902 ], [ 25.9371661, 35.1600965996629 ], [ 25.937327, 35.160038699662906 ], [ 25.9373388, 35.159997499662907 ], [ 25.9372959, 35.159893999662891 ], [ 25.937254, 35.15981849966289 ], [ 25.9371972, 35.159830799662885 ], [ 25.9370749, 35.159879099662895 ], [ 25.9370641, 35.159864999662894 ], [ 25.9371521, 35.159823799662888 ], [ 25.9372487, 35.159787799662887 ], [ 25.937253, 35.159753599662892 ], [ 25.9371092, 35.159757099662883 ], [ 25.9369558, 35.159732099662882 ], [ 25.9369568, 35.159959699662892 ] ] ] } },
{ "type": "Feature", "properties": { "osm_id": 918617056, "name": null, "label": "building:yes", "building": "yes", "amenity": null, "landuse": null, "sport": null, "leisure": null }, "geometry": { "type": "Polygon", "coordinates": [ [ [ 25.9376293, 35.15981669966289 ], [ 25.9377358, 35.15981819966288 ], [ 25.9377601, 35.159825599662881 ], [ 25.9377466, 35.159984899662902 ], [ 25.9377637, 35.159997399662892 ], [ 25.9378548, 35.160012199662901 ], [ 25.9379018, 35.159900799662893 ], [ 25.937927, 35.159803499662893 ], [ 25.9379478, 35.159649999662868 ], [ 25.9379406, 35.159617599662866 ], [ 25.9378188, 35.159650799662877 ], [ 25.9376455, 35.159691399662876 ], [ 25.9376239, 35.159752599662873 ], [ 25.9376293, 35.15981669966289 ] ] ] } },
{ "type": "Feature", "properties": { "osm_id": 918617042, "name": null, "label": "building:yes", "building": "yes", "amenity": null, "landuse": null, "sport": null, "leisure": null }, "geometry": { "type": "Polygon", "coordinates": [ [ [ 25.9380021, 35.159995899662903 ], [ 25.9380324, 35.159992199662902 ], [ 25.9381387, 35.1599475996629 ], [ 25.9381204, 35.159880599662891 ], [ 25.9379505, 35.15990539966289 ], [ 25.9379156, 35.159971099662897 ], [ 25.9380021, 35.159995899662903 ] ] ] } },
{ "type": "Feature", "properties": { "osm_id": 918617043, "name": null, "label": "building:yes", "building": "yes", "amenity": null, "landuse": null, "sport": null, "leisure": null }, "geometry": { "type": "Polygon", "coordinates": [ [ [ 25.9380243, 35.159738799662868 ], [ 25.9380243, 35.159780899662884 ], [ 25.9379889, 35.159789599662894 ], [ 25.9379846, 35.159831699662888 ], [ 25.9382206, 35.159799299662879 ], [ 25.9383719, 35.159780899662884 ], [ 25.9383547, 35.159674699662865 ], [ 25.9381455, 35.159677399662883 ], [ 25.938137, 35.159646699662879 ], [ 25.9381949, 35.159623899662876 ], [ 25.9381101, 35.159522099662858 ], [ 25.9380007, 35.159590499662876 ], [ 25.9379814, 35.159738799662868 ], [ 25.9380243, 35.159738799662868 ] ] ] } },
{ "type": "Feature", "properties": { "osm_id": 918617038, "name": null, "label": "building:yes", "building": "yes", "amenity": null, "landuse": null, "sport": null, "leisure": null }, "geometry": { "type": "Polygon", "coordinates": [ [ [ 25.9385544, 35.160085499662898 ], [ 25.938653, 35.160012299662895 ], [ 25.9385423, 35.15992669966289 ], [ 25.9384528, 35.160003599662893 ], [ 25.9385544, 35.160085499662898 ] ] ] } },
{ "type": "Feature", "properties": { "osm_id": 918617041, "name": null, "label": "building:yes", "building": "yes", "amenity": null, "landuse": null, "sport": null, "leisure": null }, "geometry": { "type": "Polygon", "coordinates": [ [ [ 25.9381978, 35.160020999662898 ], [ 25.9383116, 35.15998869966289 ], [ 25.9382616, 35.159886999662888 ], [ 25.9381554, 35.159916799662888 ], [ 25.9381978, 35.160020999662898 ] ] ] } },
{ "type": "Feature", "properties": { "osm_id": 166362458, "name": null, "label": "landuse:residential", "building": null, "amenity": null, "landuse": "residential", "sport": null, "leisure": null }, "geometry": { "type": "Polygon", "coordinates": [ [ [ 25.9361438, 35.160226599662913 ], [ 25.9361591, 35.160762899662956 ], [ 25.9368915, 35.161112199662981 ], [ 25.9371356, 35.161012399662965 ], [ 25.93742, 35.161226999662979 ], [ 25.9375323, 35.161311799662997 ], [ 25.9380053, 35.161735899663022 ], [ 25.9385241, 35.161611199663021 ], [ 25.9385546, 35.160800399662953 ], [ 25.9386462, 35.160563399662941 ], [ 25.9396075, 35.16058829966294 ], [ 25.9400347, 35.16032629966292 ], [ 25.9404009, 35.159964599662906 ], [ 25.9403704, 35.159365799662858 ], [ 25.9402941, 35.159004099662823 ], [ 25.9403185, 35.158824399662805 ], [ 25.9400905, 35.158735999662802 ], [ 25.9394854, 35.158583899662808 ], [ 25.9389666, 35.158579899662797 ], [ 25.9383105, 35.158866799662817 ], [ 25.9377917, 35.15931589966285 ], [ 25.9372424, 35.159328399662847 ], [ 25.9363269, 35.159328399662847 ], [ 25.9360065, 35.159814899662877 ], [ 25.9361438, 35.160226599662913 ] ] ] } },
{ "type": "Feature", "properties": { "osm_id": 918617040, "name": null, "label": "sport:soccer;leisure:pitch", "building": null, "amenity": null, "landuse": null, "sport": "soccer", "leisure": "pitch" }, "geometry": { "type": "Polygon", "coordinates": [ [ [ 25.9384026, 35.160395699662928 ], [ 25.9386515, 35.16018039966292 ], [ 25.9384881, 35.160054199662909 ], [ 25.9382393, 35.160269399662916 ], [ 25.9384026, 35.160395699662928 ] ] ] } },
{ "type": "Feature", "properties": { "osm_id": 918617037, "name": null, "label": "building:yes", "building": "yes", "amenity": null, "landuse": null, "sport": null, "leisure": null }, "geometry": { "type": "Polygon", "coordinates": [ [ [ 25.9387183, 35.160169799662924 ], [ 25.938697, 35.160194599662901 ], [ 25.9387972, 35.160255399662908 ], [ 25.9388548, 35.160189699662908 ], [ 25.9386834, 35.160045799662903 ], [ 25.938606, 35.160104099662902 ], [ 25.9387183, 35.160169799662924 ] ] ] } },
{ "type": "Feature", "properties": { "osm_id": 918617032, "name": null, "label": "building:yes", "building": "yes", "amenity": null, "landuse": null, "sport": null, "leisure": null }, "geometry": { "type": "Polygon", "coordinates": [ [ [ 25.9389004, 35.160367099662921 ], [ 25.9389004, 35.160431599662928 ], [ 25.9389504, 35.160478699662931 ], [ 25.9390141, 35.160457599662934 ], [ 25.9391416, 35.160455099662926 ], [ 25.9389519, 35.160234299662918 ], [ 25.9388928, 35.160257899662923 ], [ 25.9388655, 35.160311199662928 ], [ 25.9389004, 35.160367099662921 ] ] ] } },
{ "type": "Feature", "properties": { "osm_id": 918617033, "name": null, "label": "building:yes", "building": "yes", "amenity": null, "landuse": null, "sport": null, "leisure": null }, "geometry": { "type": "Polygon", "coordinates": [ [ [ 25.9388275, 35.160407999662922 ], [ 25.9388366, 35.160369499662927 ], [ 25.9388215, 35.160311199662928 ], [ 25.9387365, 35.16027399966292 ], [ 25.9386895, 35.160399299662934 ], [ 25.9388275, 35.160407999662922 ] ] ] } },
{ "type": "Feature", "properties": { "osm_id": 918617031, "name": null, "label": "building:yes", "building": "yes", "amenity": null, "landuse": null, "sport": null, "leisure": null }, "geometry": { "type": "Polygon", "coordinates": [ [ [ 25.9391932, 35.160420399662939 ], [ 25.9394344, 35.160307499662927 ], [ 25.9393267, 35.160153699662906 ], [ 25.9390688, 35.160261599662924 ], [ 25.9391932, 35.160420399662939 ] ] ] } },
{ "type": "Feature", "properties": { "osm_id": 918617034, "name": null, "label": "building:yes", "building": "yes", "amenity": null, "landuse": null, "sport": null, "leisure": null }, "geometry": { "type": "Polygon", "coordinates": [ [ [ 25.9388169, 35.160097899662894 ], [ 25.9388533, 35.160079299662911 ], [ 25.9388806, 35.1600965996629 ], [ 25.9388548, 35.160126399662921 ], [ 25.9388852, 35.160147499662912 ], [ 25.9390066, 35.160076799662903 ], [ 25.9391492, 35.159934099662898 ], [ 25.9390764, 35.159848599662887 ], [ 25.9389929, 35.159761699662887 ], [ 25.9388518, 35.159850999662893 ], [ 25.9388108, 35.159886999662888 ], [ 25.9387623, 35.159946499662901 ], [ 25.9387775, 35.1599700996629 ], [ 25.9387213, 35.160006099662894 ], [ 25.9388169, 35.160097899662894 ] ] ] } },
{ "type": "Feature", "properties": { "osm_id": 918617036, "name": null, "label": "building:yes", "building": "yes", "amenity": null, "landuse": null, "sport": null, "leisure": null }, "geometry": { "type": "Polygon", "coordinates": [ [ [ 25.9386151, 35.159929199662898 ], [ 25.9387274, 35.15986469966289 ], [ 25.9387061, 35.159842299662884 ], [ 25.9387228, 35.159823699662887 ], [ 25.9388002, 35.159843599662899 ], [ 25.9389717, 35.15974189966289 ], [ 25.9389155, 35.159707099662882 ], [ 25.9388108, 35.159622799662877 ], [ 25.9387486, 35.159513599662866 ], [ 25.9385817, 35.159569399662864 ], [ 25.9386394, 35.159739399662868 ], [ 25.9386667, 35.159783999662878 ], [ 25.9386075, 35.159812599662885 ], [ 25.9386181, 35.159841099662891 ], [ 25.9385605, 35.159863399662875 ], [ 25.9386151, 35.159929199662898 ] ] ] } },
{ "type": "Feature", "properties": { "osm_id": 918617035, "name": null, "label": "building:yes", "building": "yes", "amenity": null, "landuse": null, "sport": null, "leisure": null }, "geometry": { "type": "Polygon", "coordinates": [ [ [ 25.93909, 35.159765399662881 ], [ 25.93909, 35.159717099662878 ], [ 25.9390627, 35.159725699662886 ], [ 25.9390566, 35.159765399662881 ], [ 25.93909, 35.159765399662881 ] ] ] } },
{ "type": "Feature", "properties": { "osm_id": 918617024, "name": null, "label": "building:yes", "building": "yes", "amenity": null, "landuse": null, "sport": null, "leisure": null }, "geometry": { "type": "Polygon", "coordinates": [ [ [ 25.9390976, 35.159817499662893 ], [ 25.9391932, 35.159904399662906 ], [ 25.9392357, 35.159894399662896 ], [ 25.9392873, 35.159873399662892 ], [ 25.9393662, 35.159873399662892 ], [ 25.9394329, 35.15986469966289 ], [ 25.9394284, 35.159836099662883 ], [ 25.9394633, 35.159834899662883 ], [ 25.9394693, 35.159870899662891 ], [ 25.9397318, 35.159873399662892 ], [ 25.9397273, 35.159729499662873 ], [ 25.9396802, 35.159726999662873 ], [ 25.9396757, 35.159686099662878 ], [ 25.9396074, 35.159678599662882 ], [ 25.9396013, 35.15971089966289 ], [ 25.9394724, 35.15969969966288 ], [ 25.9393935, 35.159693499662879 ], [ 25.9393646, 35.15965499966287 ], [ 25.9393783, 35.159642599662867 ], [ 25.939351, 35.159621499662876 ], [ 25.939439, 35.159550799662867 ], [ 25.9393904, 35.159491299662861 ], [ 25.9392842, 35.159432999662862 ], [ 25.9391477, 35.159630199662878 ], [ 25.939219, 35.159678599662882 ], [ 25.9392053, 35.159693499662879 ], [ 25.939178, 35.159688499662877 ], [ 25.9391674, 35.159766699662882 ], [ 25.9393146, 35.159751799662885 ], [ 25.9393115, 35.159775399662891 ], [ 25.9391886, 35.159793999662881 ], [ 25.9390976, 35.159802699662876 ], [ 25.9390976, 35.159817499662893 ] ] ] } },
{ "type": "Feature", "properties": { "osm_id": 918617027, "name": null, "label": "building:yes", "building": "yes", "amenity": null, "landuse": null, "sport": null, "leisure": null }, "geometry": { "type": "Polygon", "coordinates": [ [ [ 25.9393935, 35.160122699662907 ], [ 25.9394466, 35.160092899662914 ], [ 25.9393555, 35.1599725996629 ], [ 25.9393935, 35.159945299662894 ], [ 25.9394845, 35.160075599662903 ], [ 25.9395376, 35.160061899662907 ], [ 25.9395589, 35.160089199662906 ], [ 25.939439, 35.160147499662912 ], [ 25.9395164, 35.160249199662921 ], [ 25.9396499, 35.160184699662913 ], [ 25.9397182, 35.160126399662921 ], [ 25.9397834, 35.160086699662905 ], [ 25.9397986, 35.160044499662909 ], [ 25.9397455, 35.159906899662893 ], [ 25.9395862, 35.159905599662878 ], [ 25.9395285, 35.159920499662896 ], [ 25.9395164, 35.159903099662898 ], [ 25.939304, 35.159906899662893 ], [ 25.9392448, 35.159930399662898 ], [ 25.9393935, 35.160122699662907 ] ] ] } },
{ "type": "Feature", "properties": { "osm_id": 918617028, "name": null, "label": "building:yes", "building": "yes", "amenity": null, "landuse": null, "sport": null, "leisure": null }, "geometry": { "type": "Polygon", "coordinates": [ [ [ 25.9399041, 35.160180499662921 ], [ 25.939942, 35.160137099662911 ], [ 25.9399633, 35.160053999662914 ], [ 25.9399633, 35.1599621996629 ], [ 25.939983, 35.159943599662896 ], [ 25.9399769, 35.159900199662893 ], [ 25.9398206, 35.159896399662891 ], [ 25.9398707, 35.160024199662892 ], [ 25.9398555, 35.160087499662907 ], [ 25.9398055, 35.160127199662917 ], [ 25.9399041, 35.160180499662921 ] ] ] } },
{ "type": "Feature", "properties": { "osm_id": 918617023, "name": null, "label": "building:yes", "building": "yes", "amenity": null, "landuse": null, "sport": null, "leisure": null }, "geometry": { "type": "Polygon", "coordinates": [ [ [ 25.9397687, 35.159609099662866 ], [ 25.9397945, 35.159855999662881 ], [ 25.9398886, 35.159860899662888 ], [ 25.9398886, 35.159829899662874 ], [ 25.9399189, 35.159829899662874 ], [ 25.9399204, 35.15985349966288 ], [ 25.9401556, 35.159837399662891 ], [ 25.9401101, 35.159496199662854 ], [ 25.94006, 35.159496199662854 ], [ 25.940057, 35.159529699662869 ], [ 25.9399978, 35.159533399662863 ], [ 25.9399584, 35.159506199662871 ], [ 25.9399371, 35.159503699662864 ], [ 25.9399356, 35.159537199662864 ], [ 25.9399068, 35.159537199662864 ], [ 25.9399068, 35.159493699662868 ], [ 25.9397535, 35.159467699662855 ], [ 25.9397687, 35.159609099662866 ] ] ] } },
{ "type": "Feature", "properties": { "osm_id": 918617029, "name": null, "label": "building:yes", "building": "yes", "amenity": null, "landuse": null, "sport": null, "leisure": null }, "geometry": { "type": "Polygon", "coordinates": [ [ [ 25.9397819, 35.16030259966292 ], [ 25.9398714, 35.160223199662909 ], [ 25.9397713, 35.160158699662908 ], [ 25.9396924, 35.160220699662915 ], [ 25.9397819, 35.16030259966292 ] ] ] } },
{ "type": "Feature", "properties": { "osm_id": 918617030, "name": null, "label": "building:yes", "building": "yes", "amenity": null, "landuse": null, "sport": null, "leisure": null }, "geometry": { "type": "Polygon", "coordinates": [ [ [ 25.9396089, 35.160427799662934 ], [ 25.939744, 35.160326099662925 ], [ 25.9396514, 35.160252899662922 ], [ 25.939524, 35.160352199662924 ], [ 25.9396089, 35.160427799662934 ] ] ] } },
{ "type": "Feature", "properties": { "osm_id": 918617095, "name": null, "label": "building:yes", "building": "yes", "amenity": null, "landuse": null, "sport": null, "leisure": null }, "geometry": { "type": "Polygon", "coordinates": [ [ [ 25.9383057, 35.16080559966295 ], [ 25.9384033, 35.160797699662957 ], [ 25.9383894, 35.160743299662947 ], [ 25.9382917, 35.160756399662944 ], [ 25.9383057, 35.16080559966295 ] ] ] } },
{ "type": "Feature", "properties": { "osm_id": 918617094, "name": null, "label": "building:yes", "building": "yes", "amenity": null, "landuse": null, "sport": null, "leisure": null }, "geometry": { "type": "Polygon", "coordinates": [ [ [ 25.9382746, 35.160718699662944 ], [ 25.9383625, 35.16068979966294 ], [ 25.9382703, 35.160520499662944 ], [ 25.938193, 35.160557299662941 ], [ 25.9382746, 35.160718699662944 ] ] ] } },
{ "type": "Feature", "properties": { "osm_id": 918617096, "name": null, "label": "building:yes", "building": "yes", "amenity": null, "landuse": null, "sport": null, "leisure": null }, "geometry": { "type": "Polygon", "coordinates": [ [ [ 25.9383239, 35.160912599662964 ], [ 25.9383754, 35.160912599662964 ], [ 25.9383679, 35.160840699662963 ], [ 25.9383164, 35.160841499662958 ], [ 25.9383239, 35.160912599662964 ] ] ] } },
{ "type": "Feature", "properties": { "osm_id": 918617097, "name": null, "label": "building:yes", "building": "yes", "amenity": null, "landuse": null, "sport": null, "leisure": null }, "geometry": { "type": "Polygon", "coordinates": [ [ [ 25.9383314, 35.16101519966297 ], [ 25.9383658, 35.161017799662979 ], [ 25.9383593, 35.160966999662968 ], [ 25.9383314, 35.160966999662968 ], [ 25.9383314, 35.16101519966297 ] ] ] } },
{ "type": "Feature", "properties": { "osm_id": 908713209, "name": null, "label": "building:yes", "building": "yes", "amenity": null, "landuse": null, "sport": null, "leisure": null }, "geometry": { "type": "Polygon", "coordinates": [ [ [ 25.9386272, 35.163217599663149 ], [ 25.9387264, 35.163056899663125 ], [ 25.9386218, 35.163003699663115 ], [ 25.9385135, 35.163192599663127 ], [ 25.9386272, 35.163217599663149 ] ] ] } },
{ "type": "Feature", "properties": { "osm_id": 908713211, "name": null, "label": "building:yes", "building": "yes", "amenity": null, "landuse": null, "sport": null, "leisure": null }, "geometry": { "type": "Polygon", "coordinates": [ [ [ 25.9375283, 35.162947699663114 ], [ 25.9375752, 35.162891599663112 ], [ 25.9375139, 35.162872499663116 ], [ 25.9374778, 35.162932899663119 ], [ 25.9375283, 35.162947699663114 ] ] ] } },
{ "type": "Feature", "properties": { "osm_id": 918617092, "name": null, "label": "building:yes", "building": "yes", "amenity": null, "landuse": null, "sport": null, "leisure": null }, "geometry": { "type": "Polygon", "coordinates": [ [ [ 25.9380793, 35.161672999663026 ], [ 25.938163, 35.161675699663014 ], [ 25.9381759, 35.161461699663001 ], [ 25.9380682, 35.161458999663012 ], [ 25.9380793, 35.161672999663026 ] ] ] } },
{ "type": "Feature", "properties": { "osm_id": 908713221, "name": null, "label": "building:yes", "building": "yes", "amenity": null, "landuse": null, "sport": null, "leisure": null }, "geometry": { "type": "Polygon", "coordinates": [ [ [ 25.9359214, 35.162317399663067 ], [ 25.935945, 35.162262999663056 ], [ 25.935827, 35.162229699663058 ], [ 25.9358012, 35.162275299663065 ], [ 25.9359214, 35.162317399663067 ] ] ] } },
{ "type": "Feature", "properties": { "osm_id": 908713217, "name": null, "label": "building:yes", "building": "yes", "amenity": null, "landuse": null, "sport": null, "leisure": null }, "geometry": { "type": "Polygon", "coordinates": [ [ [ 25.9352755, 35.160477199662928 ], [ 25.9353571, 35.160464899662941 ], [ 25.9353421, 35.160419299662919 ], [ 25.9352734, 35.16042629966293 ], [ 25.9352755, 35.160477199662928 ] ] ] } }
]
}
